"comp_no";"version_id";"description";"interpretation";"table_id";"modification";"data_type_code";"data_structure";"last_change";"section"
1;1;"Saal";"Saal";0;"O";"ST";"ST";;
1;2;"message type";"Nachrichtentyp";76;"O";"ID";"ID";;"2-46"
1;6;"Street Address";"Strasse";0;"O";"ST";"ST";1.9.2003 22:24:14;
1;7;"Street Address";"Strasse";0;"O";"ST";"ST";28.10.2007 17:49:03;
1;9;"Street Address";"Strasse";0;"O";"ST";"ST";18.3.2014 20:07:42;
1;10;"Street Address";;0;"O";"ST";"ST";6.1.2020 12:07:16;
1;61;"Street Address";"Strasse";0;"O";"ST";"ST";10.5.2007 23:16:33;
1;81;"Street Address";"Strasse";0;"O";"ST";"ST";29.3.2013 16:30:28;
1;91;"Street Address";"Strasse";0;"O";"ST";"ST";2.11.2014 19:17:25;
2;1;"Stuhl";"Stuhl";0;"O";"ST";"ST";;
2;2;"Trigger Event";"Nachrichtenereignis";3;"O";"ID";"ID";;"2-46"
2;3;"trigger event";"Nachrichtenereignis";3;"O";"ID";"ID";;
2;4;"trigger event";"Nachrichtenereignis";3;"O";"ID";"ID";14.4.1999 21:46:18;
2;5;"trigger event";"Nachrichtenereignis";3;"O";"ID";"ID";8.7.2000 12:20:09;
2;6;"Other Designation";"sonst. Adresse";0;"O";"ST";"ST";1.9.2003 22:24:14;
2;7;"Other Designation";"sonst. Adresse";0;"O";"ST";"ST";28.10.2007 17:49:03;
2;9;"Other Designation";"sonst. Adresse";0;"O";"ST";"ST";18.3.2014 20:07:42;
2;10;"Other Designation";;0;"O";"ST";"ST";6.1.2020 12:07:16;
2;61;"Other Designation";"sonst. Adresse";0;"O";"ST";"ST";10.5.2007 23:16:33;
2;81;"Other Designation";"sonst. Adresse";0;"O";"ST";"ST";29.3.2013 16:30:28;
2;91;"Other Designation";"sonst. Adresse";0;"O";"ST";"ST";2.11.2014 19:17:25;
3;1;"Tisch";"Sitzplatz";0;"O";"ST";"ST";;
3;2;"identifier";"Schlüssel";0;"O";"ID";"ID";;"3-35"
3;3;"identifier";"Schlüssel";0;"O";"ID";"ID";;"2-78"
3;4;"identifier";"Schlüssel";0;"O";"ST";"ST";14.4.1999 21:46:18;"2-13"
3;5;"identifier (ID)";"Schlüssel";0;"O";"ID";"ID";8.7.2000 12:20:09;"2-13"
3;6;"City";"Ort";0;"O";"ST";"ST";1.9.2003 22:24:14;
3;7;"City";"Ort";0;"O";"ST";"ST";28.10.2007 17:49:03;
3;9;"City";"Ort";0;"O";"ST";"ST";18.3.2014 20:07:42;
3;10;"City";;0;"O";"ST";"ST";6.1.2020 12:07:16;
3;61;"City";"Ort";0;"O";"ST";"ST";10.5.2007 23:16:33;
3;81;"City";"Ort";0;"O";"ST";"ST";29.3.2013 16:30:28;
3;91;"City";"Ort";0;"O";"ST";"ST";2.11.2014 19:17:25;
4;2;"text";"Text";0;"O";"ST";"ST";;
4;3;"text";"Text";0;"O";"ST";"ST";;"2-13"
4;4;"text";"Text";0;"O";"ST";"ST";14.4.1999 21:46:18;"2-13"
4;5;"text";"Text";0;"O";"ST";"ST";8.7.2000 12:20:09;"2-13"
4;6;"State or Province";"Bundesland";0;"O";"ST";"ST";1.9.2003 22:24:14;
4;7;"State or Province";"Bundesland";0;"O";"ST";"ST";28.10.2007 17:49:03;
4;9;"State or Province";"Bundesland";0;"O";"ST";"ST";18.3.2014 20:07:42;
4;10;"State or Province";;0;"O";"ST";"ST";6.1.2020 12:07:16;
4;61;"State or Province";"Bundesland";0;"O";"ST";"ST";10.5.2007 23:16:33;
4;81;"State or Province";"Bundesland";0;"O";"ST";"ST";29.3.2013 16:30:28;
4;91;"State or Province";"Bundesland";0;"O";"ST";"ST";2.11.2014 19:17:25;
5;1;"ACKNOWLEDGMENT CODE";"Bestätigungscode";0;"O";"ST";"ST";;
5;2;"name of coding system";"Kodiersystem";0;"O";"ST";"ST";;
5;3;"name of coding system";"Kodiersystem";0;"O";"ST";"ST";;
5;4;"name of coding system";"Kodiersystem";0;"O";"ST";"ST";14.4.1999 21:46:18;
5;5;"name of coding system";"Kodiersystem";396;"O";"IS";"IS";8.7.2000 12:20:09;
5;6;"Zip or Postal Code";"Postleitzahl";0;"O";"ST";"ST";1.9.2003 22:24:14;
5;7;"Zip or Postal Code";"Postleitzahl";0;"O";"ST";"ST";28.10.2007 17:49:03;
5;9;"Zip or Postal Code";"Postleitzahl";0;"O";"ST";"ST";18.3.2014 20:07:42;
5;10;"Zip or Postal Code";;0;"O";"ST";"ST";6.1.2020 12:07:16;
5;61;"Zip or Postal Code";"Postleitzahl";0;"O";"ST";"ST";10.5.2007 23:16:33;
5;81;"Zip or Postal Code";"Postleitzahl";0;"O";"ST";"ST";29.3.2013 16:30:28;
5;91;"Zip or Postal Code";"Postleitzahl";0;"O";"ST";"ST";2.11.2014 19:17:25;
6;1;"MESSAGE CONTROL ID";"Nachrichtenkontrollnummer";0;"O";"ST";"ST";;
6;2;"alternate identifier";"alternativer Schlüssel";0;"O";"ST";"ST";;
6;3;"alternate identifier";"alternativer Schlüssel";0;"O";"ID";"ID";;
6;4;"alternate identifier";"alternativer Schlüssel";0;"O";"ST";"ST";14.4.1999 21:46:18;
6;5;"alternate identifier (ST)";"alternativer Schlüssel";0;"O";"ST";"ST";8.7.2000 12:20:09;
6;6;"Country";"Staat";399;"O";"ID";"ID";1.9.2003 22:24:14;
6;7;"Country";"Staat";399;"O";"ID";"ID";26.10.2007 18:09:43;
6;9;"Country";"Staat";399;"O";"ID";"ID";18.3.2014 20:07:42;
6;10;"Country";;399;"O";"ID";"ID";6.1.2020 12:07:16;
6;61;"Country";"Staat";399;"O";"ID";"ID";10.5.2007 23:16:33;
6;81;"Country";"Staat";399;"O";"ID";"ID";29.3.2013 16:30:28;
6;91;"Country";"Staat";399;"O";"ID";"ID";2.11.2014 19:17:25;
7;1;"TEXT MESSAGE";"Text für Fehlermeldung";0;"O";"ST";"ST";;
7;2;"alternate text";"alternativer Text";0;"O";"ST";"ST";;
7;3;"alternate text";"alternativer Text";0;"O";"ST";"ST";;
7;4;"alternate text";"alternativer Text";0;"O";"ST";"ST";14.4.1999 21:46:18;
7;5;"alternate text";"alternativer Text";0;"O";"ST";"ST";8.7.2000 12:20:09;
7;6;"Address Type";"Typ der Adresse";190;"O";"ID";"ID";1.9.2003 22:24:14;
7;7;"Address Type";"Typ der Adresse";190;"O";"ID";"ID";26.10.2007 18:09:43;
7;9;"Address Type";"Typ der Adresse";190;"O";"ID";"ID";18.3.2014 20:07:42;
7;10;"Address Type";;190;"O";"ID";"ID";6.1.2020 12:07:16;
7;61;"Address Type";"Typ der Adresse";190;"O";"ID";"ID";10.5.2007 23:16:33;
7;81;"Address Type";"Typ der Adresse";190;"O";"ID";"ID";29.3.2013 16:30:28;
7;91;"Address Type";"Typ der Adresse";190;"O";"ID";"ID";2.11.2014 19:17:25;
8;1;"FIELD SEPARATOR";"Feldtrennzeichen";0;"O";"ST";"ST";;
8;2;"name of alternate coding system";"alternatives Kodiersystem";0;"O";"ST";"ST";;
8;3;"name of alternate coding system";"alternatives Kodiersystem";0;"O";"ST";"ST";;
8;4;"name of alternate coding system";"alternatives Kodiersystem";0;"O";"ST";"ST";14.4.1999 21:46:18;
8;5;"name of alternate coding system";"alternatives Kodiersystem";396;"O";"IS";"IS";8.7.2000 12:20:09;
8;6;"Other Geographic Designation";"sonst. geogr. Bezeichnung";0;"O";"ST";"ST";1.9.2003 22:24:14;
8;7;"Other Geographic Designation";"sonst. geogr. Bezeichnung";0;"O";"ST";"ST";28.10.2007 17:49:03;
8;9;"Other Geographic Designation";"sonst. geogr. Bezeichnung";0;"O";"ST";"ST";18.3.2014 20:07:42;
8;10;"Other Geographic Designation";;0;"O";"ST";"ST";6.1.2020 12:07:16;
8;61;"Other Geographic Designation";"sonst. geogr. Bezeichnung";0;"O";"ST";"ST";10.5.2007 23:16:33;
8;81;"Other Geographic Designation";"sonst. geogr. Bezeichnung";0;"O";"ST";"ST";29.3.2013 16:30:28;
8;91;"Other Geographic Designation";"sonst. geogr. Bezeichnung";0;"O";"ST";"ST";2.11.2014 19:17:25;
9;1;"SENDING APPLICATION";"sendender Bereich";0;"O";"ST";"ST";;
9;2;"Segment-ID";"Segmentbezeichnung";0;"O";"ST";"ST";;"2-50"
9;6;"Authorization Number";"Aktenzeichen der Kostenübernahme";0;"O";"ST";"ST";1.9.2003 22:24:14;
9;7;"Authorization Number";"Aktenzeichen der Kostenübernahme";0;"O";"ST";"ST";28.10.2007 17:49:03;
9;9;"Authorization Number";"Aktenzeichen der Kostenübernahme";0;"O";"ST";"ST";18.3.2014 20:07:42;
9;10;"Authorization Number";;0;"O";"ST";"ST";6.1.2020 12:07:16;
9;61;"Authorization Number";"Aktenzeichen der Kostenübernahme";0;"O";"ST";"ST";10.5.2007 23:16:33;
9;81;"Authorization Number";"Aktenzeichen der Kostenübernahme";0;"O";"ST";"ST";29.3.2013 16:30:28;
9;91;"Authorization Number";"Aktenzeichen der Kostenübernahme";0;"O";"ST";"ST";2.11.2014 19:17:25;
10;2;"Sequence";"Reihenfolge";0;"O";"NM";"NM";;"2-50"
10;3;"sequence";"Reihenfolge";0;"O";"NM";"NM";;
10;4;"sequence";"Reihenfolge";0;"O";"NM";"NM";14.4.1999 21:46:18;
10;5;"sequence";"Reihenfolge";0;"O";"NM";"NM";8.7.2000 12:20:09;
10;6;"Date";"Datum";0;"O";"DT";"DT";1.9.2003 22:24:14;
10;7;"Date";"Datum";0;"O";"DT";"DT";28.10.2007 17:49:03;
10;9;"Date";"Datum";0;"O";"DT";"DT";18.3.2014 20:07:42;
10;10;"Date";;0;"O";"DT";"DT";6.1.2020 12:07:16;
10;61;"Date";"Datum";0;"O";"DT";"DT";10.5.2007 23:16:33;
10;81;"Date";"Datum";0;"O";"DT";"DT";29.3.2013 16:30:28;
10;91;"Date";"Datum";0;"O";"DT";"DT";2.11.2014 19:17:25;
11;1;"SECURITY";"Sicherheitsspezifikation";0;"O";"ST";"ST";;
11;2;"Field-Position";"Position des Feldes";0;"O";"NM";"NM";;"2-50"
11;6;"Source";"Aktenzeichen der Kostenübernahme";0;"O";"ST";"ST";1.9.2003 22:24:14;
11;7;"Source";"Aktenzeichen der Kostenübernahme";0;"O";"ST";"ST";28.10.2007 17:49:03;
11;9;"Source";"Aktenzeichen der Kostenübernahme";0;"O";"ST";"ST";18.3.2014 20:07:42;
11;10;"Source";;0;"O";"ST";"ST";6.1.2020 12:07:16;
11;61;"Source";"Aktenzeichen der Kostenübernahme";0;"O";"ST";"ST";10.5.2007 23:16:33;
11;81;"Source";"Aktenzeichen der Kostenübernahme";0;"O";"ST";"ST";29.3.2013 16:30:28;
11;91;"Source";"Aktenzeichen der Kostenübernahme";0;"O";"ST";"ST";2.11.2014 19:17:25;
12;1;"RECEIVING APPLICATION";"empfangender Bereich";0;"O";"ST";"ST";;
12;2;"Code Identifying Error";;0;"O";"CE";"CE";;"2-50"
12;6;"Invocation Event";"Rechnungslegung bei";100;"O";"ID";"ID";1.9.2003 22:24:14;
12;7;"Invocation Event";"Rechnungslegung bei";100;"O";"ID";"ID";26.10.2007 18:09:43;
12;9;"Invocation Event";"Rechnungslegung bei";100;"O";"ID";"ID";18.3.2014 20:07:42;
12;10;"Invocation Event ";;100;"O";"ID";"ID";6.1.2020 12:07:16;
12;61;"Invocation Event";"Rechnungslegung bei";100;"O";"ID";"ID";10.5.2007 23:16:33;
12;81;"Invocation Event";"Rechnungslegung bei";100;"O";"ID";"ID";29.3.2013 16:30:28;
12;91;"Invocation Event";"Rechnungslegung bei";100;"O";"ID";"ID";2.11.2014 19:17:25;
13;1;"DATE/TIME OF MESSAGE";"Zeitpunkt Nachrichtenerstellung";0;"O";"ST";"ST";;
13;2;"First data code value";"Suchbegriff: Objektbereich";0;"O";"ST";"ST";;"2-53"
13;3;"first data code value";"Suchbegriff: Objektbereich";0;"O";"ST";"ST";;"2-79"
13;4;"first data code value";"Suchbegriff: Objektbereich";0;"O";"ST";"ST";14.4.1999 21:46:18;"2-79"
13;5;"first data code value";"Suchbegriff: Objektbereich";0;"O";"ST";"ST";8.7.2000 12:20:09;"2-79"
13;6;"Date/time";"Zeitpunkt";0;"O";"TS";"TS";1.9.2003 22:24:14;
13;7;"Date/time";"Zeitpunkt";0;"O";"DTM";"DTM";28.10.2007 17:49:03;
13;9;"Date/time";"Zeitpunkt";0;"O";"DTM";"DTM";18.3.2014 20:07:42;
13;10;"Date/time";;0;"O";"DTM";"DTM";6.1.2020 12:07:16;
13;61;"Date/time";"Zeitpunkt";0;"O";"TS";"TS";10.5.2007 23:16:33;
13;81;"Date/time";"Zeitpunkt";0;"O";"DTM";"DTM";29.3.2013 16:30:28;
13;91;"Date/time";"Zeitpunkt";0;"O";"DTM";"DTM";2.11.2014 19:17:25;
14;2;"Last data code calue";"Suchbegriff: Objektbereich";0;"O";"ST";"ST";;"2-53"
14;3;"Last data code calue";"Suchbegriff: Objektbereich";0;"O";"ST";"ST";2.2.2001 00:00:00;"2-53"
14;4;"Last data code calue";"Suchbegriff: Objektbereich";0;"O";"ST";"ST";2.2.2001 00:00:00;"2-53"
14;5;"Last data code calue";"Suchbegriff: Objektbereich";0;"O";"ST";"ST";2.2.2001 00:00:00;"2-53"
14;6;"Channel Calibration Sensitivity Correction Factor";;0;"O";"NM";"NM";1.9.2003 22:24:14;
14;7;"Channel Calibration Sensitivity Correction Factor";;0;"O";"NM";"NM";28.10.2007 17:49:03;
14;9;"Channel Calibration Sensitivity Correction Factor";;0;"O";"NM";"NM";18.3.2014 20:07:42;
14;10;"Channel Calibration Sensitivity Correction Factor";;0;"O";"NM";"NM";6.1.2020 12:07:16;
14;61;"Channel Calibration Sensitivity Correction Factor";;0;"O";"NM";"NM";10.5.2007 23:16:33;
14;81;"Channel Calibration Sensitivity Correction Factor";;0;"O";"NM";"NM";29.3.2013 16:30:28;
14;91;"Channel Calibration Sensitivity Correction Factor";;0;"O";"NM";"NM";2.11.2014 19:17:25;
15;1;"MESSAGE TYPE";"Nachrichtentyp";0;"O";"ST";"ST";;
15;2;"Batch total 1";"Gesamtzahl";0;"O";"NM";"NM";;"2-63"
15;6;"Channel Calibration Baseline";;0;"O";"NM";"NM";1.9.2003 22:24:14;
15;7;"Channel Calibration Baseline";;0;"O";"NM";"NM";28.10.2007 17:49:03;
15;9;"Channel Calibration Baseline";;0;"O";"NM";"NM";18.3.2014 20:07:42;
15;10;"Channel Calibration Baseline";;0;"O";"NM";"NM";6.1.2020 12:07:16;
15;61;"Channel Calibration Baseline";;0;"O";"NM";"NM";10.5.2007 23:16:33;
15;81;"Channel Calibration Baseline";;0;"O";"NM";"NM";29.3.2013 16:30:28;
15;91;"Channel Calibration Baseline";;0;"O";"NM";"NM";2.11.2014 19:17:25;
16;1;"MESSAGE CONTROL ID";"Nachrichtenkontrollnummer";0;"O";"ST";"ST";;
16;2;"Batch total 2";"Gesamtzahl";0;"O";"NM";"NM";;"2-63"
16;6;"Channel Calibration Time Skew";;0;"O";"NM";"NM";1.9.2003 22:24:14;
16;7;"Channel Calibration Time Skew";;0;"O";"NM";"NM";28.10.2007 17:49:03;
16;9;"Channel Calibration Time Skew";;0;"O";"NM";"NM";18.3.2014 20:07:42;
16;10;"Channel Calibration Time Skew";;0;"O";"NM";"NM";6.1.2020 12:07:16;
16;61;"Channel Calibration Time Skew";;0;"O";"NM";"NM";10.5.2007 23:16:33;
16;81;"Channel Calibration Time Skew";;0;"O";"NM";"NM";29.3.2013 16:30:28;
16;91;"Channel Calibration Time Skew";;0;"O";"NM";"NM";2.11.2014 19:17:25;
17;1;"PROCESSING ID";"Verarbeitungsstatus";0;"O";"ST";"ST";;
17;2;"Patient ID";"Patient ID";0;"O";"ST";"ST";;"3-22"
17;6;"Channel Identifier";;0;"O";"WVI";"WVI";1.9.2003 22:24:14;
17;7;"Channel Identifier";;0;"O";"WVI";"WVI";28.10.2007 17:49:03;
17;9;"Channel Identifier";;0;"O";"WVI";"WVI";18.3.2014 20:07:42;
17;10;"Channel Identifier";;0;"O";"WVI";"WVI";6.1.2020 12:07:16;
17;61;"Channel Identifier";;0;"O";"WVI";"WVI";10.5.2007 23:16:33;
17;81;"Channel Identifier";;0;"O";"WVI";"WVI";29.3.2013 16:30:28;
17;91;"Channel Identifier";;0;"O";"WVI";"WVI";2.11.2014 19:17:25;
18;1;"VERSION ID";"Versionsnummer von HL7";0;"O";"ST";"ST";;
18;2;"Check digit";"Check digit";0;"O";"NM";"NM";;"3-22"
18;3;"check digit";"Prüfziffer";0;"O";"ST";"ST";;
18;4;"check digit";"Prüfziffer";0;"O";"NM";"NM";14.4.1999 21:46:18;
18;5;"check digit (NM)";"Prüfziffer";0;"O";"NM";"NM";8.7.2000 12:20:09;
18;6;"Waveform Source";;0;"O";"WVS";"WVS";1.9.2003 22:24:14;
18;7;"Waveform Source";;0;"O";"WVS";"WVS";28.10.2007 17:49:03;
18;9;"Waveform Source";;0;"O";"WVS";"WVS";18.3.2014 20:07:42;
18;10;"Waveform Source";;0;"O";"WVS";"WVS";6.1.2020 12:07:16;
18;61;"Waveform Source";;0;"O";"WVS";"WVS";10.5.2007 23:16:33;
18;81;"Waveform Source";;0;"O";"WVS";"WVS";29.3.2013 16:30:28;
18;91;"Waveform Source";;0;"O";"WVS";"WVS";2.11.2014 19:17:25;
19;2;"Check digit scheme";"Check digit scheme";61;"O";"ID";"ID";;"2"
19;3;"check digit scheme";"Check digit scheme";0;"O";"ID";"ID";;
19;4;"check digit scheme";"Check digit scheme";0;"O";"ID";"ID";14.4.1999 21:46:18;
19;5;"check digit scheme";"Check digit scheme";0;"O";"ID";"ID";8.7.2000 12:20:09;
19;6;"Channel Sensitivity/Units";;0;"O";"CSU";"CSU";1.9.2003 22:24:14;
19;7;"Channel Sensitivity and Units";;0;"O";"CSU";"CSU";28.10.2007 17:49:03;
19;9;"Channel Sensitivity and Units";;0;"O";"CSU";"CSU";18.3.2014 20:07:42;
19;10;"Channel Sensitivity and Units";;0;"O";"CSU";"CSU";6.1.2020 12:07:16;
19;61;"Channel Sensitivity/Units";;0;"O";"CSU";"CSU";10.5.2007 23:16:33;
19;81;"Channel Sensitivity and Units";;0;"O";"CSU";"CSU";29.3.2013 16:30:28;
19;91;"Channel Sensitivity and Units";;0;"O";"CSU";"CSU";2.11.2014 19:17:25;
20;6;"Channel Calibration Parameters";;0;"O";"CCP";"CCP";1.9.2003 22:24:14;
20;7;"Channel Calibration Parameters";;0;"O";"CCP";"CCP";28.10.2007 17:49:03;
20;9;"Channel Calibration Parameters";;0;"O";"CCP";"CCP";18.3.2014 20:07:42;
20;10;"Channel Calibration Parameters";;0;"O";"CCP";"CCP";6.1.2020 12:07:16;
20;61;"Channel Calibration Parameters";;0;"O";"CCP";"CCP";10.5.2007 23:16:33;
20;81;"Channel Calibration Parameters";;0;"O";"CCP";"CCP";29.3.2013 16:30:28;
20;91;"Channel Calibration Parameters";;0;"O";"CCP";"CCP";2.11.2014 19:17:25;
21;2;"familiy name";"Familienname";0;"O";"ST";"ST";;"3-29"
21;6;"Channel Sampling Frequency";;0;"O";"NM";"NM";1.9.2003 22:24:14;
21;7;"Channel Sampling Frequency";;0;"O";"NM";"NM";28.10.2007 17:49:03;
21;9;"Channel Sampling Frequency";;0;"O";"NM";"NM";18.3.2014 20:07:42;
21;10;"Channel Sampling Frequency";;0;"O";"NM";"NM";6.1.2020 12:07:16;
21;61;"Channel Sampling Frequency";;0;"O";"NM";"NM";10.5.2007 23:16:33;
21;81;"Channel Sampling Frequency";;0;"O";"NM";"NM";29.3.2013 16:30:28;
21;91;"Channel Sampling Frequency";;0;"O";"NM";"NM";2.11.2014 19:17:25;
22;2;"given name";"Vorname";0;"O";"ST";"ST";;"3-29"
22;3;"given name";"Vorname";0;"O";"ST";"ST";;
22;4;"given name";"Vorname";0;"O";"ST";"ST";14.4.1999 21:46:18;
22;5;"given name";"Vorname";0;"O";"ST";"ST";8.7.2000 12:20:09;
22;6;"Minimum/Maximum Data Values";;0;"O";"NR";"NR";1.9.2003 22:24:14;
22;7;"Minimum and Maximum Data Values";;0;"O";"NR";"NR";28.10.2007 17:49:03;
22;9;"Minimum and Maximum Data Values";;0;"O";"NR";"NR";18.3.2014 20:07:42;
22;10;"Minimum and Maximum Data Values";;0;"O";"NR";"NR";6.1.2020 12:07:16;
22;61;"Minimum/Maximum Data Values";;0;"O";"NR";"NR";10.5.2007 23:16:33;
22;81;"Minimum and Maximum Data Values";;0;"O";"NR";"NR";29.3.2013 16:30:28;
22;91;"Minimum and Maximum Data Values";;0;"O";"NR";"NR";2.11.2014 19:17:25;
23;1;"PATIENT ADDRESS";"Adresse des Patienten";0;"O";"ST";"ST";;
23;2;"middle initial or name";"weitere Vornamen oder Initialien";0;"O";"ST";"ST";;"3-29"
23;3;"middle initial or name";"weitere Vornamen oder Initialien";0;"O";"ST";"ST";;
23;4;"middle initial or name";"weitere Vornamen oder Initialien";0;"O";"ST";"ST";14.4.1999 21:46:18;
23;5;"second and further given names or initials thereof";"weitere Vornamen oder Initialien";0;"O";"ST";"ST";8.7.2000 12:20:09;
23;6;"Identifier";"Schlüssel";0;"O";"ST";"ST";1.9.2003 22:24:14;
23;7;"Identifier";"Schlüssel";0;"O";"-";"-";28.10.2007 17:54:35;
23;9;"Identifier";"Schlüssel";0;"O";"ST";"ST";18.3.2014 20:07:42;
23;10;"Identifier";;0;"O";"ST";"ST";6.1.2020 12:07:16;
23;61;"Identifier";"Schlüssel";0;"O";"ST";"ST";10.5.2007 23:16:33;
23;81;"Identifier";"Schlüssel";0;"O";"ST";"ST";29.3.2013 16:30:28;
23;91;"Identifier";"Schlüssel";0;"O";"ST";"ST";2.11.2014 19:17:25;
24;2;"suffix (e.g. JR or III)";"Namenszusatz";0;"O";"ST";"ST";;"3-29"
24;6;"Text";"Text";0;"O";"ST";"ST";1.9.2003 22:24:14;
24;7;"Text";"Text";0;"O";"-";"-";28.10.2007 17:54:35;
24;9;"Formatted Text";"formatierter Text";0;"O";"FT";"FT";18.3.2014 20:07:42;
24;10;"Formatted Text";;0;"O";"FT";"FT";6.1.2020 12:07:16;
24;61;"Text";"Text";0;"O";"ST";"ST";10.5.2007 23:16:33;
24;81;"Formatted Text";"formatierter Text";0;"O";"FT";"FT";29.3.2013 16:30:28;
24;91;"Formatted Text";"formatierter Text";0;"O";"FT";"FT";2.11.2014 19:17:25;
25;2;"prefix (e.g. DR)";"Namensvorsatz";0;"O";"ST";"ST";;"3-29"
25;6;"Name of Coding System";"Kodiersystem";396;"O";"ID";"ID";1.9.2003 22:24:14;
25;7;"Name of Coding System";"Kodiersystem";0;"O";"-";"-";28.10.2007 17:54:35;
25;9;"Name of Coding System";"Kodiersystem";396;"O";"ID";"ID";18.3.2014 20:07:42;
25;10;"Name of Coding System";;396;"O";"ID";"ID";6.1.2020 12:07:16;
25;61;"Name of Coding System";"Kodiersystem";396;"O";"ID";"ID";10.5.2007 23:16:33;
25;81;"Name of Coding System";"Kodiersystem";396;"O";"ID";"ID";29.3.2013 16:30:28;
25;91;"Name of Coding System";"Kodiersystem";396;"O";"ID";"ID";2.11.2014 19:17:25;
26;2;"degree (e.g. MD)";"Titel";0;"O";"ST";"ST";;"3-29"
26;6;"Alternate Identifier";"alternativer Schlüssel";0;"O";"ST";"ST";1.9.2003 22:24:14;
26;7;"Alternate Identifier";"alternativer Schlüssel";0;"O";"-";"-";28.10.2007 17:54:35;
26;9;"Alternate Identifier";"alternativer Schlüssel";0;"O";"ST";"ST";18.3.2014 20:07:42;
26;10;"Alternate Identifier";;0;"O";"ST";"ST";6.1.2020 12:07:16;
26;61;"Alternate Identifier";"alternativer Schlüssel";0;"O";"ST";"ST";10.5.2007 23:16:33;
26;81;"Alternate Identifier";"alternativer Schlüssel";0;"O";"ST";"ST";29.3.2013 16:30:28;
26;91;"Alternate Identifier";"alternativer Schlüssel";0;"O";"ST";"ST";2.11.2014 19:17:25;
27;2;"street address";"Strasse";0;"O";"ST";"ST";;
27;3;"street address";"Strasse";0;"O";"ST";"ST";;"6-32"
27;4;"street address";"Strasse";0;"O";"ST";"ST";14.4.1999 21:46:18;"6-32"
27;5;"street address (ST)";"Strasse";0;"O";"ST";"ST";8.7.2000 12:20:09;"6-32"
27;6;"Alternate Text";"alternativer Text";0;"O";"ST";"ST";1.9.2003 22:24:14;
27;7;"Alternate Text";"alternativer Text";0;"O";"-";"-";28.10.2007 17:54:35;
27;9;"Alternate Formatted Text";"alternativer formatierter Text";0;"O";"FT";"FT";18.3.2014 20:07:42;
27;10;"Alternate Formatted Text";;0;"O";"FT";"FT";6.1.2020 12:07:16;
27;61;"Alternate Text";"alternativer Text";0;"O";"ST";"ST";10.5.2007 23:16:33;
27;81;"Alternate Formatted Text";"alternativer formatierter Text";0;"O";"FT";"FT";29.3.2013 16:30:28;
27;91;"Alternate Formatted Text";"alternativer formatierter Text";0;"O";"FT";"FT";2.11.2014 19:17:25;
28;2;"other designation";"sonst. Adresse";0;"O";"ST";"ST";;
28;3;"other designation";"sonst. Adresse";0;"O";"ST";"ST";;
28;4;"other designation";"sonst. Adresse";0;"O";"ST";"ST";14.4.1999 21:46:18;
28;5;"other designation";"sonst. Adresse";0;"O";"ST";"ST";8.7.2000 12:20:09;
28;6;"Name of Alternate Coding System";"alternatives Kodiersystem";396;"O";"ID";"ID";1.9.2003 22:24:14;
28;7;"Name of Alternate Coding System";"alternatives Kodiersystem";0;"O";"-";"-";28.10.2007 17:54:35;
28;9;"Name of Alternate Coding System";"alternatives Kodiersystem";396;"O";"ID";"ID";18.3.2014 20:07:42;
28;10;"Name of Alternate Coding System";;396;"O";"ID";"ID";6.1.2020 12:07:16;
28;61;"Name of Alternate Coding System";"alternatives Kodiersystem";396;"O";"ID";"ID";10.5.2007 23:16:33;
28;81;"Name of Alternate Coding System";"alternatives Kodiersystem";396;"O";"ID";"ID";29.3.2013 16:30:28;
28;91;"Name of Alternate Coding System";"alternatives Kodiersystem";396;"O";"ID";"ID";2.11.2014 19:17:25;
29;1;"COUNTY CODE";"Gemeindekennziffer";0;"O";"ST";"ST";;
29;2;"city";"Ort";0;"O";"ST";"ST";;
29;3;"city";"Ort";0;"O";"ST";"ST";;
29;4;"city";"Ort";0;"O";"ST";"ST";14.4.1999 21:46:18;
29;5;"city";"Ort";0;"O";"ST";"ST";8.7.2000 12:20:09;
29;6;"Identifier";"Schlüssel";0;"O";"ST";"ST";1.9.2003 22:24:14;
29;7;"Identifier";"Schlüssel";0;"O";"ST";"ST";28.10.2007 17:49:03;
29;9;"Coding System Version ID";"Version des Kodiersystems";0;"O";"ST";"ST";18.3.2014 20:07:42;
29;10;"Coding System Version ID";;0;"O";"ST";"ST";6.1.2020 12:07:16;
29;61;"Identifier";"Schlüssel";0;"O";"ST";"ST";10.5.2007 23:16:33;
29;81;"Coding System Version ID";"Version des Kodiersystems";0;"O";"ST";"ST";29.3.2013 16:30:28;
29;91;"Coding System Version ID";"Version des Kodiersystems";0;"O";"ST";"ST";2.11.2014 19:17:25;
30;2;"state or province";"Bundesland";0;"O";"ST";"ST";;
30;3;"state or province";"Bundesland";0;"O";"ST";"ST";;
30;4;"state or province";"Bundesland";0;"O";"ST";"ST";14.4.1999 21:46:18;
30;5;"state or province";"Bundesland";0;"O";"ST";"ST";8.7.2000 12:20:09;
30;6;"Formatted Text";"formatierter Text";0;"O";"FT";"FT";1.9.2003 22:24:14;
30;7;"Formatted Text";"formatierter Text";0;"O";"FT";"FT";28.10.2007 17:49:03;
30;9;"Alternate Coding System Version ID";"Version des alternativen Kodiersystems";0;"O";"ST";"ST";18.3.2014 20:07:42;
30;10;"Alternate Coding System Version ID";;0;"O";"ST";"ST";6.1.2020 12:07:16;
30;61;"Formatted Text";"formatierter Text";0;"O";"FT";"FT";10.5.2007 23:16:33;
30;81;"Alternate Coding System Version ID";"Version des alternativen Kodiersystems";0;"O";"ST";"ST";29.3.2013 16:30:28;
30;91;"Alternate Coding System Version ID";"Version des alternativen Kodiersystems";0;"O";"ST";"ST";2.11.2014 19:17:25;
31;2;"zip or postal code";"Postleitzahl";0;"O";"ID";"ID";;
31;3;"zip or postal code";"Postleitzahl";0;"O";"ST";"ST";;
31;4;"zip or postal code";"Postleitzahl";0;"O";"ST";"ST";14.4.1999 21:46:18;
31;5;"zip or postal code";"Postleitzahl";0;"O";"ST";"ST";8.7.2000 12:20:09;
31;6;"Name of Coding System";"verwendetes Kodiersystem";396;"O";"ID";"ID";1.9.2003 22:24:14;
31;7;"Name of Coding System";"verwendetes Kodiersystem";396;"O";"ID";"ID";26.10.2007 18:09:43;
31;9;"Original Text";"Originaltext";0;"O";"ST";"ST";18.3.2014 20:07:42;
31;10;"Original Text";;0;"O";"ST";"ST";6.1.2020 12:07:16;
31;61;"Name of Coding System";"verwendetes Kodiersystem";396;"O";"ID";"ID";10.5.2007 23:16:33;
31;81;"Original Text";"Originaltext";0;"O";"ST";"ST";29.3.2013 16:30:28;
31;91;"Original Text";"Originaltext";0;"O";"ST";"ST";2.11.2014 19:17:25;
32;1;"EVENT TYPE CODE";"Code des Ereignistyps";0;"O";"ST";"ST";;
32;2;"country";"Staat";0;"O";"ID";"ID";;
32;3;"country";"Staat";0;"O";"ID";"ID";;
32;4;"country";"Staat";0;"O";"ID";"ID";14.4.1999 21:46:18;
32;5;"country";"Staat";399;"O";"ID";"ID";8.7.2000 12:20:09;
32;6;"Alternate Identifier";"alternativer Schlüssel";0;"O";"ST";"ST";1.9.2003 22:24:14;
32;7;"Alternate Identifier";"alternativer Schlüssel";0;"O";"ST";"ST";28.10.2007 17:49:03;
32;9;"Second Alternate Identifier";;0;"O";"ST";"ST";18.3.2014 20:07:42;
32;10;"Second Alternate Identifier";;0;"O";"ST";"ST";6.1.2020 12:07:16;
32;61;"Alternate Identifier";"alternativer Schlüssel";0;"O";"ST";"ST";10.5.2007 23:16:33;
32;81;"Second Alternate Identifier";;0;"O";"ST";"ST";29.3.2013 16:30:28;
32;91;"Second Alternate Identifier";;0;"O";"ST";"ST";2.11.2014 19:17:25;
33;1;"DATE/TIME OF EVENT";"Zeitpunkt des Ereignisses";0;"O";"ST";"ST";;
33;2;"type";"Typ";0;"O";"ID";"ID";;
33;3;"type";"Typ";0;"O";"ID";"ID";;
33;4;"type";"Typ";0;"O";"ID";"ID";14.4.1999 21:46:18;
33;5;"type";"Typ";0;"O";"ID";"ID";8.7.2000 12:20:09;
33;6;"Alternate Formatted Text";"alternativer formatierter Text";0;"O";"FT";"FT";1.9.2003 22:24:14;
33;7;"Alternate Formatted Text";"alternativer formatierter Text";0;"O";"FT";"FT";28.10.2007 17:49:03;
33;9;"Second Alternate Formatted Text";;0;"O";"FT";"FT";18.3.2014 20:07:42;
33;10;"Second Alternate Formatted Text";;0;"O";"FT";"FT";6.1.2020 12:07:16;
33;61;"Alternate Formatted Text";"alternativer formatierter Text";0;"O";"FT";"FT";10.5.2007 23:16:33;
33;81;"Second Alternate Formatted Text";;0;"O";"FT";"FT";29.3.2013 16:30:28;
33;91;"Second Alternate Formatted Text";;0;"O";"FT";"FT";2.11.2014 19:17:25;
34;1;"DATE/TIME PLANNED EVENT";"Zeitpunkt des geplanten Ereignisses";0;"O";"ST";"ST";;
34;2;"other geographic designation";"sonst. geogr. Bezeichnung";0;"O";"ST";"ST";;
34;3;"other geographic designation";"sonst. geogr. Bezeichnung";0;"O";"ST";"ST";;
34;4;"other geographic designation";"sonst. geogr. Bezeichnung";0;"O";"ST";"ST";14.4.1999 21:46:18;
34;5;"other geographic designation";"sonst. geogr. Bezeichnung";0;"O";"ST";"ST";8.7.2000 12:20:09;
34;6;"Name of Alternate Coding System";"alternatives Kodiersystem";396;"O";"ID";"ID";1.9.2003 22:24:14;
34;7;"Name of Alternate Coding System";"alternatives Kodiersystem";396;"O";"ID";"ID";26.10.2007 18:09:43;
34;9;"Name of Second Alternate Coding System";;396;"O";"ID";"ID";18.3.2014 20:07:42;
34;10;"Name of Second Alternate Coding System";;396;"O";"ID";"ID";6.1.2020 12:07:16;
34;61;"Name of Alternate Coding System";"alternatives Kodiersystem";396;"O";"ID";"ID";10.5.2007 23:16:33;
34;81;"Name of Second Alternate Coding System";;396;"O";"ID";"ID";29.3.2013 16:30:28;
34;91;"Name of Second Alternate Coding System";;396;"O";"ID";"ID";2.11.2014 19:17:25;
35;1;"PATIENT ID (INTERNAL ID)";"interne (lokale Pat.-ID)";0;"O";"ST";"ST";;
35;2;"License Number";"entfällt";0;"O";"ST";"ST";;"3-25"
35;6;"Identifier";"Schlüssel";0;"O";"ST";"ST";1.9.2003 22:24:14;
35;7;"Identifier";"Schlüssel";0;"O";"ST";"ST";28.10.2007 17:49:03;
35;9;"Second Alternate Coding System Version ID";;0;"O";"ST";"ST";18.3.2014 20:07:42;
35;10;"Second Alternate Coding System Version ID";;0;"O";"ST";"ST";6.1.2020 12:07:16;
35;61;"Identifier";"Schlüssel";0;"O";"ST";"ST";10.5.2007 23:16:33;
35;81;"Second Alternate Coding System Version ID";;0;"O";"ST";"ST";29.3.2013 16:30:28;
35;91;"Second Alternate Coding System Version ID";;0;"O";"ST";"ST";2.11.2014 19:17:25;
36;1;"PATIENT ACCOUNT NUMBER";"Debitorenkontonummer";0;"O";"ST";"ST";;
36;2;"issuing state,province,country";"Ausstellende Behörde";0;"O";"ST";"ST";;"3-25"
36;6;"Text";"Text";0;"O";"ST";"ST";1.9.2003 22:24:14;
36;7;"Text";"Text";0;"O";"ST";"ST";28.10.2007 17:49:03;
36;9;"Coding System OID";"OID des Kodiersystems";0;"O";"ST";"ST";18.3.2014 20:07:42;
36;10;"Coding System OID";;0;"O";"ST";"ST";6.1.2020 12:07:16;
36;61;"Text";"Text";0;"O";"ST";"ST";10.5.2007 23:16:33;
36;81;"Coding System OID";"OID des Kodiersystems";0;"O";"ST";"ST";29.3.2013 16:30:28;
36;91;"Coding System OID";"OID des Kodiersystems";0;"O";"ST";"ST";2.11.2014 19:17:25;
37;1;"ALTERNATE PATIENT ID";"Fallnummer";0;"O";"ST";"ST";;
37;2;"nurse unit (Station)";"Station";79;"O";"ID";"ID";;"3-29"
37;6;"Name of Coding System";"Kodiersystem";396;"O";"ID";"ID";1.9.2003 22:24:14;
37;7;"Name of Coding System";"Kodiersystem";396;"O";"ID";"ID";26.10.2007 18:09:43;
37;9;"Value Set OID";;0;"O";"ST";"ST";18.3.2014 20:07:42;
37;10;"Value Set OID";;0;"O";"ST";"ST";6.1.2020 12:07:16;
37;61;"Name of Coding System";"Kodiersystem";396;"O";"ID";"ID";10.5.2007 23:16:33;
37;81;"Value Set OID";;0;"O";"ST";"ST";29.3.2013 16:30:28;
37;91;"Value Set OID";;0;"O";"ST";"ST";2.11.2014 19:17:25;
38;1;"PATIENT NAME";"Patientenname";0;"O";"ST";"ST";;
38;2;"Room";"Zimmer";79;"O";"ID";"ID";;"3-29"
38;3;"room";"Zimmer";303;"O";"IS";"IS";;
38;4;"room";"Zimmer";303;"O";"IS";"IS";14.4.1999 21:46:18;
38;5;"room";"Zimmer";303;"O";"IS";"IS";8.7.2000 12:20:09;
38;6;"Alternate Identifier";"alternativer Schlüssel";0;"O";"ST";"ST";1.9.2003 22:24:14;
38;7;"Alternate Identifier";"alternativer Schlüssel";0;"O";"ST";"ST";28.10.2007 17:49:03;
38;9;"Value Set Version ID";;0;"O";"DTM";"DTM";18.3.2014 20:07:42;
38;10;"Value Set Version ID";;0;"O";"DTM";"DTM";6.1.2020 12:07:16;
38;61;"Alternate Identifier";"alternativer Schlüssel";0;"O";"ST";"ST";10.5.2007 23:16:33;
38;81;"Value Set Version ID";;0;"O";"DTM";"DTM";29.3.2013 16:30:28;
38;91;"Value Set Version ID";;0;"O";"DTM";"DTM";2.11.2014 19:17:25;
39;1;"SEX";"Geschlecht";0;"O";"ST";"ST";;
39;2;"Bed";"Bettenstellplatz";79;"O";"ID";"ID";;"3-29"
39;3;"bed";"Bettenstellplatz";304;"O";"IS";"IS";;
39;4;"bed";"Bettenstellplatz";304;"O";"IS";"IS";14.4.1999 21:46:18;
39;5;"bed";"Bettenstellplatz";304;"O";"IS";"IS";8.7.2000 12:20:09;
39;6;"Alternate Text";"alternativer Text";0;"O";"ST";"ST";1.9.2003 22:24:14;
39;7;"Alternate Text";"alternativer Text";0;"O";"ST";"ST";28.10.2007 17:49:03;
39;9;"Alternate Coding System OID";"OID des alternativen Kodiersystems";0;"O";"ST";"ST";21.3.2017 00:00:00;
39;10;"Alternate Coding System OID";;0;"O";"ST";"ST";6.1.2020 12:07:16;
39;61;"Alternate Text";"alternativer Text";0;"O";"ST";"ST";10.5.2007 23:16:33;
39;81;"Alternate Coding System OID";"OID des alternativen Kodiersystems";0;"O";"ST";"ST";21.3.2017 00:00:00;
39;91;"Alternate Coding System OID";"OID des alternativen Kodiersystems";0;"O";"ST";"ST";21.3.2017 00:00:00;
40;1;"DATE OF BIRTH";"Geburtsdatum";0;"O";"ST";"ST";;
40;2;"Facility ID";"Fachbereich";115;"O";"ID";"ID";;"3-29"
40;3;"facility ID";"Fachbereich";0;"O";"ID";"ID";;
40;4;"facility ID";"Fachbereich";0;"O";"ID";"ID";14.4.1999 21:46:18;
40;5;"facility ID";"Fachbereich";0;"O";"ID";"ID";8.7.2000 12:20:09;
40;6;"Name of Alternate Coding System";"alternatives Kodiersystem";396;"O";"ID";"ID";1.9.2003 22:24:14;
40;7;"Name of Alternate Coding System";"alternatives Kodiersystem";396;"O";"ID";"ID";26.10.2007 18:09:43;
40;9;"Alternate Value Set OID";;0;"O";"ST";"ST";18.3.2014 20:07:42;
40;10;"Alternate Value Set OID";;0;"O";"ST";"ST";6.1.2020 12:07:16;
40;61;"Name of Alternate Coding System";"alternatives Kodiersystem";396;"O";"ID";"ID";10.5.2007 23:16:33;
40;81;"Alternate Value Set OID";;0;"O";"ST";"ST";29.3.2013 16:30:28;
40;91;"Alternate Value Set OID";;0;"O";"ST";"ST";2.11.2014 19:17:25;
41;1;"ETHNIC GROUP";"entfällt";0;"O";"ST";"ST";;
41;2;"Bed Status";"Bettenzustand";116;"O";"ID";"ID";;"3-29"
41;6;"Coding System Version ID";"Version des Kodiersystems";0;"O";"ST";"ST";1.9.2003 22:24:14;
41;7;"Coding System Version ID";"Version des Kodiersystems";0;"O";"ST";"ST";28.10.2007 17:49:03;
41;9;"Alternate Value Set Version ID";;0;"O";"DTM";"DTM";18.3.2014 20:07:42;
41;10;"Alternate Value Set Version ID";;0;"O";"DTM";"DTM";6.1.2020 12:07:16;
41;61;"Coding System Version ID";"Version des Kodiersystems";0;"O";"ST";"ST";10.5.2007 23:16:33;
41;81;"Alternate Value Set Version ID";;0;"O";"DTM";"DTM";29.3.2013 16:30:28;
41;91;"Alternate Value Set Version ID";;0;"O";"DTM";"DTM";2.11.2014 19:17:25;
42;1;"RELIGION";"Religion";0;"O";"ST";"ST";;
42;2;"Etage";"Etage";79;"A";"ID";"ID";;"3-29"
42;6;"Alternate Coding System Version ID";"Version des alternativen Kodiersystems";0;"O";"ST";"ST";1.9.2003 22:24:14;
42;7;"Alternate Coding System Version ID";"Version des alternativen Kodiersystems";0;"O";"ST";"ST";28.10.2007 17:49:03;
42;9;"Second Alternate Coding System OID";;0;"O";"ST";"ST";18.3.2014 20:07:42;
42;10;"Second Alternate Coding System OID";;0;"O";"ST";"ST";6.1.2020 12:07:16;
42;61;"Alternate Coding System Version ID";"Version des alternativen Kodiersystems";0;"O";"ST";"ST";10.5.2007 23:16:33;
42;81;"Second Alternate Coding System OID";;0;"O";"ST";"ST";29.3.2013 16:30:28;
42;91;"Second Alternate Coding System OID";;0;"O";"ST";"ST";2.11.2014 19:17:25;
43;1;"MARITAL STATUS";"Familienstand";0;"O";"ST";"ST";;
43;2;"physician ID";"Aufnehmender Arzt";10;"O";"ID";"ID";;"3-29"
43;6;"Original Text";"Originaltext";0;"O";"ST";"ST";1.9.2003 22:24:14;
43;7;"Original Text";"Originaltext";0;"O";"ST";"ST";28.10.2007 17:49:03;
43;9;"Second Alternate Value Set OID";;0;"O";"ST";"ST";18.3.2014 20:07:42;
43;10;"Second Alternate Value Set OID";;0;"O";"ST";"ST";6.1.2020 12:07:16;
43;61;"Original Text";"Originaltext";0;"O";"ST";"ST";10.5.2007 23:16:33;
43;81;"Second Alternate Value Set OID";;0;"O";"ST";"ST";29.3.2013 16:30:28;
43;91;"Second Alternate Value Set OID";;0;"O";"ST";"ST";2.11.2014 19:17:25;
44;1;"NEXT OF KIN RELATIONSHIP";"Beziehung/Verwandschaftsverhältnis zum zu Benachri";0;"O";"ST";"ST";;
44;2;"source table id";"Mitbehand. Ärzte (1.Arzt=Hausarzt)";0;"O";"ID";"ID";;"3-29"
44;6;"ID Number";"Identifikator";0;"O";"ST";"ST";1.9.2003 22:24:14;
44;7;"ID Number";"Identifikator";0;"O";"ST";"ST";28.10.2007 17:49:03;
44;9;"Second Alternate Value Set Version ID";;0;"O";"DTM";"DTM";18.3.2014 20:07:42;
44;10;"Second Alternate Value Set Version ID";;0;"O";"DTM";"DTM";6.1.2020 12:07:16;
44;61;"ID Number";"Identifikator";0;"O";"ST";"ST";10.5.2007 23:16:33;
44;81;"Second Alternate Value Set Version ID";;0;"O";"DTM";"DTM";29.3.2013 16:30:28;
44;91;"Second Alternate Value Set Version ID";;0;"O";"DTM";"DTM";2.11.2014 19:17:25;
45;1;"NEXT OF KIN NAME";"Name des zu Benachrichtigenden";0;"O";"ST";"ST";;
45;2;"Adresse";"Adresse";0;"O";"AD";"AD";;"3-29"
45;6;"Family Name";"Familienname";0;"O";"ST";"ST";1.9.2003 22:24:14;
45;7;"Family Name";"Familienname";0;"O";"ST";"ST";28.10.2007 17:49:03;
45;9;"Identifier";"Schlüssel";0;"O";"ST";"ST";18.3.2014 20:07:42;
45;10;"Identifier";;0;"O";"ST";"ST";6.1.2020 12:07:16;
45;61;"Family Name";"Familienname";0;"O";"ST";"ST";10.5.2007 23:16:33;
45;81;"Identifier";"Schlüssel";0;"O";"ST";"ST";29.3.2013 16:30:28;
45;91;"Identifier";"Schlüssel";0;"O";"ST";"ST";2.11.2014 19:17:25;
46;1;"PHONE NUMBER - HOME";"private Telefonnummer des Patienten";0;"O";"ST";"ST";;
46;2;"Telefon";"Telefonnummer";0;"O";"TN";"TN";;"3-29"
46;6;"Given Name";"Vorname";0;"O";"ST";"ST";1.9.2003 22:24:14;
46;7;"Given Name";"Vorname";0;"O";"ST";"ST";28.10.2007 17:49:03;
46;9;"Text";"Text";0;"O";"ST";"ST";18.3.2014 20:07:42;
46;10;"Text";;0;"O";"ST";"ST";6.1.2020 12:07:16;
46;61;"Given Name";"Vorname";0;"O";"ST";"ST";10.5.2007 23:16:33;
46;81;"Text";"Text";0;"O";"ST";"ST";29.3.2013 16:30:28;
46;91;"Text";"Text";0;"O";"ST";"ST";2.11.2014 19:17:25;
47;1;"PHONE NUMBER - BUSINESS";"Telefonnummer (dienstlich)";0;"O";"ST";"ST";;
47;2;"Faxnummer";"Faxnummer";0;"O";"TN";"TN";;"3-29"
47;6;"Second and Further Given Names or Initials Thereof";"weitere Vornamen oder Initialien";0;"O";"ST";"ST";1.9.2003 22:24:14;
47;7;"Second and Further Given Names or Initials Thereof";"weitere Vornamen oder Initialien";0;"O";"ST";"ST";28.10.2007 17:49:03;
47;9;"Name of Coding System";"Kodiersystem";396;"O";"ID";"ID";18.3.2014 20:07:42;
47;10;"Name of Coding System";;396;"O";"ID";"ID";6.1.2020 12:07:16;
47;61;"Second and Further Given Names or Initials Thereof";"weitere Vornamen oder Initialien";0;"O";"ST";"ST";10.5.2007 23:16:33;
47;81;"Name of Coding System";"Kodiersystem";396;"O";"ID";"ID";29.3.2013 16:30:28;
47;91;"Name of Coding System";"Kodiersystem";396;"O";"ID";"ID";2.11.2014 19:17:25;
48;1;"PATIENT CLASS";"Patientenstatus";0;"O";"ST";"ST";;
48;2;"Online-Nummer";"Online-Nummer";0;"O";"TN";"TN";;"3-29"
48;6;"Suffix (e.g., JR or III)";"Namenszusatz";0;"O";"ST";"ST";1.9.2003 22:24:14;
48;7;"Suffix (e.g., JR or III)";"Namenszusatz";0;"O";"ST";"ST";28.10.2007 17:49:03;
48;9;"Alternate Identifier";"alternativer Schlüssel";0;"O";"ST";"ST";18.3.2014 20:07:42;
48;10;"Alternate Identifier";;0;"O";"ST";"ST";6.1.2020 12:07:16;
48;61;"Suffix (e.g., JR or III)";"Namenszusatz";0;"O";"ST";"ST";10.5.2007 23:16:33;
48;81;"Alternate Identifier";"alternativer Schlüssel";0;"O";"ST";"ST";29.3.2013 16:30:28;
48;91;"Alternate Identifier";"alternativer Schlüssel";0;"O";"ST";"ST";2.11.2014 19:17:25;
49;1;"ASSIGNED PATIENT LOCATION";"zugewiesener Aufenthaltsort";0;"O";"ST";"ST";;
49;2;"E-Mail";"E-Mail-Adresse";0;"O";"ST";"ST";;"3-29"
49;6;"Prefix (e.g., DR)";"Namensvorsatz";0;"O";"ST";"ST";1.9.2003 22:24:14;
49;7;"Prefix (e.g., DR)";"Namensvorsatz";0;"O";"ST";"ST";28.10.2007 17:49:03;
49;9;"Alternate Text";"alternativer Text";0;"O";"ST";"ST";18.3.2014 20:07:42;
49;10;"Alternate Text";;0;"O";"ST";"ST";6.1.2020 12:07:16;
49;61;"Prefix (e.g., DR)";"Namensvorsatz";0;"O";"ST";"ST";10.5.2007 23:16:33;
49;81;"Alternate Text";"alternativer Text";0;"O";"ST";"ST";29.3.2013 16:30:28;
49;91;"Alternate Text";"alternativer Text";0;"O";"ST";"ST";2.11.2014 19:17:25;
50;1;"PRIOR PATIENT LOCATION";"vorheriger Aufenthaltsort (bei Verlegung)";0;"O";"ST";"ST";;
50;2;"financial class ID";"Entgeltart";64;"O";"ID";"ID";;"3-31"
50;6;"Degree (e.g., MD";"nicht mehr verwenden";360;"O";"IS";"IS";1.9.2003 22:24:14;
50;7;"Degree (e.g., MD";"nicht mehr verwenden";360;"O";"IS";"IS";26.10.2007 18:09:43;
50;9;"Name of Alternate Coding System";"alternatives Kodiersystem";396;"O";"ID";"ID";18.3.2014 20:07:42;
50;10;"Name of Alternate Coding System";;396;"O";"ID";"ID";6.1.2020 12:07:16;
50;61;"Degree (e.g., MD";"nicht mehr verwenden";360;"O";"IS";"IS";10.5.2007 23:16:33;
50;81;"Name of Alternate Coding System";"alternatives Kodiersystem";396;"O";"ID";"ID";29.3.2013 16:30:28;
50;91;"Name of Alternate Coding System";"alternatives Kodiersystem";396;"O";"ID";"ID";2.11.2014 19:17:25;
51;1;"ATTENDING DOCTOR";"behandelnder Arzt";0;"O";"ST";"ST";;
51;2;"effective date";"Gültigkeitsbeginn";0;"O";"TS";"TS";;
51;3;"effective date";"Gültigkeitsbeginn";0;"O";"TS";"TS";2.2.2001 00:00:00;
51;4;"effective date";"Gültigkeitsbeginn";0;"O";"TS";"TS";2.2.2001 00:00:00;
51;5;"effective date";"Gültigkeitsbeginn";0;"O";"TS";"TS";2.2.2001 00:00:00;
51;6;"Source Table";"Quelle der ID";297;"O";"IS";"IS";1.9.2003 22:24:14;
51;7;"Source Table";"Quelle der ID";297;"O";"IS";"IS";26.10.2007 18:09:43;
51;9;"Coding System Version ID";"Version des Kodiersystems";0;"O";"ST";"ST";18.3.2014 20:07:42;
51;10;"Coding System Version ID";;0;"O";"ST";"ST";6.1.2020 12:07:16;
51;61;"Source Table";"Quelle der ID";297;"O";"IS";"IS";10.5.2007 23:16:33;
51;81;"Coding System Version ID";"Version des Kodiersystems";0;"O";"ST";"ST";29.3.2013 16:30:28;
51;91;"Coding System Version ID";"Version des Kodiersystems";0;"O";"ST";"ST";2.11.2014 19:17:25;
52;1;"HOSPITAL SERVICE";"Art der vorgesehenen Behandlung";0;"O";"ST";"ST";;
52;2;"code";"Entlassen nach";113;"O";"ID";"ID";;"3-32"
52;6;"Assigning Authority   - Namespace ID";"ausgebende Instanz - Identifikator";363;"O";"IS";"IS";1.9.2003 22:24:14;
52;7;"Assigning Authority   - Namespace ID";"ausgebende Instanz - Identifikator";363;"O";"IS";"IS";26.10.2007 18:09:43;
52;9;"Alternate Coding System Version ID";"Version des alternativen Kodiersystems";0;"O";"ST";"ST";18.3.2014 20:07:42;
52;10;"Alternate Coding System Version ID";;0;"O";"ST";"ST";6.1.2020 12:07:16;
52;61;"Assigning Authority   - Namespace ID";"ausgebende Instanz - Identifikator";363;"O";"IS";"IS";10.5.2007 23:16:33;
52;81;"Alternate Coding System Version ID";"Version des alternativen Kodiersystems";0;"O";"ST";"ST";29.3.2013 16:30:28;
52;91;"Alternate Coding System Version ID";"Version des alternativen Kodiersystems";0;"O";"ST";"ST";2.11.2014 19:17:25;
53;1;"TEMPORARY LOCATION";"vorügergeh. Aufenthaltsort d.Pat.im Krh.";0;"O";"ST";"ST";;
53;2;"discharge location";;0;"O";"ID";"ID";;"3-32"
53;3;"discharge location";;0;"O";"ID";"ID";2.2.2001 00:00:00;"3-32"
53;4;"discharge location";;0;"O";"IS";"IS";2.2.2001 00:00:00;"3-32"
53;5;"discharge location";;0;"O";"ID";"ID";2.2.2001 00:00:00;"3-32"
53;6;"Assigning Authority  - Universal ID";"ausgebende Instanz - Identifikator, univers. Form";0;"O";"ST";"ST";1.9.2003 22:24:14;
53;7;"Assigning Authority  - Universal ID";"ausgebende Instanz - Identifikator, univers. Form";0;"O";"ST";"ST";28.10.2007 17:49:03;
53;9;"Original Text";"Originaltext";0;"O";"ST";"ST";18.3.2014 20:07:42;
53;10;"Original Text";;0;"O";"ST";"ST";6.1.2020 12:07:16;
53;61;"Assigning Authority  - Universal ID";"ausgebende Instanz - Identifikator, univers. Form";0;"O";"ST";"ST";10.5.2007 23:16:33;
53;81;"Original Text";"Originaltext";0;"O";"ST";"ST";29.3.2013 16:30:28;
53;91;"Original Text";"Originaltext";0;"O";"ST";"ST";2.11.2014 19:17:25;
54;1;"ADMIT SOURCE";"einweisende Einrichtung";0;"O";"ST";"ST";;
54;2;"job code";"Next of Kin Job Code/Class";0;"O";"ID";"ID";;
54;3;"job code";"Next of Kin Job Code/Class";327;"O";"IS";"IS";;"6-25,6-41"
54;4;"job code";"Next of Kin Job Code/Class";327;"O";"IS";"IS";14.4.1999 21:46:18;"6-25,6-41"
54;5;"job code";"Next of Kin Job Code/Class";327;"O";"IS";"IS";8.7.2000 12:20:09;"6-25,6-41"
54;6;"Assigning Authority  - Universal ID Type";"ausgebende Instanz - Typ der Universal ID";301;"O";"ID";"ID";1.9.2003 22:24:14;
54;7;"Assigning Authority  - Universal ID Type";"ausgebende Instanz - Typ der Universal ID";301;"O";"ID";"ID";26.10.2007 18:09:43;
54;9;"Second Alternate Identifier";;0;"O";"ST";"ST";18.3.2014 20:07:42;
54;10;"Second Alternate Identifier";;0;"O";"ST";"ST";6.1.2020 12:07:16;
54;61;"Assigning Authority  - Universal ID Type";"ausgebende Instanz - Typ der Universal ID";301;"O";"ID";"ID";10.5.2007 23:16:33;
54;81;"Second Alternate Identifier";;0;"O";"ST";"ST";29.3.2013 16:30:28;
54;91;"Second Alternate Identifier";;0;"O";"ST";"ST";2.11.2014 19:17:25;
55;1;"AMBULATORY STATUS";"med. Zustand bzw. Einschränkung";0;"O";"ST";"ST";;
55;2;"employee classification";"Next of Kin Job Code/Class";0;"O";"ID";"ID";;
55;3;"employee classification";"Next of Kin Job Code/Class";0;"O";"ID";"ID";;
55;4;"employee classification";"Next of Kin Job Code/Class";0;"O";"ID";"ID";14.4.1999 21:46:18;
55;5;"employee classification";"Next of Kin Job Code/Class";0;"O";"ID";"ID";8.7.2000 12:20:09;
55;6;"Price";"Wert";0;"O";"MO";"MO";1.9.2003 22:24:14;
55;7;"Price";"Wert";0;"O";"MO";"MO";28.10.2007 17:49:03;
55;9;"Second Alternate Text";;0;"O";"ST";"ST";18.3.2014 20:07:42;
55;10;"Second Alternate Text";;0;"O";"ST";"ST";6.1.2020 12:07:16;
55;61;"Price";"Wert";0;"O";"MO";"MO";10.5.2007 23:16:33;
55;81;"Second Alternate Text";;0;"O";"ST";"ST";29.3.2013 16:30:28;
55;91;"Second Alternate Text";;0;"O";"ST";"ST";2.11.2014 19:17:25;
56;1;"WHEN TO CHARGE";"Abrechnungszeitpunkt";0;"O";"ST";"ST";;
56;2;"account number";"Bisherige Debitoren Kto. Nr.";0;"O";"NM";"NM";;
56;3;"account number";"Bisherige Debitoren Kto. Nr.";0;"O";"NM";"NM";;"4-21"
56;4;"account number";"Bisherige Debitoren Kto. Nr.";0;"O";"NM";"NM";14.4.1999 21:46:18;"4-21"
56;5;"account number";"Bisherige Debitoren Kto. Nr.";0;"O";"NM";"NM";8.7.2000 12:20:09;"4-21"
56;6;"Price Type";"Kostenart";205;"O";"ID";"ID";1.9.2003 22:24:14;
56;7;"Price Type";"Kostenart";205;"O";"ID";"ID";26.10.2007 18:09:43;
56;9;"Name of Second Alternate Coding System";;396;"O";"ID";"ID";18.3.2014 20:07:42;
56;10;"Name of Second Alternate Coding System";;396;"O";"ID";"ID";6.1.2020 12:07:16;
56;61;"Price Type";"Kostenart";205;"O";"ID";"ID";10.5.2007 23:16:33;
56;81;"Name of Second Alternate Coding System";;396;"O";"ID";"ID";29.3.2013 16:30:28;
56;91;"Name of Second Alternate Coding System";;396;"O";"ID";"ID";2.11.2014 19:17:25;
57;1;"STOCK LOCATION";"Lagerort";0;"O";"ST";"ST";;
57;2;"unique placer id";"Auftragsnr. des Anforderers / d. anf. Stelle";0;"O";"ID";"ID";;
57;6;"From Value";"Mindestbetrag";0;"O";"NM";"NM";1.9.2003 22:24:14;
57;7;"From Value";"Mindestbetrag";0;"O";"NM";"NM";28.10.2007 17:49:03;
57;9;"Second Alternate Coding System Version ID";;0;"O";"ST";"ST";18.3.2014 20:07:42;
57;10;"Second Alternate Coding System Version ID";;0;"O";"ST";"ST";6.1.2020 12:07:16;
57;61;"From Value";"Mindestbetrag";0;"O";"NM";"NM";10.5.2007 23:16:33;
57;81;"Second Alternate Coding System Version ID";;0;"O";"ST";"ST";29.3.2013 16:30:28;
57;91;"Second Alternate Coding System Version ID";;0;"O";"ST";"ST";2.11.2014 19:17:25;
58;1;"ERROR CODE AND LOCATION";"Fehlernummer und -ort";0;"O";"ST";"ST";;
58;2;"placer application";;0;"O";"ID";"ID";;
58;6;"To Value";"Höchstbetrag";0;"O";"NM";"NM";1.9.2003 22:24:14;
58;7;"To Value";"Höchstbetrag";0;"O";"NM";"NM";28.10.2007 17:49:03;
58;9;"Coding System OID";"OID des Kodiersystems";0;"O";"ST";"ST";18.3.2014 20:07:42;
58;10;"Coding System OID";;0;"O";"ST";"ST";6.1.2020 12:07:16;
58;61;"To Value";"Höchstbetrag";0;"O";"NM";"NM";10.5.2007 23:16:33;
58;81;"Coding System OID";"OID des Kodiersystems";0;"O";"ST";"ST";29.3.2013 16:30:28;
58;91;"Coding System OID";"OID des Kodiersystems";0;"O";"ST";"ST";2.11.2014 19:17:25;
59;1;"SUBSTITUTE ALLOWED";"Substitution erlaubt";0;"O";"ST";"ST";;
59;2;"unique filler id";"Bearbeitungsnr. der Leistungsstelle";0;"O";"ID";"ID";;
59;6;"Range Units";"Einheit für Mindest-/Höchstbetrag";0;"O";"CE";"CE";1.9.2003 22:24:14;
59;7;"Range Units";"Einheit für Mindest-/Höchstbetrag";0;"O";"CWE";"CWE";28.10.2007 17:49:03;
59;9;"Value Set OID";;0;"O";"ST";"ST";18.3.2014 20:07:42;
59;10;"Value Set OID";;0;"O";"ST";"ST";6.1.2020 12:07:16;
59;61;"Range Units";"Einheit für Mindest-/Höchstbetrag";0;"O";"CE";"CE";10.5.2007 23:16:33;
59;81;"Value Set OID";;0;"O";"ST";"ST";29.3.2013 16:30:28;
59;91;"Value Set OID";;0;"O";"ST";"ST";2.11.2014 19:17:25;
60;1;"ROUTE";"Applikationsweg";0;"O";"ST";"ST";;
60;2;"filler application ID";;0;"O";"ID";"ID";;
60;6;"Range Type";"anteilige Berechnung";298;"O";"ID";"ID";1.9.2003 22:24:14;
60;7;"Range Type";"anteilige Berechnung";298;"O";"ID";"ID";26.10.2007 18:09:43;
60;9;"Value Set Version ID";;0;"O";"DTM";"DTM";18.3.2014 20:07:42;
60;10;"Value Set Version ID";;0;"O";"DTM";"DTM";6.1.2020 12:07:16;
60;61;"Range Type";"anteilige Berechnung";298;"O";"ID";"ID";10.5.2007 23:16:33;
60;81;"Value Set Version ID";;0;"O";"DTM";"DTM";29.3.2013 16:30:28;
60;91;"Value Set Version ID";;0;"O";"DTM";"DTM";2.11.2014 19:17:25;
61;1;"IV SOLUTION RATE";"IV-Infusionsrate";0;"O";"ST";"ST";;
61;2;"unique group id";"Auftragsgruppennr.";0;"O";"ID";"ID";;"4-16"
61;6;"Quantity";"Menge";0;"O";"NM";"NM";1.9.2003 22:24:14;
61;7;"Quantity";"Menge";0;"O";"NM";"NM";28.10.2007 17:49:03;
61;9;"Alternate Coding System OID";"OID des alternativen Kodiersystems";0;"O";"ST";"ST";21.3.2017 00:00:00;
61;10;"Alternate Coding System OID";;0;"O";"ST";"ST";6.1.2020 12:07:16;
61;61;"Quantity";"Menge";0;"O";"NM";"NM";10.5.2007 23:16:33;
61;81;"Alternate Coding System OID";"OID des alternativen Kodiersystems";0;"O";"ST";"ST";21.3.2017 00:00:00;
61;91;"Alternate Coding System OID";"OID des alternativen Kodiersystems";0;"O";"ST";"ST";21.3.2017 00:00:00;
62;1;"DRUG STRENGTH";"Arzneimitteldosierung pro Einheit";0;"O";"ST";"ST";;
62;2;"placer application id";;0;"O";"ID";"ID";;"4-16"
62;3;"placer application ID";;0;"O";"ID";"ID";;
62;4;"placer application ID";;0;"O";"ID";"ID";14.4.1999 21:46:18;
62;5;"placer application ID";;0;"O";"ID";"ID";8.7.2000 12:20:09;
62;6;"Units";"Einheit";0;"O";"CE";"CE";1.9.2003 22:24:14;
62;7;"Units";"Einheit";0;"O";"CWE";"CWE";28.10.2007 17:49:03;
62;9;"Alternate Value Set OID";;0;"O";"ST";"ST";18.3.2014 20:07:42;
62;10;"Alternate Value Set OID";;0;"O";"ST";"ST";6.1.2020 12:07:16;
62;61;"Units";"Einheit";0;"O";"CE";"CE";10.5.2007 23:16:33;
62;81;"Alternate Value Set OID";;0;"O";"ST";"ST";29.3.2013 16:30:28;
62;91;"Alternate Value Set OID";;0;"O";"ST";"ST";2.11.2014 19:17:25;
63;1;"DRUG DOSE";"Arzneitmittelgesamtdosis";0;"O";"ST";"ST";;
63;2;"Quantity";"Menge";0;"O";"CQ";"CQ_QUANTITY";;"4-17"
63;3;"quantity";"Menge";0;"O";"CQ";"CQ";8.7.2000 19:14:07;
63;4;"quantity";"Menge";0;"O";"CQ";"CQ";8.7.2000 19:14:07;
63;5;"quantity";"Menge";0;"O";"CQ";"CQ";8.7.2000 19:14:07;
63;6;"Channel Sensitivity";;0;"O";"NM";"NM";1.9.2003 22:24:14;
63;7;"Channel Sensitivity";;0;"O";"NM";"NM";28.10.2007 17:49:03;
63;9;"Alternate Value Set Version ID";;0;"O";"DTM";"DTM";18.3.2014 20:07:42;
63;10;"Alternate Value Set Version ID";;0;"O";"DTM";"DTM";6.1.2020 12:07:16;
63;61;"Channel Sensitivity";;0;"O";"NM";"NM";10.5.2007 23:16:33;
63;81;"Alternate Value Set Version ID";;0;"O";"DTM";"DTM";29.3.2013 16:30:28;
63;91;"Alternate Value Set Version ID";;0;"O";"DTM";"DTM";2.11.2014 19:17:25;
64;1;"FINAL CONCENTRATION";"Endkonzentration in der Infusionslösung";0;"O";"ST";"ST";;
64;2;"interval";"Intervall";0;"O";"CM";"CM_RI";;"4-17"
64;3;"interval";"Intervall";0;"O";"CM";"CM_RI";;
64;4;"interval";"Intervall";0;"O";"RI";"RI";14.4.1999 21:46:18;
64;5;"interval";"Intervall";0;"O";"RI";"RI";8.7.2000 12:20:09;
64;6;"Unit of Measure Identifier";;0;"O";"ST";"ST";1.9.2003 22:24:14;
64;7;"Unit of Measure Identifier";;0;"O";"ST";"ST";28.10.2007 17:49:03;
64;9;"Second Alternate Coding System OID";;0;"O";"ST";"ST";18.3.2014 20:07:42;
64;10;"Second Alternate Coding System OID";;0;"O";"ST";"ST";6.1.2020 12:07:16;
64;61;"Unit of Measure Identifier";;0;"O";"ST";"ST";10.5.2007 23:16:33;
64;81;"Second Alternate Coding System OID";;0;"O";"ST";"ST";29.3.2013 16:30:28;
64;91;"Second Alternate Coding System OID";;0;"O";"ST";"ST";2.11.2014 19:17:25;
65;1;"FINAL VOLUME IN ML.";"Endvolumen in Milliliter";0;"O";"ST";"ST";;
65;2;"duration";"Dauer";0;"O";"ST";"ST";;"4-18"
65;3;"duration";"Dauer";0;"O";"ST";"ST";8.7.2000 19:07:04;
65;4;"duration";"Dauer";0;"O";"ST";"ST";8.7.2000 19:07:04;
65;5;"duration";"Dauer";0;"O";"ST";"ST";8.7.2000 19:07:04;
65;6;"Unit of Measure Description";;0;"O";"ST";"ST";1.9.2003 22:24:14;
65;7;"Unit of Measure Description";;0;"O";"ST";"ST";28.10.2007 17:49:03;
65;9;"Second Alternate Value Set OID";;0;"O";"ST";"ST";18.3.2014 20:07:42;
65;10;"Second Alternate Value Set OID";;0;"O";"ST";"ST";6.1.2020 12:07:16;
65;61;"Unit of Measure Description";;0;"O";"ST";"ST";10.5.2007 23:16:33;
65;81;"Second Alternate Value Set OID";;0;"O";"ST";"ST";29.3.2013 16:30:28;
65;91;"Second Alternate Value Set OID";;0;"O";"ST";"ST";2.11.2014 19:17:25;
66;1;"DRUG ROLE";"Arzneitmittelfunktion";0;"O";"ST";"ST";;
66;2;"start date/time";"Startzeitpunkt";0;"O";"TS";"TS";;"4-18"
66;3;"start date/time";"Startzeitpunkt";0;"O";"TS";"TS";;
66;4;"start date/time";"Startzeitpunkt";0;"O";"TS";"TS";14.4.1999 21:46:18;
66;5;"start date/time";"Startzeitpunkt";0;"O";"TS";"TS";8.7.2000 12:20:09;
66;6;"Unit of Measure Coding System";;396;"O";"ID";"ID";1.9.2003 22:24:14;
66;7;"Unit of Measure Coding System";;396;"O";"ID";"ID";26.10.2007 18:09:43;
66;9;"Second Alternate Value Set Version ID";;0;"O";"DTM";"DTM";18.3.2014 20:07:42;
66;10;"Second Alternate Value Set Version ID";;0;"O";"DTM";"DTM";6.1.2020 12:07:16;
66;61;"Unit of Measure Coding System";;396;"O";"ID";"ID";10.5.2007 23:16:33;
66;81;"Second Alternate Value Set Version ID";;0;"O";"DTM";"DTM";29.3.2013 16:30:28;
66;91;"Second Alternate Value Set Version ID";;0;"O";"DTM";"DTM";2.11.2014 19:17:25;
67;1;"DATA LINE";;0;"O";"ST";"ST";;
67;2;"end date/time";"Endzeitpunkt";0;"O";"TS";"TS";;"4-18"
67;3;"end date/time";"Endzeitpunkt";0;"O";"TS";"TS";;
67;4;"end date/time";"Endzeitpunkt";0;"O";"TS";"TS";14.4.1999 21:46:18;
67;5;"end date/time";"Endzeitpunkt";0;"O";"TS";"TS";8.7.2000 12:20:09;
67;6;"Alternate Unit of Measure Identifier";;0;"O";"ST";"ST";1.9.2003 22:24:14;
67;7;"Alternate Unit of Measure Identifier";;0;"O";"ST";"ST";28.10.2007 17:49:03;
67;9;"ID Number";"Identifikator";0;"O";"ST";"ST";18.3.2014 20:07:42;
67;10;"ID Number";;0;"O";"ST";"ST";6.1.2020 12:07:16;
67;61;"Alternate Unit of Measure Identifier";;0;"O";"ST";"ST";10.5.2007 23:16:33;
67;81;"ID Number";"Identifikator";0;"O";"ST";"ST";29.3.2013 16:30:28;
67;91;"ID Number";"Identifikator";0;"O";"ST";"ST";2.11.2014 19:17:25;
68;2;"priority";"Priorität";0;"O";"ID";"ID";;"4-18"
68;3;"priority";"Priorität";0;"O";"ST";"ST";;
68;4;"priority";"Priorität";0;"O";"ST";"ST";14.4.1999 21:46:18;
68;5;"priority";"Priorität";0;"O";"ST";"ST";8.7.2000 12:20:09;
68;6;"Alternate Unit of Measure Description";;0;"O";"ST";"ST";1.9.2003 22:24:14;
68;7;"Alternate Unit of Measure Description";;0;"O";"ST";"ST";28.10.2007 17:49:03;
68;9;"Family Name";"Familienname";0;"O";"ST";"ST";18.3.2014 20:07:42;
68;10;"Family Name";;0;"O";"ST";"ST";6.1.2020 12:07:16;
68;61;"Alternate Unit of Measure Description";;0;"O";"ST";"ST";10.5.2007 23:16:33;
68;81;"Family Name";"Familienname";0;"O";"ST";"ST";29.3.2013 16:30:28;
68;91;"Family Name";"Familienname";0;"O";"ST";"ST";2.11.2014 19:17:25;
69;1;"LOGICAL BREAK POINT";;0;"O";"ST";"ST";;
69;2;"condition";"Bedingung";0;"O";"ST";"ST";;"4-18"
69;3;"condition";"Bedingung";0;"O";"ST";"ST";;
69;4;"condition";"Bedingung";0;"O";"ST";"ST";14.4.1999 21:46:18;
69;5;"condition";"Bedingung";0;"O";"ST";"ST";8.7.2000 12:20:09;
69;6;"Alternate Unit of Measure Coding System";;396;"O";"ID";"ID";1.9.2003 22:24:14;
69;7;"Alternate Unit of Measure Coding System";;396;"O";"ID";"ID";26.10.2007 18:09:43;
69;9;"Given Name";"Vorname";0;"O";"ST";"ST";18.3.2014 20:07:42;
69;10;"Given Name";;0;"O";"ST";"ST";6.1.2020 12:07:16;
69;61;"Alternate Unit of Measure Coding System";;396;"O";"ID";"ID";10.5.2007 23:16:33;
69;81;"Given Name";"Vorname";0;"O";"ST";"ST";29.3.2013 16:30:28;
69;91;"Given Name";"Vorname";0;"O";"ST";"ST";2.11.2014 19:17:25;
70;1;"QUERY DATE/TIME";"Abfrage Datum/zeit";0;"O";"ST";"ST";;
70;2;"text (TX)";"Beschreibungstext";0;"O";"TX";"TX";;"4-18"
70;3;"text (TX)";"Beschreibungstext";0;"O";"TX";"TX";7.3.2001 20:42:26;
70;5;"text (TX)";"Beschreibungstext";0;"O";"TX";"TX";8.7.2000 19:10:38;
70;6;"Identifier";"Schlüssel";0;"O";"ST";"ST";1.9.2003 22:24:14;
70;7;"Identifier";"Schlüssel";0;"O";"ST";"ST";28.10.2007 17:49:03;
70;9;"Second and Further Given Names or Initials Thereof";"weitere Vornamen oder Initialien";0;"O";"ST";"ST";18.3.2014 20:07:42;
70;10;"Second and Further Given Names or Initials Thereof";;0;"O";"ST";"ST";6.1.2020 12:07:16;
70;61;"Identifier";"Schlüssel";0;"O";"ST";"ST";10.5.2007 23:16:33;
70;81;"Second and Further Given Names or Initials Thereof";"weitere Vornamen oder Initialien";0;"O";"ST";"ST";29.3.2013 16:30:28;
70;91;"Second and Further Given Names or Initials Thereof";"weitere Vornamen oder Initialien";0;"O";"ST";"ST";2.11.2014 19:17:25;
71;1;"QUERY FORMAT CODE";"Abfrage Format Code";0;"O";"ST";"ST";;
71;2;"conjunction";;0;"O";"ID";"ID";;"4-18"
71;3;"conjunction";;0;"O";"ST";"ST";;
71;4;"conjunction";;0;"O";"ST";"ST";14.4.1999 21:46:18;
71;5;"conjunction component";"Verknüpfung";472;"O";"ID";"ID";8.7.2000 12:20:09;
71;6;"Text";"Text";0;"O";"ST";"ST";1.9.2003 22:24:14;
71;7;"Text";"Text";0;"O";"ST";"ST";28.10.2007 17:49:03;
71;9;"Suffix (e.g., JR or III)";"Namenszusatz";0;"O";"ST";"ST";18.3.2014 20:07:42;
71;10;"Suffix (e.g., JR or III)";;0;"O";"ST";"ST";6.1.2020 12:07:16;
71;61;"Text";"Text";0;"O";"ST";"ST";10.5.2007 23:16:33;
71;81;"Suffix (e.g., JR or III)";"Namenszusatz";0;"O";"ST";"ST";29.3.2013 16:30:28;
71;91;"Suffix (e.g., JR or III)";"Namenszusatz";0;"O";"ST";"ST";2.11.2014 19:17:25;
72;1;"QUERY PRIORITY";"Abfrage Priorität";0;"O";"ST";"ST";;
72;2;"order sequencing";;0;"O";"ST";"ST";;"4-18"
72;3;"order sequencing";;0;"O";"CM";"CM_OSD";2.2.2001 00:00:00;
72;4;"order sequencing";;0;"O";"OSD";"OSD";2.2.2001 00:00:00;
72;5;"order sequencing";;0;"O";"OSD";"OSD";2.2.2001 00:00:00;
72;6;"Name of Coding System";"Kodiersystem";396;"O";"ID";"ID";1.9.2003 22:24:14;
72;7;"Name of Coding System";"Kodiersystem";396;"O";"ID";"ID";26.10.2007 18:09:43;
72;9;"Prefix (e.g., DR)";"Namensvorsatz";0;"O";"ST";"ST";18.3.2014 20:07:42;
72;10;"Prefix (e.g., DR)";;0;"O";"ST";"ST";6.1.2020 12:07:16;
72;61;"Name of Coding System";"Kodiersystem";396;"O";"ID";"ID";10.5.2007 23:16:33;
72;81;"Prefix (e.g., DR)";"Namensvorsatz";0;"O";"ST";"ST";29.3.2013 16:30:28;
72;91;"Prefix (e.g., DR)";"Namensvorsatz";0;"O";"ST";"ST";2.11.2014 19:17:25;
73;1;"QUERY ID";"Abfrage ID";0;"O";"ST";"ST";;
73;2;"parent's placer order number";;0;"O";"ST";"ST";;
73;3;"parent's placer order number";;0;"O";"EI";"EI";;
73;4;"parent's placer order number";;0;"O";"EI";"EI";;
73;5;"parent's placer order number";;0;"O";"EI";"EI";;
73;6;"Alternate Identifier";"alternativer Schlüssel";0;"O";"ST";"ST";1.9.2003 22:24:14;
73;7;"Alternate Identifier";"alternativer Schlüssel";0;"O";"ST";"ST";28.10.2007 17:49:03;
73;9;"Degree (e.g., MD)";"nicht mehr verwenden";360;"O";"IS";"IS";18.3.2014 20:07:42;
73;10;"Degree (e.g., MD)";;360;"O";"IS";"IS";6.1.2020 12:07:16;
73;61;"Alternate Identifier";"alternativer Schlüssel";0;"O";"ST";"ST";10.5.2007 23:16:33;
73;81;"Degree (e.g., MD)";"nicht mehr verwenden";360;"O";"IS";"IS";29.3.2013 16:30:28;
73;91;"Degree (e.g., MD)";"nicht mehr verwenden";360;"O";"IS";"IS";2.11.2014 19:17:25;
74;1;"DEFERRED RESPONSE TYPE";"zeitverzögerter Antworttyp";0;"O";"ST";"ST";;
74;2;"parent's filler order number";;0;"O";"ST";"ST";;
74;3;"parent's filler order number";;0;"O";"EI";"EI";;
74;4;"parent's filler order number";;0;"O";"EI";"EI";;
74;5;"parent's filler order number";;0;"O";"EI";"EI";;
74;6;"Alternate Text";"alternativer Text";0;"O";"ST";"ST";1.9.2003 22:24:14;
74;7;"Alternate Text";"alternativer Text";0;"O";"ST";"ST";28.10.2007 17:49:03;
74;9;"Source Table";"Quelle der ID";297;"O";"IS";"IS";18.3.2014 20:07:42;
74;10;"Source Table";;297;"O";"IS";"IS";6.1.2020 12:07:16;
74;61;"Alternate Text";"alternativer Text";0;"O";"ST";"ST";10.5.2007 23:16:33;
74;81;"Source Table";"Quelle der ID";297;"O";"IS";"IS";29.3.2013 16:30:28;
74;91;"Source Table";"Quelle der ID";297;"O";"IS";"IS";2.11.2014 19:17:25;
75;1;"DEFERRED RESPONSE DATE/TIME";"zeitverzögerter Antwortdatum";0;"O";"ST";"ST";;
75;2;"ID number";"Identifikator";0;"O";"ID";"ID";;"4-17"
75;6;"Name of Alternate Coding System";"alternatives Kodiersystem";396;"O";"ID";"ID";1.9.2003 22:24:14;
75;7;"Name of Alternate Coding System";"alternatives Kodiersystem";396;"O";"ID";"ID";26.10.2007 18:09:43;
75;9;"Assigning Authority   - Namespace ID";"ausgebende Instanz - Identifikator";363;"O";"IS";"IS";18.3.2014 20:07:42;
75;10;"Assigning Authority - Namespace ID";;363;"O";"IS";"IS";6.1.2020 12:07:16;
75;61;"Name of Alternate Coding System";"alternatives Kodiersystem";396;"O";"ID";"ID";10.5.2007 23:16:33;
75;81;"Assigning Authority   - Namespace ID";"ausgebende Instanz - Identifikator";363;"O";"IS";"IS";29.3.2013 16:30:28;
75;91;"Assigning Authority   - Namespace ID";"ausgebende Instanz - Identifikator";363;"O";"IS";"IS";2.11.2014 19:17:25;
76;6;"Coding System Version ID";"Version des Kodiersystems";0;"O";"ST";"ST";1.9.2003 22:24:14;
76;7;"Coding System Version ID";"Version des Kodiersystems";0;"O";"ST";"ST";28.10.2007 17:49:03;
76;9;"Assigning Authority  - Universal ID";"ausgebende Instanz - Identifikator, univers. Form";0;"O";"ST";"ST";18.3.2014 20:07:42;
76;10;"Assigning Authority - Universal ID";;0;"O";"ST";"ST";6.1.2020 12:07:16;
76;61;"Coding System Version ID";"Version des Kodiersystems";0;"O";"ST";"ST";10.5.2007 23:16:33;
76;81;"Assigning Authority  - Universal ID";"ausgebende Instanz - Identifikator, univers. Form";0;"O";"ST";"ST";29.3.2013 16:30:28;
76;91;"Assigning Authority  - Universal ID";"ausgebende Instanz - Identifikator, univers. Form";0;"O";"ST";"ST";2.11.2014 19:17:25;
77;1;"CONTINUATION POINTER";;0;"O";"ST";"ST";;
77;2;"When to Charge";"Abrechnungszeitpunkt";100;"O";"ID";"ID";;
77;6;"Alternate Coding System Version ID";"Version des alternativen Kodiersystems";0;"O";"ST";"ST";1.9.2003 22:24:14;
77;7;"Alternate Coding System Version ID";"Version des alternativen Kodiersystems";0;"O";"ST";"ST";28.10.2007 17:49:03;
77;9;"Assigning Authority  - Universal ID Type";"ausgebende Instanz - Typ der Universal ID";301;"O";"ID";"ID";18.3.2014 20:07:42;
77;10;"Assigning Authority - Universal ID Type";;301;"O";"ID";"ID";6.1.2020 12:07:16;
77;61;"Alternate Coding System Version ID";"Version des alternativen Kodiersystems";0;"O";"ST";"ST";10.5.2007 23:16:33;
77;81;"Assigning Authority  - Universal ID Type";"ausgebende Instanz - Typ der Universal ID";301;"O";"ID";"ID";29.3.2013 16:30:28;
77;91;"Assigning Authority  - Universal ID Type";"ausgebende Instanz - Typ der Universal ID";301;"O";"ID";"ID";2.11.2014 19:17:25;
78;1;"WHO SUBJECT FILTER";"Abfrage Objekt";0;"O";"ST";"ST";;
78;2;"date/time";"Zeitpunkt";0;"O";"TS";"TS";;"4-19"
78;3;"date/time";"Zeitpunkt";0;"O";"TS";"TS";;
78;4;"date/time";"Zeitpunkt";0;"O";"TS";"TS";14.4.1999 21:46:18;
78;5;"date/time";"Zeitpunkt";0;"O";"TS";"TS";8.7.2000 12:20:09;
78;6;"Original Text";"Originaltext";0;"O";"ST";"ST";1.9.2003 22:24:14;
78;7;"Original Text";"Originaltext";0;"O";"ST";"ST";28.10.2007 17:49:03;
78;9;"Price";"Wert";0;"O";"MO";"MO";18.3.2014 20:07:42;
78;10;"Price";;0;"O";"MO";"MO";6.1.2020 12:07:16;
78;61;"Original Text";"Originaltext";0;"O";"ST";"ST";10.5.2007 23:16:33;
78;81;"Price";"Wert";0;"O";"MO";"MO";29.3.2013 16:30:28;
78;91;"Price";"Wert";0;"O";"MO";"MO";2.11.2014 19:17:25;
79;6;"ID Number";"Identifikator";0;"O";"ST";"ST";1.9.2003 22:24:14;
79;7;"ID Number";"Identifikator";0;"O";"ST";"ST";28.10.2007 17:49:03;
79;9;"Price Type";"Kostenart";205;"O";"ID";"ID";18.3.2014 20:07:42;
79;10;"Price Type";;205;"O";"ID";"ID";6.1.2020 12:07:16;
79;61;"ID Number";"Identifikator";0;"O";"ST";"ST";10.5.2007 23:16:33;
79;81;"Price Type";"Kostenart";205;"O";"ID";"ID";29.3.2013 16:30:28;
79;91;"Price Type";"Kostenart";205;"O";"ID";"ID";2.11.2014 19:17:25;
80;1;"WHAT DEPARTMENT DATA CODE";"Abfragae Merkmals-Code";0;"O";"ST";"ST";;
80;2;"quantity";"Menge";0;"O";"ST";"ST";;
80;3;"quantity";"Menge";0;"O";"NM";"NM";;"10-34"
80;4;"quantity";"Menge";0;"O";"NM";"NM";14.4.1999 21:46:18;"10-34"
80;5;"quantity";"Menge";0;"O";"NM";"NM";8.7.2000 12:20:09;"10-34"
80;6;"Check Digit";"Prüfziffer";0;"O";"ST";"ST";1.9.2003 22:24:14;
80;7;"Identifier Check Digit";"Prüfziffer";0;"O";"ST";"ST";28.10.2007 17:49:03;
80;9;"From Value";"Mindestbetrag";0;"O";"NM";"NM";18.3.2014 20:07:42;
80;10;"From Value";;0;"O";"NM";"NM";6.1.2020 12:07:16;
80;61;"Check Digit";"Prüfziffer";0;"O";"ST";"ST";10.5.2007 23:16:33;
80;81;"From Value";"Mindestbetrag";0;"O";"NM";"NM";29.3.2013 16:30:28;
80;91;"From Value";"Mindestbetrag";0;"O";"NM";"NM";2.11.2014 19:17:25;
81;1;"WHAT DATA CODE VALUE QUAL.";"Merkmalsgrenzen";0;"O";"ST";"ST";;
81;2;"units";"Einheit";0;"O";"ST";"ST";;
81;3;"units";"Einheit";0;"O";"CE";"CE";;
81;4;"units";"Einheit";0;"O";"CE";"CE";14.4.1999 21:46:18;
81;5;"units";"Einheit";0;"O";"CE";"CE";8.7.2000 12:20:09;
81;6;"Check Digit Scheme";"Prüfzifferverfahren";61;"O";"ID";"ID";1.9.2003 22:24:14;
81;7;"Check Digit Scheme";"Prüfzifferverfahren";61;"O";"ID";"ID";26.10.2007 18:09:43;
81;9;"To Value";"Höchstbetrag";0;"O";"NM";"NM";18.3.2014 20:07:42;
81;10;"To Value";;0;"O";"NM";"NM";6.1.2020 12:07:16;
81;61;"Check Digit Scheme";"Prüfzifferverfahren";61;"O";"ID";"ID";10.5.2007 23:16:33;
81;81;"To Value";"Höchstbetrag";0;"O";"NM";"NM";29.3.2013 16:30:28;
81;91;"To Value";"Höchstbetrag";0;"O";"NM";"NM";2.11.2014 19:17:25;
82;1;"WHERE SUBJECT FILTER";"Abfrage Adressat";0;"O";"ST";"ST";;
82;2;"Specimen source name or code";"Zeitpunkt des Eingangs im Labor";0;"O";"CE";"CE";;"4-31"
82;3;"specimen source name or code";"Zeitpunkt des Eingangs im Labor";70;"O";"CE";"CE";;"4-33"
82;4;"specimen source name or code";"Zeitpunkt des Eingangs im Labor";70;"O";"CE";"CE";14.4.1999 21:46:18;"4-33"
82;5;"specimen source name or code";"Zeitpunkt des Eingangs im Labor";70;"O";"CE";"CE_0070";8.7.2000 12:20:09;"4-33"
82;6;"Assigning Authority";"ausgebende Instanz";363;"O";"HD";"HD";1.9.2003 22:24:14;
82;7;"Assigning Authority";"ausgebende Instanz";363;"O";"HD";"HD";26.10.2007 18:09:43;
82;9;"Range Units";"Einheit für Mindest-/Höchstbetrag";0;"O";"CWE";"CWE";18.3.2014 20:07:42;
82;10;"Range Units";;0;"O";"CWE";"CWE";6.1.2020 12:07:16;
82;61;"Assigning Authority";"ausgebende Instanz";363;"O";"HD";"HD";10.5.2007 23:16:33;
82;81;"Range Units";"Einheit für Mindest-/Höchstbetrag";0;"O";"CWE";"CWE";29.3.2013 16:30:28;
82;91;"Range Units";"Einheit für Mindest-/Höchstbetrag";0;"O";"CWE";"CWE";2.11.2014 19:17:25;
83;1;"WHEN DATA START DATE/TIME";"Anfangszeitpunkt";0;"O";"ST";"ST";;
83;2;"additives";"Zugaben";0;"O";"TX";"TX";;"4-31"
83;3;"additives";"Zugaben";0;"O";"TX";"TX";;
83;4;"additives";"Zugaben";0;"O";"TX";"TX";14.4.1999 21:46:18;
83;5;"additives";"Zugaben";0;"O";"TX";"TX";8.7.2000 12:20:09;
83;6;"Identifier Type Code";"Typ des Identifikators";203;"O";"ID";"ID";1.9.2003 22:24:14;
83;7;"Identifier Type Code";"Typ des Identifikators";203;"O";"ID";"ID";26.10.2007 18:09:43;
83;9;"Range Type";"anteilige Berechnung";298;"O";"ID";"ID";18.3.2014 20:07:42;
83;10;"Range Type";;298;"O";"ID";"ID";6.1.2020 12:07:16;
83;61;"Identifier Type Code";"Typ des Identifikators";203;"O";"ID";"ID";10.5.2007 23:16:33;
83;81;"Range Type";"anteilige Berechnung";298;"O";"ID";"ID";29.3.2013 16:30:28;
83;91;"Range Type";"anteilige Berechnung";298;"O";"ID";"ID";2.11.2014 19:17:25;
84;1;"WHEN DATA END DATE/TIME";"Endezeitpunkt";0;"O";"ST";"ST";;
84;2;"freetext";"Bemerkung";0;"O";"TX";"TX";;"4-31"
84;3;"freetext";"Bemerkung";0;"O";"TX";"TX";;
84;4;"freetext";"Bemerkung";0;"O";"TX";"TX";14.4.1999 21:46:18;
84;5;"freetext";"Bemerkung";0;"O";"TX";"TX";8.7.2000 12:20:09;
84;6;"Assigning Facility";"Ausstellungsort";0;"O";"HD";"HD";1.9.2003 22:24:14;
84;7;"Assigning Facility";"Ausstellungsort";0;"O";"HD";"HD";28.10.2007 17:49:03;
84;9;"Quantity";"Menge";0;"O";"NM";"NM";18.3.2014 20:07:42;
84;10;"Quantity";;0;"O";"NM";"NM";6.1.2020 12:07:16;
84;61;"Assigning Facility";"Ausstellungsort";0;"O";"HD";"HD";10.5.2007 23:16:33;
84;81;"Quantity";"Menge";0;"O";"NM";"NM";29.3.2013 16:30:28;
84;91;"Quantity";"Menge";0;"O";"NM";"NM";2.11.2014 19:17:25;
85;1;"WHAT USER QUALIFIER";"benutzerdefinierte Abfrage Spezifikation";0;"O";"ST";"ST";;
85;2;"body site";;0;"O";"CE";"CE";;"4-31"
85;3;"body site";;0;"O";"CE";"CE";;
85;4;"body site";;0;"O";"CE";"CE";14.4.1999 21:46:18;
85;5;"body site";;163;"O";"CE";"CE_0163";8.7.2000 12:20:09;
85;6;"Effective Date";"Gültigkeitsbeginn";0;"O";"DT";"DT";1.9.2003 22:24:14;
85;7;"Effective Date";"Gültigkeitsbeginn";0;"O";"DT";"DT";28.10.2007 17:49:03;
85;9;"Units";"Einheit";9999;"O";"CWE";"CWE";18.3.2014 20:07:42;
85;10;"Units";;794;"O";"CWE";"CWE";6.1.2020 12:07:16;
85;61;"Effective Date";"Gültigkeitsbeginn";0;"O";"DT";"DT";10.5.2007 23:16:33;
85;81;"Units";"Einheit";9999;"O";"CWE";"CWE";29.3.2013 16:30:28;
85;91;"Units";"Einheit";9999;"O";"CWE";"CWE";2.11.2014 19:17:25;
86;1;"OTHER QRY SUBJECT FILTER";"weitere Abfrgae-Thema Spezifikation";0;"O";"ST";"ST";;
86;2;"site modifier";;0;"O";"CE";"CE";;"4-31"
86;3;"site modifier";;0;"O";"CE";"CE";;
86;4;"site modifier";;0;"O";"CE";"CE";14.4.1999 21:46:18;
86;5;"site modifier";;0;"O";"CE";"CE";8.7.2000 12:20:09;
86;6;"Expiration Date";"Gültigkeitsende";0;"O";"DT";"DT";1.9.2003 22:24:14;
86;7;"Expiration Date";"Gültigkeitsende";0;"O";"DT";"DT";28.10.2007 17:49:03;
86;9;"Channel Sensitivity";;0;"O";"NM";"NM";18.3.2014 20:07:42;
86;10;"Channel Sensitivity";;0;"O";"NM";"NM";6.1.2020 12:07:16;
86;61;"Expiration Date";"Gültigkeitsende";0;"O";"DT";"DT";10.5.2007 23:16:33;
86;81;"Channel Sensitivity";;0;"O";"NM";"NM";29.3.2013 16:30:28;
86;91;"Channel Sensitivity";;0;"O";"NM";"NM";2.11.2014 19:17:25;
87;1;"ACCIDENT DATE/TIME";;0;"O";"ST";"ST";;
87;2;"dollar amount";;0;"O";"ST";"ST";;
87;3;"dollar amount";;0;"O";"MO";"MO";3.2.2001 15:59:00;
87;4;"dollar amount";;0;"O";"MO";"MO";3.2.2001 15:58:47;
87;5;"dollar amount";;0;"O";"MO";"MO";3.2.2001 15:47:06;
87;6;"Assigning Jurisdiction";"ausgebende Körperschaft";0;"O";"CWE";"CWE";1.9.2003 22:24:14;
87;7;"Assigning Jurisdiction";"ausgebende Körperschaft";0;"O";"CWE";"CWE";28.10.2007 17:49:03;
87;9;"Unit of Measure Identifier";;0;"O";"ST";"ST";18.3.2014 20:07:42;
87;10;"Unit of Measure Identifier";;0;"O";"ST";"ST";6.1.2020 12:07:16;
87;61;"Assigning Jurisdiction";"ausgebende Körperschaft";0;"O";"CWE";"CWE";10.5.2007 23:16:33;
87;81;"Unit of Measure Identifier";;0;"O";"ST";"ST";29.3.2013 16:30:28;
87;91;"Unit of Measure Identifier";;0;"O";"ST";"ST";2.11.2014 19:17:25;
88;1;"ACCIDENT CODE";;0;"O";"ST";"ST";;
88;2;"charge code";"Berechnungsart";0;"O";"ST";"ST";;
88;3;"charge code";"Berechnungsart";0;"O";"CE";"CE";3.2.2001 15:59:11;
88;4;"charge code";"Berechnungsart";0;"O";"CE";"CE";3.2.2001 15:59:17;
88;5;"charge code";"Berechnungsart";0;"O";"CE";"CE";3.2.2001 15:58:41;
88;6;"Assigning Agency or Department";"ausgebende Abteilung";0;"O";"CWE";"CWE";1.9.2003 22:24:14;
88;7;"Assigning Agency or Department";"ausgebende Abteilung";0;"O";"CWE";"CWE";28.10.2007 17:49:03;
88;9;"Unit of Measure Description";;0;"O";"ST";"ST";18.3.2014 20:07:42;
88;10;"Unit of Measure Description";;0;"O";"ST";"ST";6.1.2020 12:07:16;
88;61;"Assigning Agency or Department";"ausgebende Abteilung";0;"O";"CWE";"CWE";10.5.2007 23:16:33;
88;81;"Unit of Measure Description";;0;"O";"ST";"ST";29.3.2013 16:30:28;
88;91;"Unit of Measure Description";;0;"O";"ST";"ST";2.11.2014 19:17:25;
89;1;"ACCIDENT LOCATION";;0;"O";"ST";"ST";;
89;2;"interpreter / technician";"Person";0;"O";"CN";"CN_PERSON";;"4-35"
89;6;"Delay Days";;0;"O";"NM";"NM";1.9.2003 22:24:14;
89;7;"Delay Days";;0;"O";"NM";"NM";28.10.2007 17:49:03;
89;9;"Unit of Measure Coding System";;396;"O";"ID";"ID";18.3.2014 20:07:42;
89;10;"Unit of Measure Coding System";;396;"O";"ID";"ID";6.1.2020 12:07:16;
89;61;"Delay Days";;0;"O";"NM";"NM";10.5.2007 23:16:33;
89;81;"Unit of Measure Coding System";;396;"O";"ID";"ID";29.3.2013 16:30:28;
89;91;"Unit of Measure Coding System";;396;"O";"ID";"ID";2.11.2014 19:17:25;
90;1;"ADMITTING DOCTOR";"aufnehmender Arzt";0;"O";"ST";"ST";;
90;2;"location";;0;"O";"CM";"CM_INTERNAL_LOCATION";;"4-35"
90;6;"Monetary Amount";"Geldbetrag";0;"O";"MO";"MO";1.9.2003 22:24:14;
90;7;"Monetary Amount";"Geldbetrag";0;"O";"MO";"MO";28.10.2007 17:49:03;
90;9;"Alternate Unit of Measure Identifier";;0;"O";"ST";"ST";18.3.2014 20:07:42;
90;10;"Alternate Unit of Measure Identifier";;0;"O";"ST";"ST";6.1.2020 12:07:16;
90;61;"Monetary Amount";"Geldbetrag";0;"O";"MO";"MO";10.5.2007 23:16:33;
90;81;"Alternate Unit of Measure Identifier";;0;"O";"ST";"ST";29.3.2013 16:30:28;
90;91;"Alternate Unit of Measure Identifier";;0;"O";"ST";"ST";2.11.2014 19:17:25;
91;6;"Number of Days";"nicht verwendet";0;"O";"NM";"NM";1.9.2003 22:24:14;
91;7;"Number of Days";"nicht verwendet";0;"O";"NM";"NM";28.10.2007 17:49:03;
91;9;"Alternate Unit of Measure Description";;0;"O";"ST";"ST";18.3.2014 20:07:42;
91;10;"Alternate Unit of Measure Description";;0;"O";"ST";"ST";6.1.2020 12:07:16;
91;61;"Number of Days";"nicht verwendet";0;"O";"NM";"NM";10.5.2007 23:16:33;
91;81;"Alternate Unit of Measure Description";;0;"O";"ST";"ST";29.3.2013 16:30:28;
91;91;"Alternate Unit of Measure Description";;0;"O";"ST";"ST";2.11.2014 19:17:25;
92;6;"Date";"Datum";0;"O";"TS";"TS";1.9.2003 22:24:14;
92;7;"Date";"Datum";0;"O";"DTM";"DTM";28.10.2007 17:49:03;
92;9;"Alternate Unit of Measure Coding System";;396;"O";"ID";"ID";18.3.2014 20:07:42;
92;10;"Alternate Unit of Measure Coding System";;396;"O";"ID";"ID";6.1.2020 12:07:16;
92;61;"Date";"Datum";0;"O";"TS";"TS";10.5.2007 23:16:33;
92;81;"Alternate Unit of Measure Coding System";;396;"O";"ID";"ID";29.3.2013 16:30:28;
92;91;"Alternate Unit of Measure Coding System";;396;"O";"ID";"ID";2.11.2014 19:17:25;
93;6;"Institution Name";"Institutionsname";531;"O";"CE";"CE";1.9.2003 22:24:14;
93;7;"Institution Name";"Institutionsname";531;"O";"CWE";"CWE";26.10.2007 18:09:43;
93;9;"Unit of Measure Coding System Version ID";;0;"O";"ST";"ST";18.3.2014 20:07:42;
93;10;"Unit of Measure Coding System Version ID";;0;"O";"ST";"ST";6.1.2020 12:07:16;
93;61;"Institution Name";"Institutionsname";531;"O";"CE";"CE";10.5.2007 23:16:33;
93;81;"Unit of Measure Coding System Version ID";;0;"O";"ST";"ST";29.3.2013 16:30:28;
93;91;"Unit of Measure Coding System Version ID";;0;"O";"ST";"ST";2.11.2014 19:17:25;
94;6;"Discharge Location";;113;"O";"IS";"IS";1.9.2003 22:24:14;
94;7;"Discharge to Location";"entlassen nach";113;"O";"CWE";"CWE";21.3.2017 00:00:00;
94;9;"Alternate Unit of Measure Coding System Version ID";;0;"O";"ST";"ST";18.3.2014 20:07:42;
94;10;"Alternate Unit of Measure Coding System Version ID";;0;"O";"ST";"ST";6.1.2020 12:07:16;
94;61;"Discharge Location";;113;"O";"IS";"IS";10.5.2007 23:16:33;
94;81;"Alternate Unit of Measure Coding System Version ID";;0;"O";"ST";"ST";29.3.2013 16:30:28;
94;91;"Alternate Unit of Measure Coding System Version ID";;0;"O";"ST";"ST";2.11.2014 19:17:25;
95;6;"Effective Date";"Gültigkeitsbeginn";0;"O";"TS";"TS";1.9.2003 22:24:14;
95;7;"Effective Date";"Gültigkeitsbeginn";0;"O";"DTM";"DTM";28.10.2007 17:49:03;
95;9;"Original Text";"Originaltext";0;"O";"ST";"ST";18.3.2014 20:07:42;
95;10;"Original Text";;0;"O";"ST";"ST";6.1.2020 12:07:16;
95;61;"Effective Date";"Gültigkeitsbeginn";0;"O";"TS";"TS";10.5.2007 23:16:33;
95;81;"Original Text";"Originaltext";0;"O";"ST";"ST";29.3.2013 16:30:28;
95;91;"Original Text";"Originaltext";0;"O";"ST";"ST";2.11.2014 19:17:25;
96;6;"License Number";;0;"O";"ST";"ST";1.9.2003 22:24:14;
96;7;"License Number";;0;"O";"ST";"ST";28.10.2007 17:49:03;
96;9;"Second Alternate Unit of Measure Identifier";;0;"O";"ST";"ST";18.3.2014 20:07:42;
96;10;"Second Alternate Unit of Measure Identifier";;0;"O";"ST";"ST";6.1.2020 12:07:16;
96;61;"License Number";;0;"O";"ST";"ST";10.5.2007 23:16:33;
96;81;"Second Alternate Unit of Measure Identifier";;0;"O";"ST";"ST";29.3.2013 16:30:28;
96;91;"Second Alternate Unit of Measure Identifier";;0;"O";"ST";"ST";2.11.2014 19:17:25;
97;1;"CONTRACT CODE";"nicht verwendet";0;"O";"ST";"ST";;
97;2;"authorization number";"Aktenzeichen der Kostenübernahme";0;"O";"ST";"ST";;"6-16"
97;3;"authorization number";"Aktenzeichen der Kostenübernahme";0;"O";"ST";"ST";;"6-28"
97;4;"authorization number";"Aktenzeichen der Kostenübernahme";0;"O";"ST";"ST";14.4.1999 21:46:18;"6-28"
97;5;"authorization number";"Aktenzeichen der Kostenübernahme";0;"O";"ST";"ST";8.7.2000 12:20:09;"6-28"
97;6;"Issuing State, Province, Country";"Ausstellende Behörde";333;"O";"IS";"IS";1.9.2003 22:24:14;
97;7;"Issuing State, Province, Country";"Ausstellende Behörde";333;"O";"IS";"IS";26.10.2007 18:09:43;
97;9;"Second Alternate Unit of Measure Text";;0;"O";"ST";"ST";18.3.2014 20:07:42;
97;10;"Second Alternate Unit of Measure Text";;0;"O";"ST";"ST";6.1.2020 12:07:16;
97;61;"Issuing State, Province, Country";"Ausstellende Behörde";333;"O";"IS";"IS";10.5.2007 23:16:33;
97;81;"Second Alternate Unit of Measure Text";;0;"O";"ST";"ST";29.3.2013 16:30:28;
97;91;"Second Alternate Unit of Measure Text";;0;"O";"ST";"ST";2.11.2014 19:17:25;
98;1;"CONTRACT EFFECTIVE DATE";"nicht verwendet";0;"O";"ST";"ST";;
98;2;"date";"Datum";0;"O";"DT";"DT";;"6-16"
98;6;"Expiration Date";"Gültigkeitsende";0;"O";"DT";"DT";1.9.2003 22:24:14;
98;7;"Expiration Date";"Gültigkeitsende";0;"O";"DT";"DT";28.10.2007 17:49:03;
98;9;"Name of Second Alternate Unit of Measure Coding Sy";;396;"O";"ID";"ID";18.3.2014 20:07:42;
98;10;"Name of Second Alternate Unit of Measure Coding Sy";;396;"O";"ID";"ID";6.1.2020 12:07:16;
98;61;"Expiration Date";"Gültigkeitsende";0;"O";"DT";"DT";10.5.2007 23:16:33;
98;81;"Name of Second Alternate Unit of Measure Coding Sy";;396;"O";"ID";"ID";29.3.2013 16:30:28;
98;91;"Name of Second Alternate Unit of Measure Coding Sy";;396;"O";"ID";"ID";2.11.2014 19:17:25;
99;1;"CONTRACT AMOUNT";"nicht verwendet";0;"O";"ST";"ST";;
99;2;"source";"Aktenzeichen der Kostenübernahme";0;"O";"ST";"ST";;"6-16"
99;3;"source";"Aktenzeichen der Kostenübernahme";0;"O";"ST";"ST";2.2.2001 00:00:00;"6-16"
99;4;"source";"Aktenzeichen der Kostenübernahme";0;"O";"ST";"ST";2.2.2001 00:00:00;"6-16"
99;5;"source";"Aktenzeichen der Kostenübernahme";0;"O";"ST";"ST";2.2.2001 00:00:00;"6-16"
99;6;"Normal Range";;0;"O";"NR";"NR";1.9.2003 22:24:14;
99;7;"Normal Range";;0;"O";"NR";"NR";28.10.2007 17:49:03;
99;9;"Second Alternate Unit of Measure Coding System Ver";;0;"O";"ST";"ST";18.3.2014 20:07:42;
99;10;"Second Alternate Unit of Measure Coding System Ver";;0;"O";"ST";"ST";6.1.2020 12:07:16;
99;61;"Normal Range";;0;"O";"NR";"NR";10.5.2007 23:16:33;
99;81;"Second Alternate Unit of Measure Coding System Ver";;0;"O";"ST";"ST";29.3.2013 16:30:28;
99;91;"Second Alternate Unit of Measure Coding System Ver";;0;"O";"ST";"ST";2.11.2014 19:17:25;
100;1;"CONTRACT PERIOD";"nicht verwendet";0;"O";"ST";"ST";;
100;2;"room type";"Zimmertyp / Kostenanteil";145;"O";"ID";"ID";;"6-23"
100;6;"Numeric Threshold";"numerischer Schwellwert";0;"O";"NM";"NM";21.3.2017 00:00:00;
100;7;"Numeric Threshold";"numerischer Schwellwert";0;"O";"NM";"NM";21.3.2017 00:00:00;
100;9;"Unit of Measure Coding System OID";;0;"O";"ST";"ST";18.3.2014 20:07:42;
100;10;"Unit of Measure Coding System OID";;0;"O";"ST";"ST";6.1.2020 12:07:16;
100;61;"Numeric Threshold";"numerischer Schwellwert";0;"O";"NM";"NM";21.3.2017 00:00:00;
100;81;"Unit of Measure Coding System OID";;0;"O";"ST";"ST";29.3.2013 16:30:28;
100;91;"Unit of Measure Coding System OID";;0;"O";"ST";"ST";2.11.2014 19:17:25;
101;1;"TRANSFER TO BAD DEBT CODE";"nicht verwendet";0;"O";"ST";"ST";;
101;2;"amount type";"Mengentyp";146;"O";"ID";"ID";;
101;3;"amount type";"Mengentyp";146;"O";"IS";"IS";;
101;4;"amount type";"Mengentyp";146;"O";"IS";"IS";14.4.1999 21:46:18;
101;5;"amount type";"Mengentyp";146;"O";"IS";"IS";8.7.2000 12:20:09;
101;6;"Change Computation";;523;"O";"ID";"ID";1.9.2003 22:24:14;
101;7;"Change Computation";;523;"O";"ID";"ID";26.10.2007 18:09:43;
101;9;"Unit of Measure Value Set OID";;0;"O";"ST";"ST";18.3.2014 20:07:42;
101;10;"Unit of Measure Value Set OID";;0;"O";"ST";"ST";6.1.2020 12:07:16;
101;61;"Change Computation";;523;"O";"ID";"ID";10.5.2007 23:16:33;
101;81;"Unit of Measure Value Set OID";;0;"O";"ST";"ST";29.3.2013 16:30:28;
101;91;"Unit of Measure Value Set OID";;0;"O";"ST";"ST";2.11.2014 19:17:25;
102;1;"BAD DEBT AGENCY CODE";"nicht verwendet";0;"O";"ST";"ST";;
102;2;"coverage amount";"Kostenanteil";0;"O";"NM";"NM";;
102;3;"coverage amount";"Kostenanteil";0;"O";"NM";"NM";;
102;4;"coverage amount";"Kostenanteil";0;"O";"NM";"NM";14.4.1999 21:46:18;
102;5;"coverage amount";"Kostenanteil";0;"O";"NM";"NM";8.7.2000 12:20:09;
102;6;"Days Retained";;0;"O";"NM";"NM";1.9.2003 22:24:14;
102;7;"Days Retained";;0;"O";"NM";"NM";28.10.2007 17:49:03;
102;9;"Unit of Measure Value Set Version ID";;0;"O";"DTM";"DTM";18.3.2014 20:07:42;
102;10;"Unit of Measure Value Set Version ID";;0;"O";"DTM";"DTM";6.1.2020 12:07:16;
102;61;"Days Retained";;0;"O";"NM";"NM";10.5.2007 23:16:33;
102;81;"Unit of Measure Value Set Version ID";;0;"O";"DTM";"DTM";29.3.2013 16:30:28;
102;91;"Unit of Measure Value Set Version ID";;0;"O";"DTM";"DTM";2.11.2014 19:17:25;
103;1;"DELETE ACCOUNT INDICATOR";"nicht verwendet";0;"O";"ST";"ST";;
103;2;"policy type";"Art und Umfang der Versicherung";147;"O";"ID";"ID";;
103;3;"policy type";"Art und Umfang der Versicherung";147;"O";"IS";"IS";;"6-38"
103;4;"policy type";"Art und Umfang der Versicherung";147;"O";"IS";"IS";14.4.1999 21:46:18;"6-38"
103;5;"policy type";"Art und Umfang der Versicherung";147;"O";"IS";"IS";8.7.2000 12:20:09;"6-38"
103;6;"Range Start Date/Time";"Anfangszeitpunkt";0;"O";"TS";"TS";1.9.2003 22:24:14;
103;7;"Range Start Date/Time";"Anfangszeitpunkt";0;"O";"DTM";"DTM";28.10.2007 17:49:03;
103;9;"Alternate Unit of Measure Coding System OID";;0;"O";"ST";"ST";18.3.2014 20:07:42;
103;10;"Alternate Unit of Measure Coding System OID";;0;"O";"ST";"ST";6.1.2020 12:07:16;
103;61;"Range Start Date/Time";"Anfangszeitpunkt";0;"O";"TS";"TS";10.5.2007 23:16:33;
103;81;"Alternate Unit of Measure Coding System OID";;0;"O";"ST";"ST";29.3.2013 16:30:28;
103;91;"Alternate Unit of Measure Coding System OID";;0;"O";"ST";"ST";2.11.2014 19:17:25;
104;1;"DELETE ACCOUNT DATE";"nicht verwendet";0;"O";"ST";"ST";;
104;2;"amount class";"Art und Umfang der Versicherung";193;"O";"ID";"ID";;
104;3;"amount class";"Art und Umfang der Versicherung";193;"O";"IS";"IS";;
104;4;"amount class";"Art und Umfang der Versicherung";193;"O";"IS";"IS";14.4.1999 21:46:18;
104;5;"amount class";"Art und Umfang der Versicherung";193;"O";"IS";"IS";8.7.2000 12:20:09;
104;6;"Range End Date/Time";"Endzeitpunkt";0;"O";"TS";"TS";1.9.2003 22:24:14;
104;7;"Range End Date/Time";"Endzeitpunkt";0;"O";"DTM";"DTM";28.10.2007 17:49:03;
104;9;"Alternate Unit of Measure Value Set OID";;0;"O";"ST";"ST";18.3.2014 20:07:42;
104;10;"Alternate Unit of Measure Value Set OID";;0;"O";"ST";"ST";6.1.2020 12:07:16;
104;61;"Range End Date/Time";"Endzeitpunkt";0;"O";"TS";"TS";10.5.2007 23:16:33;
104;81;"Alternate Unit of Measure Value Set OID";;0;"O";"ST";"ST";29.3.2013 16:30:28;
104;91;"Alternate Unit of Measure Value Set OID";;0;"O";"ST";"ST";2.11.2014 19:17:25;
105;1;"ADMISSION TYPE";"Aufnahmeart";0;"O";"ST";"ST";;
105;2;"Saal";"Saal";0;"A";"ST";"ST";;"GSG"
105;6;"Date";"Datum";0;"O";"DT";"DT";1.9.2003 22:24:14;
105;7;"Date";"Datum";0;"O";"DT";"DT";28.10.2007 17:54:35;
105;9;"Alternate Unit of Measure Value Set Version ID";;0;"O";"DTM";"DTM";18.3.2014 20:07:42;
105;10;"Alternate Unit of Measure Value Set Version ID";;0;"O";"DTM";"DTM";6.1.2020 12:07:16;
105;61;"Date";"Datum";0;"O";"DT";"DT";10.5.2007 23:38:23;
105;81;"Alternate Unit of Measure Value Set Version ID";;0;"O";"DTM";"DTM";29.3.2013 16:30:28;
105;91;"Alternate Unit of Measure Value Set Version ID";;0;"O";"DTM";"DTM";2.11.2014 19:17:25;
106;1;"PRE-ADMIT NUMBER";"Vor-Aufnahmenummer";0;"O";"ST";"ST";;
106;2;"Tisch";"Sitzplatz";0;"A";"ST";"ST";;"GSG"
106;6;"Date/Time";"Zeitpunkt";0;"O";"DTM";"DTM";1.9.2003 22:24:14;
106;7;"Date/Time";"Zeitpunkt";0;"O";"DTM";"DTM";28.10.2007 17:54:35;
106;9;"Alternate Unit of Measure Coding System OID";;0;"O";"ST";"ST";18.3.2014 20:07:42;
106;10;"Second Alternate Unit of Measure Coding System OID";;0;"O";"ST";"ST";6.1.2020 12:07:16;
106;61;"Date/Time";"Zeitpunkt";0;"O";"DTM";"DTM";10.5.2007 23:38:23;
106;81;"Alternate Unit of Measure Coding System OID";;0;"O";"ST";"ST";29.3.2013 16:30:28;
106;91;"Alternate Unit of Measure Coding System OID";;0;"O";"ST";"ST";2.11.2014 19:17:25;
107;1;"PRE-ADMIT TEST INDICATOR";"Hinweis auf Untersuchungsprog.d, for der Aufn.d.Pa";0;"O";"ST";"ST";;
107;2;"Stuhl";"Stuhl";0;"A";"ST";"ST";;"GSG"
107;6;"Day Type";"nicht verwendet";149;"O";"IS";"IS";1.9.2003 22:24:14;
107;7;"Day Type";"nicht verwendet";149;"O";"IS";"IS";26.10.2007 18:09:43;
107;9;"Alternate Unit of Measure Value Set OID";;0;"O";"ST";"ST";18.3.2014 20:07:42;
107;10;"Second Alternate Unit of Measure Value Set OID";;0;"O";"ST";"ST";6.1.2020 12:07:16;
107;61;"Day Type";"nicht verwendet";149;"O";"IS";"IS";10.5.2007 23:16:33;
107;81;"Alternate Unit of Measure Value Set OID";;0;"O";"ST";"ST";29.3.2013 16:30:28;
107;91;"Alternate Unit of Measure Value Set OID";;0;"O";"ST";"ST";2.11.2014 19:17:25;
108;1;"RE-ADMISSION INDICATOR";"Kennzeichen, ob eine Wiederaufnahme vorliegt";0;"O";"ST";"ST";;
108;2;"Dispense / Deliver to Location";"Lieferadresse";0;"O";"CM";"CM_INTERNAL_LOCATION";;"4-51"
108;6;"Number of Days";"nicht verwendet";0;"O";"NM";"NM";1.9.2003 22:24:14;
108;7;"Number of Days";"nicht verwendet";0;"O";"NM";"NM";28.10.2007 17:49:03;
108;9;"Alternate Unit of Measure Value Set Version ID";;0;"O";"ST";"ST";18.3.2014 20:07:42;
108;10;"Second Alternate Unit of Measure Value Set Vers.ID";;0;"O";"ST";"ST";6.1.2020 12:07:16;
108;61;"Number of Days";"nicht verwendet";0;"O";"NM";"NM";10.5.2007 23:16:33;
108;81;"Alternate Unit of Measure Value Set Version ID";;0;"O";"ST";"ST";29.3.2013 16:30:28;
108;91;"Alternate Unit of Measure Value Set Version ID";;0;"O";"ST";"ST";2.11.2014 19:17:25;
109;1;"NEXT OF KIN - ADDRESS";"Adresse des zu Benachrichtigenden";0;"O";"ST";"ST";;
109;2;"Procedure Practitioner  ID";"ausführender Arzt";10;"O";"CN";"CN_PERSON";;"6-10"
109;6;"Source Application";"Datenquelle";0;"O";"HD";"HD";1.9.2003 22:24:14;
109;7;"Source Application";"Datenquelle";0;"O";"HD";"HD";28.10.2007 17:49:03;
109;9;"Identifier";"Schlüssel";0;"O";"ST";"ST";18.3.2014 20:07:42;
109;10;"Identifier";;0;"O";"ST";"ST";6.1.2020 12:07:16;
109;61;"Source Application";"Datenquelle";0;"O";"HD";"HD";10.5.2007 23:16:33;
109;81;"Identifier";"Schlüssel";0;"O";"ST";"ST";29.3.2013 16:30:28;
109;91;"Identifier";"Schlüssel";0;"O";"ST";"ST";2.11.2014 19:17:25;
110;1;"NEXT OF KIN - PHONE NUMBER";"Telefonnummer des zu Benachrichtigenden";0;"O";"ST";"ST";;
110;2;"delay days";;0;"O";"ST";"ST";;"6-23"
110;3;"delay days";;0;"O";"NM";"NM";;"6-23"
110;4;"delay days";;0;"O";"NM";"NM";;"6-23"
110;5;"delay days";;0;"O";"NM";"NM";;"6-23"
110;6;"Type of Data";"MIME-Medientyp";191;"O";"ID";"ID";1.9.2003 22:24:14;
110;7;"Type of Data";"MIME-Medientyp";834;"O";"ID";"ID";26.10.2007 18:09:43;
110;9;"Text";"Text";0;"O";"ST";"ST";18.3.2014 20:07:42;
110;10;"Text";;0;"O";"ST";"ST";6.1.2020 12:07:16;
110;61;"Type of Data";"MIME-Medientyp";191;"O";"ID";"ID";10.5.2007 23:16:33;
110;81;"Text";"Text";0;"O";"ST";"ST";29.3.2013 16:30:28;
110;91;"Text";"Text";0;"O";"ST";"ST";2.11.2014 19:17:25;
111;1;"SET ID - INSURANCE";"Transaktionskennung";0;"O";"ST";"ST";;
111;2;"Penalty ID";"nicht verwendet";148;"O";"ID";"ID";;"6-26"
111;3;"penalty type";;148;"O";"IS";"IS";;"6-46"
111;4;"money or percentage indicator";"Kennzeichen Währung oder Prozentangabe";148;"O";"IS";"IS";21.3.2017 00:00:00;"6-46"
111;5;"money or percentage indicator";"Kennzeichen Währung oder Prozentangabe";148;"O";"IS";"IS";21.3.2017 00:00:00;"6-46"
111;6;"Data Subtype";"MIME-Subtyp";291;"O";"ID";"ID";1.9.2003 22:24:14;
111;7;"Data Subtype";"MIME-Subtyp";291;"O";"ID";"ID";26.10.2007 18:09:43;
111;9;"Name of Coding System";"Kodiersystem";396;"O";"ID";"ID";18.3.2014 20:07:42;
111;10;"Name of Coding System";;396;"O";"ID";"ID";6.1.2020 12:07:16;
111;61;"Data Subtype";"MIME-Subtyp";291;"O";"ID";"ID";10.5.2007 23:16:33;
111;81;"Name of Coding System";"Kodiersystem";396;"O";"ID";"ID";29.3.2013 16:30:28;
111;91;"Name of Coding System";"Kodiersystem";396;"O";"ID";"ID";2.11.2014 19:17:25;
112;1;"INSURANCE COMPANY ID";"Krankenkassennummer";0;"O";"ST";"ST";;
112;2;"pre-certification patient type";"nicht verwendet";150;"O";"ID";"ID";;"6-28"
112;3;"pre-certification patient type";"nicht verwendet";150;"O";"IS";"IS";;"6-48"
112;4;"pre-certification patient type";"nicht verwendet";150;"O";"IS";"IS";14.4.1999 21:46:18;"6-48"
112;5;"pre-certification patient type";"nicht verwendet";150;"O";"IS";"IS";8.7.2000 12:20:09;"6-48"
112;6;"Encoding";"Kodierung";299;"O";"ID";"ID";1.9.2003 22:24:14;
112;7;"Encoding";"Kodierung";299;"O";"ID";"ID";26.10.2007 18:09:43;
112;9;"Alternate Identifier";"alternativer Schlüssel";0;"O";"ST";"ST";18.3.2014 20:07:42;
112;10;"Alternate Identifier";;0;"O";"ST";"ST";6.1.2020 12:07:16;
112;61;"Encoding";"Kodierung";299;"O";"ID";"ID";10.5.2007 23:16:33;
112;81;"Alternate Identifier";"alternativer Schlüssel";0;"O";"ST";"ST";29.3.2013 16:30:28;
112;91;"Alternate Identifier";"alternativer Schlüssel";0;"O";"ST";"ST";2.11.2014 19:17:25;
113;1;"INSURANCE COMPANY NAME";"Krankenkassenbezeichnung";0;"O";"ST";"ST";;
113;6;"Data";"Daten";0;"O";"TX";"TX";1.9.2003 22:24:14;
113;7;"Data";"Daten";0;"O";"TX";"TX";28.10.2007 17:49:03;
113;9;"Alternate Text";"alternativer Text";0;"O";"ST";"ST";18.3.2014 20:07:42;
113;10;"Alternate Text";;0;"O";"ST";"ST";6.1.2020 12:07:16;
113;61;"Data";"Daten";0;"O";"TX";"TX";10.5.2007 23:16:33;
113;81;"Alternate Text";"alternativer Text";0;"O";"ST";"ST";29.3.2013 16:30:28;
113;91;"Alternate Text";"alternativer Text";0;"O";"ST";"ST";2.11.2014 19:17:25;
114;1;"INSURANCE COMPANY ADDRESS";"Anschrift der Krankenkasse";0;"O";"ST";"ST";;
114;2;"occurrence code";"nicht verwendet";0;"O";"ID";"ID";;"6-31"
114;3;"occurrence code";"nicht verwendet";0;"O";"CE";"CE";;"6-53"
114;4;"occurrence code";"nicht verwendet";0;"O";"ID";"ID";14.4.1999 21:46:18;"6-53"
114;5;"occurrence code";"nicht verwendet";0;"O";"IS";"IS";8.7.2000 12:20:09;"6-53"
114;6;"Entity Identifier";"Identifikator";0;"O";"ST";"ST";1.9.2003 22:24:14;
114;7;"Entity Identifier";"Identifikator";0;"O";"ST";"ST";28.10.2007 17:49:03;
114;9;"Name of Alternate Coding System";"alternatives Kodiersystem";396;"O";"ID";"ID";18.3.2014 20:07:42;
114;10;"Name of Alternate Coding System";;396;"O";"ID";"ID";6.1.2020 12:07:16;
114;61;"Entity Identifier";"Identifikator";0;"O";"ST";"ST";10.5.2007 23:16:33;
114;81;"Name of Alternate Coding System";"alternatives Kodiersystem";396;"O";"ID";"ID";29.3.2013 16:30:28;
114;91;"Name of Alternate Coding System";"alternatives Kodiersystem";396;"O";"ID";"ID";2.11.2014 19:17:25;
115;1;"INSURANCE CO. CONTACT PERS";"Ansprechpartner bei der Krankenkasse";0;"O";"ST";"ST";;
115;2;"Value code";"nicht verwendet";0;"O";"ID";"ID";;"6-31"
115;3;"value code";"nicht verwendet";153;"O";"IS";"IS";;"6-51"
115;4;"value code";"nicht verwendet";153;"O";"IS";"IS";14.4.1999 21:46:18;"6-51"
115;5;"value code";"nicht verwendet";153;"O";"IS";"IS";8.7.2000 12:20:09;"6-51"
115;6;"Namespace ID";"ausgebende Instanz - Identifikator";363;"O";"IS";"IS";1.9.2003 22:24:14;
115;7;"Namespace ID";"ausgebende Instanz - Identifikator";363;"O";"IS";"IS";26.10.2007 18:09:43;
115;9;"Coding System Version ID";"Version des Kodiersystems";0;"O";"ST";"ST";18.3.2014 20:07:42;
115;10;"Coding System Version ID";;0;"O";"ST";"ST";6.1.2020 12:07:16;
115;61;"Namespace ID";"ausgebende Instanz - Identifikator";363;"O";"IS";"IS";10.5.2007 23:16:33;
115;81;"Coding System Version ID";"Version des Kodiersystems";0;"O";"ST";"ST";29.3.2013 16:30:28;
115;91;"Coding System Version ID";"Version des Kodiersystems";0;"O";"ST";"ST";2.11.2014 19:17:25;
116;1;"INSURANCE CO PHONE NUMBER";"Telefonnummer der Krankenkasse";0;"O";"ST";"ST";;
116;2;"occurrence span code";"nicht verwendet";0;"O";"ID";"ID";;"6-34"
116;3;"occurrence span code";"nicht verwendet";0;"O";"CE";"CE";;"6-54"
116;4;"occurrence span code";"nicht verwendet";0;"O";"CE";"CE";14.4.1999 21:46:18;"6-54"
116;5;"occurrence span code";"nicht verwendet";0;"O";"CE";"CE";8.7.2000 12:20:09;"6-54"
116;6;"Universal ID";"ausgebende Instanz - Identifikator, univers. Form";0;"O";"ST";"ST";1.9.2003 22:24:14;
116;7;"Universal ID";"ausgebende Instanz - Identifikator, univers. Form";0;"O";"ST";"ST";28.10.2007 17:49:03;
116;9;"Alternate Coding System Version ID";"Version des alternativen Kodiersystems";0;"O";"ST";"ST";18.3.2014 20:07:42;
116;10;"Alternate Coding System Version ID";;0;"O";"ST";"ST";6.1.2020 12:07:16;
116;61;"Universal ID";"ausgebende Instanz - Identifikator, univers. Form";0;"O";"ST";"ST";10.5.2007 23:16:33;
116;81;"Alternate Coding System Version ID";"Version des alternativen Kodiersystems";0;"O";"ST";"ST";29.3.2013 16:30:28;
116;91;"Alternate Coding System Version ID";"Version des alternativen Kodiersystems";0;"O";"ST";"ST";2.11.2014 19:17:25;
117;1;"GROUP NUMBER";"Krankenkassentypnummer";0;"O";"ST";"ST";;
117;2;"Date";"Datum";0;"O";"TS";"TS";;"8-15"
117;3;"date";"Datum";0;"O";"TS";"TS";;"8-16 (B)"
117;4;"date";"Datum";0;"O";"TS";"TS";14.4.1999 21:46:18;"8-16 (B)"
117;5;"date";"Datum";0;"O";"TS";"TS";8.7.2000 12:20:09;"8-16 (B)"
117;6;"Universal ID Type";"Typ der Universal ID";301;"O";"ID";"ID";1.9.2003 22:24:14;
117;7;"Universal ID Type";"Typ der Universal ID";301;"O";"ID";"ID";26.10.2007 18:09:43;
117;9;"Original Text";"Originaltext";0;"O";"ST";"ST";18.3.2014 20:07:42;
117;10;"Original Text";;0;"O";"ST";"ST";6.1.2020 12:07:16;
117;61;"Universal ID Type";"Typ der Universal ID";301;"O";"ID";"ID";10.5.2007 23:16:33;
117;81;"Original Text";"Originaltext";0;"O";"ST";"ST";29.3.2013 16:30:28;
117;91;"Original Text";"Originaltext";0;"O";"ST";"ST";2.11.2014 19:17:25;
118;1;"GROUP NAME";"Krankenkassentyp (Ersatzkasse, AOK, BKK, etc.)";0;"O";"ST";"ST";;
118;2;"specialty name";;0;"O";"ST";"ST";;"8-17"
118;3;"specialty name";;0;"O";"ST";"ST";;"8-17 (B)"
118;4;"specialty name";;0;"O";"ST";"ST";14.4.1999 21:46:18;"8-17 (B)"
118;5;"specialty name";;0;"O";"ST";"ST";8.7.2000 12:20:09;"8-17 (B)"
118;6;"Placer Assigned Identifier";;0;"O";"EI";"EI";1.9.2003 22:24:14;
118;7;"Placer Assigned Identifier";;0;"O";"EI";"EI";28.10.2007 17:49:03;
118;9;"Second Alternate Identifier";;0;"O";"ST";"ST";18.3.2014 20:07:42;
118;10;"Second Alternate Identifier";;0;"O";"ST";"ST";6.1.2020 12:07:16;
118;61;"Placer Assigned Identifier";;0;"O";"EI";"EI";10.5.2007 23:16:33;
118;81;"Second Alternate Identifier";;0;"O";"ST";"ST";29.3.2013 16:30:28;
118;91;"Second Alternate Identifier";;0;"O";"ST";"ST";2.11.2014 19:17:25;
119;1;"INSURED'S GROUP EMP. ID";"nicht verwendet";0;"O";"ST";"ST";;
119;2;"ID number";"Identifikator";0;"O";"ST";"ST";;"8-17"
119;3;"ID number";"Identifikator";0;"O";"ST";"ST";;"2-78"
119;4;"ID number (NM)";"Identifikator";0;"O";"NM";"NM";14.4.1999 21:46:18;"2-78"
119;5;"ID number (NM)";"Identifikator";0;"O";"NM";"NM";8.7.2000 12:20:09;"2-78"
119;6;"Filler Assigned Identifier";;0;"O";"EI";"EI";1.9.2003 22:24:14;
119;7;"Filler Assigned Identifier";;0;"O";"EI";"EI";28.10.2007 17:49:03;
119;9;"Second Alternate Text";;0;"O";"ST";"ST";18.3.2014 20:07:42;
119;10;"Second Alternate Text";;0;"O";"ST";"ST";6.1.2020 12:07:16;
119;61;"Filler Assigned Identifier";;0;"O";"EI";"EI";10.5.2007 23:16:33;
119;81;"Second Alternate Text";;0;"O";"ST";"ST";29.3.2013 16:30:28;
119;91;"Second Alternate Text";;0;"O";"ST";"ST";2.11.2014 19:17:25;
120;1;"INSURED'S GROUP EMP. NAME";"nicht verwendet";0;"O";"ST";"ST";;
120;2;"Privilege";;0;"O";"CE";"CE";;"8-18"
120;3;"privilege";;0;"O";"CE";"CE";;"8-18 (B)"
120;4;"privilege";;0;"O";"CE";"CE";14.4.1999 21:46:18;"8-18 (B)"
120;5;"privilege";;0;"O";"CE";"CE";8.7.2000 12:20:09;"8-18 (B)"
120;6;"Segment ID";"Segmentbezeichnung";0;"O";"ST";"ST";1.9.2003 22:24:14;
120;7;"Segment ID";"Segmentbezeichnung";0;"O";"ST";"ST";28.10.2007 17:49:03;
120;9;"Name of Second Alternate Coding System";;396;"O";"ID";"ID";18.3.2014 20:07:42;
120;10;"Name of Second Alternate Coding System";;396;"O";"ID";"ID";6.1.2020 12:07:16;
120;61;"Segment ID";"Segmentbezeichnung";0;"O";"ST";"ST";10.5.2007 23:16:33;
120;81;"Name of Second Alternate Coding System";;396;"O";"ID";"ID";29.3.2013 16:30:28;
120;91;"Name of Second Alternate Coding System";;396;"O";"ID";"ID";2.11.2014 19:17:25;
121;1;"PLAN EFFECTIVE DATE";"Kostenübernahme ab";0;"O";"ST";"ST";;
121;2;"location";;0;"O";"AD";"AD";;"4-51"
121;6;"Segment Sequence";"Segmentnummer";0;"O";"NM";"NM";1.9.2003 22:24:14;
121;7;"Segment Sequence";"Segmentnummer";0;"O";"NM";"NM";28.10.2007 17:49:03;
121;9;"Second Alternate Coding System Version ID";;0;"O";"ST";"ST";18.3.2014 20:07:42;
121;10;"Second Alternate Coding System Version ID";;0;"O";"ST";"ST";6.1.2020 12:07:16;
121;61;"Segment Sequence";"Segmentnummer";0;"O";"NM";"NM";10.5.2007 23:16:33;
121;81;"Second Alternate Coding System Version ID";;0;"O";"ST";"ST";29.3.2013 16:30:28;
121;91;"Second Alternate Coding System Version ID";;0;"O";"ST";"ST";2.11.2014 19:17:25;
122;1;"PLAN EXPIRATION DATE";"Kostenübernahme bis";0;"O";"ST";"ST";;
122;2;"amount";"Betrag";0;"O";"NM";"NM";;"6-23"
122;3;"amount";"Betrag";0;"O";"NM";"NM";;
122;4;"amount";"Betrag";0;"O";"NM";"NM";14.4.1999 21:46:18;
122;5;"amount";"Betrag";0;"O";"NM";"NM";8.7.2000 12:20:09;
122;6;"Field Position";"Feldnummer";0;"O";"NM";"NM";1.9.2003 22:24:14;
122;7;"Field Position";"Feldnummer";0;"O";"NM";"NM";28.10.2007 17:49:03;
122;9;"Coding System OID";"OID des Kodiersystems";0;"O";"ST";"ST";18.3.2014 20:07:42;
122;10;"Coding System OID";;0;"O";"ST";"ST";6.1.2020 12:07:16;
122;61;"Field Position";"Feldnummer";0;"O";"NM";"NM";10.5.2007 23:16:33;
122;81;"Coding System OID";"OID des Kodiersystems";0;"O";"ST";"ST";29.3.2013 16:30:28;
122;91;"Coding System OID";"OID des Kodiersystems";0;"O";"ST";"ST";2.11.2014 19:17:25;
123;1;"AUTHORIZATION INFORMATION";"Aktenzeichen der Kostenübernahme";0;"O";"ST";"ST";;
123;2;"number of days";"nicht verwendet";0;"O";"NM";"NM";;"6-26"
123;3;"number of days";"nicht verwendet";0;"O";"NM";"NM";;
123;4;"number of days";"nicht verwendet";0;"O";"NM";"NM";14.4.1999 21:46:18;
123;5;"number of days";"nicht verwendet";0;"O";"NM";"NM";8.7.2000 12:20:09;
123;6;"Code Identifying Error";;357;"O";"CE";"CE";1.9.2003 22:24:14;
123;7;"Code Identifying Error";;357;"O";"CWE";"CWE";26.10.2007 18:09:43;
123;9;"Value Set OID";;0;"O";"ST";"ST";18.3.2014 20:07:42;
123;10;"Value Set OID";;0;"O";"ST";"ST";6.1.2020 12:07:16;
123;61;"Code Identifying Error";;357;"O";"CE";"CE";10.5.2007 23:16:33;
123;81;"Value Set OID";;0;"O";"ST";"ST";29.3.2013 16:30:28;
123;91;"Value Set OID";;0;"O";"ST";"ST";2.11.2014 19:17:25;
124;1;"PLAN TYPE";"nciht verwendet";0;"O";"ST";"ST";;
124;2;"penalty amount";;0;"O";"NM";"NM";;"6-26"
124;3;"penalty amount";;0;"O";"NM";"NM";3.2.2001 12:07:25;
124;4;"money or percentage quantity";;0;"O";"NM";"NM";3.2.2001 12:07:25;
124;5;"money or percentage quantity";;0;"O";"NM";"NM";3.2.2001 12:07:25;
124;6;"Segment ID";"Segmentbezeichnung";0;"O";"ST";"ST";1.9.2003 22:24:14;
124;7;"Segment ID";"Segmentbezeichnung";0;"O";"ST";"ST";28.10.2007 17:49:03;
124;9;"Value Set Version ID";;0;"O";"DTM";"DTM";18.3.2014 20:07:42;
124;10;"Value Set Version ID";;0;"O";"DTM";"DTM";6.1.2020 12:07:16;
124;61;"Segment ID";"Segmentbezeichnung";0;"O";"ST";"ST";10.5.2007 23:16:33;
124;81;"Value Set Version ID";;0;"O";"DTM";"DTM";29.3.2013 16:30:28;
124;91;"Value Set Version ID";;0;"O";"DTM";"DTM";2.11.2014 19:17:25;
125;1;"NAME OF INSURED";"Name des Verischerten";0;"O";"ST";"ST";;
125;2;"pre-certication required";;0;"O";"ID";"ID";;"6-28"
125;6;"Segment Sequence";"Segmentnummer";0;"O";"NM";"NM";1.9.2003 22:24:14;
125;7;"Segment Sequence";"Segmentnummer";0;"O";"NM";"NM";28.10.2007 17:49:03;
125;9;"Alternate Coding System OID";"OID des alternativen Kodiersystems";0;"O";"ST";"ST";21.3.2017 00:00:00;
125;10;"Alternate Coding System OID";;0;"O";"ST";"ST";6.1.2020 12:07:16;
125;61;"Segment Sequence";"Segmentnummer";0;"O";"NM";"NM";10.5.2007 23:16:33;
125;81;"Alternate Coding System OID";"OID des alternativen Kodiersystems";0;"O";"ST";"ST";21.3.2017 00:00:00;
125;91;"Alternate Coding System OID";"OID des alternativen Kodiersystems";0;"O";"ST";"ST";21.3.2017 00:00:00;
126;1;"INSURED'S RELATIONSHIP TO PATIENT";"Verhältnis des Versicherten zum Patienten";0;"O";"ST";"ST";;
126;2;"pre-certification window";;0;"O";"TS";"TS";;"6-28"
126;6;"Field Position";"Feldnummer";0;"O";"NM";"NM";1.9.2003 22:24:14;
126;7;"Field Position";"Feldnummer";0;"O";"NM";"NM";28.10.2007 17:49:03;
126;9;"Alternate Value Set OID";;0;"O";"ST";"ST";18.3.2014 20:07:42;
126;10;"Alternate Value Set OID";;0;"O";"ST";"ST";6.1.2020 12:07:16;
126;61;"Field Position";"Feldnummer";0;"O";"NM";"NM";10.5.2007 23:16:33;
126;81;"Alternate Value Set OID";;0;"O";"ST";"ST";29.3.2013 16:30:28;
126;91;"Alternate Value Set OID";;0;"O";"ST";"ST";2.11.2014 19:17:25;
127;1;"ASSIGNMENT OF BENEFITS";"Kennung, ob Rechnung an Krankenkasse";0;"O";"ST";"ST";;
127;2;"value amount";"nicht verwendet";0;"O";"NM";"NM";;"6-31"
127;3;"value amount";"nicht verwendet";0;"O";"NM";"NM";;
127;4;"value amount";"nicht verwendet";0;"O";"NM";"NM";14.4.1999 21:46:18;
127;5;"value amount";"nicht verwendet";0;"O";"NM";"NM";8.7.2000 12:20:09;
127;6;"Field Repetition";"Feldvorkommen";0;"O";"NM";"NM";1.9.2003 22:24:14;
127;7;"Field Repetition";"Feldvorkommen";0;"O";"NM";"NM";28.10.2007 17:49:03;
127;9;"Alternate Value Set Version ID";;0;"O";"DTM";"DTM";18.3.2014 20:07:42;
127;10;"Alternate Value Set Version ID";;0;"O";"DTM";"DTM";6.1.2020 12:07:16;
127;61;"Field Repetition";"Feldvorkommen";0;"O";"NM";"NM";10.5.2007 23:16:33;
127;81;"Alternate Value Set Version ID";;0;"O";"DTM";"DTM";29.3.2013 16:30:28;
127;91;"Alternate Value Set Version ID";;0;"O";"DTM";"DTM";2.11.2014 19:17:25;
128;1;"COORDINATION OF BENEFITS";"Koordination mit anderen Vers.verhältnissen";0;"O";"ST";"ST";;
128;2;"occurrence date";"nicht verwendet";0;"O";"DT";"DT";;"6-31"
128;3;"occurrence date";"nicht verwendet";0;"O";"DT";"DT";;"6-31"
128;4;"occurrence date";"nicht verwendet";0;"O";"DT";"DT";;"6-31"
128;5;"occurrence date";"nicht verwendet";0;"O";"DT";"DT";;"6-31"
128;6;"Component Number";"Komponentennummer";0;"O";"NM";"NM";1.9.2003 22:24:14;
128;7;"Component Number";"Komponentennummer";0;"O";"NM";"NM";28.10.2007 17:49:03;
128;9;"Second Alternate Coding System OID";;0;"O";"ST";"ST";18.3.2014 20:07:42;
128;10;"Second Alternate Coding System OID";;0;"O";"ST";"ST";6.1.2020 12:07:16;
128;61;"Component Number";"Komponentennummer";0;"O";"NM";"NM";10.5.2007 23:16:33;
128;81;"Second Alternate Coding System OID";;0;"O";"ST";"ST";29.3.2013 16:30:28;
128;91;"Second Alternate Coding System OID";;0;"O";"ST";"ST";2.11.2014 19:17:25;
129;1;"COORD OF BEN. PRIORITY";"Rang dieses Versicheurngsverhältnisses";0;"O";"ST";"ST";;
129;2;"occurrence span start date";"nicht verwendet";0;"O";"DT";"DT";;"6-34"
129;3;"occurrence span start date";"nicht verwendet";0;"O";"DT";"DT";;
129;4;"occurrence span start date";"nicht verwendet";0;"O";"DT";"DT";14.4.1999 21:46:18;
129;5;"occurrence span start date";"nicht verwendet";0;"O";"DT";"DT";8.7.2000 12:20:09;
129;6;"Sub-Component Number";"Subkomponentennummer";0;"O";"NM";"NM";1.9.2003 22:24:14;
129;7;"Sub-Component Number";"Subkomponentennummer";0;"O";"NM";"NM";28.10.2007 17:49:03;
129;9;"Second Alternate Value Set OID";;0;"O";"ST";"ST";18.3.2014 20:07:42;
129;10;"Second Alternate Value Set OID";;0;"O";"ST";"ST";6.1.2020 12:07:16;
129;61;"Sub-Component Number";"Subkomponentennummer";0;"O";"NM";"NM";10.5.2007 23:16:33;
129;81;"Second Alternate Value Set OID";;0;"O";"ST";"ST";29.3.2013 16:30:28;
129;91;"Second Alternate Value Set OID";;0;"O";"ST";"ST";2.11.2014 19:17:25;
130;1;"NOTICE OF ADMISSION CODE";"Kennung, ob Aufnahmeanzeige an Krankenkasse";0;"O";"ST";"ST";;
130;2;"occurrence span stop date";"nicht verwendet";0;"O";"DT";"DT";;"6-34"
130;3;"occurrence span stop date";"nicht verwendet";0;"O";"DT";"DT";;
130;4;"occurrence span stop date";"nicht verwendet";0;"O";"DT";"DT";14.4.1999 21:46:18;
130;5;"occurrence span stop date";"nicht verwendet";0;"O";"DT";"DT";8.7.2000 12:20:09;
130;6;"Financial Class Code";;64;"O";"IS";"IS";1.9.2003 22:24:14;
130;7;"Financial Class Code";;64;"O";"IS";"IS";26.10.2007 18:09:43;
130;9;"Second Alternate Value Set Version ID";;0;"O";"DTM";"DTM";18.3.2014 20:07:42;
130;10;"Second Alternate Value Set Version ID";;0;"O";"DTM";"DTM";6.1.2020 12:07:16;
130;61;"Financial Class Code";;64;"O";"IS";"IS";10.5.2007 23:16:33;
130;81;"Second Alternate Value Set Version ID";;0;"O";"DTM";"DTM";29.3.2013 16:30:28;
130;91;"Second Alternate Value Set Version ID";;0;"O";"DTM";"DTM";2.11.2014 19:17:25;
131;1;"NOTICE OF ADMISSION DATE";"Datum ,wann Aufnahmeanzeige verschickt";0;"O";"ST";"ST";;
131;2;"institution name";"Institutionsname";0;"O";"CE";"CE";;"8-15"
131;3;"institution name";"Institutionsname";0;"O";"CE";"CE";;
131;4;"institution name";"Institutionsname";0;"O";"CE";"CE";14.4.1999 21:46:18;
131;5;"institution name";"Institutionsname";0;"O";"CE";"CE";8.7.2000 12:20:09;
131;6;"Effective Date";"Gültigkeitsbeginn";0;"O";"TS";"TS";1.9.2003 22:24:14;
131;7;"Effective Date";"Gültigkeitsbeginn";0;"O";"DTM";"DTM";28.10.2007 17:49:03;
131;9;"ID Number";"Identifikator";0;"O";"ST";"ST";18.3.2014 20:07:42;
131;10;"ID Number";;0;"O";"ST";"ST";6.1.2020 12:07:16;
131;61;"Effective Date";"Gültigkeitsbeginn";0;"O";"TS";"TS";10.5.2007 23:16:33;
131;81;"ID Number";"Identifikator";0;"O";"ST";"ST";29.3.2013 16:30:28;
131;91;"ID Number";"Identifikator";0;"O";"ST";"ST";2.11.2014 19:17:25;
132;1;"RPT OF ELIGIBILITY CODE";"Kennung, ob schriftl. Kostenübernahmeerklärung erf";0;"O";"ST";"ST";;
132;2;"governing board";;0;"O";"ST";"ST";;"8-17"
132;3;"governing board";;0;"O";"ST";"ST";;
132;4;"governing board";;0;"O";"ST";"ST";14.4.1999 21:46:18;
132;5;"governing board";;0;"O";"ST";"ST";8.7.2000 12:20:09;
132;6;"Surname";"gesamter Nachname";0;"O";"ST";"ST";1.9.2003 22:24:14;
132;7;"Surname";"gesamter Nachname";0;"O";"ST";"ST";28.10.2007 17:49:03;
132;9;"Identifier Check Digit";"Prüfziffer";0;"O";"ST";"ST";18.3.2014 20:07:42;
132;10;"Identifier Check Digit";;0;"O";"ST";"ST";6.1.2020 12:07:16;
132;61;"Surname";"gesamter Nachname";0;"O";"ST";"ST";10.5.2007 23:16:33;
132;81;"Identifier Check Digit";"Prüfziffer";0;"O";"ST";"ST";29.3.2013 16:30:28;
132;91;"Identifier Check Digit";"Prüfziffer";0;"O";"ST";"ST";2.11.2014 19:17:25;
133;1;"RPT OF ELIGIBILITY DATE";"Datum der schriftl. Kostenübernahmeerklärung";0;"O";"ST";"ST";;
133;2;"eligible or certified";;0;"O";"ID";"ID";;"8-17"
133;3;"eligible or certified";;0;"O";"ID";"ID";;
133;4;"eligible or certified";;0;"O";"ID";"ID";14.4.1999 21:46:18;
133;5;"eligible or certified";;0;"O";"ID";"ID";8.7.2000 12:20:09;
133;6;"Own Surname Prefix";"Vorsatzwort des eigenen Nachnamens";0;"O";"ST";"ST";1.9.2003 22:24:14;
133;7;"Own Surname Prefix";"Vorsatzwort des eigenen Nachnamens";0;"O";"ST";"ST";28.10.2007 17:49:03;
133;9;"Check Digit Scheme";"Prüfzifferverfahren";61;"O";"ID";"ID";18.3.2014 20:07:42;
133;10;"Check Digit Scheme ";;61;"O";"ID";"ID";6.1.2020 12:07:16;
133;61;"Own Surname Prefix";"Vorsatzwort des eigenen Nachnamens";0;"O";"ST";"ST";10.5.2007 23:16:33;
133;81;"Check Digit Scheme";"Prüfzifferverfahren";61;"O";"ID";"ID";29.3.2013 16:30:28;
133;91;"Check Digit Scheme";"Prüfzifferverfahren";61;"O";"ID";"ID";2.11.2014 19:17:25;
134;1;"RELEASE INFORMATION CODE";"evtl. für Datenschutzkennzeichen anwendbar";0;"O";"ST";"ST";;
134;2;"date of certification";"Zertifizierungsdatum";0;"O";"DT";"DT";21.3.2017 00:00:00;"8-17"
134;3;"date of certification";"Zertifizierungsdatum";0;"O";"DT";"DT";21.3.2017 00:00:00;
134;4;"date of certification";"Zertifizierungsdatum";0;"O";"DT";"DT";21.3.2017 00:00:00;
134;5;"date of certification";"Zertifizierungsdatum";0;"O";"DT";"DT";21.3.2017 00:00:00;
134;6;"Own Surname";"eigener Nachname";0;"O";"ST";"ST";1.9.2003 22:24:14;
134;7;"Own Surname";"eigener Nachname";0;"O";"ST";"ST";28.10.2007 17:49:03;
134;9;"Assigning Authority";"ausgebende Instanz";363;"O";"HD";"HD";18.3.2014 20:07:42;
134;10;"Assigning Authority";;363;"O";"HD";"HD";6.1.2020 12:07:16;
134;61;"Own Surname";"eigener Nachname";0;"O";"ST";"ST";10.5.2007 23:16:33;
134;81;"Assigning Authority";"ausgebende Instanz";363;"O";"HD";"HD";29.3.2013 16:30:28;
134;91;"Assigning Authority";"ausgebende Instanz";363;"O";"HD";"HD";2.11.2014 19:17:25;
135;1;"PRE-ADMIT CERT. (PAC)";"Aktenzeichen Zustimmung zur Aufnahme des Patienten";0;"O";"ST";"ST";;
135;2;"type of ID number (ID)";;0;"O";"ID";"ID";;"8-17"
135;3;"type of ID number (ID)";;0;"O";"ID";"ID";;
135;4;"type of ID number (ID)";;0;"O";"ID";"ID";14.4.1999 21:46:18;
135;5;"type of ID number (ID)";;0;"O";"ID";"ID";8.7.2000 12:20:09;
135;6;"Surname Prefix From Partner/Spouse";"Vorsatzwort vom Partner stammender Nachname";0;"O";"ST";"ST";1.9.2003 22:24:14;
135;7;"Surname Prefix from Partner/Spouse";"Vorsatzwort vom Partner stammender Nachname";0;"O";"ST";"ST";28.10.2007 17:49:03;
135;9;"Identifier Type Code";"Typ des Identifikators";203;"O";"ID";"ID";18.3.2014 20:07:42;
135;10;"Identifier Type Code";;203;"O";"ID";"ID";6.1.2020 12:07:16;
135;61;"Surname Prefix From Partner/Spouse";"Vorsatzwort vom Partner stammender Nachname";0;"O";"ST";"ST";10.5.2007 23:16:33;
135;81;"Identifier Type Code";"Typ des Identifikators";203;"O";"ID";"ID";29.3.2013 16:30:28;
135;91;"Identifier Type Code";"Typ des Identifikators";203;"O";"ID";"ID";2.11.2014 19:17:25;
136;1;"VERIFICATION DATE";"Datum der Kostensicherungsprüfung";0;"O";"ST";"ST";;
136;2;"state/other qualifiying info";;0;"O";"ST";"ST";;"8-17"
136;6;"Surname From Partner/Spouse";"vom Partner stammender Nachname";0;"O";"ST";"ST";1.9.2003 22:24:14;
136;7;"Surname from Partner/Spouse";"vom Partner stammender Nachname";0;"O";"ST";"ST";28.10.2007 17:49:03;
136;9;"Assigning Facility";"Ausstellungsort";0;"O";"HD";"HD";18.3.2014 20:07:42;
136;10;"Assigning Facility";;0;"O";"HD";"HD";6.1.2020 12:07:16;
136;61;"Surname From Partner/Spouse";"vom Partner stammender Nachname";0;"O";"ST";"ST";10.5.2007 23:16:33;
136;81;"Assigning Facility";"Ausstellungsort";0;"O";"HD";"HD";29.3.2013 16:30:28;
136;91;"Assigning Facility";"Ausstellungsort";0;"O";"HD";"HD";2.11.2014 19:17:25;
137;1;"VERIFICATION BY";"überprüft durch (Mitarbeiter-ID)";0;"O";"ST";"ST";;
137;2;"privilege class";;0;"O";"CE";"CE";;"8-18"
137;3;"privilege class";;0;"O";"CE";"CE";;
137;4;"privilege class";;0;"O";"CE";"CE";14.4.1999 21:46:18;
137;5;"privilege class";;0;"O";"CE";"CE";8.7.2000 12:20:09;
137;6;"Formatted Text Data";"formatierter Text";0;"O";"FT";"FT";1.9.2003 22:24:14;
137;7;"Formatted Text Data";"formatierter Text";0;"O";"FT";"FT";28.10.2007 17:54:35;
137;9;"Effective Date";"Gültigkeitsbeginn";0;"O";"DT";"DT";18.3.2014 20:07:42;
137;10;"Effective Date";;0;"O";"DT";"DT";6.1.2020 12:07:16;
137;61;"Formatted Text Data";"formatierter Text";0;"O";"FT";"FT";10.5.2007 23:38:23;
137;81;"Effective Date";"Gültigkeitsbeginn";0;"O";"DT";"DT";29.3.2013 16:30:28;
137;91;"Effective Date";"Gültigkeitsbeginn";0;"O";"DT";"DT";2.11.2014 19:17:25;
138;1;"TYPE OF AGREEMENT CODE";"verwendet für Tarife etc.";0;"O";"ST";"ST";;
138;2;"expiration date";"Gültigkeitsende";0;"O";"DT";"DT";;"8-18"
138;3;"expiration date";"Gültigkeitsende";0;"O";"DT";"DT";;
138;4;"expiration date";"Gültigkeitsende";0;"O";"DT";"DT";14.4.1999 21:46:18;
138;5;"expiration date";"Gültigkeitsende";0;"O";"DT";"DT";8.7.2000 12:20:09;
138;6;"General Timing Specification";"allgemeine Zeitangabe";0;"O";"GTS";"GTS";1.9.2003 22:24:14;
138;7;"General Timing Specification";"generische  Zeitangabe";0;"O";"GTS";"GTS";28.10.2007 17:54:35;
138;9;"Expiration Date";"Gültigkeitsende";0;"O";"DT";"DT";18.3.2014 20:07:42;
138;10;"Expiration Date";;0;"O";"DT";"DT";6.1.2020 12:07:16;
138;61;"General Timing Specification";"allgemeine Zeitangabe";0;"O";"GTS";"GTS";10.5.2007 23:38:23;
138;81;"Expiration Date";"Gültigkeitsende";0;"O";"DT";"DT";29.3.2013 16:30:28;
138;91;"Expiration Date";"Gültigkeitsende";0;"O";"DT";"DT";2.11.2014 19:17:25;
139;1;"BILLING STATUS";"Status der Rechnungsstellung";0;"O";"ST";"ST";;
139;2;"activation date";"Aktivierungsdatum";0;"O";"DT";"DT";21.3.2017 00:00:00;"8-18"
139;3;"activation date";"Aktivierungsdatum";0;"O";"DT";"DT";21.3.2017 00:00:00;
139;4;"activation date";"Aktivierungsdatum";0;"O";"DT";"DT";21.3.2017 00:00:00;
139;5;"activation date";"Aktivierungsdatum";0;"O";"DT";"DT";21.3.2017 00:00:00;
139;6;"Namespace ID";"Identifikator";300;"O";"IS";"IS";1.9.2003 22:24:14;
139;7;"Namespace ID";"Identifikator";300;"O";"IS";"IS";26.10.2007 18:09:43;
139;9;"Assigning Jurisdiction";"ausgebende Körperschaft";0;"O";"CWE";"CWE";18.3.2014 20:07:42;
139;10;"Assigning Jurisdiction";;0;"O";"CWE";"CWE";6.1.2020 12:07:16;
139;61;"Namespace ID";"Identifikator";300;"O";"IS";"IS";10.5.2007 23:16:33;
139;81;"Assigning Jurisdiction";"ausgebende Körperschaft";0;"O";"CWE";"CWE";29.3.2013 16:30:28;
139;91;"Assigning Jurisdiction";"ausgebende Körperschaft";0;"O";"CWE";"CWE";2.11.2014 19:17:25;
140;1;"BLOOD DEDUCTIBLE";;0;"O";"ST";"ST";;
140;2;"day type";"nicht verwendet";149;"O";"ID";"ID";;"6-26"
140;3;"day type";"nicht verwendet";149;"O";"IS";"IS";;"6-46"
140;4;"day type";"nicht verwendet";149;"O";"IS";"IS";14.4.1999 21:46:18;"6-46"
140;5;"day type";"nicht verwendet";149;"O";"IS";"IS";8.7.2000 12:20:09;"6-46"
140;6;"Universal ID";"Identifikator, universelle Form";0;"O";"ST";"ST";1.9.2003 22:24:14;
140;7;"Universal ID";"Identifikator, universelle Form";0;"O";"ST";"ST";28.10.2007 17:49:03;
140;9;"Assigning Agency or Department";"ausgebende Abteilung";0;"O";"CWE";"CWE";18.3.2014 20:07:42;
140;10;"Assigning Agency or Department";;0;"O";"CWE";"CWE";6.1.2020 12:07:16;
140;61;"Universal ID";"Identifikator, universelle Form";0;"O";"ST";"ST";10.5.2007 23:16:33;
140;81;"Assigning Agency or Department";"ausgebende Abteilung";0;"O";"CWE";"CWE";29.3.2013 16:30:28;
140;91;"Assigning Agency or Department";"ausgebende Abteilung";0;"O";"CWE";"CWE";2.11.2014 19:17:25;
141;1;"LIFETIME RESERVE DAYS";"nicht verwendet";0;"O";"ST";"ST";;
141;2;"procedure practitioner type";;133;"O";"ID";"ID";;"6-10"
141;6;"Universal ID Type";"Typ der Universal ID";301;"O";"ID";"ID";1.9.2003 22:24:14;
141;7;"Universal ID Type";"Typ der Universal ID";301;"O";"ID";"ID";26.10.2007 18:09:43;
141;9;"Security Check";;0;"O";"ST";"ST";18.3.2014 20:07:42;
141;10;"Security Check";;0;"O";"ST";"ST";6.1.2020 12:07:16;
141;61;"Universal ID Type";"Typ der Universal ID";301;"O";"ID";"ID";10.5.2007 23:16:33;
141;81;"Security Check";;0;"O";"ST";"ST";29.3.2013 16:30:28;
141;91;"Security Check";;0;"O";"ST";"ST";2.11.2014 19:17:25;
142;1;"DELAY BEFORE L. R. DAY";"nicht verwendet";0;"O";"ST";"ST";;
142;2;"repeat pattern";;0;"O";"ST";"ST";;"4-17"
142;3;"repeat pattern";;335;"O";"IS";"IS";;"10-29"
142;4;"repeat pattern";;335;"O";"IS";"IS";14.4.1999 21:46:18;"10-29"
142;5;"repeat pattern";;335;"O";"IS";"IS";8.7.2000 12:20:09;"10-29"
142;6;"Certification Patient Type";;150;"O";"IS";"IS";1.9.2003 22:24:14;
142;7;"Certification Patient Type";;150;"O";"IS";"IS";26.10.2007 18:09:43;
142;9;"Security Check Scheme";;904;"O";"ID";"ID";18.3.2014 20:07:42;
142;10;"Security Check Scheme";;904;"O";"ID";"ID";6.1.2020 12:07:16;
142;61;"Certification Patient Type";;150;"O";"IS";"IS";10.5.2007 23:16:33;
142;81;"Security Check Scheme";;904;"O";"ID";"ID";29.3.2013 16:30:28;
142;91;"Security Check Scheme";;904;"O";"ID";"ID";2.11.2014 19:17:25;
143;1;"COMPANY PLAN CODE";"nicht verwendet";0;"O";"ST";"ST";;
143;2;"explicit time intevall";"ausdrückliches Zeitintervall";0;"O";"ST";"ST";21.3.2017 00:00:00;"4-17"
143;6;"Certification Required";;136;"O";"ID";"ID";1.9.2003 22:24:14;
143;7;"Certification Required";;136;"O";"ID";"ID";26.10.2007 18:09:43;
143;9;"Delay Days";;0;"O";"NM";"NM";18.3.2014 20:07:42;
143;10;"Delay Days";;0;"O";"NM";"NM";6.1.2020 12:07:16;
143;61;"Certification Required";;136;"O";"ID";"ID";10.5.2007 23:16:33;
143;81;"Delay Days";;0;"O";"NM";"NM";29.3.2013 16:30:28;
143;91;"Delay Days";;0;"O";"NM";"NM";2.11.2014 19:17:25;
144;1;"identifier";"Schlüssel";0;"O";"ID";"ID";;"3-35"
144;2;"Klinik";"Klinik";115;"O";"ID";"ID";;"3-29"
144;6;"Date/Time Certification Required";"Zeitpunkt Zertifizierung erforderlich";0;"O";"TS";"TS";21.3.2017 00:00:00;
144;7;"Date/Time Certification Required";"Zeitpunkt Zertifizierung erforderlich";0;"O";"DTM";"DTM";21.3.2017 00:00:00;
144;9;"Monetary Amount";"Geldbetrag";0;"O";"MO";"MO";18.3.2014 20:07:42;
144;10;"Monetary Amount";;0;"O";"MO";"MO";6.1.2020 12:07:16;
144;61;"Date/Time Certification Required";"Zeitpunkt Zertifizierung erforderlich";0;"O";"TS";"TS";21.3.2017 00:00:00;
144;81;"Monetary Amount";"Geldbetrag";0;"O";"MO";"MO";29.3.2013 16:30:28;
144;91;"Monetary Amount";"Geldbetrag";0;"O";"MO";"MO";2.11.2014 19:17:25;
145;1;"text";"Text";0;"O";"ST";"ST";;
145;2;"Zentrum";"Zentrum";115;"O";"ID";"ID";;"3-29"
145;6;"Coded Value for HL7-Defined Tables";;0;"O";"ID";"ID";1.9.2003 22:24:14;
145;7;"Coded Value for HL7-Defined Tables";;0;"O";"ID";"ID";28.10.2007 17:54:35;
145;9;"Number of Days";"nicht verwendet";0;"O";"NM";"NM";18.3.2014 20:07:42;
145;10;"Number of Days";;0;"O";"NM";"NM";6.1.2020 12:07:16;
145;61;"Coded Value for HL7-Defined Tables";;0;"O";"ID";"ID";10.5.2007 23:38:23;
145;81;"Number of Days";"nicht verwendet";0;"O";"NM";"NM";29.3.2013 16:30:28;
145;91;"Number of Days";"nicht verwendet";0;"O";"NM";"NM";2.11.2014 19:17:25;
146;1;"name of coding system";"Kodiersystem";0;"O";"ST";"ST";;
146;2;"Reference Range";"Grenzwerte";0;"O";"CE";"CM_RANGE";17.12.1995 14:25:11;"7-66"
146;6;"Coded Value for User-Defined Tables";;0;"O";"IS";"IS";1.9.2003 22:24:14;
146;7;"Coded Value for User-Defined Tables";;0;"O";"IS";"IS";28.10.2007 17:54:35;
146;9;"Date";"Datum";0;"O";"DTM";"DTM";18.3.2014 20:07:42;
146;10;"Date";;0;"O";"DTM";"DTM";6.1.2020 12:07:16;
146;61;"Coded Value for User-Defined Tables";;0;"O";"IS";"IS";10.5.2007 23:38:23;
146;81;"Date";"Datum";0;"O";"DTM";"DTM";29.3.2013 16:30:28;
146;91;"Date";"Datum";0;"O";"DTM";"DTM";2.11.2014 19:17:25;
147;1;"alternate identifier";"alternativer Schlüssel";0;"O";"ST";"ST";;
147;2;"Sex";"Geschlecht";1;"O";"ID";"ID";17.12.1995 14:25:26;"7-66"
147;6;"Job Code";"Next of Kin Job Code/Class";327;"O";"IS";"IS";1.9.2003 22:24:14;
147;7;"Job Code";"Next of Kin Job Code/Class";327;"O";"IS";"IS";26.10.2007 18:09:43;
147;9;"Institution Name";"Institutionsname";531;"O";"CWE";"CWE";18.3.2014 20:07:42;
147;10;"Institution Name";;531;"O";"CWE";"CWE";6.1.2020 12:07:16;
147;61;"Job Code";"Next of Kin Job Code/Class";327;"O";"IS";"IS";10.5.2007 23:16:33;
147;81;"Institution Name";"Institutionsname";531;"O";"CWE";"CWE";29.3.2013 16:30:28;
147;91;"Institution Name";"Institutionsname";531;"O";"CWE";"CWE";2.11.2014 19:17:25;
148;1;"alternate text";"alternativer Text";0;"O";"ST";"ST";;
148;2;"Age Range";"Altersbereich";0;"O";"CE";"CM_RANGE";17.12.1995 14:25:31;"7-66"
148;6;"Job Class";;328;"O";"IS";"IS";1.9.2003 22:24:14;
148;7;"Job Class";;328;"O";"IS";"IS";26.10.2007 18:09:43;
148;9;"Discharge to Location";"entlassen nach";113;"O";"CWE";"CWE";21.3.2017 00:00:00;
148;10;"Discharge to Location";;113;"O";"CWE";"CWE";6.1.2020 12:07:16;
148;61;"Job Class";;328;"O";"IS";"IS";10.5.2007 23:16:33;
148;81;"Discharge to Location";"entlassen nach";113;"O";"CWE";"CWE";21.3.2017 00:00:00;
148;91;"Discharge to Location";"entlassen nach";113;"O";"CWE";"CWE";21.3.2017 00:00:00;
149;1;"name of alternate coding system";"alternatives Kodiersystem";0;"O";"ST";"ST";;
149;2;"Gestational Age Range";"Schwangerschaftswoche";0;"O";"CE";"CM_RANGE";17.12.1995 14:25:35;"7-66"
149;6;"Job Description Text";"Jobbeschreibung";0;"O";"TX";"TX";21.3.2017 00:00:00;
149;7;"Job Description Text";"Jobbeschreibung";0;"O";"TX";"TX";21.3.2017 00:00:00;
149;9;"Effective Date";"Gültigkeitsbeginn";0;"O";"DTM";"DTM";18.3.2014 20:07:42;
149;10;"Effective Date";;0;"O";"DTM";"DTM";6.1.2020 12:07:16;
149;61;"Job Description Text";"Jobbeschreibung";0;"O";"TX";"TX";21.3.2017 00:00:00;
149;81;"Effective Date";"Gültigkeitsbeginn";0;"O";"DTM";"DTM";29.3.2013 16:30:28;
149;91;"Effective Date";"Gültigkeitsbeginn";0;"O";"DTM";"DTM";2.11.2014 19:17:25;
150;2;"Species";"Spezies";0;"O";"ST";"ST";17.12.1995 14:29:47;"7-66"
150;6;"Point of Care";"Station";302;"O";"IS";"IS";1.9.2003 22:24:14;
150;7;"Point of Care";"Station";302;"O";"IS";"IS";26.10.2007 18:09:43;
150;9;"License Number";;0;"O";"ST";"ST";18.3.2014 20:07:42;
150;10;"Driver License Number";;0;"O";"ST";"ST";6.1.2020 12:07:16;
150;61;"Point of Care";"Station";302;"O";"IS";"IS";10.5.2007 23:16:33;
150;81;"License Number";;0;"O";"ST";"ST";29.3.2013 16:30:28;
150;91;"License Number";;0;"O";"ST";"ST";2.11.2014 19:17:25;
151;2;"Race / Subspecies";"Rasse";5;"O";"ID";"ID";17.12.1995 14:29:52;"7-66"
151;6;"Room";"Zimmer";303;"O";"IS";"IS";1.9.2003 22:24:14;
151;7;"Room";"Zimmer";303;"O";"IS";"IS";26.10.2007 18:09:43;
151;9;"Issuing State, Province, Country";"Ausstellende Behörde";333;"O";"CWE";"CWE";18.3.2014 20:07:42;
151;10;"Issuing State, Province, Country";;333;"O";"CWE";"CWE";6.1.2020 12:07:16;
151;61;"Room";"Zimmer";303;"O";"IS";"IS";10.5.2007 23:16:33;
151;81;"Issuing State, Province, Country";"Ausstellende Behörde";333;"O";"CWE";"CWE";29.3.2013 16:30:28;
151;91;"Issuing State, Province, Country";"Ausstellende Behörde";333;"O";"CWE";"CWE";2.11.2014 19:17:25;
152;2;"Text Condition";"zusätzliche Bedingungen";0;"O";"ST";"ST";17.12.1995 14:30:03;"7-66"
152;6;"Bed";"Bettenstellplatz";304;"O";"IS";"IS";1.9.2003 22:24:14;
152;7;"Bed";"Bettenstellplatz";304;"O";"IS";"IS";26.10.2007 18:09:43;
152;9;"Expiration Date";"Gültigkeitsende";0;"O";"DT";"DT";18.3.2014 20:07:42;
152;10;"Expiration Date";;0;"O";"DT";"DT";6.1.2020 12:07:16;
152;61;"Bed";"Bettenstellplatz";304;"O";"IS";"IS";10.5.2007 23:16:33;
152;81;"Expiration Date";"Gültigkeitsende";0;"O";"DT";"DT";29.3.2013 16:30:28;
152;91;"Expiration Date";"Gültigkeitsende";0;"O";"DT";"DT";2.11.2014 19:17:25;
153;2;"Low Value";"unterer Wert";0;"O";"NM";"NM";17.12.1995 14:32:08;"7-66"
153;3;"Low Value";"unterer Wert";0;"O";"CE";"CE";17.12.1995 14:32:08;"7-66"
153;4;"Low Value";"unterer Wert";0;"O";"NM";"NM";17.12.1995 14:32:08;"7-66"
153;5;"Low Value";"unterer Wert";0;"O";"NM";"NM";17.12.1995 14:32:08;"7-66"
153;6;"Facility";"Fachbereich";0;"O";"HD";"HD";1.9.2003 22:24:14;
153;7;"Facility";"Fachbereich";0;"O";"HD";"HD";28.10.2007 17:49:03;
153;9;"Normal Range";;0;"O";"NR";"NR";18.3.2014 20:07:42;
153;10;"Normal Range";;0;"O";"NR";"NR";6.1.2020 12:07:16;
153;61;"Facility";"Fachbereich";0;"O";"HD";"HD";10.5.2007 23:16:33;
153;81;"Normal Range";;0;"O";"NR";"NR";29.3.2013 16:30:28;
153;91;"Normal Range";;0;"O";"NR";"NR";2.11.2014 19:17:25;
154;2;"High Value";"oberer Wert";0;"O";"NM";"NM";17.12.1995 14:37:47;"7-66"
154;3;"High Value";"oberer Wert";0;"O";"CE";"CE";17.12.1995 14:37:47;"7-66"
154;4;"High Value";"oberer Wert";0;"O";"NM";"NM";17.12.1995 14:37:47;"7-66"
154;5;"High Value";"oberer Wert";0;"O";"NM";"NM";17.12.1995 14:37:47;"7-66"
154;6;"Location Status";"Bettenstatus";306;"O";"IS";"IS";1.9.2003 22:24:14;
154;7;"Location Status";"Bettenstatus";306;"O";"IS";"IS";26.10.2007 18:09:43;
154;9;"Numeric Threshold";"numerischer Schwellwert";0;"O";"NM";"NM";21.3.2017 00:00:00;
154;10;"Numeric Threshold";;0;"O";"NM";"NM";6.1.2020 12:07:16;
154;61;"Location Status";"Bettenstatus";306;"O";"IS";"IS";10.5.2007 23:16:33;
154;81;"Numeric Threshold";"numerischer Schwellwert";0;"O";"NM";"NM";21.3.2017 00:00:00;
154;91;"Numeric Threshold";"numerischer Schwellwert";0;"O";"NM";"NM";21.3.2017 00:00:00;
155;2;"Range";"Bereich";0;"O";"CM";"CM_RANGE";17.12.1995 14:42:21;"7-67"
155;3;"Range";"Bereich";0;"O";"CM";"CM_RANGE";17.12.1995 14:42:21;"7-67"
155;4;"Range";"Bereich";0;"O";"NR";"NR";17.12.1995 14:42:21;"7-67"
155;5;"Range";"Bereich";0;"O";"NR";"NR";17.12.1995 14:42:21;"7-67"
155;6;"Patient Location Type";"Typ des Aufenthaltsortes";305;"O";"IS";"IS";1.9.2003 22:24:14;
155;7;"Patient Location Type";"Typ des Aufenthaltsortes";305;"O";"IS";"IS";26.10.2007 18:09:43;
155;9;"Change Computation";;523;"O";"ID";"ID";18.3.2014 20:07:42;
155;10;"Change Computation";;523;"O";"ID";"ID";6.1.2020 12:07:16;
155;61;"Patient Location Type";"Typ des Aufenthaltsortes";305;"O";"IS";"IS";10.5.2007 23:16:33;
155;81;"Change Computation";;523;"O";"ID";"ID";29.3.2013 16:30:28;
155;91;"Change Computation";;523;"O";"ID";"ID";2.11.2014 19:17:25;
156;2;"Numeric Change";;0;"O";"NM";"NM";17.12.1995 14:42:28;"7-67"
156;3;"Numeric Change";;0;"O";"NM";"NM";17.12.1995 14:42:28;"7-67"
156;4;"Numeric Change";;0;"O";"NM";"NM";17.12.1995 14:42:28;"7-67"
156;5;"Numeric Change";;0;"O";"NM";"NM";17.12.1995 14:42:28;"7-67"
156;6;"Building";"Gebäude";307;"O";"IS";"IS";1.9.2003 22:24:14;
156;7;"Building";"Gebäude";307;"O";"IS";"IS";26.10.2007 18:09:43;
156;9;"Days Retained";;0;"O";"NM";"NM";18.3.2014 20:07:42;
156;10;"Days Retained";;0;"O";"NM";"NM";6.1.2020 12:07:16;
156;61;"Building";"Gebäude";307;"O";"IS";"IS";10.5.2007 23:16:33;
156;81;"Days Retained";;0;"O";"NM";"NM";29.3.2013 16:30:28;
156;91;"Days Retained";;0;"O";"NM";"NM";2.11.2014 19:17:25;
157;2;"Percent per Change";;0;"O";"NM";"NM";17.12.1995 14:42:37;"7-67"
157;3;"Percent per Change";;0;"O";"NM";"NM";17.12.1995 14:42:37;"7-67"
157;4;"Percent per Change";;0;"O";"NM";"NM";17.12.1995 14:42:37;"7-67"
157;5;"Percent per Change";;0;"O";"NM";"NM";17.12.1995 14:42:37;"7-67"
157;6;"Floor";"Etage";308;"O";"IS";"IS";1.9.2003 22:24:14;
157;7;"Floor";"Etage";308;"O";"IS";"IS";26.10.2007 18:09:43;
157;9;"Range Start Date/Time";"Anfangszeitpunkt";0;"O";"DTM";"DTM";18.3.2014 20:07:42;
157;10;"Range Start Date/Time";;0;"O";"DTM";"DTM";6.1.2020 12:07:16;
157;61;"Floor";"Etage";308;"O";"IS";"IS";10.5.2007 23:16:33;
157;81;"Range Start Date/Time";"Anfangszeitpunkt";0;"O";"DTM";"DTM";29.3.2013 16:30:28;
157;91;"Range Start Date/Time";"Anfangszeitpunkt";0;"O";"DTM";"DTM";2.11.2014 19:17:25;
158;2;"Days";"Anzahl Tage";0;"O";"NM";"NM";17.12.1995 14:42:46;"7-67"
158;3;"Days";"Anzahl Tage";0;"O";"NM";"NM";17.12.1995 14:42:46;"7-67"
158;4;"Days";"Anzahl Tage";0;"O";"NM";"NM";17.12.1995 14:42:46;"7-67"
158;5;"Days";"Anzahl Tage";0;"O";"NM";"NM";17.12.1995 14:42:46;"7-67"
158;6;"Address";"Adresse";0;"O";"AD";"AD";1.9.2003 22:24:14;
158;7;"Address";"Adresse";0;"O";"AD";"AD";28.10.2007 17:49:03;
158;9;"Range End Date/Time";"Endzeitpunkt";0;"O";"DTM";"DTM";18.3.2014 20:07:42;
158;10;"Range End Date/Time";;0;"O";"DTM";"DTM";6.1.2020 12:07:16;
158;61;"Address";"Adresse";0;"O";"AD";"AD";10.5.2007 23:16:33;
158;81;"Range End Date/Time";"Endzeitpunkt";0;"O";"DTM";"DTM";29.3.2013 16:30:28;
158;91;"Range End Date/Time";"Endzeitpunkt";0;"O";"DTM";"DTM";2.11.2014 19:17:25;
159;6;"Point of Care";"Station";302;"O";"IS";"IS";1.9.2003 22:24:14;
159;7;"Point of Care";"Station";302;"O";"IS";"IS";26.10.2007 18:09:43;
159;9;"Date";"Datum";0;"O";"DT";"DT";18.3.2014 20:30:16;
159;10;"Date";;0;"O";"DT";"DT";2.6.2020 20:34:32;
159;61;"Point of Care";"Station";302;"O";"IS";"IS";10.5.2007 23:16:33;
159;81;"Date";"Datum";0;"O";"DT";"DT";15.10.2014 16:46:29;
159;91;"Date";"Datum";0;"O";"DT";"DT";2.11.2014 19:17:25;
160;6;"Room";"Zimmer";303;"O";"IS";"IS";1.9.2003 22:24:14;
160;7;"Room";"Zimmer";303;"O";"IS";"IS";26.10.2007 18:09:43;
160;9;"Date/Time";"Zeitpunkt";0;"O";"DTM";"DTM";18.3.2014 20:51:36;
160;10;"Date/Time ";" ";0;"O";"DTM";"DTM";2.6.2020 20:48:21;" "
160;61;"Room";"Zimmer";303;"O";"IS";"IS";10.5.2007 23:16:33;
160;81;"Date/Time";"Zeitpunkt";0;"O";"DTM";"DTM";15.10.2014 16:46:19;
160;91;"Date/Time";"Zeitpunkt";0;"O";"DTM";"DTM";2.11.2014 19:17:25;
161;6;"Bed";"Bettenstellplatz";304;"O";"IS";"IS";1.9.2003 22:24:14;
161;7;"Bed";"Bettenstellplatz";304;"O";"IS";"IS";26.10.2007 18:09:43;
161;9;"Day Type";"nicht verwendet";149;"O";"CWE";"CWE";18.3.2014 20:07:42;
161;10;"Day Type";;149;"O";"CWE";"CWE";6.1.2020 12:07:16;
161;61;"Bed";"Bettenstellplatz";304;"O";"IS";"IS";10.5.2007 23:16:33;
161;81;"Day Type";"nicht verwendet";149;"O";"CWE";"CWE";29.3.2013 16:30:28;
161;91;"Day Type";"nicht verwendet";149;"O";"CWE";"CWE";2.11.2014 19:17:25;
162;6;"Facility";"Fachbereich";0;"O";"HD";"HD";1.9.2003 22:24:14;
162;7;"Facility";"Fachbereich";0;"O";"HD";"HD";28.10.2007 17:49:03;
162;9;"Number of Days";"nicht verwendet";0;"O";"NM";"NM";18.3.2014 20:07:42;
162;10;"Number of Days";;0;"O";"NM";"NM";6.1.2020 12:07:16;
162;61;"Facility";"Fachbereich";0;"O";"HD";"HD";10.5.2007 23:16:33;
162;81;"Number of Days";"nicht verwendet";0;"O";"NM";"NM";29.3.2013 16:30:28;
162;91;"Number of Days";"nicht verwendet";0;"O";"NM";"NM";2.11.2014 19:17:25;
163;6;"Location Status";"Bettenstatus";306;"O";"IS";"IS";1.9.2003 22:24:14;
163;7;"Location Status";"Bettenstatus";306;"O";"IS";"IS";26.10.2007 18:09:43;
163;9;"Source Application";"Datenquelle";0;"O";"HD";"HD";18.3.2014 20:07:42;
163;10;"Source Application";;0;"O";"HD";"HD";6.1.2020 12:07:16;
163;61;"Location Status";"Bettenstatus";306;"O";"IS";"IS";10.5.2007 23:16:33;
163;81;"Source Application";"Datenquelle";0;"O";"HD";"HD";29.3.2013 16:30:28;
163;91;"Source Application";"Datenquelle";0;"O";"HD";"HD";2.11.2014 19:17:25;
164;6;"Patient Location Type";"Typ des Aufenthaltsortes";305;"O";"IS";"IS";1.9.2003 22:24:14;
164;7;"Patient Location Type";"Typ des Aufenthaltsortes";305;"O";"IS";"IS";26.10.2007 18:09:43;
164;9;"Type of Data";"MIME-Medientyp";834;"O";"ID";"ID";18.3.2014 20:07:42;
164;10;"Type of Data";;834;"O";"ID";"ID";6.1.2020 12:07:16;
164;61;"Patient Location Type";"Typ des Aufenthaltsortes";305;"O";"IS";"IS";10.5.2007 23:16:33;
164;81;"Type of Data";"MIME-Medientyp";834;"O";"ID";"ID";29.3.2013 16:30:28;
164;91;"Type of Data";"MIME-Medientyp";834;"O";"ID";"ID";2.11.2014 19:17:25;
165;6;"Building";"Gebäude";307;"O";"IS";"IS";1.9.2003 22:24:14;
165;7;"Building";"Gebäude";307;"O";"IS";"IS";26.10.2007 18:09:43;
165;9;"Data Subtype";"MIME-Subtyp";291;"O";"ID";"ID";18.3.2014 20:07:42;
165;10;"Data Subtype";;291;"O";"ID";"ID";6.1.2020 12:07:16;
165;61;"Building";"Gebäude";307;"O";"IS";"IS";10.5.2007 23:16:33;
165;81;"Data Subtype";"MIME-Subtyp";291;"O";"ID";"ID";29.3.2013 16:30:28;
165;91;"Data Subtype";"MIME-Subtyp";291;"O";"ID";"ID";2.11.2014 19:17:25;
166;6;"Floor";"Etage";308;"O";"IS";"IS";1.9.2003 22:24:14;
166;7;"Floor";"Etage";308;"O";"IS";"IS";26.10.2007 18:09:43;
166;9;"Encoding";"Kodierung";299;"O";"ID";"ID";18.3.2014 20:07:42;
166;10;"Encoding";;299;"O";"ID";"ID";6.1.2020 12:07:16;
166;61;"Floor";"Etage";308;"O";"IS";"IS";10.5.2007 23:16:33;
166;81;"Encoding";"Kodierung";299;"O";"ID";"ID";29.3.2013 16:30:28;
166;91;"Encoding";"Kodierung";299;"O";"ID";"ID";2.11.2014 19:17:25;
167;6;"Street Address";"Strasse";0;"O";"ST";"ST";1.9.2003 22:24:14;
167;7;"Street Address";"Strasse";0;"O";"ST";"ST";28.10.2007 17:49:03;
167;9;"Data";"Daten";0;"O";"TX";"TX";18.3.2014 20:07:42;
167;10;"Data";;0;"O";"TX";"TX";6.1.2020 12:07:16;
167;61;"Street Address";"Strasse";0;"O";"ST";"ST";10.5.2007 23:16:33;
167;81;"Data";"Daten";0;"O";"TX";"TX";29.3.2013 16:30:28;
167;91;"Data";"Daten";0;"O";"TX";"TX";2.11.2014 19:17:25;
168;6;"Other Designation";"sonst. Adresse";0;"O";"ST";"ST";1.9.2003 22:24:14;
168;7;"Other Designation";"sonst. Adresse";0;"O";"ST";"ST";28.10.2007 17:49:03;
168;9;"Entity Identifier";"Identifikator";0;"O";"ST";"ST";18.3.2014 20:07:42;
168;10;"Entity Identifier";;0;"O";"ST";"ST";6.1.2020 12:07:16;
168;61;"Other Designation";"sonst. Adresse";0;"O";"ST";"ST";10.5.2007 23:16:33;
168;81;"Entity Identifier";"Identifikator";0;"O";"ST";"ST";29.3.2013 16:30:28;
168;91;"Entity Identifier";"Identifikator";0;"O";"ST";"ST";2.11.2014 19:17:25;
169;6;"City";"Ort";0;"O";"ST";"ST";1.9.2003 22:24:14;
169;7;"City";"Ort";0;"O";"ST";"ST";28.10.2007 17:49:03;
169;9;"Namespace ID";"ausgebende Instanz - Identifikator";363;"O";"IS";"IS";18.3.2014 20:07:42;
169;10;"Namespace ID";;363;"O";"IS";"IS";6.1.2020 12:07:16;
169;61;"City";"Ort";0;"O";"ST";"ST";10.5.2007 23:16:33;
169;81;"Namespace ID";"ausgebende Instanz - Identifikator";363;"O";"IS";"IS";29.3.2013 16:30:28;
169;91;"Namespace ID";"ausgebende Instanz - Identifikator";363;"O";"IS";"IS";2.11.2014 19:17:25;
170;6;"State or Province";"Bundesland";0;"O";"ST";"ST";1.9.2003 22:24:14;
170;7;"State or Province";"Bundesland";0;"O";"ST";"ST";28.10.2007 17:49:03;
170;9;"Universal ID";"Identifikator, universelle Form";0;"O";"ST";"ST";18.3.2014 20:07:42;
170;10;"Universal ID";;0;"O";"ST";"ST";6.1.2020 12:07:16;
170;61;"State or Province";"Bundesland";0;"O";"ST";"ST";10.5.2007 23:16:33;
170;81;"Universal ID";"Identifikator, universelle Form";0;"O";"ST";"ST";29.3.2013 16:30:28;
170;91;"Universal ID";"Identifikator, universelle Form";0;"O";"ST";"ST";2.11.2014 19:17:25;
171;6;"Zip or Postal Code";"Postleitzahl";0;"O";"ST";"ST";1.9.2003 22:24:14;
171;7;"Zip or Postal Code";"Postleitzahl";0;"O";"ST";"ST";28.10.2007 17:49:03;
171;9;"Universal ID Type";"Typ der Universal ID";301;"O";"ID";"ID";18.3.2014 20:07:42;
171;10;"Universal ID Type";;301;"O";"ID";"ID";6.1.2020 12:07:16;
171;61;"Zip or Postal Code";"Postleitzahl";0;"O";"ST";"ST";10.5.2007 23:16:33;
171;81;"Universal ID Type";"Typ der Universal ID";301;"O";"ID";"ID";29.3.2013 16:30:28;
171;91;"Universal ID Type";"Typ der Universal ID";301;"O";"ID";"ID";2.11.2014 19:17:25;
172;6;"Country";"Staat";399;"O";"ID";"ID";1.9.2003 22:24:14;
172;7;"Country";"Staat";399;"O";"ID";"ID";26.10.2007 18:09:43;
172;9;"Placer Assigned Identifier";;0;"O";"EI";"EI";18.3.2014 20:07:42;
172;10;"Placer Assigned Identifier";;0;"O";"EI";"EI";6.1.2020 12:07:16;
172;61;"Country";"Staat";399;"O";"ID";"ID";10.5.2007 23:16:33;
172;81;"Placer Assigned Identifier";;0;"O";"EI";"EI";29.3.2013 16:30:28;
172;91;"Placer Assigned Identifier";;0;"O";"EI";"EI";2.11.2014 19:17:25;
173;6;"Address Type";"Typ der Adresse";190;"O";"ID";"ID";1.9.2003 22:24:14;
173;7;"Address Type";"Typ der Adresse";190;"O";"ID";"ID";26.10.2007 18:09:43;
173;9;"Filler Assigned Identifier";;0;"O";"EI";"EI";18.3.2014 20:07:42;
173;10;"Filler Assigned Identifier";;0;"O";"EI";"EI";6.1.2020 12:07:16;
173;61;"Address Type";"Typ der Adresse";190;"O";"ID";"ID";10.5.2007 23:16:33;
173;81;"Filler Assigned Identifier";;0;"O";"EI";"EI";29.3.2013 16:30:28;
173;91;"Filler Assigned Identifier";;0;"O";"EI";"EI";2.11.2014 19:17:25;
174;6;"Other Geographic Designation";"sonst. geogr. Bezeichnung";0;"O";"ST";"ST";1.9.2003 22:24:14;
174;7;"Other Geographic Designation";"sonst. geogr. Bezeichnung";0;"O";"ST";"ST";28.10.2007 17:49:03;
174;9;"Segment ID";"Segmentbezeichnung";0;"O";"ST";"ST";18.3.2014 20:07:42;
174;10;"Segment ID";;0;"O";"ST";"ST";6.1.2020 12:07:16;
174;61;"Other Geographic Designation";"sonst. geogr. Bezeichnung";0;"O";"ST";"ST";10.5.2007 23:16:33;
174;81;"Segment ID";"Segmentbezeichnung";0;"O";"ST";"ST";29.3.2013 16:30:28;
174;91;"Segment ID";"Segmentbezeichnung";0;"O";"ST";"ST";2.11.2014 19:17:25;
175;6;"Sample 1 From Channel 1";;0;"O";"NM";"NM";1.9.2003 22:24:14;
175;7;"Sample Y From Channel 1";;0;"O";"NM";"NM";28.10.2007 17:49:03;
175;9;"Segment Sequence";"Segmentnummer";0;"O";"NM";"NM";18.3.2014 20:07:42;
175;10;"Segment Sequence";;0;"O";"SI";"SI";6.1.2020 12:07:16;
175;61;"Sample 1 From Channel 1";;0;"O";"NM";"NM";10.5.2007 23:16:33;
175;81;"Segment Sequence";"Segmentnummer";0;"O";"NM";"NM";29.3.2013 16:30:28;
175;91;"Segment Sequence";"Segmentnummer";0;"O";"NM";"NM";2.11.2014 19:17:25;
176;6;"Sample 1 From Channel 2";;0;"O";"NM";"NM";1.9.2003 22:24:14;
176;7;"Sample Y From Channel 2";;0;"O";"NM";"NM";28.10.2007 17:49:03;
176;9;"Field Position";"Feldnummer";0;"O";"NM";"NM";18.3.2014 20:07:42;
176;10;"Field Position";;0;"O";"SI";"SI";6.1.2020 12:07:16;
176;61;"Sample 1 From Channel 2";;0;"O";"NM";"NM";10.5.2007 23:16:33;
176;81;"Field Position";"Feldnummer";0;"O";"NM";"NM";29.3.2013 16:30:28;
176;91;"Field Position";"Feldnummer";0;"O";"NM";"NM";2.11.2014 19:17:25;
177;6;"Sample 1 From Channel N";;0;"O";"NM";"NM";1.9.2003 22:24:14;
177;7;"Sample Y From Channel 3";;0;"O";"NM";"NM";28.10.2007 17:49:03;
177;9;"Field Repetition";"Feldvorkommen";0;"O";"NM";"NM";18.3.2014 20:07:42;
177;10;"Field Repetition";;0;"O";"SI";"SI";6.1.2020 12:07:16;
177;61;"Sample 1 From Channel N";;0;"O";"NM";"NM";10.5.2007 23:16:33;
177;81;"Field Repetition";"Feldvorkommen";0;"O";"NM";"NM";29.3.2013 16:30:28;
177;91;"Field Repetition";"Feldvorkommen";0;"O";"NM";"NM";2.11.2014 19:17:25;
178;6;"Sample 2 From Channel 1";;0;"O";"NM";"NM";1.9.2003 22:24:14;
178;7;"Sample Y From Channel 4";;0;"O";"NM";"NM";28.10.2007 17:49:03;
178;9;"Component Number";"Komponentennummer";0;"O";"NM";"NM";18.3.2014 20:07:42;
178;10;"Component Number";;0;"O";"SI";"SI";6.1.2020 12:07:16;
178;61;"Sample 2 From Channel 1";;0;"O";"NM";"NM";10.5.2007 23:16:33;
178;81;"Component Number";"Komponentennummer";0;"O";"NM";"NM";29.3.2013 16:30:28;
178;91;"Component Number";"Komponentennummer";0;"O";"NM";"NM";2.11.2014 19:17:25;
179;6;"Sample 2 From Channel N";;0;"O";"NM";"NM";1.9.2003 22:24:14;
179;7;"Quantity";"Menge";0;"O";"NM";"NM";28.10.2007 17:49:03;
179;9;"Sub-Component Number";"Subkomponentennummer";0;"O";"NM";"NM";18.3.2014 20:07:42;
179;10;"Sub-Component Number";;0;"O";"SI";"SI";6.1.2020 12:07:16;
179;61;"Sample 2 From Channel N";;0;"O";"NM";"NM";10.5.2007 23:16:33;
179;81;"Sub-Component Number";"Subkomponentennummer";0;"O";"NM";"NM";29.3.2013 16:30:28;
179;91;"Sub-Component Number";"Subkomponentennummer";0;"O";"NM";"NM";2.11.2014 19:17:25;
180;6;"Sample N From Channel N";;0;"O";"NM";"NM";1.9.2003 22:24:14;
180;7;"Denomination";"Währung";0;"O";"ID";"ID";28.10.2007 17:49:03;
180;9;"Financial Class Code";;64;"O";"CWE";"CWE";18.3.2014 20:07:42;
180;10;"Financial Class Code";;64;"O";"CWE";"CWE";6.1.2020 12:07:16;
180;61;"Sample N From Channel N";;0;"O";"NM";"NM";10.5.2007 23:16:33;
180;81;"Financial Class Code";;64;"O";"CWE";"CWE";29.3.2013 16:30:28;
180;91;"Financial Class Code";;64;"O";"CWE";"CWE";2.11.2014 19:17:25;
181;6;"Quantity";"Menge";0;"O";"NM";"NM";1.9.2003 22:24:14;
181;7;"Monetary Amount";"Geldbetrag";0;"O";"MO";"MO";28.10.2007 17:49:03;
181;9;"Effective Date";"Gültigkeitsbeginn";0;"O";"DTM";"DTM";18.3.2014 20:07:42;
181;10;"Effective Date";;0;"O";"DTM";"DTM";6.1.2020 12:07:16;
181;61;"Quantity";"Menge";0;"O";"NM";"NM";10.5.2007 23:16:33;
181;81;"Effective Date";"Gültigkeitsbeginn";0;"O";"DTM";"DTM";29.3.2013 16:30:28;
181;91;"Effective Date";"Gültigkeitsbeginn";0;"O";"DTM";"DTM";2.11.2014 19:17:25;
182;6;"Denomination";"Währung";0;"O";"ID";"ID";1.9.2003 22:24:14;
182;7;"Charge Code";"Berechnungsart";0;"O";"CWE";"CWE";28.10.2007 17:49:03;
182;9;"Surname";"gesamter Nachname";0;"O";"ST";"ST";18.3.2014 20:07:42;
182;10;"Surname";;0;"O";"ST";"ST";6.1.2020 12:07:16;
182;61;"Denomination";"Währung";0;"O";"ID";"ID";10.5.2007 23:16:33;
182;81;"Surname";"gesamter Nachname";0;"O";"ST";"ST";29.3.2013 16:30:28;
182;91;"Surname";"gesamter Nachname";0;"O";"ST";"ST";2.11.2014 19:17:25;
183;6;"Monetary Amount";"Geldbetrag";0;"O";"MO";"MO";1.9.2003 22:24:14;
183;7;"Money or Percentage Indicator";"Kennzeichen Währung oder Prozentangabe";148;"O";"ID";"ID";21.3.2017 00:00:00;
183;9;"Own Surname Prefix";"Vorsatzwort des eigenen Nachnamens";0;"O";"ST";"ST";18.3.2014 20:07:42;
183;10;"Own Surname Prefix";;0;"O";"ST";"ST";6.1.2020 12:07:16;
183;61;"Monetary Amount";"Geldbetrag";0;"O";"MO";"MO";10.5.2007 23:16:33;
183;81;"Own Surname Prefix";"Vorsatzwort des eigenen Nachnamens";0;"O";"ST";"ST";29.3.2013 16:30:28;
183;91;"Own Surname Prefix";"Vorsatzwort des eigenen Nachnamens";0;"O";"ST";"ST";2.11.2014 19:17:25;
184;6;"Charge Code";"Berechnungsart";0;"O";"CE";"CE";1.9.2003 22:24:14;
184;7;"Money or Percentage Quantity";;0;"O";"NM";"NM";28.10.2007 17:49:03;
184;9;"Own Surname";"eigener Nachname";0;"O";"ST";"ST";18.3.2014 20:07:42;
184;10;"Own Surname";;0;"O";"ST";"ST";6.1.2020 12:07:16;
184;61;"Charge Code";"Berechnungsart";0;"O";"CE";"CE";10.5.2007 23:16:33;
184;81;"Own Surname";"eigener Nachname";0;"O";"ST";"ST";29.3.2013 16:30:28;
184;91;"Own Surname";"eigener Nachname";0;"O";"ST";"ST";2.11.2014 19:17:25;
185;6;"Money or Percentage Indicator";"Kennzeichen Währung oder Prozentangabe";148;"O";"ID";"ID";21.3.2017 00:00:00;
185;7;"Currency Denomination";;0;"O";"ID";"ID";28.10.2007 17:49:03;
185;9;"Surname Prefix from Partner/Spouse";"Vorsatzwort vom Partner stammender Nachname";0;"O";"ST";"ST";18.3.2014 20:07:42;
185;10;"Surname Prefix from Partner/Spouse";;0;"O";"ST";"ST";6.1.2020 12:07:16;
185;61;"Money or Percentage Indicator";"Kennzeichen Währung oder Prozentangabe";148;"O";"ID";"ID";21.3.2017 00:00:00;
185;81;"Surname Prefix from Partner/Spouse";"Vorsatzwort vom Partner stammender Nachname";0;"O";"ST";"ST";29.3.2013 16:30:28;
185;91;"Surname Prefix from Partner/Spouse";"Vorsatzwort vom Partner stammender Nachname";0;"O";"ST";"ST";2.11.2014 19:17:25;
186;6;"Money or Percentage Quantity";;0;"O";"NM";"NM";1.9.2003 22:24:14;
186;7;"Message Code";"Nachrichtentyp";76;"O";"ID";"ID";26.10.2007 18:09:43;
186;9;"Surname from Partner/Spouse";"vom Partner stammender Nachname";0;"O";"ST";"ST";18.3.2014 20:07:42;
186;10;"Surname from Partner/Spouse";;0;"O";"ST";"ST";6.1.2020 12:07:16;
186;61;"Money or Percentage Quantity";;0;"O";"NM";"NM";10.5.2007 23:16:33;
186;81;"Surname from Partner/Spouse";"vom Partner stammender Nachname";0;"O";"ST";"ST";29.3.2013 16:30:28;
186;91;"Surname from Partner/Spouse";"vom Partner stammender Nachname";0;"O";"ST";"ST";2.11.2014 19:17:25;
187;6;"Currency Denomination";;0;"O";"ID";"ID";1.9.2003 22:24:14;
187;7;"Trigger Event";"Nachrichtenereignis";3;"O";"ID";"ID";26.10.2007 18:09:43;
187;9;"Formatted Text Data";"formatierter Text";0;"O";"FT";"FT";18.3.2014 20:51:36;
187;10;"Formatted Text Data ";" ";0;"O";"FT";"FT";2.6.2020 20:48:21;" "
187;61;"Currency Denomination";;0;"O";"ID";"ID";10.5.2007 23:16:33;
187;81;"Formatted Text Data";"formatierter Text";0;"O";"FT";"FT";15.10.2014 16:46:29;
187;91;"Formatted Text Data";"formatierter Text";0;"O";"FT";"FT";2.11.2014 19:17:25;
188;6;"Message Code";"Nachrichtentyp";76;"O";"ID";"ID";1.9.2003 22:24:14;
188;7;"Message Structure";"Nachrichtenstruktur";354;"O";"ID";"ID";26.10.2007 18:09:43;
188;9;"General Timing Specification";"generische  Zeitangabe";0;"O";"GTS";"GTS";18.3.2014 20:51:36;
188;10;"General Timing Specification";" ";0;"O";"GTS";"GTS";2.6.2020 20:48:21;" "
188;61;"Message Code";"Nachrichtentyp";76;"O";"ID";"ID";10.5.2007 23:16:33;
188;81;"General Timing Specification";"generische  Zeitangabe";0;"O";"GTS";"GTS";15.10.2014 16:46:29;
188;91;"General Timing Specification";"generische  Zeitangabe";0;"O";"GTS";"GTS";2.11.2014 19:17:25;
189;6;"Trigger Event";"Nachrichtenereignis";3;"O";"ID";"ID";1.9.2003 22:24:14;
189;7;"Value1";"Wert 1";0;"O";"NM";"NM";28.10.2007 17:49:03;
189;9;"Namespace ID";"ausgebende Instanz - Identifikator";300;"O";"IS";"IS";18.3.2014 20:07:42;
189;10;"Namespace ID";;300;"O";"IS";"IS";6.1.2020 12:07:16;
189;61;"Trigger Event";"Nachrichtenereignis";3;"O";"ID";"ID";10.5.2007 23:16:33;
189;81;"Namespace ID";"ausgebende Instanz - Identifikator";300;"O";"IS";"IS";29.3.2013 16:30:28;
189;91;"Namespace ID";"ausgebende Instanz - Identifikator";300;"O";"IS";"IS";2.11.2014 19:17:25;
190;6;"Message Structure";"Nachrichtenstruktur";354;"O";"ID";"ID";1.9.2003 22:24:14;
190;7;"Value2";"Wert 2";0;"O";"NM";"NM";28.10.2007 17:49:03;
190;9;"Universal ID";"Identifikator, universelle Form";0;"O";"ST";"ST";18.3.2014 20:07:42;
190;10;"Universal ID";;0;"O";"ST";"ST";6.1.2020 12:07:16;
190;61;"Message Structure";"Nachrichtenstruktur";354;"O";"ID";"ID";10.5.2007 23:16:33;
190;81;"Universal ID";"Identifikator, universelle Form";0;"O";"ST";"ST";29.3.2013 16:30:28;
190;91;"Universal ID";"Identifikator, universelle Form";0;"O";"ST";"ST";2.11.2014 19:17:25;
191;6;"Value1";"Wert 1";0;"O";"NM";"NM";1.9.2003 22:24:14;
191;7;"Value3";"Wert 3";0;"O";"NM";"NM";28.10.2007 17:49:03;
191;9;"Universal ID Type";"Typ der Universal ID";301;"O";"ID";"ID";18.3.2014 20:07:42;
191;10;"Universal ID Type";;301;"O";"ID";"ID";6.1.2020 12:07:16;
191;61;"Value1";"Wert 1";0;"O";"NM";"NM";10.5.2007 23:16:33;
191;81;"Universal ID Type";"Typ der Universal ID";301;"O";"ID";"ID";29.3.2013 16:30:28;
191;91;"Universal ID Type";"Typ der Universal ID";301;"O";"ID";"ID";2.11.2014 19:17:25;
192;6;"Value2";"Wert 2";0;"O";"NM";"NM";1.9.2003 22:24:14;
192;7;"Value4";"Wert 4";0;"O";"NM";"NM";28.10.2007 17:49:03;
192;9;"Certification Patient Type";;150;"O";"CWE";"CWE";18.3.2014 20:07:42;
192;10;"Certification Patient Type";;150;"O";"CWE";"CWE";6.1.2020 12:07:16;
192;61;"Value2";"Wert 2";0;"O";"NM";"NM";10.5.2007 23:16:33;
192;81;"Certification Patient Type";;150;"O";"CWE";"CWE";29.3.2013 16:30:28;
192;91;"Certification Patient Type";;150;"O";"CWE";"CWE";2.11.2014 19:17:25;
193;6;"Value3";"Wert 3";0;"O";"NM";"NM";1.9.2003 22:24:14;
193;9;"Certification Required";;136;"O";"ID";"ID";18.3.2014 20:07:42;
193;10;"Certification Required";;136;"O";"ID";"ID";6.1.2020 12:07:16;
193;61;"Value3";"Wert 3";0;"O";"NM";"NM";10.5.2007 23:16:33;
193;81;"Certification Required";;136;"O";"ID";"ID";29.3.2013 16:30:28;
193;91;"Certification Required";;136;"O";"ID";"ID";2.11.2014 19:17:25;
194;6;"Value4";"Wert 4";0;"O";"NM";"NM";1.9.2003 22:24:14;
194;7;"Name";"Name";0;"O";"CNN";"CNN";28.10.2007 17:49:03;
194;9;"Date/Time Certification Required";"Zeitpunkt Zertifizierung erforderlich";0;"O";"DTM";"DTM";21.3.2017 00:00:00;
194;10;"Date/Time Certification Required";;0;"O";"DTM";"DTM";6.1.2020 12:07:16;
194;61;"Value4";"Wert 4";0;"O";"NM";"NM";10.5.2007 23:16:33;
194;81;"Date/Time Certification Required";"Zeitpunkt Zertifizierung erforderlich";0;"O";"DTM";"DTM";21.3.2017 00:00:00;
194;91;"Date/Time Certification Required";"Zeitpunkt Zertifizierung erforderlich";0;"O";"DTM";"DTM";21.3.2017 00:00:00;
195;7;"Start Date/time";"Startzeitpunkt";0;"O";"DTM";"DTM";28.10.2007 17:49:03;
195;9;"Coded Value for HL7-Defined Tables";;0;"O";"ID";"ID";18.3.2014 20:51:36;
195;10;"Coded Value for HL7-Defined Tables";" ";0;"O";"ID";"ID";2.6.2020 20:48:21;" "
195;81;"Coded Value for HL7-Defined Tables";;0;"O";"ID";"ID";15.10.2014 16:46:29;
195;91;"Coded Value for HL7-Defined Tables";;0;"O";"ID";"ID";2.11.2014 19:17:25;
196;6;"Name";"Name";0;"O";"CNN";"CNN";1.9.2003 22:24:14;
196;7;"End Date/time";"Endzeitpunkt";0;"O";"DTM";"DTM";28.10.2007 17:49:03;
196;9;"Coded Value for User-Defined Tables";;0;"O";"IS";"IS";18.3.2014 20:51:36;
196;10;"Coded Value for User-Defined Tables";" ";0;"O";"IS";"IS";2.6.2020 20:48:21;" "
196;61;"Name";"Name";0;"O";"CNN";"CNN";10.5.2007 23:16:33;
196;81;"Coded Value for User-Defined Tables";;0;"O";"IS";"IS";15.10.2014 16:46:29;
196;91;"Coded Value for User-Defined Tables";;0;"O";"IS";"IS";2.11.2014 19:17:25;
197;6;"Start Date/time";"Startzeitpunkt";0;"O";"TS";"TS";1.9.2003 22:24:14;
197;7;"Point of Care";"Station";302;"O";"IS";"IS";26.10.2007 18:09:43;
197;9;"Job Code";"Next of Kin Job Code/Class";327;"O";"CWE";"CWE";18.3.2014 20:07:42;
197;10;"Job Code";;327;"O";"CWE";"CWE";6.1.2020 12:07:16;
197;61;"Start Date/time";"Startzeitpunkt";0;"O";"TS";"TS";10.5.2007 23:16:33;
197;81;"Job Code";"Next of Kin Job Code/Class";327;"O";"CWE";"CWE";29.3.2013 16:30:28;
197;91;"Job Code";"Next of Kin Job Code/Class";327;"O";"CWE";"CWE";2.11.2014 19:17:25;
198;6;"End Date/time";"Endzeitpunkt";0;"O";"TS";"TS";1.9.2003 22:24:14;
198;7;"Room";"Zimmer";303;"O";"IS";"IS";26.10.2007 18:09:43;
198;9;"Job Class";;328;"O";"CWE";"CWE";18.3.2014 20:07:42;
198;10;"Job Class";;328;"O";"CWE";"CWE";6.1.2020 12:07:16;
198;61;"End Date/time";"Endzeitpunkt";0;"O";"TS";"TS";10.5.2007 23:16:33;
198;81;"Job Class";;328;"O";"CWE";"CWE";29.3.2013 16:30:28;
198;91;"Job Class";;328;"O";"CWE";"CWE";2.11.2014 19:17:25;
199;6;"Point of Care";"Station";302;"O";"IS";"IS";1.9.2003 22:24:14;
199;7;"Bed";"Bettenstellplatz";304;"O";"IS";"IS";26.10.2007 18:09:43;
199;9;"Job Description Text";"Jobbeschreibung";0;"O";"TX";"TX";21.3.2017 00:00:00;
199;10;"Job Description Text";;0;"O";"TX";"TX";6.1.2020 12:07:16;
199;61;"Point of Care";"Station";302;"O";"IS";"IS";10.5.2007 23:16:33;
199;81;"Job Description Text";"Jobbeschreibung";0;"O";"TX";"TX";21.3.2017 00:00:00;
199;91;"Job Description Text";"Jobbeschreibung";0;"O";"TX";"TX";21.3.2017 00:00:00;
200;6;"Room";"Zimmer";303;"O";"IS";"IS";1.9.2003 22:24:14;
200;7;"Facility";"Fachbereich";0;"O";"HD";"HD";28.10.2007 17:49:03;
200;9;"Sample Y From Channel 1";;0;"O";"NM";"NM";18.3.2014 20:07:42;
200;10;"Sample Y From Channel 1";;0;"O";"NM";"NM";6.1.2020 12:07:16;
200;61;"Room";"Zimmer";303;"O";"IS";"IS";10.5.2007 23:16:33;
200;81;"Point of Care";"Station";302;"O";"IS";"IS";29.3.2013 16:30:28;
200;91;"Sample Y From Channel 1";;0;"O";"NM";"NM";2.11.2014 19:17:25;
201;3;"family name";"Familienname";0;"O";"ST";"ST";;
201;4;"family name";"Familienname";0;"O";"ST";"ST";14.4.1999 21:46:18;
201;5;"family name";"Familienname";0;"O";"FN";"FN";8.7.2000 12:20:09;
201;6;"Bed";"Bettenstellplatz";304;"O";"IS";"IS";1.9.2003 22:24:14;
201;7;"Location Status";"Bettenstatus";306;"O";"IS";"IS";26.10.2007 18:09:43;
201;9;"Sample Y From Channel 2";;0;"O";"NM";"NM";18.3.2014 20:07:42;
201;10;"Sample Y From Channel 2";;0;"O";"NM";"NM";6.1.2020 12:07:16;
201;61;"Bed";"Bettenstellplatz";304;"O";"IS";"IS";10.5.2007 23:16:33;
201;81;"Room";"Zimmer";303;"O";"IS";"IS";29.3.2013 16:30:28;
201;91;"Sample Y From Channel 2";;0;"O";"NM";"NM";2.11.2014 19:17:25;
202;3;"address type";"Typ der Adresse";190;"O";"ID";"ID";;
202;4;"address type";"Typ der Adresse";190;"O";"ID";"ID";14.4.1999 21:46:18;
202;5;"address type";"Typ der Adresse";190;"O";"ID";"ID";8.7.2000 12:20:09;
202;6;"Facility";"Fachbereich";0;"O";"HD";"HD";1.9.2003 22:24:14;
202;7;"Patient Location Type";"Typ des Aufenthaltsortes";305;"O";"IS";"IS";26.10.2007 18:09:43;
202;9;"Sample Y From Channel 3";;0;"O";"NM";"NM";18.3.2014 20:07:42;
202;10;"Sample Y From Channel 3";;0;"O";"NM";"NM";6.1.2020 12:07:16;
202;61;"Facility";"Fachbereich";0;"O";"HD";"HD";10.5.2007 23:16:33;
202;81;"Bed";"Bettenstellplatz";304;"O";"IS";"IS";29.3.2013 16:30:28;
202;91;"Sample Y From Channel 3";;0;"O";"NM";"NM";2.11.2014 19:17:25;
203;3;"degree (e.g., MD)";"Titel";0;"O";"ST";"ST";;
203;4;"degree (e.g., MD)";"Titel";360;"O";"IS";"IS";14.4.1999 21:46:18;
203;5;"degree (e.g., MD)";"akad. Grad";360;"O";"IS";"IS";8.7.2000 12:20:09;
203;6;"Location Status";"Bettenstatus";306;"O";"IS";"IS";1.9.2003 22:24:14;
203;7;"Building";"Gebäude";307;"O";"IS";"IS";26.10.2007 18:09:43;
203;9;"Sample Y From Channel 4";;0;"O";"NM";"NM";18.3.2014 20:07:42;
203;10;"Sample Y From Channel 4";;0;"O";"NM";"NM";6.1.2020 12:07:16;
203;61;"Location Status";"Bettenstatus";306;"O";"IS";"IS";10.5.2007 23:16:33;
203;81;"Facility";"Fachbereich";0;"O";"HD";"HD";29.3.2013 16:30:28;
203;91;"Sample Y From Channel 4";;0;"O";"NM";"NM";2.11.2014 19:17:25;
204;6;"Patient Location Type";"Typ des Aufenthaltsortes";305;"O";"IS";"IS";1.9.2003 22:24:14;
204;7;"Floor";"Etage";308;"O";"IS";"IS";26.10.2007 18:09:43;
204;10;"xx";" ";0;"O";"MA";"MA";2.6.2020 20:48:44;" "
204;61;"Patient Location Type";"Typ des Aufenthaltsortes";305;"O";"IS";"IS";10.5.2007 23:16:33;
204;81;"Location Status";"Bettenstatus";306;"O";"IS";"IS";29.3.2013 16:30:28;
205;3;"coverage application identifier";;0;"O";"ID";"ID";;
205;4;"coverage application identifier";;0;"O";"ID";"ID";14.4.1999 21:46:18;
205;5;"coverage application identifier";;0;"O";"ID";"ID";8.7.2000 12:20:09;
205;6;"Building";"Gebäude";307;"O";"IS";"IS";1.9.2003 22:24:14;
205;7;"Numeric";"numerisch";0;"O";"NM";"NM";28.10.2007 17:54:35;
205;9;"Quantity";"Menge";0;"O";"NM";"NM";18.3.2014 20:07:42;
205;10;"Quantity";;0;"O";"NM";"NM";6.1.2020 12:07:16;
205;61;"Building";"Gebäude";307;"O";"IS";"IS";10.5.2007 23:16:33;
205;81;"Patient Location Type";"Typ des Aufenthaltsortes";305;"O";"IS";"IS";29.3.2013 16:30:28;
205;91;"Quantity";"Menge";0;"O";"NM";"NM";2.11.2014 19:17:25;
206;3;"unique authorization identifier";;0;"O";"ID";"ID";;"11-22"
206;4;"unique authorization identifier";;0;"O";"ID";"ID";14.4.1999 21:46:18;"11-22"
206;5;"unique authorization identifier";;0;"O";"ID";"ID";8.7.2000 12:20:09;"11-22"
206;6;"Floor";"Etage";308;"O";"IS";"IS";1.9.2003 22:24:14;
206;7;"Low Value";"unterer Wert";0;"O";"NM";"NM";28.10.2007 17:49:03;
206;9;"Denomination";"Währung";913;"O";"ID";"ID";18.3.2014 20:07:42;
206;10;"Denomination";;913;"O";"ID";"ID";6.1.2020 12:07:16;
206;61;"Floor";"Etage";308;"O";"IS";"IS";10.5.2007 23:16:33;
206;81;"Building";"Gebäude";307;"O";"IS";"IS";29.3.2013 16:30:28;
206;91;"Denomination";"Währung";913;"O";"ID";"ID";2.11.2014 19:17:25;
207;3;"originating application identifier";;0;"O";"ID";"ID";;
207;4;"originating application identifier";;0;"O";"ID";"ID";14.4.1999 21:46:18;
207;5;"originating application identifier";;0;"O";"ID";"ID";8.7.2000 12:20:09;
207;6;"Numeric";"numerisch";0;"O";"NM";"NM";1.9.2003 22:24:14;
207;7;"High Value";"oberer Wert";0;"O";"NM";"NM";28.10.2007 17:49:03;
207;9;"Monetary Amount";"Geldbetrag";0;"O";"MO";"MO";18.3.2014 20:07:42;
207;10;"Monetary Amount";;0;"O";"MO";"MO";6.1.2020 12:07:16;
207;61;"Numeric";"numerisch";0;"O";"NM";"NM";10.5.2007 23:36:41;
207;81;"Floor";"Etage";308;"O";"IS";"IS";29.3.2013 16:30:28;
207;91;"Monetary Amount";"Geldbetrag";0;"O";"MO";"MO";2.11.2014 19:17:25;
208;3;"unique referral identifier";;0;"O";"ID";"ID";;"11-20"
208;4;"unique referral identifier";;0;"O";"ID";"ID";14.4.1999 21:46:18;"11-20"
208;5;"unique referral identifier";;0;"O";"ID";"ID";8.7.2000 12:20:09;"11-20"
208;6;"Low Value";"unterer Wert";0;"O";"NM";"NM";1.9.2003 22:24:14;
208;7;"Occurrence Code";"nicht verwendet";350;"O";"CNE";"CNE";26.10.2007 18:09:43;
208;9;"Charge Code";"Berechnungsart";0;"O";"CWE";"CWE";18.3.2014 20:07:42;
208;10;"Charge Code";;0;"O";"CWE";"CWE";6.1.2020 12:07:16;
208;61;"Low Value";"unterer Wert";0;"O";"NM";"NM";10.5.2007 23:16:33;
208;81;"Address";"Adresse";0;"O";"AD";"AD";29.3.2013 16:30:28;
208;91;"Charge Code";"Berechnungsart";0;"O";"CWE";"CWE";2.11.2014 19:17:25;
209;3;"parameter value";;294;"O";"ST";"ST";;
209;4;"parameter value";;294;"O";"IS";"IS";14.4.1999 21:46:18;
209;5;"parameter value";;294;"O";"ST";"ST";8.7.2000 12:20:09;
209;6;"High Value";"oberer Wert";0;"O";"NM";"NM";1.9.2003 22:24:14;
209;7;"Occurrence Date";"nicht verwendet";0;"O";"DT";"DT";28.10.2007 17:49:03;
209;9;"Money or Percentage Indicator";"Kennzeichen Währung oder Prozentangabe";148;"O";"ID";"ID";21.3.2017 00:00:00;
209;10;"Money or Percentage Indicator";;148;"O";"ID";"ID";6.1.2020 12:07:16;
209;61;"High Value";"oberer Wert";0;"O";"NM";"NM";10.5.2007 23:16:33;
209;81;"Point of Care";"Station";302;"O";"IS";"IS";29.3.2013 16:30:28;
209;91;"Money or Percentage Indicator";"Kennzeichen Währung oder Prozentangabe";148;"O";"ID";"ID";21.3.2017 00:00:00;
210;6;"Occurrence Code";"nicht verwendet";350;"O";"CNE";"CNE";1.9.2003 22:24:14;
210;7;"Sequence/Results Flag";;524;"O";"ID";"ID";26.10.2007 18:09:43;
210;9;"Money or Percentage Quantity";;0;"O";"NM";"NM";18.3.2014 20:07:42;
210;10;"Money or Percentage Quantity";;0;"O";"NM";"NM";6.1.2020 12:07:16;
210;61;"Occurrence Code";"nicht verwendet";350;"O";"CNE";"CNE";10.5.2007 23:16:33;
210;81;"Room";"Zimmer";303;"O";"IS";"IS";29.3.2013 16:30:28;
210;91;"Money or Percentage Quantity";;0;"O";"NM";"NM";2.11.2014 19:17:25;
211;6;"Occurrence Date";"nicht verwendet";0;"O";"DT";"DT";1.9.2003 22:24:14;
211;7;"Placer Order Number: Entity Identifier";;0;"O";"ST";"ST";28.10.2007 17:49:03;
211;9;"Monetary  Denomination";;913;"O";"ID";"ID";18.3.2014 20:07:42;
211;10;"Monetary Denomination";;913;"O";"ID";"ID";6.1.2020 12:07:16;
211;61;"Occurrence Date";"nicht verwendet";0;"O";"DT";"DT";10.5.2007 23:16:33;
211;81;"Bed";"Bettenstellplatz";304;"O";"IS";"IS";29.3.2013 16:30:28;
211;91;"Monetary  Denomination";;913;"O";"ID";"ID";2.11.2014 19:17:25;
212;3;"when to charge code";;100;"O";"ID";"ID";;"4-20"
212;4;"when to charge code";;100;"O";"ID";"ID";14.4.1999 21:46:18;"4-20"
212;5;"when to charge code";;100;"O";"ID";"ID";8.7.2000 12:20:09;"4-20"
212;6;"Sequence/Results Flag";;524;"O";"ID";"ID";1.9.2003 22:24:14;
212;7;"Placer Order Number: Namespace ID";;363;"O";"IS";"IS";26.10.2007 18:09:43;
212;9;"Message Code";"Nachrichtentyp";76;"O";"ID";"ID";18.3.2014 20:07:42;
212;10;"Message Code";;76;"O";"ID";"ID";6.1.2020 12:07:16;
212;61;"Sequence/Results Flag";;524;"O";"ID";"ID";10.5.2007 23:16:33;
212;81;"Facility";"Fachbereich";0;"O";"HD";"HD";29.3.2013 16:30:28;
212;91;"Message Code";"Nachrichtentyp";76;"O";"ID";"ID";2.11.2014 19:17:25;
213;3;"OBX-5-observation results from parent";;0;"O";"CE";"CE";;
213;4;"OBX-5-observation results from parent";;0;"O";"CE";"CE";14.4.1999 21:46:18;
213;5;"OBX-5-observation results from parent";;0;"O";"CE";"CE";8.7.2000 12:20:09;
213;6;"Placer Order Number: Entity Identifier";;0;"O";"ST";"ST";1.9.2003 22:24:14;
213;7;"Filler Order Number: Entity Identifier";;0;"O";"ST";"ST";28.10.2007 17:49:03;
213;9;"Trigger Event";"Nachrichtenereignis";3;"O";"ID";"ID";18.3.2014 20:07:42;
213;10;"Trigger Event";;3;"O";"ID";"ID";6.1.2020 12:07:16;
213;61;"Placer Order Number: Entity Identifier";;0;"O";"ST";"ST";10.5.2007 23:16:33;
213;81;"Location Status";"Bettenstatus";306;"O";"IS";"IS";29.3.2013 16:30:28;
213;91;"Trigger Event";"Nachrichtenereignis";3;"O";"ID";"ID";2.11.2014 19:17:25;
214;3;"filler application identifier";;0;"O";"ID";"ID";;
214;4;"filler application identifier";;0;"O";"ID";"ID";14.4.1999 21:46:18;
214;5;"filler application identifier";;0;"O";"ID";"ID";8.7.2000 12:20:09;
214;6;"Placer Order Number: Namespace ID";;363;"O";"IS";"IS";1.9.2003 22:24:14;
214;7;"Filler Order Number: Namespace ID";;363;"O";"IS";"IS";26.10.2007 18:09:43;
214;9;"Message Structure";"Nachrichtenstruktur";354;"O";"ID";"ID";18.3.2014 20:07:42;
214;10;"Message Structure";;354;"O";"ID";"ID";6.1.2020 12:07:16;
214;61;"Placer Order Number: Namespace ID";;363;"O";"IS";"IS";10.5.2007 23:16:33;
214;81;"Patient Location Type";"Typ des Aufenthaltsortes";305;"O";"IS";"IS";29.3.2013 16:30:28;
214;91;"Message Structure";"Nachrichtenstruktur";354;"O";"ID";"ID";2.11.2014 19:17:25;
215;6;"Filler Order Number: Entity Identifier";;0;"O";"ST";"ST";1.9.2003 22:24:14;
215;7;"Sequence Condition Value";;0;"O";"ST";"ST";28.10.2007 17:49:03;
215;9;"Value1";"Wert 1";0;"O";"NM";"NM";18.3.2014 20:07:42;
215;10;"Value1";;0;"O";"NM";"NM";6.1.2020 12:07:16;
215;61;"Filler Order Number: Entity Identifier";;0;"O";"ST";"ST";10.5.2007 23:16:33;
215;81;"Building";"Gebäude";307;"O";"IS";"IS";29.3.2013 16:30:28;
215;91;"Value1";"Wert 1";0;"O";"NM";"NM";2.11.2014 19:17:25;
216;3;"to value";"Höchstbetrag";0;"O";"NM";"NM";;
216;4;"to value";"Höchstbetrag";0;"O";"NM";"NM";14.4.1999 21:46:18;
216;5;"to value";"Höchstbetrag";0;"O";"NM";"NM";8.7.2000 12:20:09;
216;6;"Filler Order Number: Namespace ID";;363;"O";"IS";"IS";1.9.2003 22:24:14;
216;7;"Maximum Number of Repeats";"maximale Anzahl an Wiederholungen";0;"O";"NM";"NM";21.3.2017 00:00:00;
216;9;"Value2";"Wert 2";0;"O";"NM";"NM";18.3.2014 20:07:42;
216;10;"Value2";;0;"O";"NM";"NM";6.1.2020 12:07:16;
216;61;"Filler Order Number: Namespace ID";;363;"O";"IS";"IS";10.5.2007 23:16:33;
216;81;"Floor";"Etage";308;"O";"IS";"IS";29.3.2013 16:30:28;
216;91;"Value2";"Wert 2";0;"O";"NM";"NM";2.11.2014 19:17:25;
217;3;"range units";"Einheit für Mindest-/Höchstbetrag";0;"O";"CE";"CE";;
217;4;"range units";"Einheit für Mindest-/Höchstbetrag";0;"O";"CE";"CE";14.4.1999 21:46:18;
217;5;"range units";"Einheit für Mindest-/Höchstbetrag";0;"O";"CE";"CE";8.7.2000 12:20:09;
217;6;"Sequence Condition Value";;0;"O";"ST";"ST";1.9.2003 22:24:14;
217;7;"Placer Order Number: Universal ID";;0;"O";"ST";"ST";28.10.2007 17:49:03;
217;9;"Value3";"Wert 3";0;"O";"NM";"NM";18.3.2014 20:07:42;
217;10;"Value3";;0;"O";"NM";"NM";6.1.2020 12:07:16;
217;61;"Sequence Condition Value";;0;"O";"ST";"ST";10.5.2007 23:16:33;
217;81;"Street Address";"Strasse";0;"O";"ST";"ST";29.3.2013 16:30:28;
217;91;"Value3";"Wert 3";0;"O";"NM";"NM";2.11.2014 19:17:25;
218;3;"price";"Wert";0;"O";"MO";"MO";;"6-6"
218;4;"price";"Wert";0;"O";"MO";"MO";14.4.1999 21:46:18;"6-6"
218;5;"price";"Wert";0;"O";"MO";"MO";8.7.2000 12:20:09;"6-6"
218;6;"Maximum Number of Repeats";"maximale Anzahl an Wiederholungen";0;"O";"NM";"NM";21.3.2017 00:00:00;
218;7;"Placer Order Number: Universal ID Type";;301;"O";"ID";"ID";26.10.2007 18:09:43;
218;9;"Value4";"Wert 4";0;"O";"NM";"NM";18.3.2014 20:07:42;
218;10;"Value4";;0;"O";"NM";"NM";6.1.2020 12:07:16;
218;61;"Maximum Number of Repeats";"maximale Anzahl an Wiederholungen";0;"O";"NM";"NM";21.3.2017 00:00:00;
218;81;"Other Designation";"sonst. Adresse";0;"O";"ST";"ST";29.3.2013 16:30:28;
218;91;"Value4";"Wert 4";0;"O";"NM";"NM";2.11.2014 19:17:25;
219;3;"code identifying error";;0;"O";"CE";"CE";;
219;4;"code identifying error";;0;"O";"CE";"CE";14.4.1999 21:46:18;
219;5;"code identifying error";;0;"O";"CE";"CE";8.7.2000 12:20:09;
219;6;"Placer Order Number: Universal ID";;0;"O";"ST";"ST";1.9.2003 22:24:14;
219;7;"Filler Order Number: Universal ID";;0;"O";"ST";"ST";28.10.2007 17:49:03;
219;10;"xx";" ";0;"O";"NA";"NA";2.6.2020 20:48:44;" "
219;61;"Placer Order Number: Universal ID";;0;"O";"ST";"ST";10.5.2007 23:16:33;
219;81;"City";"Ort";0;"O";"ST";"ST";29.3.2013 16:30:28;
220;3;"range type";"anteilige Berechnung";298;"O";"ID";"ID";;"2-17"
220;4;"range type";"anteilige Berechnung";298;"O";"ID";"ID";14.4.1999 21:46:18;"2-17"
220;5;"range type";"anteilige Berechnung";298;"O";"ID";"ID";8.7.2000 12:20:09;"2-17"
220;6;"Placer Order Number: Universal ID Type";;301;"O";"ID";"ID";1.9.2003 22:24:14;
220;7;"Filler Order Number: Universal ID Type";;301;"O";"ID";"ID";26.10.2007 18:09:43;
220;9;"Name";"Name";0;"O";"CNN";"CNN";18.3.2014 20:07:42;
220;10;"Name";;0;"O";"CNN";"CNN";6.1.2020 12:07:16;
220;61;"Placer Order Number: Universal ID Type";;301;"O";"ID";"ID";10.5.2007 23:16:33;
220;81;"State or Province";"Bundesland";0;"O";"ST";"ST";29.3.2013 16:30:28;
220;91;"Name";"Name";0;"O";"CNN";"CNN";2.11.2014 19:17:25;
221;3;"last data code value";"Suchbegriff: Objektbereich";0;"O";"ST";"ST";;
221;4;"last data code value";"Suchbegriff: Objektbereich";0;"O";"ST";"ST";14.4.1999 21:46:18;
221;5;"last data code value";"Suchbegriff: Objektbereich";0;"O";"ST";"ST";8.7.2000 12:20:09;
221;6;"Filler Order Number: Universal ID";;0;"O";"ST";"ST";1.9.2003 22:24:14;
221;7;"Occurrence Span Code";"nicht verwendet";351;"O";"CNE";"CNE";26.10.2007 18:09:43;
221;9;"Start Date/time";"Startzeitpunkt";0;"O";"DTM";"DTM";18.3.2014 20:07:42;
221;10;"Start Date/Time";;0;"O";"DTM";"DTM";6.1.2020 12:07:16;
221;61;"Filler Order Number: Universal ID";;0;"O";"ST";"ST";10.5.2007 23:16:33;
221;81;"Zip or Postal Code";"Postleitzahl";0;"O";"ST";"ST";29.3.2013 16:30:28;
221;91;"Start Date/time";"Startzeitpunkt";0;"O";"DTM";"DTM";2.11.2014 19:17:25;
222;3;"parameter class";;0;"O";"IS";"IS";;"10-46"
222;4;"parameter class";;0;"O";"IS";"IS";14.4.1999 21:46:18;"10-46"
222;5;"parameter class";;0;"O";"IS";"IS";8.7.2000 12:20:09;"10-46"
222;6;"Filler Order Number: Universal ID Type";;301;"O";"ID";"ID";1.9.2003 22:24:14;
222;7;"Occurrence Span Start Date";"nicht verwendet";0;"O";"DT";"DT";28.10.2007 17:49:03;
222;9;"End Date/time";"Endzeitpunkt";0;"O";"DTM";"DTM";18.3.2014 20:07:42;
222;10;"End Date/Time";;0;"O";"DTM";"DTM";6.1.2020 12:07:16;
222;61;"Filler Order Number: Universal ID Type";;301;"O";"ID";"ID";10.5.2007 23:16:33;
222;81;"Country";"Staat";399;"O";"ID";"ID";29.3.2013 16:30:28;
222;91;"End Date/time";"Endzeitpunkt";0;"O";"DTM";"DTM";2.11.2014 19:17:25;
223;3;"message type";"Nachrichtentyp";76;"O";"ID";"ID";;"2-67"
223;4;"message type";"Nachrichtentyp";76;"O";"ID";"ID";14.4.1999 21:46:18;"2-67"
223;5;"message type";"Nachrichtentyp";76;"O";"ID";"ID";8.7.2000 12:20:09;"2-67"
223;6;"Occurrence Span Code";"nicht verwendet";351;"O";"CNE";"CNE";1.9.2003 22:24:14;
223;7;"Occurrence Span Stop Date";"nicht verwendet";0;"O";"DT";"DT";28.10.2007 17:49:03;
223;9;"Point of Care";"Station";302;"O";"IS";"IS";18.3.2014 20:07:42;
223;10;"Point of Care ";;302;"O";"IS";"IS";6.1.2020 12:07:16;
223;61;"Occurrence Span Code";"nicht verwendet";351;"O";"CNE";"CNE";10.5.2007 23:16:33;
223;81;"Address Type";"Typ der Adresse";190;"O";"ID";"ID";29.3.2013 16:30:28;
223;91;"Point of Care";"Station";302;"O";"IS";"IS";2.11.2014 19:17:25;
224;3;"field position";"Feldnummer";0;"O";"NM";"NM";;
224;4;"field position";"Feldnummer";0;"O";"NM";"NM";14.4.1999 21:46:18;
224;5;"field position";"Feldnummer";0;"O";"NM";"NM";8.7.2000 12:20:09;
224;6;"Occurrence Span Start Date";"nicht verwendet";0;"O";"DT";"DT";1.9.2003 22:24:14;
224;7;"Privilege";;525;"O";"CWE";"CWE";26.10.2007 18:09:43;
224;9;"Room";"Zimmer";303;"O";"IS";"IS";18.3.2014 20:07:42;
224;10;"Room ";;303;"O";"IS";"IS";6.1.2020 12:07:16;
224;61;"Occurrence Span Start Date";"nicht verwendet";0;"O";"DT";"DT";10.5.2007 23:16:33;
224;81;"Other Geographic Designation";"sonst. geogr. Bezeichnung";0;"O";"ST";"ST";29.3.2013 16:30:28;
224;91;"Room";"Zimmer";303;"O";"IS";"IS";2.11.2014 19:17:25;
225;3;"segment ID";"Segmentbezeichnung";0;"O";"ST";"ST";;"2-76"
225;4;"segment ID";"Segmentbezeichnung";0;"O";"ST";"ST";14.4.1999 21:46:18;"2-76"
225;5;"segment ID";"Segmentbezeichnung";0;"O";"ST";"ST";8.7.2000 12:20:09;"2-76"
225;6;"Occurrence Span Stop Date";"nicht verwendet";0;"O";"DT";"DT";1.9.2003 22:24:14;
225;7;"Privilege Class";;526;"O";"CWE";"CWE";26.10.2007 18:09:43;
225;9;"Bed";"Bettenstellplatz";304;"O";"IS";"IS";18.3.2014 20:07:42;
225;10;"Bed";;304;"O";"IS";"IS";6.1.2020 12:07:16;
225;61;"Occurrence Span Stop Date";"nicht verwendet";0;"O";"DT";"DT";10.5.2007 23:16:33;
225;81;"Sample Y From Channel 1";;0;"O";"NM";"NM";29.3.2013 16:30:28;
225;91;"Bed";"Bettenstellplatz";304;"O";"IS";"IS";2.11.2014 19:17:25;
226;6;"Privilege";;525;"O";"CE";"CE";1.9.2003 22:24:14;
226;7;"Expiration Date";"Gültigkeitsende";0;"O";"DT";"DT";28.10.2007 17:49:03;
226;9;"Facility";"Fachbereich";0;"O";"HD";"HD";18.3.2014 20:07:42;
226;10;"Facility";;0;"O";"HD";"HD";6.1.2020 12:07:16;
226;61;"Privilege";;525;"O";"CE";"CE";10.5.2007 23:16:33;
226;81;"Sample Y From Channel 2";;0;"O";"NM";"NM";29.3.2013 16:30:28;
226;91;"Facility";"Fachbereich";0;"O";"HD";"HD";2.11.2014 19:17:25;
227;3;"name type code";"Art des Namens";200;"O";"ID";"ID";;"2-45"
227;4;"name type code";"Art des Namens";200;"O";"ID";"ID";14.4.1999 21:46:18;"2-45"
227;5;"name type code";"Art des Namens";200;"O";"ID";"ID";8.7.2000 12:20:09;"2-45"
227;6;"Privilege Class";;526;"O";"CE";"CE";1.9.2003 22:24:14;
227;7;"Activation Date";"Aktivierungsdatum";0;"O";"DT";"DT";21.3.2017 00:00:00;
227;9;"Location Status";"Bettenstatus";306;"O";"IS";"IS";18.3.2014 20:07:42;
227;10;"Location Status ";;306;"O";"IS";"IS";6.1.2020 12:07:16;
227;61;"Privilege Class";;526;"O";"CE";"CE";10.5.2007 23:16:33;
227;81;"Sample Y From Channel 3";;0;"O";"NM";"NM";29.3.2013 16:30:28;
227;91;"Location Status";"Bettenstatus";306;"O";"IS";"IS";2.11.2014 19:17:25;
228;3;"telecommunication use code";"Verwendungszweck";201;"O";"ID";"ID";;
228;4;"telecommunication use code";"Verwendungszweck";201;"O";"ID";"ID";14.4.1999 21:46:18;
228;5;"telecommunication use code";"Verwendungszweck";201;"O";"ID";"ID";8.7.2000 12:20:09;
228;6;"Expiration Date";"Gültigkeitsende";0;"O";"DT";"DT";1.9.2003 22:24:14;
228;7;"Facility";"Fachbereich";0;"O";"EI";"EI";28.10.2007 17:49:03;
228;9;"Patient Location Type";"Typ des Aufenthaltsortes";305;"O";"IS";"IS";18.3.2014 20:07:42;
228;10;"Patient Location Type";;305;"O";"IS";"IS";6.1.2020 12:07:16;
228;61;"Expiration Date";"Gültigkeitsende";0;"O";"DT";"DT";10.5.2007 23:16:33;
228;81;"Sample Y From Channel 4";;0;"O";"NM";"NM";29.3.2013 16:30:28;
228;91;"Patient Location Type";"Typ des Aufenthaltsortes";305;"O";"IS";"IS";2.11.2014 19:17:25;
229;3;"identifier check digit";"Prüfziffer";0;"O";"ST";"ST";;"2-43"
229;4;"identifier check digit";"Prüfziffer";0;"O";"ST";"ST";14.4.1999 21:46:18;"2-43"
229;5;"identifier check digit";"Prüfziffer";0;"O";"ST";"ST";8.7.2000 12:20:09;"2-43"
229;6;"Activation Date";"Aktivierungsdatum";0;"O";"DT";"DT";21.3.2017 00:00:00;
229;7;"Point of Care";"Station";302;"O";"IS";"IS";26.10.2007 18:09:43;
229;9;"Building";"Gebäude";307;"O";"IS";"IS";18.3.2014 20:07:42;
229;10;"Building ";;307;"O";"IS";"IS";6.1.2020 12:07:16;
229;61;"Activation Date";"Aktivierungsdatum";0;"O";"DT";"DT";21.3.2017 00:00:00;
229;91;"Building";"Gebäude";307;"O";"IS";"IS";2.11.2014 19:17:25;
230;3;"processing mode";"Verarbeitungsmodus";207;"O";"ST";"ST";;
230;4;"processing mode";"Verarbeitungsmodus";207;"O";"ID";"ID";14.4.1999 21:46:18;
230;5;"processing mode";"Verarbeitungsmodus";207;"O";"ID";"ID";8.7.2000 12:20:09;
230;6;"Facility";"Fachbereich";0;"O";"EI";"EI";1.9.2003 22:24:14;
230;7;"Room";"Zimmer";303;"O";"IS";"IS";26.10.2007 18:09:43;
230;9;"Floor";"Etage";308;"O";"IS";"IS";18.3.2014 20:07:42;
230;10;"Floor";;308;"O";"IS";"IS";6.1.2020 12:07:16;
230;61;"Facility";"Fachbereich";0;"O";"EI";"EI";10.5.2007 23:16:33;
230;81;"Quantity";"Menge";0;"O";"NM";"NM";29.3.2013 16:30:28;
230;91;"Floor";"Etage";308;"O";"IS";"IS";2.11.2014 19:17:25;
231;3;"processing ID";"Verarbeitungskontext";103;"O";"ST";"ST";;"2-72"
231;4;"processing ID";"Verarbeitungskontext";103;"O";"ID";"ID";14.4.1999 21:46:18;"2-72"
231;5;"processing ID";"Verarbeitungskontext";103;"O";"ID";"ID";8.7.2000 12:20:09;"2-72"
231;6;"Point of Care";"Station";302;"O";"IS";"IS";1.9.2003 22:24:14;
231;7;"Bed";"Bettenstellplatz";304;"O";"IS";"IS";26.10.2007 18:09:43;
231;9;"Numeric";"numerisch";0;"O";"NM";"NM";18.3.2014 20:51:36;
231;10;"Numeric";" ";0;"O";"NM";"NM";2.6.2020 20:48:21;" "
231;61;"Point of Care";"Station";302;"O";"IS";"IS";10.5.2007 23:16:33;
231;81;"Denomination";"Währung";913;"O";"ID";"ID";29.3.2013 16:30:28;
231;91;"Numeric";"numerisch";0;"O";"NM";"NM";2.11.2014 19:17:25;
232;3;"point of care (ID)";"Station";302;"O";"ID";"ID";9.1.1999 00:00:00;"3-41"
232;4;"point of care";"Station";302;"O";"IS";"IS";14.4.1999 21:46:18;"3-41"
232;5;"point of care";"Station";302;"O";"IS";"IS";8.7.2000 12:20:09;"3-41"
232;6;"Room";"Zimmer";303;"O";"IS";"IS";1.9.2003 22:24:14;
232;7;"Facility";"Fachbereich";0;"O";"HD";"HD";28.10.2007 17:49:03;
232;9;"Low Value";"unterer Wert";0;"O";"NM";"NM";18.3.2014 20:07:42;
232;10;"Low Value";;0;"O";"NM";"NM";6.1.2020 12:07:16;
232;61;"Room";"Zimmer";303;"O";"IS";"IS";10.5.2007 23:16:33;
232;81;"Monetary Amount";"Geldbetrag";0;"O";"MO";"MO";29.3.2013 16:30:28;
232;91;"Low Value";"unterer Wert";0;"O";"NM";"NM";2.11.2014 19:17:25;
233;6;"Bed";"Bettenstellplatz";304;"O";"IS";"IS";1.9.2003 22:24:14;
233;7;"Location Status";"Bettenstatus";306;"O";"IS";"IS";26.10.2007 18:09:43;
233;9;"High Value";"oberer Wert";0;"O";"NM";"NM";18.3.2014 20:07:42;
233;10;"High Value";;0;"O";"NM";"NM";6.1.2020 12:07:16;
233;61;"Bed";"Bettenstellplatz";304;"O";"IS";"IS";10.5.2007 23:16:33;
233;81;"Charge Code";"Berechnungsart";0;"O";"CWE";"CWE";29.3.2013 16:30:28;
233;91;"High Value";"oberer Wert";0;"O";"NM";"NM";2.11.2014 19:17:25;
234;6;"Facility";"Fachbereich";0;"O";"HD";"HD";1.9.2003 22:24:14;
234;7;"Person Location Type";"Typ des Aufenthaltsortes";305;"O";"IS";"IS";26.10.2007 18:09:43;
234;9;"Occurrence Code";"nicht verwendet";350;"O";"CNE";"CNE";18.3.2014 20:07:42;
234;10;"Occurrence Code";;350;"O";"CNE";"CNE";6.1.2020 12:07:16;
234;61;"Facility";"Fachbereich";0;"O";"HD";"HD";10.5.2007 23:16:33;
234;81;"Money or Percentage Indicator";"Kennzeichen Währung oder Prozentangabe";148;"O";"ID";"ID";21.3.2017 00:00:00;
234;91;"Occurrence Code";"nicht verwendet";350;"O";"CNE";"CNE";2.11.2014 19:17:25;
235;3;"prefix (e.g., DR)";"Namensvorsatz";0;"O";"ST";"ST";;
235;4;"prefix (e.g., DR)";"Namensvorsatz";0;"O";"ST";"ST";14.4.1999 21:46:18;
235;5;"prefix (e.g., DR)";"Namensvorsatz";0;"O";"ST";"ST";8.7.2000 12:20:09;
235;6;"Location Status";"Bettenstatus";306;"O";"IS";"IS";1.9.2003 22:24:14;
235;7;"Building";"Gebäude";307;"O";"IS";"IS";26.10.2007 18:09:43;
235;9;"Occurrence Date";"nicht verwendet";0;"O";"DT";"DT";18.3.2014 20:07:42;
235;10;"Occurrence Date";;0;"O";"DT";"DT";6.1.2020 12:07:16;
235;61;"Location Status";"Bettenstatus";306;"O";"IS";"IS";10.5.2007 23:16:33;
235;81;"Money or Percentage Quantity";;0;"O";"NM";"NM";29.3.2013 16:30:28;
235;91;"Occurrence Date";"nicht verwendet";0;"O";"DT";"DT";2.11.2014 19:17:25;
236;6;"Person Location Type";"Typ des Aufenthaltsortes";305;"O";"IS";"IS";1.9.2003 22:24:14;
236;7;"Floor";"Etage";308;"O";"IS";"IS";26.10.2007 18:09:43;
236;9;"Occurrence Span Code";"nicht verwendet";351;"O";"CNE";"CNE";18.3.2014 20:07:42;
236;10;"Original Sub-Identifier";;0;"O";"ST";"ST";6.1.2020 12:07:16;
236;61;"Person Location Type";"Typ des Aufenthaltsortes";305;"O";"IS";"IS";10.5.2007 23:16:33;
236;81;"Monetary  Denomination";;913;"O";"ID";"ID";29.3.2013 16:30:28;
236;91;"Occurrence Span Code";"nicht verwendet";351;"O";"CNE";"CNE";2.11.2014 19:17:25;
237;3;"assigning facility";"Ausstellungsort";0;"O";"HD";"HD";;
237;4;"assigning facility";"Ausstellungsort";0;"O";"HD";"HD";14.4.1999 21:46:18;
237;5;"assigning facility";"Ausstellungsort";0;"O";"HD";"HD";8.7.2000 12:20:09;
237;6;"Building";"Gebäude";307;"O";"IS";"IS";1.9.2003 22:24:14;
237;7;"Location Description";"Beschreibung";0;"O";"ST";"ST";28.10.2007 17:49:03;
237;9;"Occurrence Span Start Date";"nicht verwendet";0;"O";"DT";"DT";18.3.2014 20:07:42;
237;10;"Group";;0;"O";"NM";"NM";6.1.2020 12:07:16;
237;61;"Building";"Gebäude";307;"O";"IS";"IS";10.5.2007 23:16:33;
237;81;"Message Code";"Nachrichtentyp";76;"O";"ID";"ID";29.3.2013 16:30:28;
237;91;"Occurrence Span Start Date";"nicht verwendet";0;"O";"DT";"DT";2.11.2014 19:17:25;
238;3;"other qualifying info";;0;"O";"ST";"ST";;
238;4;"other qualifying info";;0;"O";"ST";"ST";14.4.1999 21:46:18;
238;5;"other qualifying info";;0;"O";"ST";"ST";8.7.2000 12:20:09;
238;6;"Floor";"Etage";308;"O";"IS";"IS";1.9.2003 22:24:14;
238;7;"Comprehensive Location Identifier";"Identifikator";0;"O";"EI";"EI";28.10.2007 17:49:03;
238;9;"Occurrence Span Stop Date";"nicht verwendet";0;"O";"DT";"DT";18.3.2014 20:07:42;
238;10;"Sequence";;0;"O";"NM";"NM";6.1.2020 12:07:16;
238;61;"Floor";"Etage";308;"O";"IS";"IS";10.5.2007 23:16:33;
238;81;"Trigger Event";"Nachrichtenereignis";3;"O";"ID";"ID";29.3.2013 16:30:28;
238;91;"Occurrence Span Stop Date";"nicht verwendet";0;"O";"DT";"DT";2.11.2014 19:17:25;
239;6;"Location Description";"Beschreibung";0;"O";"ST";"ST";1.9.2003 22:24:14;
239;7;"Assigning Authority for Location";"ausgebende Instanz";0;"O";"HD";"HD";28.10.2007 17:49:03;
239;9;"Privilege";;525;"O";"CWE";"CWE";18.3.2014 20:07:42;
239;10;"Identifier";;0;"O";"ST";"ST";6.1.2020 12:07:16;
239;61;"Location Description";"Beschreibung";0;"O";"ST";"ST";10.5.2007 23:16:33;
239;81;"Message Structure";"Nachrichtenstruktur";354;"O";"ID";"ID";29.3.2013 16:30:28;
239;91;"Privilege";;525;"O";"CWE";"CWE";2.11.2014 19:17:25;
240;6;"Comprehensive Location Identifier";"Identifikator";0;"O";"EI";"EI";1.9.2003 22:24:14;
240;7;"ID Number";"Identifikator";0;"O";"ST";"ST";28.10.2007 17:49:03;
240;9;"Privilege Class";;526;"O";"CWE";"CWE";18.3.2014 20:07:42;
240;10;"Occurrence Span Code";;351;"O";"CNE";"CNE";6.1.2020 12:07:16;
240;61;"Comprehensive Location Identifier";"Identifikator";0;"O";"EI";"EI";10.5.2007 23:16:33;
240;81;"Value1";"Wert 1";0;"O";"NM";"NM";29.3.2013 16:30:28;
240;91;"Privilege Class";;526;"O";"CWE";"CWE";2.11.2014 19:17:25;
241;3;"application ID";"Datenquelle";0;"O";"HD";"HD";;"11-26"
241;4;"application ID";"Datenquelle";0;"O";"HD";"HD";14.4.1999 21:46:18;"11-26"
241;5;"application ID";"Datenquelle";0;"O";"HD";"HD";8.7.2000 12:20:09;"11-26"
241;6;"Assigning Authority for Location";"ausgebende Instanz";0;"O";"HD";"HD";1.9.2003 22:24:14;
241;7;"Type of ID Number";;338;"O";"IS";"IS";26.10.2007 18:09:43;
241;9;"Expiration Date";"Gültigkeitsende";0;"O";"DT";"DT";18.3.2014 20:07:42;
241;10;"Occurrence Span Start Date";;0;"O";"DT";"DT";6.1.2020 12:07:16;
241;61;"Assigning Authority for Location";"ausgebende Instanz";0;"O";"HD";"HD";10.5.2007 23:16:33;
241;81;"Value2";"Wert 2";0;"O";"NM";"NM";29.3.2013 16:30:28;
241;91;"Expiration Date";"Gültigkeitsende";0;"O";"DT";"DT";2.11.2014 19:17:25;
242;6;"ID Number";"Identifikator";0;"O";"ST";"ST";1.9.2003 22:24:14;
242;7;"State/other Qualifying Information";;0;"O";"ST";"ST";28.10.2007 17:49:03;
242;9;"Activation Date";"Aktivierungsdatum";0;"O";"DT";"DT";21.3.2017 00:00:00;
242;10;"Occurrence Span Stop Date";;0;"O";"DT";"DT";6.1.2020 12:07:16;
242;61;"ID Number";"Identifikator";0;"O";"ST";"ST";10.5.2007 23:16:33;
242;81;"Value3";"Wert 3";0;"O";"NM";"NM";29.3.2013 16:30:28;
242;91;"Activation Date";"Aktivierungsdatum";0;"O";"DT";"DT";21.3.2017 00:00:00;
243;3;"assigning facility ID";"Ausstellungsort";0;"O";"HD";"HD";;
243;4;"assigning facility ID";"Ausstellungsort";300;"O";"HD";"HD";14.4.1999 21:46:18;
243;5;"assigning facility ID";"Ausstellungsort";300;"O";"HD";"HD";8.7.2000 12:20:09;
243;6;"Type of ID Number";;338;"O";"IS";"IS";1.9.2003 22:24:14;
243;7;"Expiration Date";"Gültigkeitsende";0;"O";"DT";"DT";28.10.2007 17:49:03;
243;9;"Facility";"Fachbereich";0;"O";"EI";"EI";18.3.2014 20:07:42;
243;10;"Privilege";;525;"O";"CWE";"CWE";6.1.2020 12:07:16;
243;61;"Type of ID Number";;338;"O";"IS";"IS";10.5.2007 23:16:33;
243;81;"Value4";"Wert 4";0;"O";"NM";"NM";29.3.2013 16:30:28;
243;91;"Facility";"Fachbereich";0;"O";"EI";"EI";2.11.2014 19:17:25;
244;3;"name type";"Art des Namens";200;"O";"ID";"ID";;
244;4;"name type";"Art des Namens";200;"O";"ID";"ID";14.4.1999 21:46:18;
244;5;"name type";"Art des Namens";200;"O";"ID";"ID";8.7.2000 12:20:09;
244;6;"State/other Qualifying Information";;0;"O";"ST";"ST";1.9.2003 22:24:14;
244;7;"ID Number";"Identifikator";0;"O";"ST";"ST";28.10.2007 17:49:03;
244;9;"Point of Care";"Station";302;"O";"HD";"HD";18.3.2014 20:07:42;
244;10;"Privilege Class";;526;"O";"CWE";"CWE";6.1.2020 12:07:16;
244;61;"State/other Qualifying Information";;0;"O";"ST";"ST";10.5.2007 23:16:33;
244;91;"Point of Care";"Station";302;"O";"HD";"HD";2.11.2014 19:17:25;
245;3;"facility (HD)";"Fachbereich";0;"O";"HD";"HD";;"2-27"
245;4;"facility (HD)";"Fachbereich";0;"O";"HD";"HD";14.4.1999 21:46:18;"2-27"
245;5;"facility (HD)";"Fachbereich";0;"O";"HD";"HD";8.7.2000 12:20:09;"2-27"
245;6;"Expiration Date";"Gültigkeitsende";0;"O";"DT";"DT";1.9.2003 22:24:14;
245;7;"Family Name";"Familienname";0;"O";"FN";"FN";28.10.2007 17:49:03;
245;9;"Room";"Zimmer";303;"O";"HD";"HD";18.3.2014 20:07:42;
245;10;"Expiration Date";;0;"O";"DT";"DT";6.1.2020 12:07:16;
245;61;"Expiration Date";"Gültigkeitsende";0;"O";"DT";"DT";10.5.2007 23:16:33;
245;81;"Name";"Name";0;"O";"CNN";"CNN";29.3.2013 16:30:28;
245;91;"Room";"Zimmer";303;"O";"HD";"HD";2.11.2014 19:17:25;
246;3;"maximum column width";"maximale Spaltenbreite";0;"O";"NM";"NM";21.3.2017 00:00:00;
246;4;"maximum column width";"maximale Spaltenbreite";0;"O";"NM";"NM";21.3.2017 00:00:00;
246;5;"maximum column width";"maximale Spaltenbreite";0;"O";"NM";"NM";21.3.2017 00:00:00;
246;6;"ID Number";"Identifikator";0;"O";"ST";"ST";1.9.2003 22:24:14;
246;7;"Given Name";"Vorname";0;"O";"ST";"ST";28.10.2007 17:49:03;
246;9;"Bed";"Bettenstellplatz";304;"O";"HD";"HD";18.3.2014 20:07:42;
246;10;"Activation Date";;0;"O";"DT";"DT";6.1.2020 12:07:16;
246;61;"ID Number";"Identifikator";0;"O";"ST";"ST";10.5.2007 23:16:33;
246;81;"Start Date/time";"Startzeitpunkt";0;"O";"DTM";"DTM";29.3.2013 16:30:28;
246;91;"Bed";"Bettenstellplatz";304;"O";"HD";"HD";2.11.2014 19:17:25;
247;3;"telecommunication equipment type";"Telekommunikationsmethode";0;"O";"ID";"ID";;
247;4;"telecommunication equipment type";"Telekommunikationsmethode";0;"O";"ID";"ID";14.4.1999 21:46:18;
247;5;"telecommunication equipment type";"Telekommunikationsmethode";0;"O";"ID";"ID";8.7.2000 12:20:09;
247;6;"Family Name";"Familienname";0;"O";"FN";"FN";1.9.2003 22:24:14;
247;7;"Second and Further Given Names or Initials Thereof";"weitere Vornamen oder Initialien";0;"O";"ST";"ST";28.10.2007 17:49:03;
247;9;"Facility";"Fachbereich";0;"O";"HD";"HD";18.3.2014 20:07:42;
247;10;"Facility";;0;"O";"EI";"EI";6.1.2020 12:07:16;
247;61;"Family Name";"Familienname";0;"O";"FN";"FN";10.5.2007 23:16:33;
247;81;"End Date/time";"Endzeitpunkt";0;"O";"DTM";"DTM";29.3.2013 16:30:28;
247;91;"Facility";"Fachbereich";0;"O";"HD";"HD";2.11.2014 19:17:25;
248;3;"start day range";"erster Tag";267;"O";"ID";"ID";;"8-40 (C)"
248;4;"start day range";"erster Tag";267;"O";"ID";"ID";14.4.1999 21:46:18;"8-40 (C)"
248;5;"start day range";"erster Tag";267;"O";"ID";"ID";8.7.2000 12:20:09;"8-40 (C)"
248;6;"Given Name";"Vorname";0;"O";"ST";"ST";1.9.2003 22:24:14;
248;7;"Suffix (e.g., JR or III)";"Namenszusatz";0;"O";"ST";"ST";28.10.2007 17:49:03;
248;9;"Location Status";"Bettenstatus";306;"O";"IS";"IS";18.3.2014 20:07:42;
248;10;"Point of Care";;302;"O";"HD";"HD";6.1.2020 12:07:16;
248;61;"Given Name";"Vorname";0;"O";"ST";"ST";10.5.2007 23:16:33;
248;81;"Point of Care";"Station";302;"O";"IS";"IS";29.3.2013 16:30:28;
248;91;"Location Status";"Bettenstatus";306;"O";"IS";"IS";2.11.2014 19:17:25;
249;3;"from value";"Mindestbetrag";0;"O";"NM";"NM";;
249;4;"from value";"Mindestbetrag";0;"O";"NM";"NM";14.4.1999 21:46:18;
249;5;"from value";"Mindestbetrag";0;"O";"NM";"NM";8.7.2000 12:20:09;
249;6;"Second and Further Given Names or Initials Thereof";"weitere Vornamen oder Initialien";0;"O";"ST";"ST";1.9.2003 22:24:14;
249;7;"Prefix (e.g., DR)";"Namensvorsatz";0;"O";"ST";"ST";28.10.2007 17:49:03;
249;9;"Person Location Type";"Typ des Aufenthaltsortes";305;"O";"IS";"IS";18.3.2014 20:07:42;
249;10;"Room";;303;"O";"HD";"HD";6.1.2020 12:07:16;
249;61;"Second and Further Given Names or Initials Thereof";"weitere Vornamen oder Initialien";0;"O";"ST";"ST";10.5.2007 23:16:33;
249;81;"Room";"Zimmer";303;"O";"IS";"IS";29.3.2013 16:30:28;
249;91;"Person Location Type";"Typ des Aufenthaltsortes";305;"O";"IS";"IS";2.11.2014 19:17:25;
250;3;"email address";"E-Mail-Adresse";0;"O";"ST";"ST";;
250;4;"email address";"E-Mail-Adresse";0;"O";"ST";"ST";14.4.1999 21:46:18;
250;5;"email address";"E-Mail-Adresse";0;"O";"ST";"ST";8.7.2000 12:20:09;
250;6;"Suffix (e.g., JR or III)";"Namenszusatz";0;"O";"ST";"ST";1.9.2003 22:24:14;
250;7;"Degree (e.g., MD)";"nicht mehr verwenden";360;"O";"IS";"IS";26.10.2007 18:09:43;
250;9;"Building";"Gebäude";307;"O";"HD";"HD";18.3.2014 20:07:42;
250;10;"Bed";;304;"O";"HD";"HD";6.1.2020 12:07:16;
250;61;"Suffix (e.g., JR or III)";"Namenszusatz";0;"O";"ST";"ST";10.5.2007 23:16:33;
250;81;"Bed";"Bettenstellplatz";304;"O";"IS";"IS";29.3.2013 16:30:28;
250;91;"Building";"Gebäude";307;"O";"HD";"HD";2.11.2014 19:17:25;
251;3;"county/parish";"Gemeindekennziffer";0;"O";"ID";"ID";;
251;4;"county/parish";"Gemeindekennziffer";0;"O";"ID";"ID";14.4.1999 21:46:18;
251;5;"county/parish";"Gemeindekennziffer";0;"O";"ID";"ID";8.7.2000 12:20:09;
251;6;"Prefix (e.g., DR)";"Namensvorsatz";0;"O";"ST";"ST";1.9.2003 22:24:14;
251;7;"Source Table";"Quelle der ID";297;"O";"IS";"IS";26.10.2007 18:09:43;
251;9;"Floor";"Etage";308;"O";"HD";"HD";18.3.2014 20:07:42;
251;10;"Facility";;0;"O";"HD";"HD";6.1.2020 12:07:16;
251;61;"Prefix (e.g., DR)";"Namensvorsatz";0;"O";"ST";"ST";10.5.2007 23:16:33;
251;81;"Facility";"Fachbereich";0;"O";"HD";"HD";29.3.2013 16:30:28;
251;91;"Floor";"Etage";308;"O";"HD";"HD";2.11.2014 19:17:25;
252;3;"identifier type code";"Typ des Identifikators";203;"O";"IS";"IS";;"2-18"
252;4;"identifier type code";"Typ des Identifikators";203;"O";"IS";"IS";14.4.1999 21:46:18;"2-18"
252;5;"identifier type code (ID)";"Typ des Identifikators";203;"O";"ID";"ID";8.7.2000 12:20:09;"2-18"
252;6;"Degree (e.g., MD)";"nicht mehr verwenden";360;"O";"IS";"IS";1.9.2003 22:24:14;
252;7;"Assigning Authority";"ausgebende Instanz";363;"O";"HD";"HD";26.10.2007 18:09:43;
252;9;"Location Description";"Beschreibung";0;"O";"ST";"ST";18.3.2014 20:07:42;
252;10;"Location Status";;306;"O";"IS";"IS";6.1.2020 12:07:16;
252;61;"Degree (e.g., MD)";"nicht mehr verwenden";360;"O";"IS";"IS";10.5.2007 23:16:33;
252;81;"Location Status";"Bettenstatus";306;"O";"IS";"IS";29.3.2013 16:30:28;
252;91;"Location Description";"Beschreibung";0;"O";"ST";"ST";2.11.2014 19:17:25;
253;3;"organization name";"Organisationsname";0;"O";"ST";"ST";;"8-33 (C)"
253;4;"organization name";"Organisationsname";0;"O";"ST";"ST";14.4.1999 21:46:18;"8-33 (C)"
253;5;"organization name";"Organisationsname";0;"O";"ST";"ST";8.7.2000 12:20:09;"8-33 (C)"
253;6;"Source Table";"Quelle der ID";297;"O";"IS";"IS";1.9.2003 22:24:14;
253;7;"Name Type Code";"Art des Namens";200;"O";"ID";"ID";26.10.2007 18:09:43;
253;9;"Comprehensive Location Identifier";"Identifikator";0;"O";"EI";"EI";18.3.2014 20:07:42;
253;10;"Person Location Type";;305;"O";"IS";"IS";6.1.2020 12:07:16;
253;61;"Source Table";"Quelle der ID";297;"O";"IS";"IS";10.5.2007 23:16:33;
253;81;"Patient Location Type";"Typ des Aufenthaltsortes";305;"O";"IS";"IS";29.3.2013 16:30:28;
253;91;"Comprehensive Location Identifier";"Identifikator";0;"O";"EI";"EI";2.11.2014 19:17:25;
254;6;"Assigning Authority";"ausgebende Instanz";363;"O";"HD";"HD";1.9.2003 22:24:14;
254;7;"Identifier Check Digit";"Prüfziffer";0;"O";"ST";"ST";28.10.2007 17:49:03;
254;9;"Assigning Authority for Location";"ausgebende Instanz";363;"O";"HD";"HD";18.3.2014 20:07:42;
254;10;"Building";;307;"O";"HD";"HD";6.1.2020 12:07:16;
254;61;"Assigning Authority";"ausgebende Instanz";363;"O";"HD";"HD";10.5.2007 23:16:33;
254;81;"Building";"Gebäude";307;"O";"IS";"IS";29.3.2013 16:30:28;
254;91;"Assigning Authority for Location";"ausgebende Instanz";363;"O";"HD";"HD";2.11.2014 19:17:25;
255;6;"Name Type Code";"Art des Namens";200;"O";"ID";"ID";1.9.2003 22:24:14;
255;7;"Check Digit Scheme";"Prüfzifferverfahren";61;"O";"ID";"ID";26.10.2007 18:09:43;
255;9;"ID Number";"Identifikator";0;"O";"ST";"ST";18.3.2014 20:07:42;
255;10;"Floor";;308;"O";"HD";"HD";6.1.2020 12:07:16;
255;61;"Name Type Code";"Art des Namens";200;"O";"ID";"ID";10.5.2007 23:16:33;
255;81;"Floor";"Etage";308;"O";"IS";"IS";29.3.2013 16:30:28;
255;91;"ID Number";"Identifikator";0;"O";"ST";"ST";2.11.2014 19:17:25;
256;3;"occurrence";;0;"O";"DT";"DT";;
256;4;"occurrence";;0;"O";"DT";"DT";14.4.1999 21:46:18;
256;5;"occurrence";;0;"O";"DT";"DT";8.7.2000 12:20:09;
256;6;"Identifier Check Digit";"Prüfziffer";0;"O";"ST";"ST";1.9.2003 22:24:14;
256;7;"Identifier Type Code";"Typ des Identifikators";203;"O";"ID";"ID";26.10.2007 18:09:43;
256;9;"Type of ID Number";;338;"O";"CWE";"CWE";18.3.2014 20:07:42;
256;10;"Location Description";;0;"O";"ST";"ST";6.1.2020 12:07:16;
256;61;"Identifier Check Digit";"Prüfziffer";0;"O";"ST";"ST";10.5.2007 23:16:33;
256;81;"Numeric";"numerisch";0;"O";"NM";"NM";15.10.2014 16:46:29;
256;91;"Type of ID Number";;338;"O";"CWE";"CWE";2.11.2014 19:17:25;
257;3;"HL7 date type";;0;"O";"ST";"ST";;
257;4;"HL7 date type";;0;"O";"ST";"ST";14.4.1999 21:46:18;
257;5;"HL7 date type";;440;"O";"ST";"ST";8.7.2000 12:20:09;
257;6;"Check Digit Scheme";"Prüfzifferverfahren";61;"O";"ID";"ID";1.9.2003 22:24:14;
257;7;"Assigning Facility";"Ausstellungsort";0;"O";"HD";"HD";28.10.2007 17:49:03;
257;9;"State/other Qualifying Information";;0;"O";"ST";"ST";18.3.2014 20:07:42;
257;10;"Comprehensive Location Identifier";;0;"O";"EI";"EI";6.1.2020 12:07:16;
257;61;"Check Digit Scheme";"Prüfzifferverfahren";61;"O";"ID";"ID";10.5.2007 23:16:33;
257;81;"Low Value";"unterer Wert";0;"O";"NM";"NM";29.3.2013 16:30:28;
257;91;"State/other Qualifying Information";;0;"O";"ST";"ST";2.11.2014 19:17:25;
258;3;"end day range";"letzter Tag";267;"O";"ID";"ID";;
258;4;"end day range";"letzter Tag";267;"O";"ID";"ID";14.4.1999 21:46:18;
258;5;"end day range";"letzter Tag";267;"O";"ID";"ID";8.7.2000 12:20:09;
258;6;"Identifier Type Code";"Typ des Identifikators";203;"O";"ID";"ID";1.9.2003 22:24:14;
258;7;"Date/Time Action Performed";"Ausführugszeitpunkt";0;"O";"DTM";"DTM";28.10.2007 17:49:03;
258;9;"Expiration Date";"Gültigkeitsende";0;"O";"DT";"DT";18.3.2014 20:07:42;
258;10;"Assigning Authority for Location";;363;"O";"HD";"HD";6.1.2020 12:07:16;
258;61;"Identifier Type Code";"Typ des Identifikators";203;"O";"ID";"ID";10.5.2007 23:16:33;
258;81;"High Value";"oberer Wert";0;"O";"NM";"NM";29.3.2013 16:30:28;
258;91;"Expiration Date";"Gültigkeitsende";0;"O";"DT";"DT";2.11.2014 19:17:25;
259;3;"field name";"Feldname";0;"O";"ST";"ST";9.1.1999 00:00:00;"2-95"
259;4;"field name";"Feldname";0;"O";"ST";"ST";14.4.1999 21:46:18;"2-95"
259;5;"segment field name";;0;"O";"ST";"ST";8.7.2000 12:20:09;"2-95"
259;6;"Assigning Facility";"Ausstellungsort";0;"O";"HD";"HD";1.9.2003 22:24:14;
259;7;"Name Representation Code";"Namensdarstellung";465;"O";"ID";"ID";26.10.2007 18:09:43;
259;9;"Person Identifier";;0;"O";"ST";"ST";18.3.2014 20:07:42;
259;10;"ID Number";;0;"O";"ST";"ST";6.1.2020 12:07:16;
259;61;"Assigning Facility";"Ausstellungsort";0;"O";"HD";"HD";10.5.2007 23:16:33;
259;81;"Occurrence Code";"nicht verwendet";350;"O";"CNE";"CNE";29.3.2013 16:30:28;
259;91;"Person Identifier";;0;"O";"ST";"ST";2.11.2014 19:17:25;
260;3;"value1&value2&value3";"Wert 1 + Wert 2 + Wert 3 + ..";0;"O";"ST";"ST";9.1.1999 00:00:00;
260;4;"value1&value2&value3";"Wert 1 + Wert 2 + Wert 3 + ..";0;"O";"ST";"ST";14.4.1999 21:46:18;
260;5;"value1&value2&value3";"Wert 1 + Wert 2 + Wert 3 + ..";0;"O";"ST";"ST";8.7.2000 12:20:09;
260;6;"Date/Time Action Performed";"Ausführugszeitpunkt";0;"O";"TS";"TS";1.9.2003 22:24:14;
260;7;"Name Context";"Namenskontext";448;"O";"CWE";"CWE";26.10.2007 18:09:43;
260;9;"Family Name";"Familienname";0;"O";"FN";"FN";18.3.2014 20:07:42;
260;10;"Type of ID Number";;338;"O";"CWE";"CWE";6.1.2020 12:07:16;
260;61;"Date/Time Action Performed";"Ausführugszeitpunkt";0;"O";"TS";"TS";10.5.2007 23:16:33;
260;81;"Occurrence Date";"nicht verwendet";0;"O";"DT";"DT";29.3.2013 16:30:28;
260;91;"Family Name";"Familienname";0;"O";"FN";"FN";2.11.2014 19:17:25;
261;3;"state/other qualifying info";;0;"O";"ST";"ST";;
261;4;"state/other qualifying info";;0;"O";"ST";"ST";14.4.1999 21:46:18;
261;5;"state/other qualifying info";;0;"O";"ST";"ST";8.7.2000 12:20:09;
261;6;"Name Representation Code";"Namensdarstellung";465;"O";"ID";"ID";1.9.2003 22:24:14;
261;7;"Name Validity Range";"Gültigkeitszeitraum";0;"O";"DR";"DR";28.10.2007 17:49:03;
261;9;"Given Name";"Vorname";0;"O";"ST";"ST";18.3.2014 20:07:42;
261;10;"State/other Qualifying Information";;0;"O";"ST";"ST";6.1.2020 12:07:16;
261;61;"Name Representation Code";"Namensdarstellung";465;"O";"ID";"ID";10.5.2007 23:16:33;
261;81;"Occurrence Span Code";"nicht verwendet";351;"O";"CNE";"CNE";29.3.2013 16:30:28;
261;91;"Given Name";"Vorname";0;"O";"ST";"ST";2.11.2014 19:17:25;
262;3;"institution";"Institution";0;"O";"CE";"CE";;
262;4;"institution";"Institution";0;"O";"CE";"CE";14.4.1999 21:46:18;
262;5;"institution";"Institution";0;"O";"CE";"CE";8.7.2000 12:20:09;
262;6;"Name Context";"Namenskontext";448;"O";"CE";"CE";1.9.2003 22:24:14;
262;7;"Name Assembly Order";"Anzeigereihenfolge der Namensbestandteile";444;"O";"ID";"ID";26.10.2007 18:09:43;
262;9;"Second and Further Given Names or Initials Thereof";"weitere Vornamen oder Initialien";0;"O";"ST";"ST";18.3.2014 20:07:42;
262;10;"Expiration Date";;0;"O";"DT";"DT";6.1.2020 12:07:16;
262;61;"Name Context";"Namenskontext";448;"O";"CE";"CE";10.5.2007 23:16:33;
262;81;"Occurrence Span Start Date";"nicht verwendet";0;"O";"DT";"DT";29.3.2013 16:30:28;
262;91;"Second and Further Given Names or Initials Thereof";"weitere Vornamen oder Initialien";0;"O";"ST";"ST";2.11.2014 19:17:25;
263;3;"duplicate code";;0;"O";"ID";"ID";;"3-59"
263;4;"duplicate code";;0;"O";"ID";"ID";14.4.1999 21:46:18;"3-59"
263;5;"duplicate code";;0;"O";"ID";"ID";8.7.2000 12:20:09;"3-59"
263;6;"Name Validity Range";"Gültigkeitszeitraum";0;"O";"DR";"DR";1.9.2003 22:24:14;
263;7;"Effective Date";"Gültigkeitsbeginn";0;"O";"DTM";"DTM";28.10.2007 17:49:03;
263;9;"Suffix (e.g., JR or III)";"Namenszusatz";0;"O";"ST";"ST";18.3.2014 20:07:42;
263;10;"Person Identifier";;0;"O";"ST";"ST";6.1.2020 12:07:16;
263;61;"Name Validity Range";"Gültigkeitszeitraum";0;"O";"DR";"DR";10.5.2007 23:16:33;
263;81;"Occurrence Span Stop Date";"nicht verwendet";0;"O";"DT";"DT";29.3.2013 16:30:28;
263;91;"Suffix (e.g., JR or III)";"Namenszusatz";0;"O";"ST";"ST";2.11.2014 19:17:25;
264;3;"patient identifier";"ID des Patienten";0;"O";"CX";"CX";;
264;4;"patient identifier";"ID des Patienten";0;"O";"CX";"CX";14.4.1999 21:46:18;
264;5;"patient identifier";"ID des Patienten";0;"O";"CX";"CX";8.7.2000 12:20:09;
264;6;"Name Assembly Order";"Anzeigereihenfolge der Namensbestandteile";444;"O";"ID";"ID";1.9.2003 22:24:14;
264;7;"Expiration Date";"Gültigkeitsende";0;"O";"DTM";"DTM";28.10.2007 17:49:03;
264;9;"Prefix (e.g., DR)";"Namensvorsatz";0;"O";"ST";"ST";18.3.2014 20:07:42;
264;10;"Family Name";;0;"O";"FN";"FN";6.1.2020 12:07:16;
264;61;"Name Assembly Order";"Anzeigereihenfolge der Namensbestandteile";444;"O";"ID";"ID";10.5.2007 23:16:33;
264;81;"Privilege";;525;"O";"CWE";"CWE";29.3.2013 16:30:28;
264;91;"Prefix (e.g., DR)";"Namensvorsatz";0;"O";"ST";"ST";2.11.2014 19:17:25;
265;3;"segment unique key (EL)";;0;"O";"ST";"ST";;"6-11/17/21"
265;4;"segment unique key (EL)";;0;"O";"ST";"ST";14.4.1999 21:46:18;"6-11/17/21"
265;5;"segment unique key (EL)";;0;"O";"ST";"ST";8.7.2000 12:20:09;"6-11/17/21"
265;6;"Effective Date";"Gültigkeitsbeginn";0;"O";"TS";"TS";1.9.2003 22:24:14;
265;7;"Professional Suffix";"akademische Grade und sonst. Berufszugehörigkeiten";0;"O";"ST";"ST";28.10.2007 17:49:03;
265;9;"Degree (e.g., MD)";"nicht mehr verwenden";0;"O";"-";"-";18.3.2014 20:51:36;
265;10;"Given Name";;0;"O";"ST";"ST";6.1.2020 12:07:16;
265;61;"Effective Date";"Gültigkeitsbeginn";0;"O";"TS";"TS";10.5.2007 23:16:33;
265;81;"Privilege Class";;526;"O";"CWE";"CWE";29.3.2013 16:30:28;
265;91;"Degree (e.g., MD)";"nicht mehr verwenden";0;"O";"-";"-";2.11.2014 19:17:25;
266;3;"census tract";"nicht verwendet";0;"O";"IS";"IS";;
266;4;"census tract";"nicht verwendet";288;"O";"IS";"IS";14.4.1999 21:46:18;
266;5;"census tract";"nicht verwendet";288;"O";"IS";"IS";8.7.2000 12:20:09;
266;6;"Expiration Date";"Gültigkeitsende";0;"O";"TS";"TS";1.9.2003 22:24:14;
266;7;"Assigning Jurisdiction";"ausgebende Körperschaft";0;"O";"CWE";"CWE";28.10.2007 17:49:03;
266;9;"Source Table";"Quelle der ID";297;"O";"CWE";"CWE";18.3.2014 20:07:42;
266;10;"Second and Further Given Names or Initials Thereof";;0;"O";"ST";"ST";6.1.2020 12:07:16;
266;61;"Expiration Date";"Gültigkeitsende";0;"O";"TS";"TS";10.5.2007 23:16:33;
266;81;"Expiration Date";"Gültigkeitsende";0;"O";"DT";"DT";29.3.2013 16:30:28;
266;91;"Source Table";"Quelle der ID";297;"O";"CWE";"CWE";2.11.2014 19:17:25;
267;3;"job class";;328;"O";"IS";"IS";;"2-25"
267;4;"job class";;328;"O";"IS";"IS";14.4.1999 21:46:18;"2-25"
267;5;"job class";;328;"O";"IS";"IS";8.7.2000 12:20:09;"2-25"
267;6;"Professional Suffix";"akademische Grade und sonst. Berufszugehörigkeiten";0;"O";"ST";"ST";1.9.2003 22:24:14;
267;7;"Assigning Agency or Department";"ausgebende Abteilung";0;"O";"CWE";"CWE";28.10.2007 17:49:03;
267;9;"Assigning Authority";"ausgebende Instanz";363;"O";"HD";"HD";18.3.2014 20:07:42;
267;10;"Suffix (e.g., JR or III)";;0;"O";"ST";"ST";6.1.2020 12:07:16;
267;61;"Professional Suffix";"akademische Grade und sonst. Berufszugehörigkeiten";0;"O";"ST";"ST";10.5.2007 23:16:33;
267;81;"Activation Date";"Aktivierungsdatum";0;"O";"DT";"DT";21.3.2017 00:00:00;
267;91;"Assigning Authority";"ausgebende Instanz";363;"O";"HD";"HD";2.11.2014 19:17:25;
268;3;"HL7 item number";;0;"O";"ST";"ST";;"2-94"
268;4;"segment field name";;0;"O";"ST";"ST";14.4.1999 21:46:18;"2-44"
268;5;"segment field name";;0;"O";"ST";"ST";8.7.2000 12:20:09;"2-44"
268;6;"Assigning Jurisdiction";"ausgebende Körperschaft";0;"O";"CWE";"CWE";1.9.2003 22:24:14;
268;7;"Parent Observation Identifier";;0;"O";"CWE";"CWE";28.10.2007 17:49:03;
268;9;"Name Type Code";"Art des Namens";200;"O";"ID";"ID";18.3.2014 20:07:42;
268;10;"Prefix (e.g., DR)";;0;"O";"ST";"ST";6.1.2020 12:07:16;
268;61;"Assigning Jurisdiction";"ausgebende Körperschaft";0;"O";"CWE";"CWE";10.5.2007 23:16:33;
268;81;"Facility";"Fachbereich";0;"O";"EI";"EI";29.3.2013 16:30:28;
268;91;"Name Type Code";"Art des Namens";200;"O";"ID";"ID";2.11.2014 19:17:25;
269;3;"range end date/time";"Endzeitpunkt";0;"O";"TS";"TS";;
269;4;"range end date/time";"Endzeitpunkt";0;"O";"TS";"TS";14.4.1999 21:46:18;
269;5;"range end date/time";"Endzeitpunkt";0;"O";"TS";"TS";8.7.2000 12:20:09;
269;6;"Assigning Agency or Department";"ausgebende Abteilung";0;"O";"CWE";"CWE";1.9.2003 22:24:14;
269;7;"Parent Observation Sub-identifier";;0;"O";"ST";"ST";28.10.2007 17:49:03;
269;9;"Identifier Check Digit";"Prüfziffer";0;"O";"ST";"ST";18.3.2014 20:07:42;
269;10;"Degree (e.g., MD)";" ";0;"O";"-";"-";2.6.2020 20:48:21;" "
269;61;"Assigning Agency or Department";"ausgebende Abteilung";0;"O";"CWE";"CWE";10.5.2007 23:16:33;
269;81;"Point of Care";"Station";302;"O";"HD";"HD";29.3.2013 16:30:28;
269;91;"Identifier Check Digit";"Prüfziffer";0;"O";"ST";"ST";2.11.2014 19:17:25;
270;3;"unique filler appointment identifier";;0;"O";"ID";"ID";;"10-30/36"
270;4;"unique filler appointment identifier";;0;"O";"ID";"ID";14.4.1999 21:46:18;"10-30/36"
270;5;"unique filler appointment identifier";;0;"O";"ID";"ID";8.7.2000 12:20:09;"10-30/36"
270;6;"Parent Observation Identifier";;0;"O";"CE";"CE";1.9.2003 22:24:14;
270;7;"Parent Observation Value Descriptor";;0;"O";"TX";"TX";28.10.2007 17:49:03;
270;9;"Check Digit Scheme";"Prüfzifferverfahren";61;"O";"ID";"ID";18.3.2014 20:07:42;
270;10;"Source Table";;297;"O";"-";"-";6.1.2020 12:07:16;
270;61;"Parent Observation Identifier";;0;"O";"CE";"CE";10.5.2007 23:16:33;
270;81;"Room";"Zimmer";303;"O";"HD";"HD";29.3.2013 16:30:28;
270;91;"Check Digit Scheme";"Prüfzifferverfahren";61;"O";"ID";"ID";2.11.2014 19:17:25;
271;3;"building";"Gebäude";307;"O";"IS";"IS";9.1.1999 00:00:00;
271;4;"building";"Gebäude";307;"O";"IS";"IS";14.4.1999 21:46:18;
271;5;"building";"Gebäude";307;"O";"IS";"IS";8.7.2000 12:20:09;
271;6;"Parent Observation Sub-identifier";;0;"O";"ST";"ST";1.9.2003 22:24:14;
271;7;"Processing ID";"Verarbeitungskontext";103;"O";"ID";"ID";26.10.2007 18:09:43;
271;9;"Identifier Type Code";"Typ des Identifikators";203;"O";"ID";"ID";18.3.2014 20:07:42;
271;10;"Assigning Authority";;363;"O";"HD";"HD";6.1.2020 12:07:16;
271;61;"Parent Observation Sub-identifier";;0;"O";"ST";"ST";10.5.2007 23:16:33;
271;81;"Bed";"Bettenstellplatz";304;"O";"HD";"HD";29.3.2013 16:30:28;
271;91;"Identifier Type Code";"Typ des Identifikators";203;"O";"ID";"ID";2.11.2014 19:17:25;
272;3;"source table";"Quelle der ID";297;"O";"ID";"ID";9.1.1999 00:00:00;"2-16"
272;4;"source table";"Quelle der ID";297;"O";"IS";"IS";14.4.1999 21:46:18;"2-16"
272;5;"source table";"Quelle der ID";297;"O";"IS";"IS";8.7.2000 12:20:09;"2-16"
272;6;"Parent Observation Value Descriptor";;0;"O";"TX";"TX";1.9.2003 22:24:14;
272;7;"Processing Mode";"Verarbeitungsmodus";207;"O";"ID";"ID";26.10.2007 18:09:43;
272;9;"Assigning Facility";"Ausstellungsort";0;"O";"HD";"HD";18.3.2014 20:07:42;
272;10;"Name Type Code";;200;"O";"ID";"ID";6.1.2020 12:07:16;
272;61;"Parent Observation Value Descriptor";;0;"O";"TX";"TX";10.5.2007 23:16:33;
272;81;"Facility";"Fachbereich";0;"O";"HD";"HD";29.3.2013 16:30:28;
272;91;"Assigning Facility";"Ausstellungsort";0;"O";"HD";"HD";2.11.2014 19:17:25;
273;3;"suffix (e.g., JR or III)";"Namenszusatz";0;"O";"ST";"ST";;
273;4;"suffix (e.g., JR or III)";"Namenszusatz";0;"O";"ST";"ST";14.4.1999 21:46:18;
273;5;"suffix (e.g., JR or III)";"Namenszusatz";0;"O";"ST";"ST";8.7.2000 12:20:09;
273;6;"Processing ID";"Verarbeitungskontext";103;"O";"ID";"ID";1.9.2003 22:24:14;
273;7;"Policy Type";"Art und Umfang der Versicherung";147;"O";"IS";"IS";26.10.2007 18:09:43;
273;9;"Date/Time Action Performed";"Ausführugszeitpunkt";0;"O";"DTM";"DTM";18.3.2014 20:07:42;
273;10;"Identifier Check Digit";;0;"O";"ST";"ST";6.1.2020 12:07:16;
273;61;"Processing ID";"Verarbeitungskontext";103;"O";"ID";"ID";10.5.2007 23:16:33;
273;81;"Location Status";"Bettenstatus";306;"O";"IS";"IS";29.3.2013 16:30:28;
273;91;"Date/Time Action Performed";"Ausführugszeitpunkt";0;"O";"DTM";"DTM";2.11.2014 19:17:25;
274;3;"placer group type";;0;"O";"ID";"ID";;
274;4;"placer group type";;0;"O";"ID";"ID";14.4.1999 21:46:18;
274;5;"placer group type";;0;"O";"ID";"ID";8.7.2000 12:20:09;
274;6;"Processing Mode";"Verarbeitungsmodus";207;"O";"ID";"ID";1.9.2003 22:24:14;
274;7;"Amount Class";"Art und Umfang der Versicherung";193;"O";"IS";"IS";26.10.2007 18:09:43;
274;9;"Name Representation Code";"Namensdarstellung";465;"O";"ID";"ID";18.3.2014 20:07:42;
274;10;"Check Digit Scheme ";;61;"O";"ID";"ID";6.1.2020 12:07:16;
274;61;"Processing Mode";"Verarbeitungsmodus";207;"O";"ID";"ID";10.5.2007 23:16:33;
274;81;"Person Location Type";"Typ des Aufenthaltsortes";305;"O";"IS";"IS";29.3.2013 16:30:28;
274;91;"Name Representation Code";"Namensdarstellung";465;"O";"ID";"ID";2.11.2014 19:17:25;
275;6;"Policy Type";"Art und Umfang der Versicherung";147;"O";"IS";"IS";1.9.2003 22:24:14;
275;7;"Money or Percentage Quantity";;0;"O";"NM";"NM";28.10.2007 17:49:03;
275;9;"Name Context";"Namenskontext";448;"O";"CWE";"CWE";18.3.2014 20:07:42;
275;10;"Identifier Type Code";;203;"O";"ID";"ID";6.1.2020 12:07:16;
275;61;"Policy Type";"Art und Umfang der Versicherung";147;"O";"IS";"IS";10.5.2007 23:16:33;
275;81;"Building";"Gebäude";307;"O";"HD";"HD";29.3.2013 16:30:28;
275;91;"Name Context";"Namenskontext";448;"O";"CWE";"CWE";2.11.2014 19:17:25;
276;3;"room type";"Zimmertyp / Kostenanteil";145;"O";"ID";"ID";;"6-37"
276;4;"room type";"Zimmertyp / Kostenanteil";145;"O";"ID";"ID";14.4.1999 21:46:18;"6-37"
276;5;"room type";"Zimmertyp / Kostenanteil";145;"O";"ID";"ID";8.7.2000 12:20:09;"6-37"
276;6;"Amount Class";"Art und Umfang der Versicherung";193;"O";"IS";"IS";1.9.2003 22:24:14;
276;7;"Money or Percentage";"Währung oder Prozentangabe";0;"O";"MOP";"MOP";21.3.2017 00:00:00;
276;9;"Name Validity Range";"Gültigkeitszeitraum";0;"O";"-";"-";18.3.2014 20:51:36;
276;10;"Assigning Facility";;0;"O";"HD";"HD";6.1.2020 12:07:16;
276;61;"Amount Class";"Art und Umfang der Versicherung";193;"O";"IS";"IS";10.5.2007 23:16:33;
276;81;"Floor";"Etage";308;"O";"HD";"HD";29.3.2013 16:30:28;
276;91;"Name Validity Range";"Gültigkeitszeitraum";0;"O";"-";"-";2.11.2014 19:17:25;
277;3;"organization name type code";"Art des Organisationsnamens";204;"O";"IS";"IS";;"2-44"
277;4;"organization name type code";"Art des Organisationsnamens";204;"O";"IS";"IS";14.4.1999 21:46:18;"2-44"
277;5;"organization name type code";"Art des Organisationsnamens";204;"O";"IS";"IS";8.7.2000 12:20:09;"2-44"
277;6;"Money or Percentage Quantity";;0;"O";"NM";"NM";1.9.2003 22:24:14;
277;7;"Segment Field Name";;0;"O";"ST";"ST";28.10.2007 17:49:03;
277;9;"Name Assembly Order";"Anzeigereihenfolge der Namensbestandteile";444;"O";"ID";"ID";18.3.2014 20:07:42;
277;10;"Date/Time Action Performed";;0;"O";"DTM";"DTM";6.1.2020 12:07:16;
277;61;"Money or Percentage Quantity";;0;"O";"NM";"NM";10.5.2007 23:16:33;
277;81;"Location Description";"Beschreibung";0;"O";"ST";"ST";29.3.2013 16:30:28;
277;91;"Name Assembly Order";"Anzeigereihenfolge der Namensbestandteile";444;"O";"ID";"ID";2.11.2014 19:17:25;
278;3;"explicit time interval";"ausdrückliches Zeitintervall";0;"O";"ST";"ST";21.3.2017 00:00:00;
278;4;"explicit time interval";"ausdrückliches Zeitintervall";0;"O";"ST";"ST";21.3.2017 00:00:00;
278;5;"explicit time interval";"ausdrückliches Zeitintervall";0;"O";"ST";"ST";21.3.2017 00:00:00;
278;6;"Money or Percentage";"Währung oder Prozentangabe";0;"O";"MOP";"MOP";21.3.2017 00:00:00;
278;7;"Values";;0;"O";"ST";"ST";28.10.2007 17:49:03;
278;9;"Effective Date";"Gültigkeitsbeginn";0;"O";"DTM";"DTM";18.3.2014 20:07:42;
278;10;"Name Representation Code";;465;"O";"ID";"ID";6.1.2020 12:07:16;
278;61;"Money or Percentage";"Währung oder Prozentangabe";0;"O";"MOP";"MOP";21.3.2017 00:00:00;
278;81;"Comprehensive Location Identifier";"Identifikator";0;"O";"EI";"EI";29.3.2013 16:30:28;
278;91;"Effective Date";"Gültigkeitsbeginn";0;"O";"DTM";"DTM";2.11.2014 19:17:25;
279;3;"start hour range";"Beginn";0;"O";"TM";"TM";;
279;4;"start hour range";"Beginn";0;"O";"TM";"TM";14.4.1999 21:46:18;
279;5;"start hour range";"Beginn";0;"O";"TM";"TM";8.7.2000 12:20:09;
279;6;"Segment Field Name";;0;"O";"ST";"ST";1.9.2003 22:24:14;
279;7;"Segment Field Name";;0;"O";"ST";"ST";28.10.2007 17:49:03;
279;9;"Expiration Date";"Gültigkeitsende";0;"O";"DTM";"DTM";18.3.2014 20:07:42;
279;10;"Name Context";;448;"O";"CWE";"CWE";6.1.2020 12:07:16;
279;61;"Segment Field Name";;0;"O";"ST";"ST";10.5.2007 23:16:33;
279;81;"Assigning Authority for Location";"ausgebende Instanz";363;"O";"HD";"HD";29.3.2013 16:30:28;
279;91;"Expiration Date";"Gültigkeitsende";0;"O";"DTM";"DTM";2.11.2014 19:17:25;
280;3;"range start date/time";"Anfangszeitpunkt";0;"O";"TS";"TS";;"10-27"
280;4;"range start date/time";"Anfangszeitpunkt";0;"O";"TS";"TS";14.4.1999 21:46:18;"10-27"
280;5;"range start date/time";"Anfangszeitpunkt";0;"O";"TS";"TS";8.7.2000 12:20:09;"10-27"
280;6;"Values";;0;"O";"ST";"ST";1.9.2003 22:24:14;
280;7;"Relational Operator";;209;"O";"ID";"ID";26.10.2007 18:09:43;
280;9;"Professional Suffix";"akademische Grade und sonst. Berufszugehörigkeiten";0;"O";"ST";"ST";18.3.2014 20:07:42;
280;10;"Name Validity Range";" ";0;"O";"-";"-";2.6.2020 20:48:21;" "
280;61;"Values";;0;"O";"ST";"ST";10.5.2007 23:16:33;
280;81;"ID Number";"Identifikator";0;"O";"ST";"ST";29.3.2013 16:30:28;
280;91;"Professional Suffix";"akademische Grade und sonst. Berufszugehörigkeiten";0;"O";"ST";"ST";2.11.2014 19:17:25;
281;3;"assigning authority";"ausgebende Instanz";0;"O";"HD";"HD";;"2-14"
281;4;"assigning authority";"ausgebende Instanz";363;"O";"HD";"HD";14.4.1999 21:46:18;"2-14"
281;5;"assigning authority";"ausgebende Instanz";0;"O";"HD";"HD";8.7.2000 12:20:09;"2-14"
281;6;"Segment Field Name";;0;"O";"ST";"ST";1.9.2003 22:24:14;
281;7;"Value";"Wert";0;"O";"ST";"ST";28.10.2007 17:49:03;
281;9;"Assigning Jurisdiction";"ausgebende Körperschaft";0;"O";"CWE";"CWE";18.3.2014 20:07:42;
281;10;"Name Assembly Order";;444;"O";"ID";"ID";6.1.2020 12:07:16;
281;61;"Segment Field Name";;0;"O";"ST";"ST";10.5.2007 23:16:33;
281;81;"Type of ID Number";;338;"O";"CWE";"CWE";29.3.2013 16:30:28;
281;91;"Assigning Jurisdiction";"ausgebende Körperschaft";0;"O";"CWE";"CWE";2.11.2014 19:17:25;
282;3;"end hour range";"Ende";0;"O";"TM";"TM";;
282;4;"end hour range";"Ende";0;"O";"TM";"TM";14.4.1999 21:46:18;
282;5;"end hour range";"Ende";0;"O";"TM";"TM";8.7.2000 12:20:09;
282;6;"Relational Operator";;209;"O";"ID";"ID";1.9.2003 22:24:14;
282;7;"Relational Conjunction";;210;"O";"ID";"ID";26.10.2007 18:09:43;
282;9;"Assigning Agency or Department";"ausgebende Abteilung";0;"O";"CWE";"CWE";18.3.2014 20:07:42;
282;10;"Effective Date";;0;"O";"DTM";"DTM";6.1.2020 12:07:16;
282;61;"Relational Operator";;209;"O";"ID";"ID";10.5.2007 23:16:33;
282;81;"State/other Qualifying Information";;0;"O";"ST";"ST";29.3.2013 16:30:28;
282;91;"Assigning Agency or Department";"ausgebende Abteilung";0;"O";"CWE";"CWE";2.11.2014 19:17:25;
283;3;"pre-certification windwow";;0;"O";"TS";"TS";;
283;4;"pre-certification window";;0;"O";"TS";"TS";14.4.1999 21:46:18;
283;5;"pre-certification window";;0;"O";"TS";"TS";8.7.2000 12:20:09;
283;6;"Value";"Wert";0;"O";"ST";"ST";1.9.2003 22:24:14;
283;7;"Segment Field Name";;0;"O";"ST";"ST";28.10.2007 17:49:03;
283;9;"Security Check";;0;"O";"ST";"ST";18.3.2014 20:07:42;
283;10;"Expiration Date";;0;"O";"DTM";"DTM";6.1.2020 12:07:16;
283;61;"Value";"Wert";0;"O";"ST";"ST";10.5.2007 23:16:33;
283;81;"Expiration Date";"Gültigkeitsende";0;"O";"DT";"DT";29.3.2013 16:30:28;
283;91;"Security Check";;0;"O";"ST";"ST";2.11.2014 19:17:25;
284;3;"pre-certification required";;136;"O";"ID";"ID";;
284;4;"pre-certification required";;136;"O";"ID";"ID";14.4.1999 21:46:18;
284;5;"pre-certification required";;136;"O";"ID";"ID";8.7.2000 12:20:09;
284;6;"Relational Conjunction";;210;"O";"ID";"ID";1.9.2003 22:24:14;
284;7;"HL7 Data Type";;440;"O";"ID";"ID";26.10.2007 18:09:43;
284;9;"Security Check Scheme";;904;"O";"ID";"ID";18.3.2014 20:07:42;
284;10;"Professional Suffix";;0;"O";"ST";"ST";6.1.2020 12:07:16;
284;61;"Relational Conjunction";;210;"O";"ID";"ID";10.5.2007 23:16:33;
284;81;"Person Identifier";;0;"O";"ST";"ST";29.3.2013 16:30:28;
284;91;"Security Check Scheme";;904;"O";"ID";"ID";2.11.2014 19:17:25;
285;3;"unique placer group number";;0;"O";"ST";"ST";;"10-25/33"
285;4;"unique placer group number";;0;"O";"ST";"ST";14.4.1999 21:46:18;"10-25/33"
285;5;"unique placer group number";;0;"O";"ST";"ST";8.7.2000 12:20:09;"10-25/33"
285;6;"Segment Field Name";;0;"O";"ST";"ST";1.9.2003 22:24:14;
285;7;"Maximum Column Width";"maximale Spaltenbreite";0;"O";"NM";"NM";21.3.2017 00:00:00;
285;9;"Parent Observation Identifier";;0;"O";"CWE";"CWE";18.3.2014 20:07:42;
285;10;"Assigning Jurisdiction";;0;"O";"CWE";"CWE";6.1.2020 12:07:16;
285;61;"Segment Field Name";;0;"O";"ST";"ST";10.5.2007 23:16:33;
285;81;"Family Name";"Familienname";0;"O";"FN";"FN";29.3.2013 16:30:28;
285;91;"Parent Observation Identifier";;0;"O";"CWE";"CWE";2.11.2014 19:17:25;
286;3;"price type";"Kostenart";205;"O";"ID";"ID";;
286;4;"price type";"Kostenart";205;"O";"ID";"ID";14.4.1999 21:46:18;
286;5;"price type";"Kostenart";205;"O";"ID";"ID";8.7.2000 12:20:09;
286;6;"HL7 Data Type";;440;"O";"ID";"ID";1.9.2003 22:24:14;
286;7;"Numeric Range";;0;"O";"NR";"NR";28.10.2007 17:49:03;
286;9;"Parent Observation Sub-identifier";;0;"O";"ST";"ST";18.3.2014 20:07:42;
286;10;"Assigning Agency or Department";;0;"O";"CWE";"CWE";6.1.2020 12:07:16;
286;61;"HL7 Data Type";;440;"O";"ID";"ID";10.5.2007 23:16:33;
286;81;"Given Name";"Vorname";0;"O";"ST";"ST";29.3.2013 16:30:28;
286;91;"Parent Observation Sub-identifier";;0;"O";"ST";"ST";2.11.2014 19:17:25;
287;3;"denomination";"Währung";0;"O";"ID";"ID";;
287;4;"denomination";"Währung";0;"O";"ID";"ID";14.4.1999 21:46:18;
287;5;"denomination";"Währung";0;"O";"ID";"ID";8.7.2000 12:20:09;
287;6;"Maximum Column Width";"maximale Spaltenbreite";0;"O";"NM";"NM";21.3.2017 00:00:00;
287;7;"Administrative Sex";"Geschlecht";1;"O";"IS";"IS";26.10.2007 18:09:43;
287;9;"Parent Observation Value Descriptor";;0;"O";"TX";"TX";18.3.2014 20:07:42;
287;10;"Security Check ";;0;"O";"ST";"ST";6.1.2020 12:07:16;
287;61;"Maximum Column Width";"maximale Spaltenbreite";0;"O";"NM";"NM";21.3.2017 00:00:00;
287;81;"Second and Further Given Names or Initials Thereof";"weitere Vornamen oder Initialien";0;"O";"ST";"ST";29.3.2013 16:30:28;
287;91;"Parent Observation Value Descriptor";;0;"O";"TX";"TX";2.11.2014 19:17:25;
288;3;"authenticated by whom";;0;"O";"CN";"CN";;"9-14"
288;4;"authenticated by whom";;0;"O";"CN";"CN";14.4.1999 21:46:18;"9-14"
288;5;"authenticated by whom";;0;"O";"CN";"CN";8.7.2000 12:20:09;"9-14"
288;6;"Numeric Range";;0;"O";"NR";"NR";1.9.2003 22:24:14;
288;7;"Age Range";"Altersbereich";0;"O";"NR";"NR";28.10.2007 17:49:03;
288;9;"Processing ID";"Verarbeitungskontext";103;"O";"ID";"ID";18.3.2014 20:07:42;
288;10;"Security Check Scheme";;904;"O";"ID";"ID";6.1.2020 12:07:16;
288;61;"Numeric Range";;0;"O";"NR";"NR";10.5.2007 23:16:33;
288;81;"Suffix (e.g., JR or III)";"Namenszusatz";0;"O";"ST";"ST";29.3.2013 16:30:28;
288;91;"Processing ID";"Verarbeitungskontext";103;"O";"ID";"ID";2.11.2014 19:17:25;
289;6;"Administrative Sex";"Geschlecht";1;"O";"IS";"IS";1.9.2003 22:24:14;
289;7;"Gestational Age Range";"Schwangerschaftswoche";0;"O";"NR";"NR";28.10.2007 17:49:03;
289;9;"Processing Mode";"Verarbeitungsmodus";207;"O";"ID";"ID";18.3.2014 20:07:42;
289;10;"Parent Observation Identifier";;0;"O";"CWE";"CWE";6.1.2020 12:07:16;
289;61;"Administrative Sex";"Geschlecht";1;"O";"IS";"IS";10.5.2007 23:16:33;
289;81;"Prefix (e.g., DR)";"Namensvorsatz";0;"O";"ST";"ST";29.3.2013 16:30:28;
289;91;"Processing Mode";"Verarbeitungsmodus";207;"O";"ID";"ID";2.11.2014 19:17:25;
290;3;"when authenticated";;0;"O";"TS";"TS";;
290;4;"when authenticated";;0;"O";"TS";"TS";14.4.1999 21:46:18;
290;5;"when authenticated";;0;"O";"TS";"TS";8.7.2000 12:20:09;
290;6;"Age Range";"Altersbereich";0;"O";"NR";"NR";1.9.2003 22:24:14;
290;7;"Species";"Spezies";0;"O";"ST";"ST";28.10.2007 17:49:03;
290;9;"Policy Type";"Art und Umfang der Versicherung";147;"O";"CWE";"CWE";18.3.2014 20:07:42;
290;10;"Parent Observation Sub-identifier";;0;"O";"ST";"ST";6.1.2020 12:07:16;
290;61;"Age Range";"Altersbereich";0;"O";"NR";"NR";10.5.2007 23:16:33;
290;81;"Degree (e.g., MD)";"nicht mehr verwenden";0;"O";"-";"-";15.10.2014 16:46:29;
290;91;"Policy Type";"Art und Umfang der Versicherung";147;"O";"CWE";"CWE";2.11.2014 19:17:25;
291;3;"unique placer appointment identifier";;0;"O";"ID";"ID";;"10-24/31"
291;4;"unique placer appointment identifier";;0;"O";"ID";"ID";14.4.1999 21:46:18;"10-24/31"
291;5;"unique placer appointment identifier";;0;"O";"ID";"ID";8.7.2000 12:20:09;"10-24/31"
291;6;"Gestational Age Range";"Schwangerschaftswoche";0;"O";"NR";"NR";1.9.2003 22:24:14;
291;7;"Race/subspecies";"Rasse";0;"O";"ST";"ST";28.10.2007 17:49:03;
291;9;"Amount Class";"Art und Umfang der Versicherung";193;"O";"CWE";"CWE";18.3.2014 20:07:42;
291;10;"Parent Observation Value Descriptor";;0;"O";"TX";"TX";6.1.2020 12:07:16;
291;61;"Gestational Age Range";"Schwangerschaftswoche";0;"O";"NR";"NR";10.5.2007 23:16:33;
291;81;"Source Table";"Quelle der ID";297;"O";"CWE";"CWE";29.3.2013 16:30:28;
291;91;"Amount Class";"Art und Umfang der Versicherung";193;"O";"CWE";"CWE";2.11.2014 19:17:25;
292;3;"ID number (ST)";"Identifikator";0;"O";"ST";"ST";;
292;4;"ID number (ST)";"Identifikator";0;"O";"ST";"ST";14.4.1999 21:46:18;
292;5;"ID number (ST)";"Identifikator";0;"O";"ST";"ST";8.7.2000 12:20:09;
292;6;"Species";"Spezies";0;"O";"ST";"ST";1.9.2003 22:24:14;
292;7;"Conditions";"Bedingungen";0;"O";"TX";"TX";28.10.2007 17:49:03;
292;9;"Money or Percentage Quantity";;0;"O";"-";"-";18.3.2014 20:51:36;
292;10;"Processing ID";;103;"O";"ID";"ID";6.1.2020 12:07:16;
292;61;"Species";"Spezies";0;"O";"ST";"ST";10.5.2007 23:16:33;
292;81;"Assigning Authority";"ausgebende Instanz";363;"O";"HD";"HD";29.3.2013 16:30:28;
292;91;"Money or Percentage Quantity";;0;"O";"-";"-";2.11.2014 19:17:25;
293;3;"ID number (NM)";"Identifikator";0;"O";"NM";"NM";;"3-53"
293;6;"Race/subspecies";"Rasse";0;"O";"ST";"ST";1.9.2003 22:24:14;
293;7;"Repeat Pattern";;335;"O";"IS";"IS";26.10.2007 18:09:43;
293;9;"Money or Percentage";"Währung oder Prozentangabe";0;"O";"MOP";"MOP";21.3.2017 00:00:00;
293;10;"Processing Mode";;207;"O";"ID";"ID";6.1.2020 12:07:16;
293;61;"Race/subspecies";"Rasse";0;"O";"ST";"ST";10.5.2007 23:16:33;
293;81;"Name Type Code";"Art des Namens";200;"O";"ID";"ID";29.3.2013 16:30:28;
293;91;"Money or Percentage";"Währung oder Prozentangabe";0;"O";"MOP";"MOP";21.3.2017 00:00:00;
294;3;"formatted text";"formatierter Text";0;"O";"FT";"FT";7.9.1996 10:56:50;
294;4;"formatted text";"formatierter Text";0;"O";"FT";"FT";14.4.1999 21:46:18;
294;5;"formatted text";"formatierter Text";0;"O";"FT";"FT";8.7.2000 12:20:09;
294;6;"Conditions";"Bedingungen";0;"O";"TX";"TX";1.9.2003 22:24:14;
294;7;"Explicit Time Interval";"ausdrückliches Zeitintervall";0;"O";"ST";"ST";21.3.2017 00:00:00;
294;9;"Segment Field Name";;0;"O";"ST";"ST";18.3.2014 20:07:42;
294;10;"Policy Type";;147;"O";"CWE";"CWE";6.1.2020 12:07:16;
294;61;"Conditions";"Bedingungen";0;"O";"TX";"TX";10.5.2007 23:16:33;
294;81;"Identifier Check Digit";"Prüfziffer";0;"O";"ST";"ST";29.3.2013 16:30:28;
294;91;"Segment Field Name";;0;"O";"ST";"ST";2.11.2014 19:17:25;
295;3;"alternate formatted text";"alternativer formatierter Text";0;"O";"FT";"FT";7.9.1996 10:58:30;
295;4;"alternate formatted text";"alternativer formatierter Text";0;"O";"FT";"FT";14.4.1999 21:46:18;
295;5;"alternate formatted text";"alternativer formatierter Text";0;"O";"FT";"FT";8.7.2000 12:20:09;
295;6;"Repeat Pattern";;335;"O";"IS";"IS";1.9.2003 22:24:14;
295;7;"Room Type";"Zimmertyp / Kostenanteil";145;"O";"IS";"IS";26.10.2007 18:09:43;
295;9;"Values";;0;"O";"ST";"ST";18.3.2014 20:07:42;
295;10;"Amount Class";;193;"O";"CWE";"CWE";6.1.2020 12:07:16;
295;61;"Repeat Pattern";;335;"O";"IS";"IS";10.5.2007 23:16:33;
295;81;"Check Digit Scheme";"Prüfzifferverfahren";61;"O";"ID";"ID";29.3.2013 16:30:28;
295;91;"Values";;0;"O";"ST";"ST";2.11.2014 19:17:25;
296;3;"Issuing State, province, country";"Ausstellende Behörde";333;"O";"IS";"IS";20.7.1997 18:05:44;"2-20"
296;4;"Issuing State, province, country";"Ausstellende Behörde";333;"O";"IS";"IS";14.4.1999 21:46:18;"2-20"
296;5;"Issuing State, province, country";"Ausstellende Behörde";333;"O";"IS";"IS";8.7.2000 12:20:09;"2-20"
296;6;"Explicit Time Interval";"ausdrückliches Zeitintervall";0;"O";"ST";"ST";21.3.2017 00:00:00;
296;7;"Amount Type";"Mengentyp";146;"O";"IS";"IS";26.10.2007 18:09:43;
296;9;"Segment Field Name";;0;"O";"ST";"ST";18.3.2014 20:07:42;
296;10;"Money or Percentage Quantity";" ";0;"O";"-";"-";2.6.2020 20:48:21;" "
296;61;"Explicit Time Interval";"ausdrückliches Zeitintervall";0;"O";"ST";"ST";21.3.2017 00:00:00;
296;81;"Identifier Type Code";"Typ des Identifikators";203;"O";"ID";"ID";29.3.2013 16:30:28;
296;91;"Segment Field Name";;0;"O";"ST";"ST";2.11.2014 19:17:25;
297;3;"ID";"Identifikator";0;"O";"ST";"ST";7.9.1996 11:03:41;
297;4;"ID";"Identifikator";0;"O";"ST";"ST";14.4.1999 21:46:18;
297;5;"ID";"Identifikator";0;"O";"ST";"ST";8.7.2000 12:20:09;
297;6;"Room Type";"Zimmertyp / Kostenanteil";145;"O";"IS";"IS";1.9.2003 22:24:14;
297;7;"Coverage Amount";"Kostenanteil";0;"O";"NM";"NM";28.10.2007 17:49:03;
297;9;"Relational Operator";;209;"O";"ID";"ID";18.3.2014 20:07:42;
297;10;"Money or Percentage";;0;"O";"MOP";"MOP";6.1.2020 12:07:16;
297;61;"Room Type";"Zimmertyp / Kostenanteil";145;"O";"IS";"IS";10.5.2007 23:16:33;
297;81;"Assigning Facility";"Ausstellungsort";0;"O";"HD";"HD";29.3.2013 16:30:28;
297;91;"Relational Operator";;209;"O";"ID";"ID";2.11.2014 19:17:25;
298;3;"code identifying the check digit scheme employed";"Prüfzifferverfahren";61;"O";"ID";"ID";7.9.1996 11:04:25;"2-18"
298;4;"code identifying the check digit scheme employed";"Prüfzifferverfahren";61;"O";"ID";"ID";14.4.1999 21:46:18;"2-18"
298;5;"code identifying the check digit scheme employed";"Prüfzifferverfahren";61;"O";"ID";"ID";8.7.2000 12:20:09;"2-18"
298;6;"Amount Type";"Mengentyp";146;"O";"IS";"IS";1.9.2003 22:24:14;
298;7;"Money or Percentage";"Währung oder Prozentangabe";0;"O";"MOP";"MOP";21.3.2017 00:00:00;
298;9;"Value";"Wert";0;"O";"ST";"ST";18.3.2014 20:07:42;
298;10;"Segment Field Name";;0;"O";"ST";"ST";6.1.2020 12:07:16;
298;61;"Amount Type";"Mengentyp";146;"O";"IS";"IS";10.5.2007 23:16:33;
298;81;"Date/Time Action Performed";"Ausführugszeitpunkt";0;"O";"DTM";"DTM";29.3.2013 16:30:28;
298;91;"Value";"Wert";0;"O";"ST";"ST";2.11.2014 19:17:25;
299;3;"source application";"Datenquelle";0;"O";"HD";"HD";7.9.1996 11:06:22;
299;4;"source application";"Datenquelle";0;"O";"HD";"HD";14.4.1999 21:46:18;
299;5;"source application";"Datenquelle";0;"O";"HD";"HD";8.7.2000 12:20:09;
299;6;"Coverage Amount";"Kostenanteil";0;"O";"NM";"NM";1.9.2003 22:24:14;
299;7;"Pointer";"Verweis auf die Daten";0;"O";"ST";"ST";28.10.2007 17:49:03;
299;9;"Relational Conjunction";;210;"O";"ID";"ID";18.3.2014 20:07:42;
299;10;"Values";;0;"O";"ST";"ST";6.1.2020 12:07:16;
299;61;"Coverage Amount";"Kostenanteil";0;"O";"NM";"NM";10.5.2007 23:16:33;
299;81;"Name Representation Code";"Namensdarstellung";465;"O";"ID";"ID";29.3.2013 16:30:28;
299;91;"Relational Conjunction";;210;"O";"ID";"ID";2.11.2014 19:17:25;
300;3;"type of data";"MIME-Medientyp";191;"O";"ID";"ID";7.9.1996 11:07:08;"2-20"
300;4;"type of data";"MIME-Medientyp";191;"O";"ID";"ID";14.4.1999 21:46:18;"2-20"
300;5;"type of data";"MIME-Medientyp";191;"O";"ID";"ID";8.7.2000 12:20:09;"2-20"
300;6;"Money or Percentage";"Währung oder Prozentangabe";0;"O";"MOP";"MOP";21.3.2017 00:00:00;
300;7;"Application ID";"Datenquelle";0;"O";"HD";"HD";28.10.2007 17:49:03;
300;9;"Segment Field Name";;0;"O";"ST";"ST";18.3.2014 20:07:42;
300;10;"Segment Field Name";;0;"O";"ST";"ST";6.1.2020 12:07:16;
300;61;"Money or Percentage";"Währung oder Prozentangabe";0;"O";"MOP";"MOP";21.3.2017 00:00:00;
300;81;"Name Context";"Namenskontext";448;"O";"CWE";"CWE";29.3.2013 16:30:28;
300;91;"Segment Field Name";;0;"O";"ST";"ST";2.11.2014 19:17:25;
301;3;"encoding";"Kodierung";299;"O";"ID";"ID";7.9.1996 11:07:33;"2-20"
301;4;"encoding";"Kodierung";299;"O";"ID";"ID";14.4.1999 21:46:18;"2-20"
301;5;"encoding";"Kodierung";299;"O";"ID";"ID";8.7.2000 12:20:09;"2-20"
301;6;"Pointer";"Verweis auf die Daten";0;"O";"ST";"ST";1.9.2003 22:24:14;
301;7;"Type of Data";"MIME-Medientyp";834;"O";"ID";"ID";26.10.2007 18:09:43;
301;9;"HL7 Data Type";;440;"O";"ID";"ID";18.3.2014 20:07:42;
301;10;"Relational Operator";;209;"O";"ID";"ID";6.1.2020 12:07:16;
301;61;"Pointer";"Verweis auf die Daten";0;"O";"ST";"ST";10.5.2007 23:16:33;
301;81;"Name Validity Range";"Gültigkeitszeitraum";0;"O";"-";"-";15.10.2014 16:46:29;
301;91;"HL7 Data Type";;440;"O";"ID";"ID";2.11.2014 19:17:25;
302;3;"data";"Daten";0;"O";"ST";"ST";9.1.1999 00:00:00;"2-20"
302;4;"data";"Daten";0;"O";"ST";"ST";14.4.1999 21:46:18;"2-20"
302;5;"data";"Daten";0;"O";"ST";"ST";8.7.2000 12:20:09;"2-20"
302;6;"Application ID";"Datenquelle";0;"O";"HD";"HD";1.9.2003 22:24:14;
302;7;"Subtype";"MIME-Subtyp";291;"O";"ID";"ID";26.10.2007 18:09:43;
302;9;"Maximum Column Width";"maximale Spaltenbreite";0;"O";"NM";"NM";21.3.2017 00:00:00;
302;10;"Value";;0;"O";"ST";"ST";6.1.2020 12:07:16;
302;61;"Application ID";"Datenquelle";0;"O";"HD";"HD";10.5.2007 23:16:33;
302;81;"Name Assembly Order";"Anzeigereihenfolge der Namensbestandteile";444;"O";"ID";"ID";29.3.2013 16:30:28;
302;91;"Maximum Column Width";"maximale Spaltenbreite";0;"O";"NM";"NM";21.3.2017 00:00:00;
303;3;"entity identifier";"Identifikator";0;"O";"ST";"ST";7.9.1996 11:08:42;
303;4;"entity identifier";"Identifikator";0;"O";"ST";"ST";14.4.1999 21:46:18;
303;5;"entity identifier";"Identifikator";0;"O";"ST";"ST";8.7.2000 12:20:09;
303;6;"Type of Data";"MIME-Medientyp";191;"O";"ID";"ID";1.9.2003 22:24:14;
303;7;"Repeat Pattern Code";;335;"O";"CWE";"CWE";26.10.2007 18:09:43;
303;9;"Numeric Range";;0;"O";"NR";"NR";18.3.2014 20:07:42;
303;10;"Relational Conjunction";;210;"O";"ID";"ID";6.1.2020 12:07:16;
303;61;"Type of Data";"MIME-Medientyp";191;"O";"ID";"ID";10.5.2007 23:16:33;
303;81;"Effective Date";"Gültigkeitsbeginn";0;"O";"DTM";"DTM";29.3.2013 16:30:28;
303;91;"Numeric Range";;0;"O";"NR";"NR";2.11.2014 19:17:25;
304;3;"Location description";"Beschreibung";0;"O";"ST";"ST";20.7.1997 18:22:33;"2-27"
304;4;"Location description";"Beschreibung";0;"O";"ST";"ST";14.4.1999 21:46:18;"2-27"
304;5;"Location description";"Beschreibung";0;"O";"ST";"ST";8.7.2000 12:20:09;"2-27"
304;6;"Subtype";"MIME-Subtyp";291;"O";"ID";"ID";1.9.2003 22:24:14;
304;7;"Calendar Alignment";;527;"O";"ID";"ID";26.10.2007 18:09:43;
304;9;"Administrative Sex";"Geschlecht";1;"O";"CWE";"CWE";18.3.2014 20:07:42;
304;10;"Segment Field Name";;0;"O";"ST";"ST";6.1.2020 12:07:16;
304;61;"Subtype";"MIME-Subtyp";291;"O";"ID";"ID";10.5.2007 23:16:33;
304;81;"Expiration Date";"Gültigkeitsende";0;"O";"DTM";"DTM";29.3.2013 16:30:28;
304;91;"Administrative Sex";"Geschlecht";1;"O";"CWE";"CWE";2.11.2014 19:17:25;
305;3;"Date/Time Action Performed";"Ausführugszeitpunkt";0;"O";"TS";"TS";20.7.1997 18:46:22;"2-28"
305;4;"Date/Time Action Performed";"Ausführugszeitpunkt";0;"O";"TS";"TS";14.4.1999 21:46:18;"2-28"
305;5;"Date/Time Action Performed";"Ausführugszeitpunkt";0;"O";"TS";"TS";8.7.2000 12:20:09;"2-28"
305;6;"Repeat Pattern Code";;335;"O";"CWE";"CWE";1.9.2003 22:24:14;
305;7;"Phase Range Begin Value";;0;"O";"NM";"NM";28.10.2007 17:49:03;
305;9;"Age Range";"Altersbereich";0;"O";"NR";"NR";18.3.2014 20:07:42;
305;10;"HL7 Data Type";;440;"O";"ID";"ID";6.1.2020 12:07:16;
305;61;"Repeat Pattern Code";;335;"O";"CWE";"CWE";10.5.2007 23:16:33;
305;81;"Professional Suffix";"akademische Grade und sonst. Berufszugehörigkeiten";0;"O";"ST";"ST";29.3.2013 16:30:28;
305;91;"Age Range";"Altersbereich";0;"O";"NR";"NR";2.11.2014 19:17:25;
306;3;"name of field";"Kodiersystem";0;"O";"ST";"ST";20.7.1997 18:46:34;
306;4;"segment field name";;0;"O";"ST";"ST";14.4.1999 21:46:18;
306;5;"segment field name";;0;"O";"ST";"ST";8.7.2000 12:20:09;
306;6;"Calendar Alignment";;527;"O";"ID";"ID";1.9.2003 22:24:14;
306;7;"Phase Range End Value";;0;"O";"NM";"NM";28.10.2007 17:49:03;
306;9;"Gestational Age Range";"Schwangerschaftswoche";0;"O";"NR";"NR";18.3.2014 20:07:42;
306;10;"Maximum Column Width";;0;"O";"NM";"NM";6.1.2020 12:07:16;
306;61;"Calendar Alignment";;527;"O";"ID";"ID";10.5.2007 23:16:33;
306;81;"Assigning Jurisdiction";"ausgebende Körperschaft";0;"O";"CWE";"CWE";29.3.2013 16:30:28;
306;91;"Gestational Age Range";"Schwangerschaftswoche";0;"O";"NR";"NR";2.11.2014 19:17:25;
307;3;"relational operator";;209;"O";"ID";"ID";20.7.1997 18:50:53;"2-32"
307;4;"relational operator";;209;"O";"ID";"ID";14.4.1999 21:46:18;"2-32"
307;5;"relational operator";;209;"O";"ID";"ID";8.7.2000 12:20:09;"2-32"
307;6;"Phase Range Begin Value";;0;"O";"NM";"NM";1.9.2003 22:24:14;
307;7;"Period Quantity";;0;"O";"NM";"NM";28.10.2007 17:49:03;
307;9;"Species";"Spezies";0;"O";"ST";"ST";18.3.2014 20:07:42;
307;10;"Numeric Range";;0;"O";"NR";"NR";6.1.2020 12:07:16;
307;61;"Phase Range Begin Value";;0;"O";"NM";"NM";10.5.2007 23:16:33;
307;81;"Assigning Agency or Department";"ausgebende Abteilung";0;"O";"CWE";"CWE";29.3.2013 16:30:28;
307;91;"Species";"Spezies";0;"O";"ST";"ST";2.11.2014 19:17:25;
308;3;"Value";"Wert";0;"O";"ST";"ST";20.7.1997 18:51:11;"2-32"
308;4;"Value";"Wert";0;"O";"ST";"ST";14.4.1999 21:46:18;"2-32"
308;5;"Value";"Wert";0;"O";"ST";"ST";8.7.2000 12:20:09;"2-32"
308;6;"Phase Range End Value";;0;"O";"NM";"NM";1.9.2003 22:24:14;
308;7;"Period Units";;0;"O";"IS";"IS";28.10.2007 17:49:03;
308;9;"Race/subspecies";"Rasse";0;"O";"ST";"ST";18.3.2014 20:07:42;
308;10;"Administrative Sex";;1;"O";"CWE";"CWE";6.1.2020 12:07:16;
308;61;"Phase Range End Value";;0;"O";"NM";"NM";10.5.2007 23:16:33;
308;81;"Security Check";;0;"O";"ST";"ST";29.3.2013 16:30:28;
308;91;"Race/subspecies";"Rasse";0;"O";"ST";"ST";2.11.2014 19:17:25;
309;3;"relational conjunction";;102;"O";"ID";"ID";20.7.1997 18:51:22;"2-32"
309;4;"relational conjunction";;210;"O";"ID";"ID";14.4.1999 21:46:18;"2-32"
309;5;"relational conjunction";;210;"O";"ID";"ID";8.7.2000 12:20:09;"2-32"
309;6;"Period Quantity";;0;"O";"NM";"NM";1.9.2003 22:24:14;
309;7;"Institution Specified Time";;136;"O";"ID";"ID";26.10.2007 18:09:43;
309;9;"Conditions";"Bedingungen";0;"O";"TX";"TX";18.3.2014 20:07:42;
309;10;"Age Range";;0;"O";"NR";"NR";6.1.2020 12:07:16;
309;61;"Period Quantity";;0;"O";"NM";"NM";10.5.2007 23:16:33;
309;81;"Security Check Scheme";;904;"O";"ID";"ID";29.3.2013 16:30:28;
309;91;"Conditions";"Bedingungen";0;"O";"TX";"TX";2.11.2014 19:17:25;
310;3;"sample 1 from channel 1";;0;"O";"NM";"NM";7.9.1996 11:13:59;
310;4;"sample 1 from channel 1";;0;"O";"NM";"NM";14.4.1999 21:46:18;
310;5;"sample 1 from channel 1";;0;"O";"NM";"NM";8.7.2000 12:20:09;
310;6;"Period Units";;0;"O";"IS";"IS";1.9.2003 22:24:14;
310;7;"Event";"Ereignis";528;"O";"ID";"ID";26.10.2007 18:09:43;
310;9;"Repeat Pattern";;335;"O";"CWE";"CWE";18.3.2014 20:07:42;
310;10;"Gestational Age Range";;0;"O";"NR";"NR";6.1.2020 12:07:16;
310;61;"Period Units";;0;"O";"IS";"IS";10.5.2007 23:16:33;
310;81;"Parent Observation Identifier";;0;"O";"CWE";"CWE";29.3.2013 16:30:28;
310;91;"Repeat Pattern";;335;"O";"CWE";"CWE";2.11.2014 19:17:25;
311;3;"sample 1 from channel 2";;0;"O";"NM";"NM";7.9.1996 11:14:06;
311;4;"sample 1 from channel 2";;0;"O";"NM";"NM";14.4.1999 21:46:18;
311;5;"sample 1 from channel 2";;0;"O";"NM";"NM";8.7.2000 12:20:09;
311;6;"Institution Specified Time";;136;"O";"ID";"ID";1.9.2003 22:24:14;
311;7;"Event Offset Quantity";;0;"O";"NM";"NM";28.10.2007 17:49:03;
311;9;"Explicit Time Interval";"ausdrückliches Zeitintervall";0;"O";"ST";"ST";21.3.2017 00:00:00;
311;10;"Species";;0;"O";"ST";"ST";6.1.2020 12:07:16;
311;61;"Institution Specified Time";;136;"O";"ID";"ID";10.5.2007 23:16:33;
311;81;"Parent Observation Sub-identifier";;0;"O";"ST";"ST";29.3.2013 16:30:28;
311;91;"Explicit Time Interval";"ausdrückliches Zeitintervall";0;"O";"ST";"ST";21.3.2017 00:00:00;
312;3;"sample 1 from channel 3";;0;"O";"NM";"NM";7.9.1996 11:14:15;
312;4;"sample 1 from channel 3";;0;"O";"NM";"NM";14.4.1999 21:46:18;
312;5;"sample 1 from channel 3";;0;"O";"NM";"NM";8.7.2000 12:20:09;
312;6;"Event";"Ereignis";528;"O";"ID";"ID";1.9.2003 22:24:14;
312;7;"Event Offset Units";;0;"O";"IS";"IS";28.10.2007 17:49:03;
312;9;"Room Type";"Zimmertyp / Kostenanteil";145;"O";"CWE";"CWE";18.3.2014 20:07:42;
312;10;"Race/subspecies";;0;"O";"ST";"ST";6.1.2020 12:07:16;
312;61;"Event";"Ereignis";528;"O";"ID";"ID";10.5.2007 23:16:33;
312;81;"Parent Observation Value Descriptor";;0;"O";"TX";"TX";29.3.2013 16:30:28;
312;91;"Room Type";"Zimmertyp / Kostenanteil";145;"O";"CWE";"CWE";2.11.2014 19:17:25;
313;3;"sample 2 from channel 1";;0;"O";"NM";"NM";7.9.1996 11:14:34;
313;4;"sample 2 from channel 1";;0;"O";"NM";"NM";14.4.1999 21:46:18;
313;5;"sample 1 from channel 4";;0;"O";"NM";"NM";8.7.2000 12:20:09;
313;6;"Event Offset Quantity";;0;"O";"NM";"NM";1.9.2003 22:24:14;
313;7;"General Timing Specification";"generische  Zeitangabe";0;"O";"GTS";"GTS";28.10.2007 17:49:03;
313;9;"Amount Type";"Mengentyp";146;"O";"CWE";"CWE";18.3.2014 20:07:42;
313;10;"Conditions";;0;"O";"TX";"TX";6.1.2020 12:07:16;
313;61;"Event Offset Quantity";;0;"O";"NM";"NM";10.5.2007 23:16:33;
313;81;"Processing ID";"Verarbeitungskontext";103;"O";"ID";"ID";29.3.2013 16:30:28;
313;91;"Amount Type";"Mengentyp";146;"O";"CWE";"CWE";2.11.2014 19:17:25;
314;3;"sample 2 from channel 2";;0;"O";"NM";"NM";7.9.1996 11:14:41;
314;4;"sample 2 from channel 2";;0;"O";"NM";"NM";14.4.1999 21:46:18;
314;5;"sample 1 from channel 5";;0;"O";"NM";"NM";8.7.2000 12:20:09;
314;6;"Event Offset Units";;0;"O";"IS";"IS";1.9.2003 22:24:14;
314;7;"Street or Mailing Address";"Strasse inkl. Hausnummer";0;"O";"ST";"ST";28.10.2007 17:49:03;
314;9;"Coverage Amount";"Kostenanteil";0;"O";"-";"-";18.3.2014 20:51:36;
314;10;"Repeat Pattern";;335;"O";"CWE";"CWE";6.1.2020 12:07:16;
314;61;"Event Offset Units";;0;"O";"IS";"IS";10.5.2007 23:16:33;
314;81;"Processing Mode";"Verarbeitungsmodus";207;"O";"ID";"ID";29.3.2013 16:30:28;
314;91;"Coverage Amount";"Kostenanteil";0;"O";"-";"-";2.11.2014 19:17:25;
315;3;"sample 2 from channel 3";;0;"O";"NM";"NM";7.9.1996 11:14:48;
315;4;"sample 2 from channel 3";;0;"O";"NM";"NM";14.4.1999 21:46:18;
315;5;"sample 1 from channel 6";;0;"O";"NM";"NM";8.7.2000 12:20:09;
315;6;"General Timing Specification";"generische  Zeitangabe";0;"O";"GTS";"GTS";1.9.2003 22:24:14;
315;7;"Street Name";"Strassenname";0;"O";"ST";"ST";28.10.2007 17:49:03;
315;9;"Money or Percentage";"Währung oder Prozentangabe";0;"O";"MOP";"MOP";21.3.2017 00:00:00;
315;10;"Explicit Time Interval";;0;"O";"ST";"ST";6.1.2020 12:07:16;
315;61;"General Timing Specification";"generische  Zeitangabe";0;"O";"GTS";"GTS";10.5.2007 23:16:33;
315;81;"Policy Type";"Art und Umfang der Versicherung";147;"O";"CWE";"CWE";29.3.2013 16:30:28;
315;91;"Money or Percentage";"Währung oder Prozentangabe";0;"O";"MOP";"MOP";21.3.2017 00:00:00;
316;3;"value1";"Wert 1";0;"O";"NM";"NM";7.9.1996 11:14:55;
316;4;"value1";"Wert 1";0;"O";"NM";"NM";14.4.1999 21:46:18;
316;5;"value1";"Wert 1";0;"O";"NM";"NM";8.7.2000 12:20:09;
316;6;"Street or Mailing Address";"Strasse inkl. Hausnummer";0;"O";"ST";"ST";1.9.2003 22:24:14;
316;7;"Dwelling Number";"Hausnummer";0;"O";"ST";"ST";28.10.2007 17:49:03;
316;9;"Pointer";"Verweis auf die Daten";0;"O";"ST";"ST";18.3.2014 20:07:42;
316;10;"Room Type";;145;"O";"CWE";"CWE";6.1.2020 12:07:16;
316;61;"Street or Mailing Address";"Strasse inkl. Hausnummer";0;"O";"ST";"ST";10.5.2007 23:16:33;
316;81;"Amount Class";"Art und Umfang der Versicherung";193;"O";"CWE";"CWE";29.3.2013 16:30:28;
316;91;"Pointer";"Verweis auf die Daten";0;"O";"ST";"ST";2.11.2014 19:17:25;
317;3;"value2";"Wert 2";0;"O";"NM";"NM";7.9.1996 11:20:33;
317;4;"value2";"Wert 2";0;"O";"NM";"NM";14.4.1999 21:46:18;
317;5;"value2";"Wert 2";0;"O";"NM";"NM";8.7.2000 12:20:09;
317;6;"Street Name";"Strassenname";0;"O";"ST";"ST";1.9.2003 22:24:14;
317;7;"Parameter Class";;294;"O";"CWE";"CWE";26.10.2007 18:09:43;
317;9;"Application ID";"Datenquelle";0;"O";"HD";"HD";18.3.2014 20:07:42;
317;10;"Amount Type";;146;"O";"CWE";"CWE";6.1.2020 12:07:16;
317;61;"Street Name";"Strassenname";0;"O";"ST";"ST";10.5.2007 23:16:33;
317;81;"Money or Percentage Quantity";;0;"O";"-";"-";15.10.2014 16:46:29;
317;91;"Application ID";"Datenquelle";0;"O";"HD";"HD";2.11.2014 19:17:25;
318;3;"value3";"Wert 3";0;"O";"NM";"NM";7.9.1996 11:20:43;
318;4;"value3";"Wert 3";0;"O";"NM";"NM";14.4.1999 21:46:18;
318;5;"value3";"Wert 3";0;"O";"NM";"NM";8.7.2000 12:20:09;
318;6;"Dwelling Number";"Hausnummer";0;"O";"ST";"ST";1.9.2003 22:24:14;
318;7;"Parameter Value";;0;"O";"ST";"ST";28.10.2007 17:49:03;
318;9;"Type of Data";"MIME-Medientyp";834;"O";"ID";"ID";18.3.2014 20:07:42;
318;10;"Coverage Amount";" ";0;"O";"-";"-";2.6.2020 20:48:21;" "
318;61;"Dwelling Number";"Hausnummer";0;"O";"ST";"ST";10.5.2007 23:16:33;
318;81;"Money or Percentage";"Währung oder Prozentangabe";0;"O";"MOP";"MOP";21.3.2017 00:00:00;
318;91;"Type of Data";"MIME-Medientyp";834;"O";"ID";"ID";2.11.2014 19:17:25;
319;3;"value4";"Wert 4";0;"O";"NM";"NM";7.9.1996 11:20:49;
319;4;"value4";"Wert 4";0;"O";"NM";"NM";14.4.1999 21:46:18;
319;5;"value4";"Wert 4";0;"O";"NM";"NM";8.7.2000 12:20:09;
319;6;"Parameter Class";;0;"O";"CWE";"CWE";1.9.2003 22:24:14;
319;7;"Sequence ID";"Sequenzummer";0;"O";"SI";"SI";28.10.2007 17:54:35;
319;9;"Subtype";"MIME-Subtyp";291;"O";"ID";"ID";18.3.2014 20:07:42;
319;10;"Money or Percentage";;0;"O";"MOP";"MOP";6.1.2020 12:07:16;
319;61;"Parameter Class";;0;"O";"CWE";"CWE";10.5.2007 23:16:33;
319;81;"Segment Field Name";;0;"O";"ST";"ST";29.3.2013 16:30:28;
319;91;"Subtype";"MIME-Subtyp";291;"O";"ID";"ID";2.11.2014 19:17:25;
320;3;"nursing unit or department or clinic";;0;"O";"ID";"ID";7.9.1996 11:22:54;
320;4;"nursing unit or department or clinic";;0;"O";"ID";"ID";14.4.1999 21:46:18;
320;5;"nursing unit or department or clinic";;0;"O";"ID";"ID";8.7.2000 12:20:09;
320;6;"Parameter Value";;0;"O";"ST";"ST";1.9.2003 22:24:14;
320;7;"Comparator";"Vergleichsoperator";0;"O";"ST";"ST";28.10.2007 17:49:03;
320;9;"Repeat Pattern Code";;335;"O";"CWE";"CWE";18.3.2014 20:07:42;
320;10;"Pointer";;0;"O";"ST";"ST";6.1.2020 12:07:16;
320;61;"Parameter Value";;0;"O";"ST";"ST";10.5.2007 23:16:33;
320;81;"Values";;0;"O";"ST";"ST";29.3.2013 16:30:28;
320;91;"Repeat Pattern Code";;335;"O";"CWE";"CWE";2.11.2014 19:17:25;
321;3;"location status";"Bettenstatus";306;"O";"IS";"IS";7.9.1996 11:23:01;"2-27"
321;4;"location status";"Bettenstatus";306;"O";"IS";"IS";14.4.1999 21:46:18;"2-27"
321;5;"location status";"Bettenstatus";306;"O";"IS";"IS";8.7.2000 12:20:09;"2-27"
321;6;"Sequence ID";"Sequenzummer";0;"O";"SI";"SI";1.9.2003 22:24:14;
321;7;"Num1";"Wert 1";0;"O";"NM";"NM";28.10.2007 17:49:03;
321;9;"Calendar Alignment";;527;"O";"ID";"ID";18.3.2014 20:07:42;
321;10;"Application ID";;0;"O";"HD";"HD";6.1.2020 12:07:16;
321;61;"Sequence ID";"Sequenzummer";0;"O";"SI";"SI";10.5.2007 23:38:23;
321;81;"Segment Field Name";;0;"O";"ST";"ST";29.3.2013 16:30:28;
321;91;"Calendar Alignment";;527;"O";"ID";"ID";2.11.2014 19:17:25;
322;3;"person location type";"Typ des Aufenthaltsortes";305;"O";"IS";"IS";7.9.1996 11:23:21;"2-27"
322;4;"person location type";"Typ des Aufenthaltsortes";305;"O";"IS";"IS";14.4.1999 21:46:18;"2-27"
322;5;"person location type";"Typ des Aufenthaltsortes";305;"O";"IS";"IS";8.7.2000 12:20:09;"2-27"
322;6;"Comparator";"Vergleichsoperator";0;"O";"ST";"ST";1.9.2003 22:24:14;
322;7;"Separator/Suffix";"Trennzeichen/Zusatz";0;"O";"ST";"ST";28.10.2007 17:49:03;
322;9;"Phase Range Begin Value";;0;"O";"NM";"NM";18.3.2014 20:07:42;
322;10;"Type of Data";;834;"O";"ID";"ID";6.1.2020 12:07:16;
322;61;"Comparator";"Vergleichsoperator";0;"O";"ST";"ST";10.5.2007 23:16:33;
322;81;"Relational Operator";;209;"O";"ID";"ID";29.3.2013 16:30:28;
322;91;"Phase Range Begin Value";;0;"O";"NM";"NM";2.11.2014 19:17:25;
323;3;"floor";"Etage";308;"O";"ST";"ST";7.9.1996 11:23:46;"2-27"
323;4;"floor";"Etage";308;"O";"IS";"IS";14.4.1999 21:46:18;"2-27"
323;5;"floor";"Etage";308;"O";"IS";"IS";8.7.2000 12:20:09;"2-27"
323;6;"Num1";"Wert 1";0;"O";"NM";"NM";1.9.2003 22:24:14;
323;7;"Num2";"Wert 2";0;"O";"NM";"NM";28.10.2007 17:49:03;
323;9;"Phase Range End Value";;0;"O";"NM";"NM";18.3.2014 20:07:42;
323;10;"Subtype";;291;"O";"ID";"ID";6.1.2020 12:07:16;
323;61;"Num1";"Wert 1";0;"O";"NM";"NM";10.5.2007 23:16:33;
323;81;"Value";"Wert";0;"O";"ST";"ST";29.3.2013 16:30:28;
323;91;"Phase Range End Value";;0;"O";"NM";"NM";2.11.2014 19:17:25;
324;3;"pointer";"Verweis auf die Daten";0;"O";"ST";"ST";7.9.1996 11:27:36;
324;4;"pointer";"Verweis auf die Daten";0;"O";"ST";"ST";14.4.1999 21:46:18;
324;5;"pointer";"Verweis auf die Daten";0;"O";"ST";"ST";8.7.2000 12:20:09;
324;6;"Separator/Suffix";"Trennzeichen/Zusatz";0;"O";"ST";"ST";1.9.2003 22:24:14;
324;7;"Specialty Name";;0;"O";"ST";"ST";28.10.2007 17:49:03;
324;9;"Period Quantity";;0;"O";"NM";"NM";18.3.2014 20:07:42;
324;10;"Repeat Pattern Code";;335;"O";"CWE";"CWE";6.1.2020 12:07:16;
324;61;"Separator/Suffix";"Trennzeichen/Zusatz";0;"O";"ST";"ST";10.5.2007 23:16:33;
324;81;"Relational Conjunction";;210;"O";"ID";"ID";29.3.2013 16:30:28;
324;91;"Period Quantity";;0;"O";"NM";"NM";2.11.2014 19:17:25;
325;3;"type of data";"MIME-Medientyp";191;"O";"ID";"ID";7.9.1996 11:28:17;"2-33"
325;4;"type of data";"MIME-Medientyp";191;"O";"ID";"ID";14.4.1999 21:46:18;"2-33"
325;5;"type of data";"MIME-Medientyp";191;"O";"ID";"ID";8.7.2000 12:20:09;"2-33"
325;6;"Num2";"Wert 2";0;"O";"NM";"NM";1.9.2003 22:24:14;
325;7;"Governing Board";;0;"O";"ST";"ST";28.10.2007 17:49:03;
325;9;"Period Units";;0;"O";"CWE";"CWE";18.3.2014 20:07:42;
325;10;"Calendar Alignment";;527;"O";"ID";"ID";6.1.2020 12:07:16;
325;61;"Num2";"Wert 2";0;"O";"NM";"NM";10.5.2007 23:16:33;
325;81;"Segment Field Name";;0;"O";"ST";"ST";29.3.2013 16:30:28;
325;91;"Period Units";;0;"O";"CWE";"CWE";2.11.2014 19:17:25;
326;3;"comparator";"Vergleichsoperator";0;"O";"ST";"ST";7.9.1996 11:29:09;
326;4;"comparator";"Vergleichsoperator";0;"O";"ST";"ST";14.4.1999 21:46:18;
326;5;"comparator";"Vergleichsoperator";0;"O";"ST";"ST";8.7.2000 12:20:09;
326;6;"Specialty Name";;0;"O";"ST";"ST";1.9.2003 22:24:14;
326;7;"Eligible or Certified";;337;"O";"ID";"ID";26.10.2007 18:09:43;
326;9;"Institution Specified Time";;136;"O";"ID";"ID";18.3.2014 20:07:42;
326;10;"Phase Range Begin Value";;0;"O";"NM";"NM";6.1.2020 12:07:16;
326;61;"Specialty Name";;0;"O";"ST";"ST";10.5.2007 23:16:33;
326;81;"HL7 Data Type";;440;"O";"ID";"ID";29.3.2013 16:30:28;
326;91;"Institution Specified Time";;136;"O";"ID";"ID";2.11.2014 19:17:25;
327;3;"num1";"Wert 1";0;"O";"NM";"NM";7.9.1996 11:29:20;
327;4;"num1";"Wert 1";0;"O";"NM";"NM";14.4.1999 21:46:18;
327;5;"num1";"Wert 1";0;"O";"NM";"NM";8.7.2000 12:20:09;
327;6;"Governing Board";;0;"O";"ST";"ST";1.9.2003 22:24:14;
327;7;"Date of Certification";"Zertifizierungsdatum";0;"O";"DT";"DT";21.3.2017 00:00:00;
327;9;"Event";"Ereignis";528;"O";"ID";"ID";18.3.2014 20:07:42;
327;10;"Phase Range End Value";;0;"O";"NM";"NM";6.1.2020 12:07:16;
327;61;"Governing Board";;0;"O";"ST";"ST";10.5.2007 23:16:33;
327;81;"Maximum Column Width";"maximale Spaltenbreite";0;"O";"NM";"NM";21.3.2017 00:00:00;
327;91;"Event";"Ereignis";528;"O";"ID";"ID";2.11.2014 19:17:25;
328;3;"separator or suffix";"Trennzeichen/Zusatz";0;"O";"ST";"ST";7.9.1996 11:29:27;
328;4;"separator or suffix";"Trennzeichen/Zusatz";0;"O";"ST";"ST";14.4.1999 21:46:18;
328;5;"separator/suffix";"Trennzeichen/Zusatz";0;"O";"ST";"ST";8.7.2000 12:20:09;
328;6;"Eligible or Certified";;337;"O";"ID";"ID";1.9.2003 22:24:14;
328;7;"Specimen Source Name or Code";"Zeitpunkt des Eingangs im Labor";0;"O";"CWE";"CWE";28.10.2007 17:49:03;
328;9;"Event Offset Quantity";;0;"O";"NM";"NM";18.3.2014 20:07:42;
328;10;"Period Quantity";;0;"O";"NM";"NM";6.1.2020 12:07:16;
328;61;"Eligible or Certified";;337;"O";"ID";"ID";10.5.2007 23:16:33;
328;81;"Numeric Range";;0;"O";"NR";"NR";29.3.2013 16:30:28;
328;91;"Event Offset Quantity";;0;"O";"NM";"NM";2.11.2014 19:17:25;
329;3;"num2";"Wert 2";0;"O";"NM";"NM";7.9.1996 11:29:42;
329;4;"num2";"Wert 2";0;"O";"NM";"NM";14.4.1999 21:46:18;
329;5;"num2";"Wert 2";0;"O";"NM";"NM";8.7.2000 12:20:09;
329;6;"Date of Certification";"Zertifizierungsdatum";0;"O";"DT";"DT";21.3.2017 00:00:00;
329;7;"Additives";"Zugaben";371;"O";"CWE";"CWE";26.10.2007 18:09:43;
329;9;"Event Offset Units";;0;"O";"CWE";"CWE";18.3.2014 20:07:42;
329;10;"Period Units";;0;"O";"CWE";"CWE";6.1.2020 12:07:16;
329;61;"Date of Certification";"Zertifizierungsdatum";0;"O";"DT";"DT";21.3.2017 00:00:00;
329;81;"Administrative Sex";"Geschlecht";1;"O";"CWE";"CWE";29.3.2013 16:30:28;
329;91;"Event Offset Units";;0;"O";"CWE";"CWE";2.11.2014 19:17:25;
330;3;"county/parish code";"Gemeindekennziffer";0;"O";"IS";"IS";7.9.1996 11:31:49;
330;4;"county/parish code";"Gemeindekennziffer";289;"O";"IS";"IS";14.4.1999 21:46:18;
330;5;"county/parish code";"Gemeindekennziffer";289;"O";"IS";"IS";8.7.2000 12:20:09;
330;6;"Specimen Source Name or Code";"Zeitpunkt des Eingangs im Labor";0;"O";"CWE";"CWE";1.9.2003 22:24:14;
330;7;"Specimen Collection Method";;0;"O";"TX";"TX";28.10.2007 17:49:03;
330;9;"General Timing Specification";"generische  Zeitangabe";0;"O";"GTS";"GTS";18.3.2014 20:07:42;
330;10;"Institution Specified Time";;136;"O";"ID";"ID";6.1.2020 12:07:16;
330;61;"Specimen Source Name or Code";"Zeitpunkt des Eingangs im Labor";0;"O";"CWE";"CWE";10.5.2007 23:16:33;
330;81;"Age Range";"Altersbereich";0;"O";"NR";"NR";29.3.2013 16:30:28;
330;91;"General Timing Specification";"generische  Zeitangabe";0;"O";"GTS";"GTS";2.11.2014 19:17:25;
331;3;"Driver's License Number";"Führerscheinnummer";0;"O";"ST";"ST";20.7.1997 18:05:21;"2-20"
331;4;"Driver's License Number";"Führerscheinnummer";0;"O";"ST";"ST";14.4.1999 21:46:18;"2-20"
331;5;"Driver's License Number";"Führerscheinnummer";0;"O";"ST";"ST";8.7.2000 12:20:09;"2-20"
331;6;"Additives";"Zugaben";371;"O";"CWE";"CWE";1.9.2003 22:24:14;
331;7;"Body Site";;163;"O";"CWE";"CWE";26.10.2007 18:09:43;
331;9;"Street or Mailing Address";"Strasse inkl. Hausnummer";0;"O";"ST";"ST";18.3.2014 20:07:42;
331;10;"Event";;528;"O";"ID";"ID";6.1.2020 12:07:16;
331;61;"Additives";"Zugaben";371;"O";"CWE";"CWE";10.5.2007 23:16:33;
331;81;"Gestational Age Range";"Schwangerschaftswoche";0;"O";"NR";"NR";29.3.2013 16:30:28;
331;91;"Street or Mailing Address";"Strasse inkl. Hausnummer";0;"O";"ST";"ST";2.11.2014 19:17:25;
332;3;"channel identifier";;0;"O";"CM";"CM_WVI";7.9.1996 11:37:35;
332;4;"channel identifier";;0;"O";"WVI";"WVI";14.4.1999 21:46:18;
332;5;"channel identifier";;0;"O";"WVI";"WVI";8.7.2000 12:20:09;"7.13.1.3"
332;6;"Specimen Collection Method";;0;"O";"TX";"TX";1.9.2003 22:24:14;
332;7;"Site Modifier";;495;"O";"CWE";"CWE";26.10.2007 18:09:43;
332;9;"Street Name";"Strassenname";0;"O";"ST";"ST";18.3.2014 20:07:42;
332;10;"Event Offset Quantity";;0;"O";"NM";"NM";6.1.2020 12:07:16;
332;61;"Specimen Collection Method";;0;"O";"TX";"TX";10.5.2007 23:16:33;
332;81;"Species";"Spezies";0;"O";"ST";"ST";29.3.2013 16:30:28;
332;91;"Street Name";"Strassenname";0;"O";"ST";"ST";2.11.2014 19:17:25;
333;3;"electrode names";;0;"O";"CM";"CM_CD_ELECTRODE";7.9.1996 11:38:00;
333;4;"electrode names";;0;"O";"WVS";"WVS";14.4.1999 21:46:18;
333;6;"Body Site";;163;"O";"CWE";"CWE";1.9.2003 22:24:14;
333;7;"Collection Method Modifier Code";;0;"O";"CWE";"CWE";28.10.2007 17:49:03;
333;9;"Dwelling Number";"Hausnummer";0;"O";"ST";"ST";18.3.2014 20:07:42;
333;10;"Event Offset Units";;0;"O";"CWE";"CWE";6.1.2020 12:07:16;
333;61;"Body Site";;163;"O";"CWE";"CWE";10.5.2007 23:16:33;
333;81;"Race/subspecies";"Rasse";0;"O";"ST";"ST";29.3.2013 16:30:28;
333;91;"Dwelling Number";"Hausnummer";0;"O";"ST";"ST";2.11.2014 19:17:25;
334;3;"channel sensitivity/units";;0;"O";"CM";"CM_CSU";7.9.1996 11:38:17;
334;4;"channel sensitivity/units";;0;"O";"CSU";"CSU";14.4.1999 21:46:18;
334;5;"channel sensitivity/units";;0;"O";"CSU";"CSU";8.7.2000 12:20:09;"7.13.1.3"
334;6;"Site Modifier";;495;"O";"CWE";"CWE";1.9.2003 22:24:14;
334;7;"Specimen Role";;369;"O";"CWE";"CWE";26.10.2007 18:09:43;
334;9;"Parameter Class";;294;"O";"CWE";"CWE";18.3.2014 20:07:42;
334;10;"General Timing Specification";;0;"O";"GTS";"GTS";6.1.2020 12:07:16;
334;61;"Site Modifier";;495;"O";"CWE";"CWE";10.5.2007 23:16:33;
334;81;"Conditions";"Bedingungen";0;"O";"TX";"TX";29.3.2013 16:30:28;
334;91;"Parameter Class";;294;"O";"CWE";"CWE";2.11.2014 19:17:25;
335;3;"calibration parameters";;0;"O";"CM";"CM_CCP";7.9.1996 11:38:28;
335;4;"calibration parameters";;0;"O";"CCP";"CCP";14.4.1999 21:46:18;
335;6;"Collection Method Modifier Code";;0;"O";"CWE";"CWE";1.9.2003 22:24:14;
335;7;"Sort-by Field";;0;"O";"ST";"ST";28.10.2007 17:49:03;
335;9;"Parameter Value";;0;"O";"ST";"ST";18.3.2014 20:07:42;
335;10;"Street or Mailing Address";;0;"O";"ST";"ST";6.1.2020 12:07:16;
335;61;"Collection Method Modifier Code";;0;"O";"CWE";"CWE";10.5.2007 23:16:33;
335;81;"Repeat Pattern";;335;"O";"CWE";"CWE";29.3.2013 16:30:28;
335;91;"Parameter Value";;0;"O";"ST";"ST";2.11.2014 19:17:25;
336;3;"sampling frequency";;0;"O";"NM";"NM";7.9.1996 11:38:40;
336;4;"sampling frequency";;0;"O";"NM";"NM";14.4.1999 21:46:18;
336;5;"sampling frequency";;0;"O";"NM";"NM";8.7.2000 12:20:09;
336;6;"Specimen Role";;369;"O";"CWE";"CWE";1.9.2003 22:24:14;
336;7;"Sequencing";;397;"O";"ID";"ID";26.10.2007 18:09:43;
336;9;"Sequence ID";"Sequenzummer";0;"O";"SI";"SI";18.3.2014 20:51:36;
336;10;"Street Name";;0;"O";"ST";"ST";6.1.2020 12:07:16;
336;61;"Specimen Role";;369;"O";"CWE";"CWE";10.5.2007 23:16:33;
336;81;"Explicit Time Interval";"ausdrückliches Zeitintervall";0;"O";"ST";"ST";21.3.2017 00:00:00;
336;91;"Sequence ID";"Sequenzummer";0;"O";"SI";"SI";2.11.2014 19:17:25;
337;3;"minimum/maximum data values";;0;"O";"CM";"CM_MDV";7.9.1996 11:38:56;
337;4;"minimum/maximum data values";;0;"O";"NR";"NR";14.4.1999 21:46:18;
337;5;"minimum data value";;0;"O";"NM";"NM";8.7.2000 12:20:09;
337;6;"Sort-by Field";;0;"O";"ST";"ST";1.9.2003 22:24:14;
337;7;"String Data";;0;"O";"ST";"ST";28.10.2007 17:54:35;
337;9;"Comparator";"Vergleichsoperator";0;"O";"ST";"ST";18.3.2014 20:07:42;
337;10;"Dwelling Number";;0;"O";"ST";"ST";6.1.2020 12:07:16;
337;61;"Sort-by Field";;0;"O";"ST";"ST";10.5.2007 23:16:33;
337;81;"Room Type";"Zimmertyp / Kostenanteil";145;"O";"CWE";"CWE";29.3.2013 16:30:28;
337;91;"Comparator";"Vergleichsoperator";0;"O";"ST";"ST";2.11.2014 19:17:25;
338;3;"room type";"Zimmertyp / Kostenanteil";0;"O";"IS";"IS";10.9.1996 20:42:28;
338;4;"room type";"Zimmertyp / Kostenanteil";145;"O";"IS";"IS";14.4.1999 21:46:18;
338;5;"room type";"Zimmertyp / Kostenanteil";145;"O";"IS";"IS";8.7.2000 12:20:09;
338;6;"Sequencing";;397;"O";"ID";"ID";1.9.2003 22:24:14;
338;7;"Time";"Uhrzeit";0;"O";"TM";"TM";28.10.2007 17:54:35;
338;9;"Num1";"Wert 1";0;"O";"NM";"NM";18.3.2014 20:07:42;
338;10;"Parameter Class";;294;"O";"CWE";"CWE";6.1.2020 12:07:16;
338;61;"Sequencing";;397;"O";"ID";"ID";10.5.2007 23:16:33;
338;81;"Amount Type";"Mengentyp";146;"O";"CWE";"CWE";29.3.2013 16:30:28;
338;91;"Num1";"Wert 1";0;"O";"NM";"NM";2.11.2014 19:17:25;
339;3;"Channel Name";;0;"O";"ST";"ST";20.7.1997 17:37:11;"2-12"
339;4;"Channel Name";;0;"O";"ST";"ST";14.4.1999 21:46:18;"2-12"
339;5;"Channel Name";;0;"O";"ST";"ST";8.7.2000 12:20:09;"7.13.1.3"
339;6;"String Data";;0;"O";"ST";"ST";1.9.2003 22:24:14;
339;7;"Quantity";"Menge";0;"O";"CQ";"CQ";28.10.2007 17:49:03;
339;9;"Separator/Suffix";"Trennzeichen/Zusatz";0;"O";"ST";"ST";18.3.2014 20:07:42;
339;10;"Parameter Value";;0;"O";"ST";"ST";6.1.2020 12:07:16;
339;61;"String Data";;0;"O";"ST";"ST";10.5.2007 23:38:23;
339;81;"Coverage Amount";"Kostenanteil";0;"O";"-";"-";15.10.2014 16:46:29;
339;91;"Separator/Suffix";"Trennzeichen/Zusatz";0;"O";"ST";"ST";2.11.2014 19:17:25;
340;3;"data subtype";"MIME-Subtyp";291;"O";"ID";"ID";20.7.1997 18:06:15;"2-20"
340;4;"data subtype";"MIME-Subtyp";291;"O";"ID";"ID";14.4.1999 21:46:18;"2-20"
340;5;"data subtype";"MIME-Subtyp";291;"O";"ID";"ID";8.7.2000 12:20:09;"2-20"
340;6;"Time";"Uhrzeit";0;"O";"TM";"TM";1.9.2003 22:24:14;
340;7;"Interval";"Intervall";0;"O";"RI";"RI";28.10.2007 17:49:03;
340;9;"Num2";"Wert 2";0;"O";"NM";"NM";18.3.2014 20:07:42;
340;10;"Sequence ID";" ";0;"O";"SI";"SI";2.6.2020 20:48:21;" "
340;61;"Time";"Uhrzeit";0;"O";"TM";"TM";10.5.2007 23:38:23;
340;81;"Money or Percentage";"Währung oder Prozentangabe";0;"O";"MOP";"MOP";21.3.2017 00:00:00;
340;91;"Num2";"Wert 2";0;"O";"NM";"NM";2.11.2014 19:17:25;
341;3;"universal ID";"Identifikator, universelle Form";0;"O";"ST";"ST";20.7.1997 18:14:46;"2-22"
341;4;"universal ID";"Identifikator, universelle Form";0;"O";"ST";"ST";14.4.1999 21:46:18;"2-22"
341;5;"universal ID";"Identifikator, universelle Form";0;"O";"ST";"ST";8.7.2000 12:20:09;"2-22"
341;6;"Quantity";"Menge";0;"O";"CQ";"CQ";1.9.2003 22:24:14;
341;7;"Duration";"Dauer";0;"O";"ST";"ST";28.10.2007 17:49:03;
341;9;"String of telephone number digits";;0;"O";"SNM";"SNM";18.3.2014 20:51:36;
341;10;"Comparator";;0;"O";"ST";"ST";6.1.2020 12:07:16;
341;61;"Quantity";"Menge";0;"O";"CQ";"CQ";10.5.2007 23:16:33;
341;81;"Pointer";"Verweis auf die Daten";0;"O";"ST";"ST";29.3.2013 16:30:28;
341;91;"String of telephone number digits";;0;"O";"SNM";"SNM";2.11.2014 19:17:25;
342;3;"namespace ID";"Identifikator";300;"O";"IS";"IS";20.7.1997 18:16:47;"2-22"
342;4;"namespace ID";"Identifikator";363;"O";"IS";"IS";14.4.1999 21:46:18;"2-22"
342;5;"namespace ID";"Identifikator";363;"O";"IS";"IS";8.7.2000 12:20:09;"2-22"
342;6;"Interval";"Intervall";0;"O";"RI";"RI";1.9.2003 22:24:14;
342;7;"Start Date/Time";"Startzeitpunkt";0;"O";"DTM";"DTM";28.10.2007 17:49:03;
342;9;"Specialty Name";;0;"O";"ST";"ST";18.3.2014 20:07:42;
342;10;"Num1";;0;"O";"NM";"NM";6.1.2020 12:07:16;
342;61;"Interval";"Intervall";0;"O";"RI";"RI";10.5.2007 23:16:33;
342;81;"Application ID";"Datenquelle";0;"O";"HD";"HD";29.3.2013 16:30:28;
342;91;"Specialty Name";;0;"O";"ST";"ST";2.11.2014 19:17:25;
343;3;"universal ID type";"Typ der Universal ID";301;"O";"ID";"ID";20.7.1997 18:17:10;
343;4;"universal ID type";"Typ der Universal ID";301;"O";"ID";"ID";14.4.1999 21:46:18;
343;5;"universal ID type";"Typ der Universal ID";301;"O";"ID";"ID";8.7.2000 12:20:09;
343;6;"Duration";"Dauer";0;"O";"ST";"ST";1.9.2003 22:24:14;
343;7;"End Date/Time";"Endzeitpunkt";0;"O";"DTM";"DTM";28.10.2007 17:49:03;
343;9;"Governing Board";;0;"O";"ST";"ST";18.3.2014 20:07:42;
343;10;"Separator/Suffix";;0;"O";"ST";"ST";6.1.2020 12:07:16;
343;61;"Duration";"Dauer";0;"O";"ST";"ST";10.5.2007 23:16:33;
343;81;"Type of Data";"MIME-Medientyp";834;"O";"ID";"ID";29.3.2013 16:30:28;
343;91;"Governing Board";;0;"O";"ST";"ST";2.11.2014 19:17:25;
344;3;"Financial Class";;64;"O";"IS";"IS";20.7.1997 18:18:57;"2-23"
344;4;"Financial Class";;64;"O";"IS";"IS";14.4.1999 21:46:18;"2-23"
344;5;"Financial Class";;64;"O";"IS";"IS";8.7.2000 12:20:09;"2-23"
344;6;"Start Date/Time";"Startzeitpunkt";0;"O";"TS";"TS";1.9.2003 22:24:14;
344;7;"Priority";"Priorität";0;"O";"ST";"ST";28.10.2007 17:49:03;
344;9;"Eligible or Certified";;337;"O";"ID";"ID";18.3.2014 20:07:42;
344;10;"Num2";;0;"O";"NM";"NM";6.1.2020 12:07:16;
344;61;"Start Date/Time";"Startzeitpunkt";0;"O";"TS";"TS";10.5.2007 23:16:33;
344;81;"Subtype";"MIME-Subtyp";291;"O";"ID";"ID";29.3.2013 16:30:28;
344;91;"Eligible or Certified";;337;"O";"ID";"ID";2.11.2014 19:17:25;
345;3;"Effective Date";"Gültigkeitsbeginn";0;"O";"TS";"TS";20.7.1997 18:22:21;"2-23"
345;4;"Effective Date";"Gültigkeitsbeginn";0;"O";"TS";"TS";14.4.1999 21:46:18;"2-23"
345;5;"Effective Date (TS)";"Gültigkeitsbeginn";0;"O";"TS";"TS";8.7.2000 12:20:09;"2-23"
345;6;"End Date/Time";"Endzeitpunkt";0;"O";"TS";"TS";1.9.2003 22:24:14;
345;7;"Condition";"Bedingung";0;"O";"ST";"ST";28.10.2007 17:49:03;
345;9;"Date of Certification";"Zertifizierungsdatum";0;"O";"DT";"DT";21.3.2017 00:00:00;
345;10;"String of telephone number digits";" ";0;"O";"SNM";"SNM";2.6.2020 20:48:21;" "
345;61;"End Date/Time";"Endzeitpunkt";0;"O";"TS";"TS";10.5.2007 23:16:33;
345;81;"Repeat Pattern Code";;335;"O";"CWE";"CWE";29.3.2013 16:30:28;
345;91;"Date of Certification";"Zertifizierungsdatum";0;"O";"DT";"DT";21.3.2017 00:00:00;
346;3;"subtype";"MIME-Subtyp";291;"O";"ID";"ID";20.7.1997 18:59:09;"2-34"
346;4;"subtype";"MIME-Subtyp";291;"O";"ID";"ID";14.4.1999 21:46:18;"2-34"
346;5;"subtype";"MIME-Subtyp";291;"O";"ID";"ID";8.7.2000 12:20:09;"2-34"
346;6;"Priority";"Priorität";0;"O";"ST";"ST";1.9.2003 22:24:14;
346;7;"Text";"Beschreibungstext";0;"O";"TX";"TX";28.10.2007 17:49:03;
346;9;"Sort-by Field";;0;"O";"ST";"ST";18.3.2014 20:07:42;
346;10;"Specialty Name";;0;"O";"ST";"ST";6.1.2020 12:07:16;
346;61;"Priority";"Priorität";0;"O";"ST";"ST";10.5.2007 23:16:33;
346;81;"Calendar Alignment";;527;"O";"ID";"ID";29.3.2013 16:30:28;
346;91;"Sort-by Field";;0;"O";"ST";"ST";2.11.2014 19:17:25;
347;3;"[(999)] 999-9999 [X99999][C any text]";"Telefonnummer, formatiert";0;"O";"TN";"TN";20.7.1997 18:59:25;"2-46"
347;4;"[(999)] 999-9999 [X99999][C any text]";"Telefonnummer, formatiert";0;"O";"TN";"TN";14.4.1999 21:46:18;"2-46"
347;5;"[(999)] 999-9999 [X99999][C any text]";"nicht mehr verwenden";0;"O";"TN";"TN";8.7.2000 12:20:09;"2-46"
347;6;"Condition";"Bedingung";0;"O";"ST";"ST";1.9.2003 22:24:14;
347;7;"Conjunction";;472;"O";"ID";"ID";26.10.2007 18:09:43;
347;9;"Sequencing";;397;"O";"ID";"ID";18.3.2014 20:07:42;
347;10;"Governing Board";;0;"O";"ST";"ST";6.1.2020 12:07:16;
347;61;"Condition";"Bedingung";0;"O";"ST";"ST";10.5.2007 23:16:33;
347;81;"Phase Range Begin Value";;0;"O";"NM";"NM";29.3.2013 16:30:28;
347;91;"Sequencing";;397;"O";"ID";"ID";2.11.2014 19:17:25;
348;3;"telecommunication use code";"Verwendungszweck";201;"O";"ID";"ID";20.7.1997 19:13:30;"2-46"
348;4;"telecommunication use code";"Verwendungszweck";201;"O";"ID";"ID";14.4.1999 21:46:18;"2-46"
348;5;"telecommunication use code";"Verwendungszweck";201;"O";"ID";"ID";8.7.2000 12:20:09;"2-46"
348;6;"Text";"Beschreibungstext";0;"O";"TX";"TX";1.9.2003 22:24:14;
348;7;"Order Sequencing";;0;"O";"OSD";"OSD";28.10.2007 17:49:03;
348;9;"String Data";;0;"O";"ST";"ST";18.3.2014 20:51:36;
348;10;"Eligible or Certified";;337;"O";"ID";"ID";6.1.2020 12:07:16;
348;61;"Text";"Beschreibungstext";0;"O";"TX";"TX";10.5.2007 23:16:33;
348;81;"Phase Range End Value";;0;"O";"NM";"NM";29.3.2013 16:30:28;
348;91;"String Data";;0;"O";"ST";"ST";2.11.2014 19:17:25;
349;3;"telecommunication equipment type (ID)";"Telekommunikationsmethode";202;"O";"ID";"ID";20.7.1997 19:13:52;"2-46"
349;4;"telecommunication equipment type (ID)";"Telekommunikationsmethode";202;"O";"ID";"ID";14.4.1999 21:46:18;"2-46"
349;5;"telecommunication equipment type (ID)";"Telekommunikationsmethode";202;"O";"ID";"ID";8.7.2000 12:20:09;"2-46"
349;6;"Conjunction";;472;"O";"ID";"ID";1.9.2003 22:24:14;
349;7;"Occurrence Duration";;0;"O";"CWE";"CWE";28.10.2007 17:49:03;
349;9;"Time";"Uhrzeit";0;"O";"TM";"TM";18.3.2014 20:51:36;
349;10;"Date of Certification";;0;"O";"DT";"DT";6.1.2020 12:07:16;
349;61;"Conjunction";;472;"O";"ID";"ID";10.5.2007 23:16:33;
349;81;"Period Quantity";;0;"O";"NM";"NM";29.3.2013 16:30:28;
349;91;"Time";"Uhrzeit";0;"O";"TM";"TM";2.11.2014 19:17:25;
350;3;"Email address";"E-Mail-Adresse";0;"O";"ST";"ST";20.7.1997 19:14:20;"2-47"
350;4;"Email address";"E-Mail-Adresse";0;"O";"ST";"ST";14.4.1999 21:46:18;"2-47"
350;5;"Email address";"E-Mail-Adresse";0;"O";"ST";"ST";8.7.2000 12:20:09;"2-47"
350;6;"Order Sequencing";;0;"O";"OSD";"OSD";1.9.2003 22:24:14;
350;7;"Total Occurrences";"Anzahl Vorkommen";0;"O";"NM";"NM";21.3.2017 00:00:00;
350;9;"Text Data";"Text";0;"O";"TX";"TX";18.3.2014 20:51:36;
350;10;"Sort-by Field";;0;"O";"ST";"ST";6.1.2020 12:07:16;
350;61;"Order Sequencing";;0;"O";"OSD";"OSD";10.5.2007 23:16:33;
350;81;"Period Units";;0;"O";"CWE";"CWE";29.3.2013 16:30:28;
350;91;"Text Data";"Text";0;"O";"TX";"TX";2.11.2014 19:17:25;
351;3;"Area/city code";"Ortsvorwahl";0;"O";"NM";"NM";20.7.1997 19:16:35;"2-47"
351;4;"Area/city code";"Ortsvorwahl";0;"O";"NM";"NM";14.4.1999 21:46:18;"2-47"
351;5;"Area/city code";"Ortsvorwahl";0;"O";"NM";"NM";8.7.2000 12:20:09;"2-47"
351;6;"Occurrence Duration";;0;"O";"CE";"CE";1.9.2003 22:24:14;
351;7;"Time";"Zeitpunkt";0;"O";"-";"-";28.10.2007 17:54:35;
351;9;"Value Code";"nicht verwendet";153;"O";"CWE";"CWE";18.3.2014 20:07:42;
351;10;"Sequencing";;397;"O";"ID";"ID";6.1.2020 12:07:16;
351;61;"Occurrence Duration";;0;"O";"CE";"CE";10.5.2007 23:16:33;
351;81;"Institution Specified Time";;136;"O";"ID";"ID";29.3.2013 16:30:28;
351;91;"Value Code";"nicht verwendet";153;"O";"CWE";"CWE";2.11.2014 19:17:25;
352;3;"Country Code";"internationale Landesvorwahl";0;"O";"NM";"NM";20.7.1997 19:17:18;"2-47"
352;4;"Country Code";"internationale Landesvorwahl";0;"O";"NM";"NM";14.4.1999 21:46:18;"2-47"
352;5;"Country Code";"internationale Landesvorwahl";0;"O";"NM";"NM";8.7.2000 12:20:09;"2-47"
352;6;"Total Occurrences";"Anzahl Vorkommen";0;"O";"NM";"NM";21.3.2017 00:00:00;
352;7;"Degree of Precision";"Präzision";0;"O";"-";"-";21.3.2017 00:00:00;
352;9;"Value Amount";"nicht verwendet";0;"O";"MO";"MO";18.3.2014 20:07:42;
352;10;"String Data";" ";0;"O";"ST";"ST";2.6.2020 20:48:21;" "
352;61;"Total Occurrences";"Anzahl Vorkommen";0;"O";"NM";"NM";21.3.2017 00:00:00;
352;81;"Event";"Ereignis";528;"O";"ID";"ID";29.3.2013 16:30:28;
352;91;"Value Amount";"nicht verwendet";0;"O";"MO";"MO";2.11.2014 19:17:25;
353;3;"Phone number";"Anschlußnummer (inkl. Durchwahl)";0;"O";"NM";"NM";20.7.1997 19:18:09;"2-47"
353;4;"Phone number";"Anschlußnummer (inkl. Durchwahl)";0;"O";"NM";"NM";14.4.1999 21:46:18;"2-47"
353;5;"Phone number";"Anschlußnummer (inkl. Durchwahl)";0;"O";"NM";"NM";8.7.2000 12:20:09;"2-47"
353;6;"Time";"Zeitpunkt";0;"O";"DTM";"DTM";1.9.2003 22:24:14;
353;7;"Text Data";"Text";0;"O";"TX";"TX";28.10.2007 17:54:35;
353;9;"Non-Monetary Value Amount / Quantity";;0;"O";"NM";"NM";18.3.2014 20:07:42;
353;10;"Time";" ";0;"O";"TM";"TM";2.6.2020 20:48:21;" "
353;61;"Time";"Zeitpunkt";0;"O";"DTM";"DTM";10.5.2007 23:16:33;
353;81;"Event Offset Quantity";;0;"O";"NM";"NM";29.3.2013 16:30:28;
353;91;"Non-Monetary Value Amount / Quantity";;0;"O";"NM";"NM";2.11.2014 19:17:25;
354;3;"Extension";"Durchwahl";0;"O";"NM";"NM";20.7.1997 19:18:28;"2-47"
354;4;"Extension";"Durchwahl";0;"O";"NM";"NM";14.4.1999 21:46:18;"2-47"
354;5;"Extension";"Durchwahl";0;"O";"NM";"NM";8.7.2000 12:20:09;"2-47"
354;6;"Degree of Precision";"Präzision";529;"O";"ID";"ID";21.3.2017 00:00:00;
354;7;"Value Code";"nicht verwendet";153;"O";"CNE";"CNE";26.10.2007 18:09:43;
354;9;"Non-Monetary Value Amount / Units";;0;"O";"CWE";"CWE";18.3.2014 20:07:42;
354;10;"Text Data";" ";0;"O";"TX";"TX";2.6.2020 20:48:21;" "
354;61;"Degree of Precision";"Präzision";529;"O";"ID";"ID";21.3.2017 00:00:00;
354;81;"Event Offset Units";;0;"O";"CWE";"CWE";29.3.2013 16:30:28;
354;91;"Non-Monetary Value Amount / Units";;0;"O";"CWE";"CWE";2.11.2014 19:17:25;
355;3;"any text";"beliebiger Text";0;"O";"ST";"ST";20.7.1997 19:18:39;"2-47"
355;4;"any text";"beliebiger Text";0;"O";"ST";"ST";14.4.1999 21:46:18;"2-47"
355;5;"any text";"beliebiger Text";0;"O";"ST";"ST";8.7.2000 12:20:09;"2-47"
355;6;"Text Data";"Text";0;"O";"TX";"TX";1.9.2003 22:24:14;
355;7;"Value Amount";"nicht verwendet";0;"O";"MO";"MO";28.10.2007 17:49:03;
355;9;"Start Day Range";"erster Tag";267;"O";"ID";"ID";18.3.2014 20:07:42;
355;10;"Value Code";;153;"O";"CWE";"CWE";6.1.2020 12:07:16;
355;61;"Text Data";"Text";0;"O";"TX";"TX";10.5.2007 23:38:23;
355;81;"General Timing Specification";"generische  Zeitangabe";0;"O";"GTS";"GTS";29.3.2013 16:30:28;
355;91;"Start Day Range";"erster Tag";267;"O";"ID";"ID";2.11.2014 19:17:25;
356;3;"Name Representation code";"Namensdarstellung";4000;"O";"ID";"ID";22.5.1998 13:26:48;"2-45"
356;4;"Name Representation code";"Namensdarstellung";4000;"O";"ID";"ID";14.4.1999 21:46:18;"2-45"
356;5;"Name Representation code";"Namensdarstellung";465;"O";"ID";"ID";8.7.2000 12:20:09;"2-45"
356;6;"Value Code";"nicht verwendet";153;"O";"CNE";"CNE";1.9.2003 22:24:14;
356;7;"Start Day Range";"erster Tag";267;"O";"ID";"ID";26.10.2007 18:09:43;
356;9;"End Day Range";"letzter Tag";267;"O";"ID";"ID";18.3.2014 20:07:42;
356;10;"Value Amount";;0;"O";"MO";"MO";6.1.2020 12:07:16;
356;61;"Value Code";"nicht verwendet";153;"O";"CNE";"CNE";10.5.2007 23:16:33;
356;81;"Street or Mailing Address";"Strasse inkl. Hausnummer";0;"O";"ST";"ST";29.3.2013 16:30:28;
356;91;"End Day Range";"letzter Tag";267;"O";"ID";"ID";2.11.2014 19:17:25;
357;3;"Channel Number";;0;"O";"NM";"NM";5.4.1999 10:15:08;
357;4;"Channel Number";;0;"O";"NM";"NM";14.4.1999 21:46:18;
357;5;"Channel Number";;0;"O";"NM";"NM";8.7.2000 12:20:09;"7.13.1.3"
357;6;"Value Amount";"nicht verwendet";0;"O";"MO";"MO";1.9.2003 22:24:14;
357;7;"End Day Range";"letzter Tag";267;"O";"ID";"ID";26.10.2007 18:09:43;
357;9;"Start Hour Range";"Beginn";0;"O";"TM";"TM";18.3.2014 20:07:42;
357;10;"Non-Monetary Value Amount / Quantity";;0;"O";"NM";"NM";6.1.2020 12:07:16;
357;61;"Value Amount";"nicht verwendet";0;"O";"MO";"MO";10.5.2007 23:16:33;
357;81;"Street Name";"Strassenname";0;"O";"ST";"ST";29.3.2013 16:30:28;
357;91;"Start Hour Range";"Beginn";0;"O";"TM";"TM";2.11.2014 19:17:25;
358;3;"string";;0;"O";"ST";"ST";17.11.2016 21:43:37;
358;4;"coding system version ID";"Version des Kodiersystems";0;"O";"ST";"ST";14.4.1999 21:46:18;
358;5;"coding system version ID";"Version des Kodiersystems";0;"O";"ST";"ST";8.7.2000 12:20:09;
358;6;"Start Day Range";"erster Tag";267;"O";"ID";"ID";1.9.2003 22:24:14;
358;7;"Start Hour Range";"Beginn";0;"O";"TM";"TM";28.10.2007 17:49:03;
358;9;"End Hour Range";"Ende";0;"O";"TM";"TM";18.3.2014 20:07:42;
358;10;"Non-Monetary Value Amount / Units ";;0;"O";"CWE";"CWE";6.1.2020 12:07:16;
358;61;"Start Day Range";"erster Tag";267;"O";"ID";"ID";10.5.2007 23:16:33;
358;81;"Dwelling Number";"Hausnummer";0;"O";"ST";"ST";29.3.2013 16:30:28;
358;91;"End Hour Range";"Ende";0;"O";"TM";"TM";2.11.2014 19:17:25;
359;3;"identifier";"Schlüssel";0;"O";"ID";"ID";17.11.2016 21:47:18;
359;4;"alternate coding system version ID";"Version des alternativen Kodiersystems";0;"O";"ST";"ST";14.4.1999 21:46:18;
359;5;"alternate coding system version ID";"Version des alternativen Kodiersystems";0;"O";"ST";"ST";8.7.2000 12:20:09;
359;6;"End Day Range";"letzter Tag";267;"O";"ID";"ID";1.9.2003 22:24:14;
359;7;"End Hour Range";"Ende";0;"O";"TM";"TM";28.10.2007 17:49:03;
359;9;"Version ID";"Identifikator";104;"O";"ID";"ID";18.3.2014 20:07:42;
359;10;"Start Day Range";;267;"O";"ID";"ID";6.1.2020 12:07:16;
359;61;"End Day Range";"letzter Tag";267;"O";"ID";"ID";10.5.2007 23:16:33;
359;81;"Parameter Class";;294;"O";"CWE";"CWE";29.3.2013 16:30:28;
359;91;"Version ID";"Identifikator";104;"O";"ID";"ID";2.11.2014 19:17:25;
360;3;"number";"Wert";0;"O";"NM";"NM";17.11.2016 21:48:04;
360;4;"original text";"Originaltext";0;"O";"ST";"ST";14.4.1999 21:46:18;
360;5;"original text";"Originaltext";0;"O";"ST";"ST";8.7.2000 12:20:09;
360;6;"Start Hour Range";"Beginn";0;"O";"TM";"TM";1.9.2003 22:24:14;
360;7;"Version ID";"Identifikator";104;"O";"ID";"ID";26.10.2007 18:09:43;
360;9;"Internationalization Code";"Länderkennzeichen";399;"O";"CWE";"CWE";18.3.2014 20:07:42;
360;10;"End Day Range";;267;"O";"ID";"ID";6.1.2020 12:07:16;
360;61;"Start Hour Range";"Beginn";0;"O";"TM";"TM";10.5.2007 23:16:33;
360;81;"Parameter Value";;0;"O";"ST";"ST";29.3.2013 16:30:28;
360;91;"Internationalization Code";"Länderkennzeichen";399;"O";"CWE";"CWE";2.11.2014 19:17:25;
361;3;"identifier";"Schlüssel";0;"O";"IS";"IS";17.11.2016 21:48:36;
361;4;"last name prefix";"Vorsatzwort des eigenen Nachnamens";0;"O";"ST";"ST";14.4.1999 21:46:18;
361;5;"last name prefix";"Vorsatzwort des eigenen Nachnamens";0;"O";"ST";"ST";8.7.2000 12:20:09;
361;6;"End Hour Range";"Ende";0;"O";"TM";"TM";1.9.2003 22:24:14;
361;7;"Internationalization Code";"Länderkennzeichen";399;"O";"CWE";"CWE";26.10.2007 18:09:43;
361;9;"International Version ID";"lokale Versionskennung";0;"O";"CWE";"CWE";18.3.2014 20:07:42;
361;10;"Start Hour Range";;0;"O";"TM";"TM";6.1.2020 12:07:16;
361;61;"End Hour Range";"Ende";0;"O";"TM";"TM";10.5.2007 23:16:33;
361;81;"Sequence ID";"Sequenzummer";0;"O";"SI";"SI";15.10.2014 16:46:29;
361;91;"International Version ID";"lokale Versionskennung";0;"O";"CWE";"CWE";2.11.2014 19:17:25;
362;3;"sequence identifier";;0;"O";"IS";"IS";17.11.2016 21:49:03;
362;4;"version ID";"Identifikator";104;"O";"ID";"ID";14.4.1999 21:46:18;
362;5;"version ID";"Identifikator";104;"O";"ID";"ID";8.7.2000 12:20:09;
362;6;"Version ID";"Identifikator";104;"O";"ID";"ID";1.9.2003 22:24:14;
362;7;"International Version ID";"lokale Versionskennung";0;"O";"CWE";"CWE";28.10.2007 17:49:03;
362;9;"First Data Code Value";"Suchbegriff: Objektbereich";0;"O";"ST";"ST";18.3.2014 20:07:42;
362;10;"End Hour Range";;0;"O";"TM";"TM";6.1.2020 12:07:16;
362;61;"Version ID";"Identifikator";104;"O";"ID";"ID";10.5.2007 23:16:33;
362;81;"Comparator";"Vergleichsoperator";0;"O";"ST";"ST";29.3.2013 16:30:28;
362;91;"First Data Code Value";"Suchbegriff: Objektbereich";0;"O";"ST";"ST";2.11.2014 19:17:25;
363;3;"date";"Datum";0;"O";"DT";"DT";17.11.2016 21:49:35;
363;4;"internationalization code";"Länderkennzeichen";0;"O";"CE";"CE";14.4.1999 21:46:18;
363;5;"internationalization code";"Länderkennzeichen";399;"O";"CE";"CE";8.7.2000 12:20:09;
363;6;"Internationalization Code";"Länderkennzeichen";399;"O";"CE";"CE";1.9.2003 22:24:14;
363;7;"First Data Code Value";"Suchbegriff: Objektbereich";0;"O";"ST";"ST";28.10.2007 17:49:03;
363;9;"Last Data Code Value";"Suchbegriff: Objektbereich";0;"O";"ST";"ST";18.3.2014 20:07:42;
363;10;"Version ID";;104;"O";"ID";"ID";6.1.2020 12:07:16;
363;61;"Internationalization Code";"Länderkennzeichen";399;"O";"CE";"CE";10.5.2007 23:16:33;
363;81;"Num1";"Wert 1";0;"O";"NM";"NM";29.3.2013 16:30:28;
363;91;"Last Data Code Value";"Suchbegriff: Objektbereich";0;"O";"ST";"ST";2.11.2014 19:17:25;
364;3;"text";;0;"O";"TX";"TX";17.11.2016 21:50:21;
364;4;"international version ID";"lokale Versionskennung";0;"O";"CE";"CE";14.4.1999 21:46:18;
364;5;"international version ID";"lokale Versionskennung";0;"O";"CE";"CE";8.7.2000 12:20:09;
364;6;"International Version ID";"lokale Versionskennung";0;"O";"CE";"CE";1.9.2003 22:24:14;
364;7;"Last Data Code Value";"Suchbegriff: Objektbereich";0;"O";"ST";"ST";28.10.2007 17:49:03;
364;9;"Channel Number";;0;"O";"NM";"NM";18.3.2014 20:07:42;
364;10;"Internationalization Code";;399;"O";"CWE";"CWE";6.1.2020 12:07:16;
364;61;"International Version ID";"lokale Versionskennung";0;"O";"CE";"CE";10.5.2007 23:16:33;
364;81;"Separator/Suffix";"Trennzeichen/Zusatz";0;"O";"ST";"ST";29.3.2013 16:30:28;
364;91;"Channel Number";;0;"O";"NM";"NM";2.11.2014 19:17:25;
365;3;"formatted text";"formatierter Text";0;"O";"FT";"FT";17.11.2016 21:50:50;
365;4;"address representation code";"Darstellung Adresse";4000;"O";"ID";"ID";14.4.1999 21:46:18;
365;5;"address representation code";"Darstellung Adresse";465;"O";"ID";"ID";8.7.2000 12:20:09;
365;6;"First Data Code Value";"Suchbegriff: Objektbereich";0;"O";"ST";"ST";1.9.2003 22:24:14;
365;7;"Channel Number";;0;"O";"NM";"NM";28.10.2007 17:49:03;
365;9;"Channel Name";;0;"O";"ST";"ST";18.3.2014 20:07:42;
365;10;"International Version ID";;0;"O";"CWE";"CWE";6.1.2020 12:07:16;
365;61;"First Data Code Value";"Suchbegriff: Objektbereich";0;"O";"ST";"ST";10.5.2007 23:16:33;
365;81;"Num2";"Wert 2";0;"O";"NM";"NM";29.3.2013 16:30:28;
365;91;"Channel Name";;0;"O";"ST";"ST";2.11.2014 19:17:25;
366;3;"telephone number";;0;"O";"TN";"TN";17.11.2016 21:51:30;
366;4;"message structure";"Nachrichtenstruktur";354;"O";"ID";"ID";14.4.1999 21:46:18;
366;5;"message structure";"Nachrichtenstruktur";354;"O";"ID";"ID";8.7.2000 12:20:09;
366;6;"Last Data Code Value";"Suchbegriff: Objektbereich";0;"O";"ST";"ST";1.9.2003 22:24:14;
366;7;"Channel Name";;0;"O";"ST";"ST";28.10.2007 17:49:03;
366;9;"Source One Name";"Quelle 1";0;"O";"ST";"ST";18.3.2014 20:07:42;
366;10;"First Data Code Value";;0;"O";"ST";"ST";6.1.2020 12:07:16;
366;61;"Last Data Code Value";"Suchbegriff: Objektbereich";0;"O";"ST";"ST";10.5.2007 23:16:33;
366;81;"String of telephone number digits";;0;"O";"SNM";"SNM";15.10.2014 16:46:29;
366;91;"Source One Name";"Quelle 1";0;"O";"ST";"ST";2.11.2014 19:17:25;
367;3;"time";"Zeitpunkt";0;"O";"TM";"TM";17.11.2016 21:52:39;
367;4;"???????????";;0;"O";"TX";"TX";14.4.1999 21:46:18;
367;5;"???????????";;0;"O";"TX";"TX";8.7.2000 12:20:09;
367;6;"Channel Number";;0;"O";"NM";"NM";1.9.2003 22:24:14;
367;7;"Source One Name";"Quelle 1";0;"O";"ST";"ST";28.10.2007 17:49:03;
367;9;"Source Two Name";"Quelle 2";0;"O";"ST";"ST";18.3.2014 20:07:42;
367;10;"Last Data Code Value";;0;"O";"ST";"ST";6.1.2020 12:07:16;
367;61;"Channel Number";;0;"O";"NM";"NM";10.5.2007 23:16:33;
367;81;"Specialty Name";;0;"O";"ST";"ST";29.3.2013 16:30:28;
367;91;"Source Two Name";"Quelle 2";0;"O";"ST";"ST";2.11.2014 19:17:25;
368;3;"composite 2";;0;"O";"ST";"ST";17.11.2016 21:52:59;
368;4;"family+last name";"Familienname";0;"O";"FN";"FN";14.4.1999 21:46:18;"2.8.30"
368;6;"Channel Name";;0;"O";"ST";"ST";1.9.2003 22:24:14;
368;7;"Source Two Name";"Quelle 2";0;"O";"ST";"ST";28.10.2007 17:49:03;
368;9;"Street Address";"Strasse";0;"O";"SAD";"SAD";18.3.2014 20:07:42;
368;10;"Channel Number";;0;"O";"NM";"NM";6.1.2020 12:07:16;
368;61;"Channel Name";;0;"O";"ST";"ST";10.5.2007 23:16:33;
368;81;"Governing Board";;0;"O";"ST";"ST";29.3.2013 16:30:28;
368;91;"Street Address";"Strasse";0;"O";"SAD";"SAD";2.11.2014 19:17:25;
369;5;"waveform source";;0;"O";"WVS";"WVS";8.7.2000 18:01:01;"7.13.1.3"
369;6;"Source One Name";"Quelle 1";0;"O";"ST";"ST";1.9.2003 22:24:14;
369;7;"Street Address";"Strasse";0;"O";"SAD";"SAD";28.10.2007 17:49:03;
369;9;"Other Designation";"sonst. Adresse";0;"O";"ST";"ST";18.3.2014 20:07:42;
369;10;"Channel Name ";;0;"O";"ST";"ST";6.1.2020 12:07:16;
369;61;"Source One Name";"Quelle 1";0;"O";"ST";"ST";10.5.2007 23:16:33;
369;81;"Eligible or Certified";;337;"O";"ID";"ID";29.3.2013 16:30:28;
369;91;"Other Designation";"sonst. Adresse";0;"O";"ST";"ST";2.11.2014 19:17:25;
370;4;"source name 1";"Quelle 1";0;"O";"ST";"ST";30.12.2001 00:00:00;"7.13.1.3"
370;5;"source name 1";"Quelle 1";0;"O";"ST";"ST";8.7.2000 18:01:27;"7.13.1.3"
370;6;"Source Two Name";"Quelle 2";0;"O";"ST";"ST";1.9.2003 22:24:14;
370;7;"Other Designation";"sonst. Adresse";0;"O";"ST";"ST";28.10.2007 17:49:03;
370;9;"City";"Ort";0;"O";"ST";"ST";18.3.2014 20:07:42;
370;10;"Source One Name";;0;"O";"ST";"ST";6.1.2020 12:07:16;
370;61;"Source Two Name";"Quelle 2";0;"O";"ST";"ST";10.5.2007 23:16:33;
370;81;"Date of Certification";"Zertifizierungsdatum";0;"O";"DT";"DT";21.3.2017 00:00:00;
370;91;"City";"Ort";0;"O";"ST";"ST";2.11.2014 19:17:25;
371;4;"source name 2";"Quelle 2";0;"O";"ST";"ST";30.12.2001 00:00:00;"7.13.1.3"
371;5;"source name 2";"Quelle 2";0;"O";"ST";"ST";8.7.2000 18:03:20;"7.13.1.3"
371;6;"Street Address";"Strasse";0;"O";"SAD";"SAD";1.9.2003 22:24:14;
371;7;"City";"Ort";0;"O";"ST";"ST";28.10.2007 17:49:03;
371;9;"State or Province";"Bundesland";0;"O";"ST";"ST";18.3.2014 20:07:42;
371;10;"Source Two Name";;0;"O";"ST";"ST";6.1.2020 12:07:16;
371;61;"Street Address";"Strasse";0;"O";"SAD";"SAD";10.5.2007 23:16:33;
371;81;"Sort-by Field";;0;"O";"ST";"ST";29.3.2013 16:30:28;
371;91;"State or Province";"Bundesland";0;"O";"ST";"ST";2.11.2014 19:17:25;
372;4;"channel calibration sensitivity correction factor";;0;"O";"NM";"NM";30.12.2001 00:00:00;"7.13.1.3"
372;5;"channel calibration sensitivity correction factor";;0;"O";"NM";"NM";8.7.2000 18:03:38;"7.13.1.3"
372;6;"Other Designation";"sonst. Adresse";0;"O";"ST";"ST";1.9.2003 22:24:14;
372;7;"State or Province";"Bundesland";0;"O";"ST";"ST";28.10.2007 17:49:03;
372;9;"Zip or Postal Code";"Postleitzahl";0;"O";"ST";"ST";18.3.2014 20:07:42;
372;10;"Street Address";;0;"O";"SAD";"SAD";6.1.2020 12:07:16;
372;61;"Other Designation";"sonst. Adresse";0;"O";"ST";"ST";10.5.2007 23:16:33;
372;81;"Sequencing";;397;"O";"ID";"ID";29.3.2013 16:30:28;
372;91;"Zip or Postal Code";"Postleitzahl";0;"O";"ST";"ST";2.11.2014 19:17:25;
373;5;"maximum data value";"maximaler Wert";0;"O";"NM";"NM";21.3.2017 00:00:00;
373;6;"City";"Ort";0;"O";"ST";"ST";1.9.2003 22:24:14;
373;7;"Zip or Postal Code";"Postleitzahl";0;"O";"ST";"ST";28.10.2007 17:49:03;
373;9;"Country";"Staat";399;"O";"ID";"ID";18.3.2014 20:07:42;
373;10;"Other Designation";;0;"O";"ST";"ST";6.1.2020 12:07:16;
373;61;"City";"Ort";0;"O";"ST";"ST";10.5.2007 23:16:33;
373;81;"String Data";;0;"O";"ST";"ST";15.10.2014 16:46:29;
373;91;"Country";"Staat";399;"O";"ID";"ID";2.11.2014 19:17:25;
374;5;"minimum/maximum data values";;0;"O";"NR";"NR";8.7.2000 18:09:44;"7.13.1.3"
374;6;"State or Province";"Bundesland";0;"O";"ST";"ST";1.9.2003 22:24:14;
374;7;"Country";"Staat";399;"O";"ID";"ID";26.10.2007 18:09:43;
374;9;"Address Type";"Typ der Adresse";190;"O";"ID";"ID";18.3.2014 20:07:42;
374;10;"City";;0;"O";"ST";"ST";6.1.2020 12:07:16;
374;61;"State or Province";"Bundesland";0;"O";"ST";"ST";10.5.2007 23:16:33;
374;81;"Time";"Uhrzeit";0;"O";"TM";"TM";15.10.2014 16:46:29;
374;91;"Address Type";"Typ der Adresse";190;"O";"ID";"ID";2.11.2014 19:17:25;
375;4;"channel sensitivity";;0;"O";"NM";"NM";30.12.2001 00:00:00;"7.13.1.3"
375;5;"channel sensitivity";;0;"O";"NM";"NM";8.7.2000 18:09:47;"7.13.1.3"
375;6;"Zip or Postal Code";"Postleitzahl";0;"O";"ST";"ST";1.9.2003 22:24:14;
375;7;"Address Type";"Typ der Adresse";190;"O";"ID";"ID";26.10.2007 18:09:43;
375;9;"Other Geographic Designation";"sonst. geogr. Bezeichnung";0;"O";"ST";"ST";18.3.2014 20:07:42;
375;10;"State or Province";;0;"O";"ST";"ST";6.1.2020 12:07:16;
375;61;"Zip or Postal Code";"Postleitzahl";0;"O";"ST";"ST";10.5.2007 23:16:33;
375;81;"Text Data";"Text";0;"O";"TX";"TX";15.10.2014 16:46:29;
375;91;"Other Geographic Designation";"sonst. geogr. Bezeichnung";0;"O";"ST";"ST";2.11.2014 19:17:25;
376;5;"channel calibration parameters";;0;"O";"CCP";"CCP";8.7.2000 18:10:58;"7.13.1.3"
376;6;"Country";"Staat";399;"O";"ID";"ID";1.9.2003 22:24:14;
376;7;"Other Geographic Designation";"sonst. geogr. Bezeichnung";0;"O";"ST";"ST";28.10.2007 17:49:03;
376;9;"County/Parish Code";"Gemeindekennziffer";289;"O";"CWE";"CWE";18.3.2014 20:07:42;
376;10;"Zip or Postal Code";;0;"O";"ST";"ST";6.1.2020 12:07:16;
376;61;"Country";"Staat";399;"O";"ID";"ID";10.5.2007 23:16:33;
376;81;"Value Code";"nicht verwendet";153;"O";"CWE";"CWE";29.3.2013 16:30:28;
376;91;"County/Parish Code";"Gemeindekennziffer";289;"O";"CWE";"CWE";2.11.2014 19:17:25;
377;5;"channel sampling frequency";;0;"O";"NM";"NM";8.7.2000 18:14:52;"7.13.1.3"
377;6;"Address Type";"Typ der Adresse";190;"O";"ID";"ID";1.9.2003 22:24:14;
377;7;"County/Parish Code";"Gemeindekennziffer";289;"O";"IS";"IS";26.10.2007 18:09:43;
377;9;"Census Tract";"nicht verwendet";288;"O";"CWE";"CWE";18.3.2014 20:07:42;
377;10;"Country";;399;"O";"ID";"ID";6.1.2020 12:07:16;
377;61;"Address Type";"Typ der Adresse";190;"O";"ID";"ID";10.5.2007 23:16:33;
377;81;"Value Amount";"nicht verwendet";0;"O";"MO";"MO";29.3.2013 16:30:28;
377;91;"Census Tract";"nicht verwendet";288;"O";"CWE";"CWE";2.11.2014 19:17:25;
378;4;"channel calibration baseline";;0;"O";"NM";"NM";30.12.2001 00:00:00;"7.13.1.3"
378;5;"channel calibration baseline";;0;"O";"NM";"NM";8.7.2000 18:17:46;"7.13.1.3"
378;6;"Other Geographic Designation";"sonst. geogr. Bezeichnung";0;"O";"ST";"ST";1.9.2003 22:24:14;
378;7;"Census Tract";"nicht verwendet";288;"O";"IS";"IS";26.10.2007 18:09:43;
378;9;"Address Representation Code";"Darstellung Adresse";465;"O";"ID";"ID";18.3.2014 20:07:42;
378;10;"Address Type";;190;"O";"ID";"ID";6.1.2020 12:07:16;
378;61;"Other Geographic Designation";"sonst. geogr. Bezeichnung";0;"O";"ST";"ST";10.5.2007 23:16:33;
378;81;"Non-Monetary Value Amount / Quantity";;0;"O";"NM";"NM";29.3.2013 16:30:28;
378;91;"Address Representation Code";"Darstellung Adresse";465;"O";"ID";"ID";2.11.2014 19:17:25;
379;4;"channel calibration time skew";;0;"O";"NM";"NM";30.12.2001 00:00:00;"7.13.1.3"
379;5;"channel calibration time skew";;0;"O";"NM";"NM";8.7.2000 18:17:50;"7.13.1.3"
379;6;"County/Parish Code";"Gemeindekennziffer";289;"O";"IS";"IS";1.9.2003 22:24:14;
379;7;"Address Representation Code";"Darstellung Adresse";465;"O";"ID";"ID";26.10.2007 18:09:43;
379;9;"Address Validity Range";"nicht mehr verwenden";0;"O";"-";"-";18.3.2014 20:51:36;
379;10;"Other Geographic Designation";;0;"O";"ST";"ST";6.1.2020 12:07:16;
379;61;"County/Parish Code";"Gemeindekennziffer";289;"O";"IS";"IS";10.5.2007 23:16:33;
379;81;"Non-Monetary Value Amount / Units";;0;"O";"CWE";"CWE";29.3.2013 16:30:28;
379;91;"Address Validity Range";"nicht mehr verwenden";0;"O";"-";"-";2.11.2014 19:17:25;
380;4;"unit of measure identifier";;0;"O";"ST";"ST";30.12.2001 00:00:00;"7.13.1.3"
380;5;"unit of measure identifier";;0;"O";"ST";"ST";8.7.2000 18:18:14;"7.13.1.3"
380;6;"Census Tract";"nicht verwendet";288;"O";"IS";"IS";1.9.2003 22:24:14;
380;7;"Address Validity Range";"nicht mehr verwenden";0;"O";"DR";"DR";28.10.2007 17:49:03;
380;9;"Effective Date";"Gültigkeitsbeginn";0;"O";"DTM";"DTM";18.3.2014 20:07:42;
380;10;"County/Parish Code";;289;"O";"CWE";"CWE";6.1.2020 12:07:16;
380;61;"Census Tract";"nicht verwendet";288;"O";"IS";"IS";10.5.2007 23:16:33;
380;81;"Start Day Range";"erster Tag";267;"O";"ID";"ID";29.3.2013 16:30:28;
380;91;"Effective Date";"Gültigkeitsbeginn";0;"O";"DTM";"DTM";2.11.2014 19:17:25;
381;4;"unit of measure description";;0;"O";"ST";"ST";30.12.2001 00:00:00;"7.13.1.3"
381;5;"unit of measure description";;0;"O";"ST";"ST";8.7.2000 18:19:26;"7.13.1.3"
381;6;"Address Representation Code";"Darstellung Adresse";465;"O";"ID";"ID";1.9.2003 22:24:14;
381;7;"Effective Date";"Gültigkeitsbeginn";0;"O";"DTM";"DTM";28.10.2007 17:49:03;
381;9;"Expiration Date";"Gültigkeitsende";0;"O";"DTM";"DTM";18.3.2014 20:07:42;
381;10;"Census Tract";;288;"O";"CWE";"CWE";6.1.2020 12:07:16;
381;61;"Address Representation Code";"Darstellung Adresse";465;"O";"ID";"ID";10.5.2007 23:16:33;
381;81;"End Day Range";"letzter Tag";267;"O";"ID";"ID";29.3.2013 16:30:28;
381;91;"Expiration Date";"Gültigkeitsende";0;"O";"DTM";"DTM";2.11.2014 19:17:25;
382;4;"unit of measure coding system";;0;"O";"IS";"IS";30.12.2001 00:00:00;"7.13.1.3"
382;5;"unit of measure coding system";;0;"O";"IS";"IS";8.7.2000 18:19:44;"7.13.1.3"
382;6;"Address Validity Range";"nicht mehr verwenden";0;"O";"DR";"DR";1.9.2003 22:24:14;
382;7;"Expiration Date";"Gültigkeitsende";0;"O";"DTM";"DTM";28.10.2007 17:49:03;
382;9;"Expiration Reason";"Grund für Gültigkeitsende";616;"O";"CWE";"CWE";18.3.2014 20:07:42;
382;10;"Address Representation Code";;465;"O";"ID";"ID";6.1.2020 12:07:16;
382;61;"Address Validity Range";"nicht mehr verwenden";0;"O";"DR";"DR";10.5.2007 23:16:33;
382;81;"Start Hour Range";"Beginn";0;"O";"TM";"TM";29.3.2013 16:30:28;
382;91;"Expiration Reason";"Grund für Gültigkeitsende";616;"O";"CWE";"CWE";2.11.2014 19:17:25;
383;4;"alternate unit of measure identifier";;0;"O";"ST";"ST";30.12.2001 00:00:00;"7.13.1.3"
383;5;"alternate unit of measure identifier";;0;"O";"ST";"ST";8.7.2000 18:20:00;"7.13.1.3"
383;6;"Effective Date";"Gültigkeitsbeginn";0;"O";"TS";"TS";1.9.2003 22:24:14;
383;7;"Expiration Reason";"Grund für Gültigkeitsende";616;"O";"CWE";"CWE";26.10.2007 18:09:43;
383;9;"Temporary Indicator";"Kennzeichen vorübergehende Adresse";136;"O";"ID";"ID";18.3.2014 20:07:42;
383;10;"Address Validity Range";" ";0;"O";"-";"-";2.6.2020 20:48:21;" "
383;61;"Effective Date";"Gültigkeitsbeginn";0;"O";"TS";"TS";10.5.2007 23:16:33;
383;81;"End Hour Range";"Ende";0;"O";"TM";"TM";29.3.2013 16:30:28;
383;91;"Temporary Indicator";"Kennzeichen vorübergehende Adresse";136;"O";"ID";"ID";2.11.2014 19:17:25;
384;4;"alternate unit of measure description";;0;"O";"ST";"ST";30.12.2001 00:00:00;"7.13.1.3"
384;5;"alternate unit of measure description";;0;"O";"ST";"ST";8.7.2000 18:20:23;"7.13.1.3"
384;6;"Expiration Date";"Gültigkeitsende";0;"O";"TS";"TS";1.9.2003 22:24:14;
384;7;"Temporary Indicator";"Kennzeichen vorübergehende Adresse";136;"O";"ID";"ID";26.10.2007 18:09:43;
384;9;"Bad Address Indicator";"Kennzeichen ungültige Adresse";136;"O";"ID";"ID";18.3.2014 20:07:42;
384;10;"Effective Date";;0;"O";"DTM";"DTM";6.1.2020 12:07:16;
384;61;"Expiration Date";"Gültigkeitsende";0;"O";"TS";"TS";10.5.2007 23:16:33;
384;81;"Version ID";"Identifikator";104;"O";"ID";"ID";29.3.2013 16:30:28;
384;91;"Bad Address Indicator";"Kennzeichen ungültige Adresse";136;"O";"ID";"ID";2.11.2014 19:17:25;
385;4;"alternate unit of measure coding system";;0;"O";"IS";"IS";30.12.2001 00:00:00;"7.13.1.3"
385;5;"alternate unit of measure coding system";;0;"O";"IS";"IS";8.7.2000 18:20:43;"7.13.1.3"
385;6;"ID Number";"Identifikator";0;"O";"ST";"ST";1.9.2003 22:24:14;
385;7;"Bad Address Indicator";"Kennzeichen ungültige Adresse";136;"O";"ID";"ID";26.10.2007 18:09:43;
385;9;"Address Usage";"Verwendungszweck Adresse";617;"O";"ID";"ID";18.3.2014 20:07:42;
385;10;"Expiration Date";;0;"O";"DTM";"DTM";6.1.2020 12:07:16;
385;61;"ID Number";"Identifikator";0;"O";"ST";"ST";10.5.2007 23:16:33;
385;81;"Internationalization Code";"Länderkennzeichen";399;"O";"CWE";"CWE";29.3.2013 16:30:28;
385;91;"Address Usage";"Verwendungszweck Adresse";617;"O";"ID";"ID";2.11.2014 19:17:25;
386;5;"surname";"gesamter Nachname";0;"O";"ST";"ST";8.7.2000 18:21:01;"2.8.7"
386;6;"Family Name";"Familienname";0;"O";"FN";"FN";1.9.2003 22:24:14;
386;7;"Address Usage";"Verwendungszweck Adresse";617;"O";"ID";"ID";26.10.2007 18:09:43;
386;9;"Addressee";"Adressat (c/o, z.Hd.)";0;"O";"ST";"ST";18.3.2014 20:07:42;
386;10;"Expiration Reason";;616;"O";"CWE";"CWE";6.1.2020 12:07:16;
386;61;"Family Name";"Familienname";0;"O";"FN";"FN";10.5.2007 23:16:33;
386;81;"International Version ID";"lokale Versionskennung";0;"O";"CWE";"CWE";29.3.2013 16:30:28;
386;91;"Addressee";"Adressat (c/o, z.Hd.)";0;"O";"ST";"ST";2.11.2014 19:17:25;
387;5;"own surname prefix";"Vorsatzwort des eigenen Nachnamens";0;"O";"ST";"ST";8.7.2000 18:27:44;"2.8.7"
387;6;"Given Name";"Vorname";0;"O";"ST";"ST";1.9.2003 22:24:14;
387;7;"Addressee";"Adressat (c/o, z.Hd.)";0;"O";"ST";"ST";28.10.2007 17:49:03;
387;9;"Comment";"Kommentar";0;"O";"ST";"ST";18.3.2014 20:07:42;
387;10;"Temporary Indicator";;136;"O";"ID";"ID";6.1.2020 12:07:16;
387;61;"Given Name";"Vorname";0;"O";"ST";"ST";10.5.2007 23:16:33;
387;81;"First Data Code Value";"Suchbegriff: Objektbereich";0;"O";"ST";"ST";29.3.2013 16:30:28;
387;91;"Comment";"Kommentar";0;"O";"ST";"ST";2.11.2014 19:17:25;
388;5;"own surname";"eigener Nachname";0;"O";"ST";"ST";8.7.2000 18:27:54;"2.8.7"
388;6;"Second and Further Given Names or Initials Thereof";"weitere Vornamen oder Initialien";0;"O";"ST";"ST";1.9.2003 22:24:14;
388;7;"Comment";"Kommentar";0;"O";"ST";"ST";28.10.2007 17:49:03;
388;9;"Preference Order";"Rangfolge";0;"O";"NM";"NM";18.3.2014 20:07:42;
388;10;"Bad Address Indicator";;136;"O";"ID";"ID";6.1.2020 12:07:16;
388;61;"Second and Further Given Names or Initials Thereof";"weitere Vornamen oder Initialien";0;"O";"ST";"ST";10.5.2007 23:16:33;
388;81;"Last Data Code Value";"Suchbegriff: Objektbereich";0;"O";"ST";"ST";29.3.2013 16:30:28;
388;91;"Preference Order";"Rangfolge";0;"O";"NM";"NM";2.11.2014 19:17:25;
389;5;"surname prefix from partner/spouse";"Vorsatzwort vom Partner stammender Nachname";0;"O";"ST";"ST";8.7.2000 18:28:08;"2.8.7"
389;6;"Suffix (e.g., JR or III)";"Namenszusatz";0;"O";"ST";"ST";1.9.2003 22:24:14;
389;7;"Preference Order";"Rangfolge";0;"O";"NM";"NM";28.10.2007 17:49:03;
389;9;"Protection Code";"Auskunftsbeschränkung";618;"O";"CWE";"CWE";18.3.2014 20:07:42;
389;10;"Address Usage";;617;"O";"ID";"ID";6.1.2020 12:07:16;
389;61;"Suffix (e.g., JR or III)";"Namenszusatz";0;"O";"ST";"ST";10.5.2007 23:16:33;
389;81;"Channel Number";;0;"O";"NM";"NM";29.3.2013 16:30:28;
389;91;"Protection Code";"Auskunftsbeschränkung";618;"O";"CWE";"CWE";2.11.2014 19:17:25;
390;5;"surname from partner/spouse";"vom Partner stammender Nachname";0;"O";"ST";"ST";8.7.2000 18:28:27;"2.8.7"
390;6;"Prefix (e.g., DR)";"Namensvorsatz";0;"O";"ST";"ST";1.9.2003 22:24:14;
390;7;"Protection Code";"Auskunftsbeschränkung";618;"O";"CWE";"CWE";26.10.2007 18:09:43;
390;9;"Address Identifier";"Identifikator der Adresse";0;"O";"EI";"EI";18.3.2014 20:07:42;
390;10;"Addressee";;0;"O";"ST";"ST";6.1.2020 12:07:16;
390;61;"Prefix (e.g., DR)";"Namensvorsatz";0;"O";"ST";"ST";10.5.2007 23:16:33;
390;81;"Channel Name";;0;"O";"ST";"ST";29.3.2013 16:30:28;
390;91;"Address Identifier";"Identifikator der Adresse";0;"O";"EI";"EI";2.11.2014 19:17:25;
391;5;"identifier (ST)";"Schlüssel";0;"O";"ST";"ST";8.7.2000 18:28:43;"2-13"
391;6;"Degree (e.g., MD)";"nicht mehr verwenden";360;"O";"IS";"IS";1.9.2003 22:24:14;
391;7;"Address Identifier";"Identifikator der Adresse";0;"O";"EI";"EI";28.10.2007 17:49:03;
391;9;"Person Identifier";;0;"O";"ST";"ST";18.3.2014 20:07:42;
391;10;"Comment";;0;"O";"ST";"ST";6.1.2020 12:07:16;
391;61;"Degree (e.g., MD)";"nicht mehr verwenden";360;"O";"IS";"IS";10.5.2007 23:16:33;
391;81;"Source One Name";"Quelle 1";0;"O";"ST";"ST";29.3.2013 16:30:28;
391;91;"Person Identifier";;0;"O";"ST";"ST";2.11.2014 19:17:25;
392;5;"effective date (DT)";"Gültigkeitsbeginn";0;"O";"DT";"DT";8.7.2000 18:32:13;
392;6;"Source Table";"Quelle der ID";297;"O";"IS";"IS";1.9.2003 22:24:14;
392;7;"ID Number";"Identifikator";0;"O";"ST";"ST";28.10.2007 17:49:03;
392;9;"Family Name";"Familienname";0;"O";"FN";"FN";18.3.2014 20:07:42;
392;10;"Preference Order";;0;"O";"NM";"NM";6.1.2020 12:07:16;
392;61;"Source Table";"Quelle der ID";297;"O";"IS";"IS";10.5.2007 23:16:33;
392;81;"Source Two Name";"Quelle 2";0;"O";"ST";"ST";29.3.2013 16:30:28;
392;91;"Family Name";"Familienname";0;"O";"FN";"FN";2.11.2014 19:17:25;
393;5;"identifier type code (IS)";"Typ des Identifikators";0;"O";"IS";"IS";8.7.2000 18:36:36;
393;6;"Assigning Authority";"ausgebende Instanz";363;"O";"HD";"HD";1.9.2003 22:24:14;
393;7;"Family Name";"Familienname";0;"O";"FN";"FN";28.10.2007 17:49:03;
393;9;"Given Name";"Vorname";0;"O";"ST";"ST";18.3.2014 20:07:42;
393;10;"Protection Code";;618;"O";"CWE";"CWE";6.1.2020 12:07:16;
393;61;"Assigning Authority";"ausgebende Instanz";363;"O";"HD";"HD";10.5.2007 23:16:33;
393;81;"Street Address";"Strasse";0;"O";"SAD";"SAD";29.3.2013 16:30:28;
393;91;"Given Name";"Vorname";0;"O";"ST";"ST";2.11.2014 19:17:25;
394;5;"name representation code";"Namensdarstellung";0;"O";"ID";"ID";8.7.2000 18:54:21;
394;6;"Name Type Code";"Art des Namens";200;"O";"ID";"ID";1.9.2003 22:24:14;
394;7;"Given Name";"Vorname";0;"O";"ST";"ST";28.10.2007 17:49:03;
394;9;"Second and Further Given Names or Initials Thereof";"weitere Vornamen oder Initialien";0;"O";"ST";"ST";18.3.2014 20:07:42;
394;10;"Address Identifier";;0;"O";"EI";"EI";6.1.2020 12:07:16;
394;61;"Name Type Code";"Art des Namens";200;"O";"ID";"ID";10.5.2007 23:16:33;
394;81;"Other Designation";"sonst. Adresse";0;"O";"ST";"ST";29.3.2013 16:30:28;
394;91;"Second and Further Given Names or Initials Thereof";"weitere Vornamen oder Initialien";0;"O";"ST";"ST";2.11.2014 19:17:25;
395;5;"name context";"Namenskontext";448;"O";"CE";"CE";8.7.2000 18:55:47;
395;6;"Identifier Check Digit";"Prüfziffer";0;"O";"ST";"ST";1.9.2003 22:24:14;
395;7;"Second and Further Given Names or Initials Thereof";"weitere Vornamen oder Initialien";0;"O";"ST";"ST";28.10.2007 17:49:03;
395;9;"Suffix (e.g., JR or III)";"Namenszusatz";0;"O";"ST";"ST";18.3.2014 20:07:42;
395;10;"Person Identifier";;0;"O";"ST";"ST";6.1.2020 12:07:16;
395;61;"Identifier Check Digit";"Prüfziffer";0;"O";"ST";"ST";10.5.2007 23:16:33;
395;81;"City";"Ort";0;"O";"ST";"ST";29.3.2013 16:30:28;
395;91;"Suffix (e.g., JR or III)";"Namenszusatz";0;"O";"ST";"ST";2.11.2014 19:17:25;
396;5;"name validity range";"Gültigkeitszeitraum";0;"O";"DR";"DR";8.7.2000 18:56:06;
396;6;"Check Digit Scheme";"Prüfzifferverfahren";61;"O";"ID";"ID";1.9.2003 22:24:14;
396;7;"Suffix (e.g., JR or III)";"Namenszusatz";0;"O";"ST";"ST";28.10.2007 17:49:03;
396;9;"Prefix (e.g., DR)";"Namensvorsatz";0;"O";"ST";"ST";18.3.2014 20:07:42;
396;10;"Family Name";;0;"O";"FN";"FN";6.1.2020 12:07:16;
396;61;"Check Digit Scheme";"Prüfzifferverfahren";61;"O";"ID";"ID";10.5.2007 23:16:33;
396;81;"State or Province";"Bundesland";0;"O";"ST";"ST";29.3.2013 16:30:28;
396;91;"Prefix (e.g., DR)";"Namensvorsatz";0;"O";"ST";"ST";2.11.2014 19:17:25;
397;5;"name assembly order";"Anzeigereihenfolge der Namensbestandteile";444;"O";"ID";"ID";8.7.2000 18:56:18;
397;6;"Identifier Type Code";"Typ des Identifikators";203;"O";"ID";"ID";1.9.2003 22:24:14;
397;7;"Prefix (e.g., DR)";"Namensvorsatz";0;"O";"ST";"ST";28.10.2007 17:49:03;
397;9;"Degree (e.g., MD)";"nicht mehr verwenden";0;"O";"-";"-";18.3.2014 20:51:36;
397;10;"Given Name";;0;"O";"ST";"ST";6.1.2020 12:07:16;
397;61;"Identifier Type Code";"Typ des Identifikators";203;"O";"ID";"ID";10.5.2007 23:16:33;
397;81;"Zip or Postal Code";"Postleitzahl";0;"O";"ST";"ST";29.3.2013 16:30:28;
397;91;"Degree (e.g., MD)";"nicht mehr verwenden";0;"O";"-";"-";2.11.2014 19:17:25;
398;5;"street or mailing address";"Strasse inkl. Hausnummer";0;"O";"ST";"ST";8.7.2000 18:56:35;
398;6;"Assigning Facility";"Ausstellungsort";0;"O";"HD";"HD";1.9.2003 22:24:14;
398;7;"Degree (e.g., MD)";"nicht mehr verwenden";360;"O";"IS";"IS";26.10.2007 18:09:43;
398;9;"Source Table";"Quelle der ID";297;"O";"CWE";"CWE";18.3.2014 20:07:42;
398;10;"Second and Further Given Names or Initials Thereof";;0;"O";"ST";"ST";6.1.2020 12:07:16;
398;61;"Assigning Facility";"Ausstellungsort";0;"O";"HD";"HD";10.5.2007 23:16:33;
398;81;"Country";"Staat";399;"O";"ID";"ID";29.3.2013 16:30:28;
398;91;"Source Table";"Quelle der ID";297;"O";"CWE";"CWE";2.11.2014 19:17:25;
399;5;"street name";"Strassenname";0;"O";"ST";"ST";8.7.2000 19:03:48;
399;6;"Name Representation Code";"Namensdarstellung";465;"O";"ID";"ID";1.9.2003 22:24:14;
399;7;"Source Table";"Quelle der ID";297;"O";"IS";"IS";26.10.2007 18:09:43;
399;9;"Assigning Authority";"ausgebende Instanz";363;"O";"HD";"HD";18.3.2014 20:07:42;
399;10;"Suffix (e.g., JR or III)";;0;"O";"ST";"ST";6.1.2020 12:07:16;
399;61;"Name Representation Code";"Namensdarstellung";465;"O";"ID";"ID";10.5.2007 23:16:33;
399;81;"Address Type";"Typ der Adresse";190;"O";"ID";"ID";29.3.2013 16:30:28;
399;91;"Assigning Authority";"ausgebende Instanz";363;"O";"HD";"HD";2.11.2014 19:17:25;
400;5;"dwelling number";"Hausnummer";0;"O";"ST";"ST";8.7.2000 19:03:51;
400;6;"Name Context";"Namenskontext";448;"O";"CE";"CE";1.9.2003 22:24:14;
400;7;"Assigning Authority";"ausgebende Instanz";363;"O";"HD";"HD";26.10.2007 18:09:43;
400;9;"Name Type Code";"Art des Namens";200;"O";"ID";"ID";18.3.2014 20:07:42;
400;10;"Prefix (e.g., DR)";;0;"O";"ST";"ST";6.1.2020 12:07:16;
400;61;"Name Context";"Namenskontext";448;"O";"CE";"CE";10.5.2007 23:16:33;
400;81;"Other Geographic Designation";"sonst. geogr. Bezeichnung";0;"O";"ST";"ST";29.3.2013 16:30:28;
400;91;"Name Type Code";"Art des Namens";200;"O";"ID";"ID";2.11.2014 19:17:25;
401;5;"sort-by field";;0;"O";"ST";"ST";8.7.2000 19:03:56;
401;6;"Name Validity Range";"Gültigkeitszeitraum";0;"O";"DR";"DR";1.9.2003 22:24:14;
401;7;"Name Type Code";"Art des Namens";200;"O";"ID";"ID";26.10.2007 18:09:43;
401;9;"Identifier Check Digit";"Prüfziffer";0;"O";"ST";"ST";18.3.2014 20:07:42;
401;10;"Degree (e.g., MD)";" ";0;"O";"-";"-";2.6.2020 20:48:21;" "
401;61;"Name Validity Range";"Gültigkeitszeitraum";0;"O";"DR";"DR";10.5.2007 23:16:33;
401;81;"County/Parish Code";"Gemeindekennziffer";289;"O";"CWE";"CWE";29.3.2013 16:30:28;
401;91;"Identifier Check Digit";"Prüfziffer";0;"O";"ST";"ST";2.11.2014 19:17:25;
402;5;"sequencing";;397;"O";"ID";"ID";8.7.2000 19:07:01;
402;6;"Name Assembly Order";"Anzeigereihenfolge der Namensbestandteile";444;"O";"ID";"ID";1.9.2003 22:24:14;
402;7;"Identifier Check Digit";"Prüfziffer";0;"O";"ST";"ST";28.10.2007 17:49:03;
402;9;"Check Digit Scheme";"Prüfzifferverfahren";61;"O";"ID";"ID";18.3.2014 20:07:42;
402;10;"Source Table";;297;"O";"CWE";"CWE";6.1.2020 12:07:16;
402;61;"Name Assembly Order";"Anzeigereihenfolge der Namensbestandteile";444;"O";"ID";"ID";10.5.2007 23:16:33;
402;81;"Census Tract";"nicht verwendet";288;"O";"CWE";"CWE";29.3.2013 16:30:28;
402;91;"Check Digit Scheme";"Prüfzifferverfahren";61;"O";"ID";"ID";2.11.2014 19:17:25;
403;5;"street address (SAD)";"Strasse";0;"O";"SAD";"SAD";9.7.2000 10:38:02;
403;6;"Effective Date";"Gültigkeitsbeginn";0;"O";"TS";"TS";1.9.2003 22:24:14;
403;7;"Check Digit Scheme";"Prüfzifferverfahren";61;"O";"ID";"ID";26.10.2007 18:09:43;
403;9;"Identifier Type Code";"Typ des Identifikators";203;"O";"ID";"ID";18.3.2014 20:07:42;
403;10;"Assigning Authority";;363;"O";"HD";"HD";6.1.2020 12:07:16;
403;61;"Effective Date";"Gültigkeitsbeginn";0;"O";"TS";"TS";10.5.2007 23:16:33;
403;81;"Address Representation Code";"Darstellung Adresse";465;"O";"ID";"ID";29.3.2013 16:30:28;
403;91;"Identifier Type Code";"Typ des Identifikators";203;"O";"ID";"ID";2.11.2014 19:17:25;
404;5;"address validity range";"Gültigkeitszeitraum Adresse";0;"O";"DR";"DR";9.7.2000 10:38:07;
404;6;"Expiration Date";"Gültigkeitsende";0;"O";"TS";"TS";1.9.2003 22:24:14;
404;7;"Identifier Type Code";"Typ des Identifikators";203;"O";"ID";"ID";26.10.2007 18:09:43;
404;9;"Assigning Facility";"Ausstellungsort";0;"O";"HD";"HD";18.3.2014 20:07:42;
404;10;"Name Type Code";;200;"O";"ID";"ID";6.1.2020 12:07:16;
404;61;"Expiration Date";"Gültigkeitsende";0;"O";"TS";"TS";10.5.2007 23:16:33;
404;81;"Address Validity Range";"nicht mehr verwenden";0;"O";"-";"-";15.10.2014 16:46:29;
404;91;"Assigning Facility";"Ausstellungsort";0;"O";"HD";"HD";2.11.2014 19:17:25;
405;3;"type of ID number (IS)";;0;"O";"IS";"IS";2.2.2001 00:00:00;
405;4;"type of ID number (IS)";;0;"O";"IS";"IS";2.2.2001 00:00:00;
405;5;"type of ID number (IS)";;0;"O";"IS";"IS";2.2.2001 00:00:00;
405;6;"Professional Suffix";"akademische Grade und sonst. Berufszugehörigkeiten";0;"O";"ST";"ST";1.9.2003 22:24:14;
405;7;"Assigning Facility";"Ausstellungsort";0;"O";"HD";"HD";28.10.2007 17:49:03;
405;9;"Name Representation Code";"Namensdarstellung";465;"O";"ID";"ID";18.3.2014 20:07:42;
405;10;"Identifier Check Digit";;0;"O";"ST";"ST";6.1.2020 12:07:16;
405;61;"Professional Suffix";"akademische Grade und sonst. Berufszugehörigkeiten";0;"O";"ST";"ST";10.5.2007 23:16:33;
405;81;"Effective Date";"Gültigkeitsbeginn";0;"O";"DTM";"DTM";29.3.2013 16:30:28;
405;91;"Name Representation Code";"Namensdarstellung";465;"O";"ID";"ID";2.11.2014 19:17:25;
406;3;"point of care (ST)";"Station";302;"O";"ST";"ST";2.2.2001 00:00:00;"3-41"
406;4;"point of care (ST)";"Station";302;"O";"ST";"ST";2.2.2001 00:00:00;"3-41"
406;5;"point of care (ST)";"Station";302;"O";"ST";"ST";2.2.2001 00:00:00;"3-41"
406;6;"Assigning Jurisdiction";"ausgebende Körperschaft";0;"O";"CWE";"CWE";1.9.2003 22:24:14;
406;7;"Name Representation Code";"Namensdarstellung";465;"O";"ID";"ID";26.10.2007 18:09:43;
406;9;"Name Context";"Namenskontext";448;"O";"CWE";"CWE";18.3.2014 20:07:42;
406;10;"Check Digit Scheme";;61;"O";"ID";"ID";6.1.2020 12:07:16;
406;61;"Assigning Jurisdiction";"ausgebende Körperschaft";0;"O";"CWE";"CWE";10.5.2007 23:16:33;
406;81;"Expiration Date";"Gültigkeitsende";0;"O";"DTM";"DTM";29.3.2013 16:30:28;
406;91;"Name Context";"Namenskontext";448;"O";"CWE";"CWE";2.11.2014 19:17:25;
407;5;"facility (EI)";"Fachbereich";0;"O";"EI";"EI";2.2.2001 00:00:00;"2-27"
407;6;"Assigning Agency or Department";"ausgebende Abteilung";0;"O";"CWE";"CWE";1.9.2003 22:24:14;
407;7;"Name Context";"Namenskontext";448;"O";"CWE";"CWE";26.10.2007 18:09:43;
407;9;"Name Validity Range";"Gültigkeitszeitraum";0;"O";"-";"-";18.3.2014 20:51:36;
407;10;"Identifier Type Code";;203;"O";"ID";"ID";6.1.2020 12:07:16;
407;61;"Assigning Agency or Department";"ausgebende Abteilung";0;"O";"CWE";"CWE";10.5.2007 23:16:33;
407;81;"Expiration Reason";"Grund für Gültigkeitsende";616;"O";"CWE";"CWE";29.3.2013 16:30:28;
407;91;"Name Validity Range";"Gültigkeitszeitraum";0;"O";"-";"-";2.11.2014 19:17:25;
408;3;"collection modifier method code";;0;"O";"CE";"CE";3.2.2001 15:27:15;
408;4;"collection modifier method code";;0;"O";"CE";"CE";3.2.2001 15:27:15;
408;5;"collection modifier method code";;0;"O";"CE";"CE";3.2.2001 15:27:15;
408;6;"Organization Name";"Organisationsname";0;"O";"ST";"ST";1.9.2003 22:24:14;
408;7;"Name Validity Range";"Gültigkeitszeitraum";0;"O";"DR";"DR";28.10.2007 17:49:03;
408;9;"Name Assembly Order";"Anzeigereihenfolge der Namensbestandteile";444;"O";"ID";"ID";18.3.2014 20:07:42;
408;10;"Assigning Facility";;0;"O";"HD";"HD";6.1.2020 12:07:16;
408;61;"Organization Name";"Organisationsname";0;"O";"ST";"ST";10.5.2007 23:16:33;
408;81;"Temporary Indicator";"Kennzeichen vorübergehende Adresse";136;"O";"ID";"ID";29.3.2013 16:30:28;
408;91;"Name Assembly Order";"Anzeigereihenfolge der Namensbestandteile";444;"O";"ID";"ID";2.11.2014 19:17:25;
409;4;"specimen role";;0;"O";"CE";"CE";30.12.2001 18:26:34;
409;5;"specimen role";;369;"O";"CE";"CE_0369";3.2.2001 15:42:29;
409;6;"Organization Name Type Code";"Art des Organisationsnamens";204;"O";"IS";"IS";1.9.2003 22:24:14;
409;7;"Name Assembly Order";"Anzeigereihenfolge der Namensbestandteile";444;"O";"ID";"ID";26.10.2007 18:09:43;
409;9;"Effective Date";"Gültigkeitsbeginn";0;"O";"DTM";"DTM";18.3.2014 20:07:42;
409;10;"Name Representation Code";;465;"O";"ID";"ID";6.1.2020 12:07:16;
409;61;"Organization Name Type Code";"Art des Organisationsnamens";204;"O";"IS";"IS";10.5.2007 23:16:33;
409;81;"Bad Address Indicator";"Kennzeichen ungültige Adresse";136;"O";"ID";"ID";29.3.2013 16:30:28;
409;91;"Effective Date";"Gültigkeitsbeginn";0;"O";"DTM";"DTM";2.11.2014 19:17:25;
410;3;"occurrence duration";;0;"O";"CE";"CE";8.7.2000 19:12:45;
410;4;"occurrence duration";;0;"O";"CE";"CE";8.7.2000 19:12:45;
410;5;"occurrence duration";;0;"O";"CE";"CE";8.7.2000 19:12:45;
410;6;"ID Number";"nicht mehr verwenden";0;"O";"NM";"NM";1.9.2003 22:24:14;
410;7;"Effective Date";"Gültigkeitsbeginn";0;"O";"DTM";"DTM";28.10.2007 17:49:03;
410;9;"Expiration Date";"Gültigkeitsende";0;"O";"DTM";"DTM";18.3.2014 20:07:42;
410;10;"Name Context";;448;"O";"CWE";"CWE";6.1.2020 12:07:16;
410;61;"ID Number";"nicht mehr verwenden";0;"O";"NM";"NM";10.5.2007 23:16:33;
410;81;"Address Usage";"Verwendungszweck Adresse";617;"O";"ID";"ID";29.3.2013 16:30:28;
410;91;"Expiration Date";"Gültigkeitsende";0;"O";"DTM";"DTM";2.11.2014 19:17:25;
411;3;"total occurences";"Anzahl Vorkommen";0;"O";"NM";"NM";21.3.2017 00:00:00;
411;4;"total occurences";"Anzahl Vorkommen";0;"O";"NM";"NM";21.3.2017 00:00:00;
411;5;"total occurences";"Anzahl Vorkommen";0;"O";"NM";"NM";21.3.2017 00:00:00;
411;6;"Check Digit";"Prüfziffer";0;"O";"NM";"NM";1.9.2003 22:24:14;
411;7;"Expiration Date";"Gültigkeitsende";0;"O";"DTM";"DTM";28.10.2007 17:49:03;
411;9;"Professional Suffix";"akademische Grade und sonst. Berufszugehörigkeiten";0;"O";"ST";"ST";18.3.2014 20:07:42;
411;10;"Name Validity Range";" ";0;"O";"-";"-";2.6.2020 20:48:21;" "
411;61;"Check Digit";"Prüfziffer";0;"O";"NM";"NM";10.5.2007 23:16:33;
411;81;"Addressee";"Adressat (c/o, z.Hd.)";0;"O";"ST";"ST";29.3.2013 16:30:28;
411;91;"Professional Suffix";"akademische Grade und sonst. Berufszugehörigkeiten";0;"O";"ST";"ST";2.11.2014 19:17:25;
412;3;"OBX-3 observation identifier of parent result";;0;"O";"CE";"CE";3.2.2001 16:15:54;
412;4;"OBX-3 observation identifier of parent result";;0;"O";"CE";"CE";3.2.2001 16:15:54;
412;5;"OBX-3 observation identifier of parent result";;0;"O";"CE";"CE";3.2.2001 16:15:54;
412;6;"Check Digit Scheme";"Prüfzifferverfahren";61;"O";"ID";"ID";1.9.2003 22:24:14;
412;7;"Professional Suffix";"akademische Grade und sonst. Berufszugehörigkeiten";0;"O";"ST";"ST";28.10.2007 17:49:03;
412;9;"Assigning Jurisdiction";"ausgebende Körperschaft";0;"O";"CWE";"CWE";18.3.2014 20:07:42;
412;10;"Name Assembly Order";;444;"O";"ID";"ID";6.1.2020 12:07:16;
412;61;"Check Digit Scheme";"Prüfzifferverfahren";61;"O";"ID";"ID";10.5.2007 23:16:33;
412;81;"Comment";"Kommentar";0;"O";"ST";"ST";29.3.2013 16:30:28;
412;91;"Assigning Jurisdiction";"ausgebende Körperschaft";0;"O";"CWE";"CWE";2.11.2014 19:17:25;
413;3;"OBX-4 sub-ID of parent result";;0;"O";"ST";"ST";3.2.2001 16:16:48;
413;4;"OBX-4 sub-ID of parent result";;0;"O";"ST";"ST";3.2.2001 16:16:48;
413;5;"OBX-4 sub-ID of parent result";;0;"O";"ST";"ST";3.2.2001 16:16:48;
413;6;"Assigning Authority";"ausgebende Instanz";363;"O";"HD";"HD";1.9.2003 22:24:14;
413;7;"Assigning Jurisdiction";"ausgebende Körperschaft";0;"O";"CWE";"CWE";28.10.2007 17:49:03;
413;9;"Assigning Agency or Department";"ausgebende Abteilung";0;"O";"CWE";"CWE";18.3.2014 20:07:42;
413;10;"Effective Date";;0;"O";"DTM";"DTM";6.1.2020 12:07:16;
413;61;"Assigning Authority";"ausgebende Instanz";363;"O";"HD";"HD";10.5.2007 23:16:33;
413;81;"Preference Order";"Rangfolge";0;"O";"NM";"NM";29.3.2013 16:30:28;
413;91;"Assigning Agency or Department";"ausgebende Abteilung";0;"O";"CWE";"CWE";2.11.2014 19:17:25;
414;3;"part of OBX-5 observation result from parent";;0;"O";"TX";"TX";3.2.2001 16:19:02;
414;4;"part of OBX-5 observation result from parent";;0;"O";"TX";"TX";3.2.2001 16:19:02;
414;5;"part of OBX-5 observation result from parent";;0;"O";"TX";"TX";3.2.2001 16:19:02;
414;6;"Identifier Type Code";"Typ des Identifikators";203;"O";"ID";"ID";1.9.2003 22:24:14;
414;7;"Assigning Agency or Department";"ausgebende Abteilung";0;"O";"CWE";"CWE";28.10.2007 17:49:03;
414;9;"Security Check";;0;"O";"ST";"ST";18.3.2014 20:07:42;
414;10;"Expiration Date";;0;"O";"DTM";"DTM";6.1.2020 12:07:16;
414;61;"Identifier Type Code";"Typ des Identifikators";203;"O";"ID";"ID";10.5.2007 23:16:33;
414;81;"Protection Code";"Auskunftsbeschränkung";618;"O";"CWE";"CWE";29.3.2013 16:30:28;
414;91;"Security Check";;0;"O";"ST";"ST";2.11.2014 19:17:25;
415;3;"name";"Name";0;"O";"CN";"CN";3.2.2001 16:19:38;
415;4;"name";"Name";0;"O";"CN";"CN";3.2.2001 16:38:27;
415;5;"name";"Name";0;"O";"CNN";"CNN";3.2.2001 16:36:47;
415;6;"Assigning Facility";"Ausstellungsort";0;"O";"HD";"HD";1.9.2003 22:24:14;
415;7;"Organization Name";"Organisationsname";0;"O";"ST";"ST";28.10.2007 17:49:03;
415;9;"Security Check Scheme";;904;"O";"ID";"ID";18.3.2014 20:07:42;
415;10;"Professional Suffix";;0;"O";"ST";"ST";6.1.2020 12:07:16;
415;61;"Assigning Facility";"Ausstellungsort";0;"O";"HD";"HD";10.5.2007 23:16:33;
415;81;"Address Identifier";"Identifikator der Adresse";0;"O";"EI";"EI";29.3.2013 16:30:28;
415;91;"Security Check Scheme";;904;"O";"ID";"ID";2.11.2014 19:17:25;
416;3;"point of care (IS)";"Station";0;"O";"IS";"IS";3.2.2001 16:36:34;
416;4;"point of care (IS)";"Station";302;"O";"IS";"IS";3.2.2001 16:38:36;
416;5;"point of care (IS)";"Station";0;"O";"IS";"IS";3.2.2001 16:38:21;
416;6;"Name Representation Code";"Namensdarstellung";465;"O";"ID";"ID";1.9.2003 22:24:14;
416;7;"Organization Name Type Code";"Art des Organisationsnamens";204;"O";"IS";"IS";26.10.2007 18:09:43;
416;9;"Organization Name";"Organisationsname";0;"O";"ST";"ST";18.3.2014 20:07:42;
416;10;"Assigning Jurisdiction";;0;"O";"CWE";"CWE";6.1.2020 12:07:16;
416;61;"Name Representation Code";"Namensdarstellung";465;"O";"ID";"ID";10.5.2007 23:16:33;
416;81;"Person Identifier";;0;"O";"ST";"ST";29.3.2013 16:30:28;
416;91;"Organization Name";"Organisationsname";0;"O";"ST";"ST";2.11.2014 19:17:25;
417;2;"numeric threshold";"numerischer Schwellwert";0;"O";"NM";"NM";21.3.2017 00:00:00;
417;3;"numeric threshold";"numerischer Schwellwert";0;"O";"NM";"NM";21.3.2017 00:00:00;
417;4;"numeric threshold";"numerischer Schwellwert";0;"O";"NM";"NM";21.3.2017 00:00:00;
417;5;"numeric threshold";"numerischer Schwellwert";0;"O";"NM";"NM";21.3.2017 00:00:00;
417;6;"Organization Identifier";"Identifikator";0;"O";"ST";"ST";1.9.2003 22:24:14;
417;7;"ID Number";"nicht mehr verwenden";0;"O";"NM";"NM";28.10.2007 17:49:03;
417;9;"Organization Name Type Code";"Art des Organisationsnamens";204;"O";"CWE";"CWE";18.3.2014 20:07:42;
417;10;"Assigning Agency or Department";;0;"O";"CWE";"CWE";6.1.2020 12:07:16;
417;61;"Organization Identifier";"Identifikator";0;"O";"ST";"ST";10.5.2007 23:16:33;
417;81;"Family Name";"Familienname";0;"O";"FN";"FN";29.3.2013 16:30:28;
417;91;"Organization Name Type Code";"Art des Organisationsnamens";204;"O";"CWE";"CWE";2.11.2014 19:17:25;
418;2;"change";;0;"O";"ST";"ST";3.2.2001 17:35:31;
418;3;"change";;0;"O";"ST";"ST";3.2.2001 17:35:31;
418;4;"change computation";;0;"O";"ST";"ST";3.2.2001 17:35:31;
418;5;"change computation";;0;"O";"ST";"ST";3.2.2001 17:35:31;
418;6;"Family Name";"Familienname";0;"O";"FN";"FN";1.9.2003 22:24:14;
418;7;"Identifier Check Digit";"Prüfziffer";0;"O";"NM";"NM";28.10.2007 17:49:03;
418;9;"ID Number";"Identifikator";0;"O";"-";"-";18.3.2014 20:51:36;
418;10;"Security Check ";;0;"O";"ST";"ST";6.1.2020 12:07:16;
418;61;"Family Name";"Familienname";0;"O";"FN";"FN";10.5.2007 23:16:33;
418;81;"Given Name";"Vorname";0;"O";"ST";"ST";29.3.2013 16:30:28;
418;91;"ID Number";"Identifikator";0;"O";"-";"-";2.11.2014 19:17:25;
419;2;"length of time-days";;0;"O";"NM";"NM";3.2.2001 17:35:48;
419;3;"length of time-days";;0;"O";"NM";"NM";3.2.2001 17:35:48;
419;4;"length of time-days";;0;"O";"NM";"NM";3.2.2001 17:35:48;
419;5;"length of time-days";;0;"O";"NM";"NM";3.2.2001 17:35:48;
419;6;"Given Name";"Vorname";0;"O";"ST";"ST";1.9.2003 22:24:14;
419;7;"Check Digit Scheme";"Prüfzifferverfahren";61;"O";"ID";"ID";26.10.2007 18:09:43;
419;9;"Identifier Check Digit";"Prüfziffer";0;"O";"-";"-";18.3.2014 20:51:36;
419;10;"Security Check Scheme";;904;"O";"ID";"ID";6.1.2020 12:07:16;
419;61;"Given Name";"Vorname";0;"O";"ST";"ST";10.5.2007 23:16:33;
419;81;"Second and Further Given Names or Initials Thereof";"weitere Vornamen oder Initialien";0;"O";"ST";"ST";29.3.2013 16:30:28;
419;91;"Identifier Check Digit";"Prüfziffer";0;"O";"-";"-";2.11.2014 19:17:25;
420;4;"sequence/results flag";;0;"O";"ID";"ID";3.2.2001 18:06:14;
420;5;"sequence/results flag";;0;"O";"ID";"ID";3.2.2001 18:06:14;
420;6;"Second and Further Given Names or Initials Thereof";"weitere Vornamen oder Initialien";0;"O";"ST";"ST";1.9.2003 22:24:14;
420;7;"Assigning Authority";"ausgebende Instanz";363;"O";"HD";"HD";26.10.2007 18:09:43;
420;9;"Check Digit Scheme";"Prüfzifferverfahren";0;"O";"-";"-";18.3.2014 20:51:36;
420;10;"Organization Name";;0;"O";"ST";"ST";6.1.2020 12:07:16;
420;61;"Second and Further Given Names or Initials Thereof";"weitere Vornamen oder Initialien";0;"O";"ST";"ST";10.5.2007 23:16:33;
420;81;"Suffix (e.g., JR or III)";"Namenszusatz";0;"O";"ST";"ST";29.3.2013 16:30:28;
420;91;"Check Digit Scheme";"Prüfzifferverfahren";0;"O";"-";"-";2.11.2014 19:17:25;
421;4;"placer order number: entity identifier";;0;"O";"ST";"ST";3.2.2001 18:06:18;
421;5;"placer order number: entity identifier";;0;"O";"ST";"ST";3.2.2001 18:06:18;
421;6;"Suffix (e.g., JR or III)";"Namenszusatz";0;"O";"ST";"ST";1.9.2003 22:24:14;
421;7;"Identifier Type Code";"Typ des Identifikators";203;"O";"ID";"ID";26.10.2007 18:09:43;
421;9;"Assigning Authority";"ausgebende Instanz";363;"O";"HD";"HD";18.3.2014 20:07:42;
421;10;"Organization Name Type Code";;204;"O";"CWE";"CWE";6.1.2020 12:07:16;
421;61;"Suffix (e.g., JR or III)";"Namenszusatz";0;"O";"ST";"ST";10.5.2007 23:16:33;
421;81;"Prefix (e.g., DR)";"Namensvorsatz";0;"O";"ST";"ST";29.3.2013 16:30:28;
421;91;"Assigning Authority";"ausgebende Instanz";363;"O";"HD";"HD";2.11.2014 19:17:25;
422;4;"placer order number: namespace ID";;0;"O";"IS";"IS";3.2.2001 18:06:39;
422;5;"placer order number: namespace ID";;0;"O";"IS";"IS";3.2.2001 18:06:39;
422;6;"Prefix (e.g., DR)";"Namensvorsatz";0;"O";"ST";"ST";1.9.2003 22:24:14;
422;7;"Assigning Facility";"Ausstellungsort";0;"O";"HD";"HD";28.10.2007 17:49:03;
422;9;"Identifier Type Code";"Typ des Identifikators";203;"O";"ID";"ID";18.3.2014 20:07:42;
422;10;"ID Number";" ";0;"O";"-";"-";2.6.2020 20:48:21;" "
422;61;"Prefix (e.g., DR)";"Namensvorsatz";0;"O";"ST";"ST";10.5.2007 23:16:33;
422;81;"Degree (e.g., MD)";"nicht mehr verwenden";0;"O";"-";"-";15.10.2014 16:46:29;
422;91;"Identifier Type Code";"Typ des Identifikators";203;"O";"ID";"ID";2.11.2014 19:17:25;
423;4;"filler order number: entity identifier";;0;"O";"ST";"ST";3.2.2001 18:06:54;
423;5;"filler order number: entity identifier";;0;"O";"ST";"ST";3.2.2001 18:06:54;
423;6;"Degree (e.g., MD)";"nicht mehr verwenden";360;"O";"IS";"IS";1.9.2003 22:24:14;
423;7;"Name Representation Code";"Namensdarstellung";465;"O";"ID";"ID";26.10.2007 18:09:43;
423;9;"Assigning Facility";"Ausstellungsort";0;"O";"HD";"HD";18.3.2014 20:07:42;
423;10;"Identifier Check Digit";" ";0;"O";"-";"-";2.6.2020 20:48:21;" "
423;61;"Degree (e.g., MD)";"nicht mehr verwenden";360;"O";"IS";"IS";10.5.2007 23:16:33;
423;81;"Source Table";"Quelle der ID";297;"O";"CWE";"CWE";29.3.2013 16:30:28;
423;91;"Assigning Facility";"Ausstellungsort";0;"O";"HD";"HD";2.11.2014 19:17:25;
424;4;"filler order number: namespace ID";;0;"O";"IS";"IS";3.2.2001 18:07:09;
424;5;"filler order number: namespace ID";;0;"O";"IS";"IS";3.2.2001 18:07:09;
424;6;"Name Type Code";"Art des Namens";200;"O";"ID";"ID";1.9.2003 22:24:14;
424;7;"Organization Identifier";"Identifikator";0;"O";"ST";"ST";28.10.2007 17:49:03;
424;9;"Name Representation Code";"Namensdarstellung";465;"O";"ID";"ID";18.3.2014 20:07:42;
424;10;"Check Digit Scheme ";" ";0;"O";"-";"-";2.6.2020 20:48:21;" "
424;61;"Name Type Code";"Art des Namens";200;"O";"ID";"ID";10.5.2007 23:16:33;
424;81;"Assigning Authority";"ausgebende Instanz";363;"O";"HD";"HD";29.3.2013 16:30:28;
424;91;"Name Representation Code";"Namensdarstellung";465;"O";"ID";"ID";2.11.2014 19:17:25;
425;4;"sequence condition value";;0;"O";"ST";"ST";30.12.2001 00:00:00;
425;5;"sequence condition value";;0;"O";"ST";"ST";30.12.2001 00:00:00;
425;6;"Name Representation Code";"Namensdarstellung";465;"O";"ID";"ID";1.9.2003 22:24:14;
425;7;"Family Name";"Familienname";0;"O";"FN";"FN";28.10.2007 17:49:03;
425;9;"Organization Identifier";"Identifikator";0;"O";"ST";"ST";18.3.2014 20:07:42;
425;10;"Assigning Authority";;363;"O";"HD";"HD";6.1.2020 12:07:16;
425;61;"Name Representation Code";"Namensdarstellung";465;"O";"ID";"ID";10.5.2007 23:16:33;
425;81;"Name Type Code";"Art des Namens";200;"O";"ID";"ID";29.3.2013 16:30:28;
425;91;"Organization Identifier";"Identifikator";0;"O";"ST";"ST";2.11.2014 19:17:25;
426;4;"maximum number of repeats";"maximale Anzahl an Wiederholungen";0;"O";"NM";"NM";21.3.2017 00:00:00;
426;5;"maximum number of repeats";"maximale Anzahl an Wiederholungen";0;"O";"NM";"NM";21.3.2017 00:00:00;
426;6;"Name Context";"Namenskontext";448;"O";"CE";"CE";1.9.2003 22:24:14;
426;7;"Given Name";"Vorname";0;"O";"ST";"ST";28.10.2007 17:49:03;
426;9;"Family Name";"Familienname";0;"O";"FN";"FN";18.3.2014 20:07:42;
426;10;"Identifier Type Code";;203;"O";"ID";"ID";6.1.2020 12:07:16;
426;61;"Name Context";"Namenskontext";448;"O";"CE";"CE";10.5.2007 23:16:33;
426;81;"Identifier Check Digit";"Prüfziffer";0;"O";"ST";"ST";29.3.2013 16:30:28;
426;91;"Family Name";"Familienname";0;"O";"FN";"FN";2.11.2014 19:17:25;
427;4;"placer order number: universal ID";;0;"O";"ST";"ST";3.2.2001 18:07:48;
427;5;"placer order number: universal ID";;0;"O";"ST";"ST";3.2.2001 18:07:48;
427;6;"Name Validity Range";"Gültigkeitszeitraum";0;"O";"DR";"DR";1.9.2003 22:24:14;
427;7;"Second and Further Given Names or Initials Thereof";"weitere Vornamen oder Initialien";0;"O";"ST";"ST";28.10.2007 17:49:03;
427;9;"Given Name";"Vorname";0;"O";"ST";"ST";18.3.2014 20:07:42;
427;10;"Assigning Facility";;0;"O";"HD";"HD";6.1.2020 12:07:16;
427;61;"Name Validity Range";"Gültigkeitszeitraum";0;"O";"DR";"DR";10.5.2007 23:16:33;
427;81;"Check Digit Scheme";"Prüfzifferverfahren";61;"O";"ID";"ID";29.3.2013 16:30:28;
427;91;"Given Name";"Vorname";0;"O";"ST";"ST";2.11.2014 19:17:25;
428;4;"placer order number; universal ID type";;0;"O";"ID";"ID";3.2.2001 18:07:59;
428;5;"placer order number; universal ID type";;0;"O";"ID";"ID";3.2.2001 18:07:59;
428;6;"Name Assembly Order";"Anzeigereihenfolge der Namensbestandteile";444;"O";"ID";"ID";1.9.2003 22:24:14;
428;7;"Suffix (e.g., JR or III)";"Namenszusatz";0;"O";"ST";"ST";28.10.2007 17:49:03;
428;9;"Second and Further Given Names or Initials Thereof";"weitere Vornamen oder Initialien";0;"O";"ST";"ST";18.3.2014 20:07:42;
428;10;"Name Representation Code";;465;"O";"ID";"ID";6.1.2020 12:07:16;
428;61;"Name Assembly Order";"Anzeigereihenfolge der Namensbestandteile";444;"O";"ID";"ID";10.5.2007 23:16:33;
428;81;"Identifier Type Code";"Typ des Identifikators";203;"O";"ID";"ID";29.3.2013 16:30:28;
428;91;"Second and Further Given Names or Initials Thereof";"weitere Vornamen oder Initialien";0;"O";"ST";"ST";2.11.2014 19:17:25;
429;4;"filler order number: universal ID";;0;"O";"ST";"ST";3.2.2001 18:08:12;
429;5;"filler order number: universal ID";;0;"O";"ST";"ST";3.2.2001 18:08:12;
429;6;"Effective Date";"Gültigkeitsbeginn";0;"O";"TS";"TS";1.9.2003 22:24:14;
429;7;"Prefix (e.g., DR)";"Namensvorsatz";0;"O";"ST";"ST";28.10.2007 17:49:03;
429;9;"Suffix (e.g., JR or III)";"Namenszusatz";0;"O";"ST";"ST";18.3.2014 20:07:42;
429;10;"Organization Identifier";;0;"O";"ST";"ST";6.1.2020 12:07:16;
429;61;"Effective Date";"Gültigkeitsbeginn";0;"O";"TS";"TS";10.5.2007 23:16:33;
429;81;"Assigning Facility";"Ausstellungsort";0;"O";"HD";"HD";29.3.2013 16:30:28;
429;91;"Suffix (e.g., JR or III)";"Namenszusatz";0;"O";"ST";"ST";2.11.2014 19:17:25;
430;4;"filler order number: universal ID type";;0;"O";"ID";"ID";3.2.2001 18:08:29;
430;5;"filler order number: universal ID type";;0;"O";"ID";"ID";3.2.2001 18:08:29;
430;6;"Expiration Date";"Gültigkeitsende";0;"O";"TS";"TS";1.9.2003 22:24:14;
430;7;"Degree (e.g., MD)";"nicht mehr verwenden";360;"O";"IS";"IS";26.10.2007 18:09:43;
430;9;"Prefix (e.g., DR)";"Namensvorsatz";0;"O";"ST";"ST";18.3.2014 20:07:42;
430;10;"Family Name";;0;"O";"FN";"FN";6.1.2020 12:07:16;
430;61;"Expiration Date";"Gültigkeitsende";0;"O";"TS";"TS";10.5.2007 23:16:33;
430;81;"Name Representation Code";"Namensdarstellung";465;"O";"ID";"ID";29.3.2013 16:30:28;
430;91;"Prefix (e.g., DR)";"Namensvorsatz";0;"O";"ST";"ST";2.11.2014 19:17:25;
431;4;"address";"Adresse";0;"O";"AD";"AD";14.2.2001 22:00:30;
431;5;"address";"Adresse";0;"O";"AD";"AD";14.2.2001 22:00:28;
431;6;"Professional Suffix";"akademische Grade und sonst. Berufszugehörigkeiten";0;"O";"ST";"ST";1.9.2003 22:24:14;
431;7;"Name Type Code";"Art des Namens";200;"O";"ID";"ID";26.10.2007 18:09:43;
431;9;"Degree (e.g., MD)";"nicht mehr verwenden";0;"O";"-";"-";18.3.2014 20:51:36;
431;10;"Given Name";;0;"O";"ST";"ST";6.1.2020 12:07:16;
431;61;"Professional Suffix";"akademische Grade und sonst. Berufszugehörigkeiten";0;"O";"ST";"ST";10.5.2007 23:16:33;
431;81;"Name Context";"Namenskontext";448;"O";"CWE";"CWE";29.3.2013 16:30:28;
431;91;"Degree (e.g., MD)";"nicht mehr verwenden";0;"O";"-";"-";2.11.2014 19:17:25;
432;3;"reference range";"Grenzwerte";0;"O";"CM";"CM_RANGE";17.2.2001 09:31:38;
432;4;"numeric range";;0;"O";"NR";"NR";17.2.2001 09:31:38;
432;5;"numeric range";;0;"O";"NR";"NR";17.2.2001 09:31:38;
432;6;"Telephone Number";"nicht mehr verwenden";0;"O";"ST";"ST";1.9.2003 22:24:14;
432;7;"Name Representation Code";"Namensdarstellung";465;"O";"ID";"ID";26.10.2007 18:09:43;
432;9;"Name Type Code";"Art des Namens";200;"O";"ID";"ID";18.3.2014 20:07:42;
432;10;"Second and Further Given Names or Initials Thereof";;0;"O";"ST";"ST";6.1.2020 12:07:16;
432;61;"Telephone Number";"nicht mehr verwenden";0;"O";"ST";"ST";10.5.2007 23:16:33;
432;81;"Name Validity Range";"Gültigkeitszeitraum";0;"O";"-";"-";15.10.2014 16:46:29;
432;91;"Name Type Code";"Art des Namens";200;"O";"ID";"ID";2.11.2014 19:17:25;
433;3;"sex";"Geschlecht";0;"O";"IS";"IS";17.2.2001 09:31:44;
433;4;"administrative sex";"Geschlecht";0;"O";"IS";"IS";17.2.2001 09:31:44;
433;5;"administrative sex";"Geschlecht";0;"O";"IS";"IS";17.2.2001 09:31:44;
433;6;"Telecommunication Use Code";"Verwendungszweck";201;"O";"ID";"ID";1.9.2003 22:24:14;
433;7;"Name Context";"Namenskontext";448;"O";"CWE";"CWE";26.10.2007 18:09:43;
433;9;"Name Representation Code";"Namensdarstellung";465;"O";"ID";"ID";18.3.2014 20:07:42;
433;10;"Suffix (e.g., JR or III)";;0;"O";"ST";"ST";6.1.2020 12:07:16;
433;61;"Telecommunication Use Code";"Verwendungszweck";201;"O";"ID";"ID";10.5.2007 23:16:33;
433;81;"Name Assembly Order";"Anzeigereihenfolge der Namensbestandteile";444;"O";"ID";"ID";29.3.2013 16:30:28;
433;91;"Name Representation Code";"Namensdarstellung";465;"O";"ID";"ID";2.11.2014 19:17:25;
434;3;"age range";"Altersbereich";0;"O";"CM";"CM_RANGE";17.2.2001 09:32:01;
434;4;"age range";"Altersbereich";0;"O";"NR";"NR";17.2.2001 09:32:01;
434;5;"age range";"Altersbereich";0;"O";"NR";"NR";17.2.2001 09:32:01;
434;6;"Telecommunication Equipment Type";"Telekommunikationsmethode";202;"O";"ID";"ID";1.9.2003 22:24:14;
434;7;"Name Validity Range";"Gültigkeitszeitraum";0;"O";"DR";"DR";28.10.2007 17:49:03;
434;9;"Name Context";"Namenskontext";448;"O";"CWE";"CWE";18.3.2014 20:07:42;
434;10;"Prefix (e.g., DR)";;0;"O";"ST";"ST";6.1.2020 12:07:16;
434;61;"Telecommunication Equipment Type";"Telekommunikationsmethode";202;"O";"ID";"ID";10.5.2007 23:16:33;
434;81;"Effective Date";"Gültigkeitsbeginn";0;"O";"DTM";"DTM";29.3.2013 16:30:28;
434;91;"Name Context";"Namenskontext";448;"O";"CWE";"CWE";2.11.2014 19:17:25;
435;3;"age gestation";;0;"O";"CM";"CM_RANGE";17.2.2001 09:32:12;
435;4;"gestational age range";"Schwangerschaftswoche";0;"O";"NR";"NR";17.2.2001 09:32:12;
435;5;"gestational range";"Schwangerschaftswoche";0;"O";"NR";"NR";17.2.2001 09:32:12;
435;6;"Email Address";"E-Mail-Adresse";0;"O";"ST";"ST";1.9.2003 22:24:14;
435;7;"Name Assembly Order";"Anzeigereihenfolge der Namensbestandteile";444;"O";"ID";"ID";26.10.2007 18:09:43;
435;9;"Name Validity Range";"Gültigkeitszeitraum";0;"O";"-";"-";18.3.2014 20:51:36;
435;10;"Degree (e.g., MD)";" ";0;"O";"-";"-";2.6.2020 20:48:21;" "
435;61;"Email Address";"E-Mail-Adresse";0;"O";"ST";"ST";10.5.2007 23:16:33;
435;81;"Expiration Date";"Gültigkeitsende";0;"O";"DTM";"DTM";29.3.2013 16:30:28;
435;91;"Name Validity Range";"Gültigkeitszeitraum";0;"O";"-";"-";2.11.2014 19:17:25;
436;3;"species";"Spezies";0;"O";"TX";"TX";17.2.2001 09:32:22;
436;4;"species";"Spezies";0;"O";"TX";"TX";17.2.2001 09:32:22;
436;5;"species";"Spezies";0;"O";"TX";"TX";17.2.2001 09:32:22;
436;6;"Country Code";"internationale Landesvorwahl";0;"O";"NM";"NM";1.9.2003 22:24:14;
436;7;"Effective Date";"Gültigkeitsbeginn";0;"O";"DTM";"DTM";28.10.2007 17:49:03;
436;9;"Name Assembly Order";"Anzeigereihenfolge der Namensbestandteile";444;"O";"ID";"ID";18.3.2014 20:07:42;
436;10;"Name Type Code";;200;"O";"ID";"ID";6.1.2020 12:07:16;
436;61;"Country Code";"internationale Landesvorwahl";0;"O";"NM";"NM";10.5.2007 23:16:33;
436;81;"Professional Suffix";"akademische Grade und sonst. Berufszugehörigkeiten";0;"O";"ST";"ST";29.3.2013 16:30:28;
436;91;"Name Assembly Order";"Anzeigereihenfolge der Namensbestandteile";444;"O";"ID";"ID";2.11.2014 19:17:25;
437;3;"race/subspecies";"Rasse";0;"O";"ST";"ST";17.2.2001 09:32:36;
437;4;"race/subspecies";"Rasse";0;"O";"ST";"ST";17.2.2001 09:32:36;
437;5;"race/subspecies";"Rasse";0;"O";"ST";"ST";17.2.2001 09:32:36;
437;6;"Area/City Code";"Ortsvorwahl";0;"O";"NM";"NM";1.9.2003 22:24:14;
437;7;"Expiration Date";"Gültigkeitsende";0;"O";"DTM";"DTM";28.10.2007 17:49:03;
437;9;"Effective Date";"Gültigkeitsbeginn";0;"O";"DTM";"DTM";18.3.2014 20:07:42;
437;10;"Name Representation Code";;465;"O";"ID";"ID";6.1.2020 12:07:16;
437;61;"Area/City Code";"Ortsvorwahl";0;"O";"NM";"NM";10.5.2007 23:16:33;
437;81;"Assigning Jurisdiction";"ausgebende Körperschaft";0;"O";"CWE";"CWE";29.3.2013 16:30:28;
437;91;"Effective Date";"Gültigkeitsbeginn";0;"O";"DTM";"DTM";2.11.2014 19:17:25;
438;3;"conditions";"Bedingungen";0;"O";"TX";"TX";17.2.2001 09:32:44;
438;4;"conditions";"Bedingungen";0;"O";"TX";"TX";17.2.2001 09:32:44;
438;5;"conditions";"Bedingungen";0;"O";"TX";"TX";17.2.2001 09:32:44;
438;6;"Local Number";"Anschlußnummer (inkl. Durchwahl)";0;"O";"NM";"NM";1.9.2003 22:24:14;
438;7;"Professional Suffix";"akademische Grade und sonst. Berufszugehörigkeiten";0;"O";"ST";"ST";28.10.2007 17:49:03;
438;9;"Expiration Date";"Gültigkeitsende";0;"O";"DTM";"DTM";18.3.2014 20:07:42;
438;10;"Name Context";;448;"O";"CWE";"CWE";6.1.2020 12:07:16;
438;61;"Local Number";"Anschlußnummer (inkl. Durchwahl)";0;"O";"NM";"NM";10.5.2007 23:16:33;
438;81;"Assigning Agency or Department";"ausgebende Abteilung";0;"O";"CWE";"CWE";29.3.2013 16:30:28;
438;91;"Expiration Date";"Gültigkeitsende";0;"O";"DTM";"DTM";2.11.2014 19:17:25;
439;2;"time of an event";"Zeitpunkt";0;"O";"ST";"ST";29.9.2001 17:39:47;
439;3;"time of an event";"Zeitpunkt";0;"O";"ST";"ST";29.9.2001 17:37:36;
439;4;"time of an event";"Zeitpunkt";0;"O";"ST";"ST";29.9.2001 17:35:59;
439;5;"time of an event";"Zeitpunkt";0;"O";"ST";"ST";29.9.2001 17:35:21;
439;6;"Extension";"Durchwahl";0;"O";"NM";"NM";1.9.2003 22:24:14;
439;7;"Telephone Number";"nicht mehr verwenden";0;"O";"-";"-";28.10.2007 17:54:35;
439;9;"Professional Suffix";"akademische Grade und sonst. Berufszugehörigkeiten";0;"O";"ST";"ST";18.3.2014 20:07:42;
439;10;"Name Validity Range";" ";0;"O";"-";"-";2.6.2020 20:48:21;" "
439;61;"Extension";"Durchwahl";0;"O";"NM";"NM";10.5.2007 23:16:33;
439;81;"Security Check";;0;"O";"ST";"ST";29.3.2013 16:30:28;
439;91;"Professional Suffix";"akademische Grade und sonst. Berufszugehörigkeiten";0;"O";"ST";"ST";2.11.2014 19:17:25;
440;2;"degree of precision";"Präzision";0;"O";"ST";"ST";21.3.2017 00:00:00;
440;3;"degree of precision";"Präzision";0;"O";"ST";"ST";21.3.2017 00:00:00;
440;4;"degree of precision";"Präzision";0;"O";"ST";"ST";21.3.2017 00:00:00;
440;5;"degree of precision";"Präzision";0;"O";"ST";"ST";21.3.2017 00:00:00;
440;6;"Any Text";"beliebiger Text";0;"O";"ST";"ST";1.9.2003 22:24:14;
440;7;"Telecommunication Use Code";"Verwendungszweck";201;"O";"ID";"ID";26.10.2007 18:09:43;
440;9;"Called By";;0;"O";"ST";"ST";18.3.2014 20:07:42;
440;10;"Name Assembly Order";;444;"O";"ID";"ID";6.1.2020 12:07:16;
440;61;"Any Text";"beliebiger Text";0;"O";"ST";"ST";10.5.2007 23:16:33;
440;81;"Security Check Scheme";;904;"O";"ID";"ID";29.3.2013 16:30:28;
440;91;"Called By";;0;"O";"ST";"ST";2.11.2014 19:17:25;
441;3;"namespace ID";"ausgebende Instanz - Identifikator";300;"O";"IS";"IS";21.5.2008 00:00:00;"2-22"
441;4;"namespace ID";"ausgebende Instanz - Identifikator";363;"O";"IS";"IS";21.5.2008 00:00:00;"2-22"
441;5;"alternate identifier (ID)";"alternativer Schlüssel";0;"O";"ID";"ID";1.11.2001 00:00:00;
441;6;"Extension Prefix";"interne Vorwahl";0;"O";"ST";"ST";1.9.2003 22:24:14;
441;7;"Telecommunication Equipment Type";"Telekommunikationsmethode";202;"O";"ID";"ID";26.10.2007 18:09:43;
441;9;"Telephone Number";"nicht mehr verwenden";0;"O";"-";"-";18.3.2014 20:51:36;
441;10;"Effective Date";;0;"O";"DTM";"DTM";6.1.2020 12:07:16;
441;61;"Extension Prefix";"interne Vorwahl";0;"O";"ST";"ST";10.5.2007 23:16:33;
441;81;"Organization Name";"Organisationsname";0;"O";"ST";"ST";29.3.2013 16:30:28;
441;91;"Telephone Number";"nicht mehr verwenden";0;"O";"-";"-";2.11.2014 19:17:25;
442;3;"universal ID";"ausgebende Instanz - Identifikator, univers. Form";0;"O";"ST";"ST";21.5.2008 00:00:00;"2-22"
442;4;"universal ID";"ausgebende Instanz - Identifikator, univers. Form";0;"O";"ST";"ST";21.5.2008 00:00:00;"2-22"
442;5;"date";"Datum";0;"O";"DT";"DT";29.11.2001 22:12:56;
442;6;"Speed Dial Code";"Kurzwahl";0;"O";"ST";"ST";1.9.2003 22:24:14;
442;7;"Communication Address";"Kommuniationsadresse";0;"O";"ST";"ST";28.10.2007 17:49:03;
442;9;"Telecommunication Use Code";"Verwendungszweck";201;"O";"ID";"ID";18.3.2014 20:07:42;
442;10;"Expiration Date";;0;"O";"DTM";"DTM";6.1.2020 12:07:16;
442;61;"Speed Dial Code";"Kurzwahl";0;"O";"ST";"ST";10.5.2007 23:16:33;
442;81;"Organization Name Type Code";"Art des Organisationsnamens";204;"O";"CWE";"CWE";29.3.2013 16:30:28;
442;91;"Telecommunication Use Code";"Verwendungszweck";201;"O";"ID";"ID";2.11.2014 19:17:25;
443;4;"facility (EI)";"Fachbereich";0;"O";"EI";"EI";30.12.2001 18:16:36;
443;6;"Unformatted Telephone number";"Telefonnummer ohne Formatierung";0;"O";"ST";"ST";1.9.2003 22:24:14;
443;7;"Country Code";"internationale Landesvorwahl";0;"O";"NM";"NM";28.10.2007 17:49:03;
443;9;"Telecommunication Equipment Type";"Telekommunikationsmethode";202;"O";"ID";"ID";18.3.2014 20:07:42;
443;10;"Professional Suffix";;0;"O";"ST";"ST";6.1.2020 12:07:16;
443;61;"Unformatted Telephone number";"Telefonnummer ohne Formatierung";0;"O";"ST";"ST";10.5.2007 23:16:33;
443;81;"ID Number";"Identifikator";0;"O";"-";"-";15.10.2014 16:46:29;
443;91;"Telecommunication Equipment Type";"Telekommunikationsmethode";202;"O";"ID";"ID";2.11.2014 19:17:25;
444;4;"second and further given names or initials thereof";"weitere Vornamen oder Initialien";0;"O";"ST";"ST";28.12.2002 21:35:40;
444;5;"second and further given names or initials thereof";"weitere Vornamen oder Initialien";0;"O";"ST";"ST";28.12.2002 21:35:40;
444;7;"Area/City Code";"Ortsvorwahl";0;"O";"NM";"NM";28.10.2007 17:49:03;
444;9;"Communication Address";"Kommuniationsadresse";0;"O";"ST";"ST";18.3.2014 20:07:42;
444;10;"Called By";;0;"O";"ST";"ST";6.1.2020 12:07:16;
444;81;"Identifier Check Digit";"Prüfziffer";0;"O";"NM";"NM";29.3.2013 16:30:28;
444;91;"Communication Address";"Kommuniationsadresse";0;"O";"ST";"ST";2.11.2014 19:17:25;
445;4;"assigning authority namespace ID";"ausgebende Instanz - Identifikator";363;"O";"IS";"IS";28.12.2002 21:37:42;
445;5;"assigning authority namespace ID";"ausgebende Instanz - Identifikator";363;"O";"IS";"IS";28.12.2002 21:37:42;
445;7;"Local Number";"Anschlußnummer (inkl. Durchwahl)";0;"O";"NM";"NM";28.10.2007 17:49:03;
445;9;"Country Code";"internationale Landesvorwahl";0;"O";"SNM";"SNM";18.3.2014 20:07:42;
445;10;"Telephone Number";" ";0;"O";"-";"-";2.6.2020 20:48:21;" "
445;81;"Check Digit Scheme";"Prüfzifferverfahren";61;"O";"ID";"ID";29.3.2013 16:30:28;
445;91;"Country Code";"internationale Landesvorwahl";0;"O";"SNM";"SNM";2.11.2014 19:17:25;
446;4;"assigning authority universal ID";"ausgebende Instanz - Identifikator, univers. Form";0;"O";"ST";"ST";28.12.2002 21:40:07;
446;5;"assigning authority universal ID";"ausgebende Instanz - Identifikator, univers. Form";0;"O";"ST";"ST";28.12.2002 21:40:07;
446;7;"Extension";"Durchwahl";0;"O";"NM";"NM";28.10.2007 17:49:03;
446;9;"Area/City Code";"Ortsvorwahl";0;"O";"SNM";"SNM";18.3.2014 20:07:42;
446;10;"Telecommunication Use Code";;201;"O";"ID";"ID";6.1.2020 12:07:16;
446;81;"Assigning Authority";"ausgebende Instanz";363;"O";"HD";"HD";29.3.2013 16:30:28;
446;91;"Area/City Code";"Ortsvorwahl";0;"O";"SNM";"SNM";2.11.2014 19:17:25;
447;4;"assigning authority universal ID type";"ausgebende Instanz - Typ der Universal ID";301;"O";"ID";"ID";28.12.2002 21:40:07;
447;5;"assigning authority universal ID type";"ausgebende Instanz - Typ der Universal ID";301;"O";"ID";"ID";28.12.2002 21:40:07;
447;7;"Any Text";"beliebiger Text";0;"O";"ST";"ST";28.10.2007 17:49:03;
447;9;"Local Number";"Anschlußnummer (inkl. Durchwahl)";0;"O";"SNM";"SNM";18.3.2014 20:07:42;
447;10;"Telecommunication Equipment Type";;202;"O";"ID";"ID";6.1.2020 12:07:16;
447;81;"Identifier Type Code";"Typ des Identifikators";203;"O";"ID";"ID";29.3.2013 16:30:28;
447;91;"Local Number";"Anschlußnummer (inkl. Durchwahl)";0;"O";"SNM";"SNM";2.11.2014 19:17:25;
448;4;"string";;0;"O";"ST";"ST";17.11.2016 21:29:18;
448;5;"family name";"Familienname";0;"O";"ST";"ST";14.2.2003 00:00:00;
448;7;"Extension Prefix";"interne Vorwahl";0;"O";"ST";"ST";28.10.2007 17:49:03;
448;9;"Extension";"Durchwahl";0;"O";"SNM";"SNM";18.3.2014 20:07:42;
448;10;"Communication Address";;0;"O";"ST";"ST";6.1.2020 12:07:16;
448;81;"Assigning Facility";"Ausstellungsort";0;"O";"HD";"HD";29.3.2013 16:30:28;
448;91;"Extension";"Durchwahl";0;"O";"SNM";"SNM";2.11.2014 19:17:25;
449;4;"identifier";"Schlüssel";0;"O";"ID";"ID";17.11.2016 21:35:21;
449;5;"check digit (ST)";"Prüfziffer";0;"O";"ST";"ST";23.7.2003 22:05:03;
449;7;"Speed Dial Code";"Kurzwahl";0;"O";"ST";"ST";28.10.2007 17:49:03;
449;9;"Any Text";"beliebiger Text";0;"O";"ST";"ST";18.3.2014 20:07:42;
449;10;"Country Code";;0;"O";"SNM";"SNM";6.1.2020 12:07:16;
449;81;"Name Representation Code";"Namensdarstellung";465;"O";"ID";"ID";29.3.2013 16:30:28;
449;91;"Any Text";"beliebiger Text";0;"O";"ST";"ST";2.11.2014 19:17:25;
450;4;"identifier";"Schlüssel";0;"O";"IS";"IS";17.11.2016 21:35:55;
450;5;"namespace ID";"ausgebende Instanz - Identifikator";363;"O";"IS";"IS";21.5.2008 00:00:00;"2-22"
450;7;"Unformatted Telephone number";"Telefonnummer ohne Formatierung";0;"O";"ST";"ST";28.10.2007 17:49:03;
450;9;"Extension Prefix";"interne Vorwahl";0;"O";"ST";"ST";18.3.2014 20:07:42;
450;10;"Area/City Code";;0;"O";"SNM";"SNM";6.1.2020 12:07:16;
450;81;"Organization Identifier";"Identifikator";0;"O";"ST";"ST";29.3.2013 16:30:28;
450;91;"Extension Prefix";"interne Vorwahl";0;"O";"ST";"ST";2.11.2014 19:17:25;
451;4;"number";"Wert";0;"O";"NM";"NM";17.11.2016 21:36:31;
451;5;"universal ID";"ausgebende Instanz - Identifikator, univers. Form";0;"O";"ST";"ST";21.5.2008 00:00:00;"2-22"
451;7;"Effective Start Date";"Gültigkeitsbeginn";0;"O";"DTM";"DTM";28.10.2007 17:49:03;
451;9;"Speed Dial Code";"Kurzwahl";0;"O";"ST";"ST";18.3.2014 20:07:42;
451;10;"Local Number";;0;"O";"SNM";"SNM";6.1.2020 12:07:16;
451;81;"Family Name";"Familienname";0;"O";"FN";"FN";29.3.2013 16:30:28;
451;91;"Speed Dial Code";"Kurzwahl";0;"O";"ST";"ST";2.11.2014 19:17:25;
452;4;"date";"Datum";0;"O";"DT";"DT";17.11.2016 21:37:02;
452;5;"string";;0;"O";"ST";"ST";17.11.2016 19:12:10;
452;7;"Expiration Date";"Gültigkeitsende";0;"O";"DTM";"DTM";28.10.2007 17:49:03;
452;9;"Unformatted Telephone number";"Telefonnummer ohne Formatierung";0;"O";"ST";"ST";18.3.2014 20:07:42;
452;10;"Extension";;0;"O";"SNM";"SNM";6.1.2020 12:07:16;
452;81;"Given Name";"Vorname";0;"O";"ST";"ST";29.3.2013 16:30:28;
452;91;"Unformatted Telephone number";"Telefonnummer ohne Formatierung";0;"O";"ST";"ST";2.11.2014 19:17:25;
453;4;"text";"Text";0;"O";"TX";"TX";17.11.2016 21:37:32;
453;5;"identifier";"Schlüssel";0;"O";"ID";"ID";17.11.2016 19:13:01;
453;7;"Expiration Reason";"Grund für Gültigkeitsende";868;"O";"CWE";"CWE";26.10.2007 18:09:43;
453;9;"Effective Start Date";"Gültigkeitsbeginn";0;"O";"DTM";"DTM";18.3.2014 20:07:42;
453;10;"Any Text";;0;"O";"ST";"ST";6.1.2020 12:07:16;
453;81;"Second and Further Given Names or Initials Thereof";"weitere Vornamen oder Initialien";0;"O";"ST";"ST";29.3.2013 16:30:28;
453;91;"Effective Start Date";"Gültigkeitsbeginn";0;"O";"DTM";"DTM";2.11.2014 19:17:25;
454;4;"sequence identifier";;0;"O";"SI";"SI";17.11.2016 21:38:06;
454;5;"identifier";"Schlüssel";0;"O";"IS";"IS";17.11.2016 19:14:59;
454;7;"Protection Code";"Auskunftsbeschränkung";618;"O";"CWE";"CWE";26.10.2007 18:09:43;
454;9;"Expiration Date";"Gültigkeitsende";0;"O";"DTM";"DTM";18.3.2014 20:07:42;
454;10;"Extension Prefix";;0;"O";"ST";"ST";6.1.2020 12:07:16;
454;81;"Suffix (e.g., JR or III)";"Namenszusatz";0;"O";"ST";"ST";29.3.2013 16:30:28;
454;91;"Expiration Date";"Gültigkeitsende";0;"O";"DTM";"DTM";2.11.2014 19:17:25;
455;4;"formatted text";"formatierter Text";0;"O";"FT";"FT";17.11.2016 21:39:11;
455;5;"text";"Text";0;"O";"TX";"TX";17.11.2016 19:16:35;
455;7;"Shared Telecommunication Identifier";"Identifikaor für Telefonnumer";0;"O";"EI";"EI";28.10.2007 17:49:03;
455;9;"Expiration Reason";"Grund für Gültigkeitsende";868;"O";"CWE";"CWE";18.3.2014 20:07:42;
455;10;"Speed Dial Code";;0;"O";"ST";"ST";6.1.2020 12:07:16;
455;81;"Prefix (e.g., DR)";"Namensvorsatz";0;"O";"ST";"ST";29.3.2013 16:30:28;
455;91;"Expiration Reason";"Grund für Gültigkeitsende";868;"O";"CWE";"CWE";2.11.2014 19:17:25;
456;4;"time";"Zeitpunkt";0;"O";"TM";"TM";17.11.2016 21:39:52;
456;5;"date";"Datum";0;"O";"DT";"DT";17.11.2016 19:19:31;
456;7;"Preference Order";"Rangfolge";0;"O";"NM";"NM";28.10.2007 17:49:03;
456;9;"Protection Code";"Auskunftsbeschränkung";618;"O";"CWE";"CWE";18.3.2014 20:07:42;
456;10;"Unformatted Telephone Number ";;0;"O";"ST";"ST";6.1.2020 12:07:16;
456;81;"Degree (e.g., MD)";"nicht mehr verwenden";0;"O";"-";"-";15.10.2014 16:46:29;
456;91;"Protection Code";"Auskunftsbeschränkung";618;"O";"CWE";"CWE";2.11.2014 19:17:25;
457;4;"telephone number";;0;"O";"TN";"TN";17.11.2016 21:42:28;
457;5;"number";"Wert";0;"O";"NM";"NM";17.11.2016 19:17:38;
457;9;"Shared Telecommunication Identifier";"Identifikaor für Telefonnumer";0;"O";"EI";"EI";18.3.2014 20:07:42;
457;10;"Effective Start Date";;0;"O";"DTM";"DTM";6.1.2020 12:07:16;
457;81;"Name Type Code";"Art des Namens";200;"O";"ID";"ID";29.3.2013 16:30:28;
457;91;"Shared Telecommunication Identifier";"Identifikaor für Telefonnumer";0;"O";"EI";"EI";2.11.2014 19:17:25;
458;5;"formatted text";"formatierter Text";0;"O";"FT";"FT";17.11.2016 19:25:40;
458;9;"Preference Order";"Rangfolge";0;"O";"NM";"NM";18.3.2014 20:07:42;
458;10;"Expiration Date";;0;"O";"DTM";"DTM";6.1.2020 12:07:16;
458;81;"Name Representation Code";"Namensdarstellung";465;"O";"ID";"ID";29.3.2013 16:30:28;
458;91;"Preference Order";"Rangfolge";0;"O";"NM";"NM";2.11.2014 19:17:25;
459;5;"time";"Zeitpunkt";0;"O";"TM";"TM";17.11.2016 21:14:33;
459;10;"Expiration Reason";;868;"O";"CWE";"CWE";6.1.2020 12:07:16;
459;81;"Name Context";"Namenskontext";448;"O";"CWE";"CWE";29.3.2013 16:30:28;
460;5;"telephone number";;0;"O";"TN";"TN";17.11.2016 21:16:37;
460;10;"Protection Code";;618;"O";"CWE";"CWE";6.1.2020 12:07:16;
460;81;"Name Validity Range";"Gültigkeitszeitraum";0;"O";"-";"-";15.10.2014 16:46:29;
461;5;"sequence identifier";;0;"O";"SI";"SI";17.11.2016 21:18:22;
461;10;"Shared Telecommunication Identifier";;0;"O";"EI";"EI";6.1.2020 12:07:16;
461;81;"Name Assembly Order";"Anzeigereihenfolge der Namensbestandteile";444;"O";"ID";"ID";29.3.2013 16:30:28;
462;10;"Preference Order";;0;"O";"NM";"NM";6.1.2020 12:07:16;
462;81;"Effective Date";"Gültigkeitsbeginn";0;"O";"DTM";"DTM";29.3.2013 16:30:28;
463;81;"Expiration Date";"Gültigkeitsende";0;"O";"DTM";"DTM";29.3.2013 16:30:28;
463;92;"Street Address";"Strasse";0;"O";"ST";"ST";13.7.2015 15:29:31;
464;81;"Professional Suffix";"akademische Grade und sonst. Berufszugehörigkeiten";0;"O";"ST";"ST";29.3.2013 16:30:28;
464;92;"Other Designation";"sonst. Adresse";0;"O";"ST";"ST";13.7.2015 15:29:31;
465;81;"Called By";;0;"O";"ST";"ST";29.3.2013 16:30:28;
465;92;"City";"Ort";0;"O";"ST";"ST";13.7.2015 15:29:31;
466;81;"Telephone Number";"nicht mehr verwenden";0;"O";"-";"-";15.10.2014 16:46:29;
466;92;"State or Province";"Bundesland";0;"O";"ST";"ST";13.7.2015 15:29:31;
467;81;"Telecommunication Use Code";"Verwendungszweck";201;"O";"ID";"ID";29.3.2013 16:30:28;
467;92;"Zip or Postal Code";;0;"O";"ST";"ST";13.7.2015 15:29:31;
468;81;"Telecommunication Equipment Type";"Telekommunikationsmethode";202;"O";"ID";"ID";29.3.2013 16:30:28;
468;92;"Country";"Staat";399;"O";"ID";"ID";13.7.2015 15:29:31;
469;81;"Communication Address";"Kommuniationsadresse";0;"O";"ST";"ST";29.3.2013 16:30:28;
469;92;"Address Type";"Typ der Adresse";190;"O";"ID";"ID";13.7.2015 15:29:31;
470;81;"Country Code";"internationale Landesvorwahl";0;"O";"SNM";"SNM";29.3.2013 16:30:28;
470;92;"Other Geographic Designation";"sonst. geogr. Bezeichnung";0;"O";"ST";"ST";13.7.2015 15:29:31;
471;81;"Area/City Code";"Ortsvorwahl";0;"O";"SNM";"SNM";29.3.2013 16:30:28;
471;92;"Authorization Number";"Aktenzeichen der Kostenübernahme";0;"O";"ST";"ST";13.7.2015 15:29:31;
472;81;"Local Number";"Anschlußnummer (inkl. Durchwahl)";0;"O";"SNM";"SNM";29.3.2013 16:30:28;
472;92;"Date";"Datum";0;"O";"DT";"DT";13.7.2015 15:29:31;
473;81;"Extension";"Durchwahl";0;"O";"SNM";"SNM";29.3.2013 16:30:28;
473;92;"Source";"Aktenzeichen der Kostenübernahme";0;"O";"ST";"ST";13.7.2015 15:29:31;
474;81;"Any Text";"beliebiger Text";0;"O";"ST";"ST";29.3.2013 16:30:28;
474;92;"Invocation Event";"Rechnungslegung bei";100;"O";"ID";"ID";13.7.2015 15:29:31;
475;81;"Extension Prefix";"interne Vorwahl";0;"O";"ST";"ST";29.3.2013 16:30:28;
475;92;"Date/time";"Zeitpunkt";0;"O";"DTM";"DTM";13.7.2015 15:29:31;
476;81;"Speed Dial Code";"Kurzwahl";0;"O";"ST";"ST";29.3.2013 16:30:28;
476;92;"Channel Calibration Sensitivity Correction Factor";;0;"O";"NM";"NM";13.7.2015 15:29:31;
477;81;"Unformatted Telephone number";"Telefonnummer ohne Formatierung";0;"O";"ST";"ST";29.3.2013 16:30:28;
477;92;"Channel Calibration Baseline";;0;"O";"NM";"NM";13.7.2015 15:29:31;
478;81;"Effective Start Date";"Gültigkeitsbeginn";0;"O";"DTM";"DTM";29.3.2013 16:30:28;
478;92;"Channel Calibration Time Skew";;0;"O";"NM";"NM";13.7.2015 15:29:31;
479;81;"Expiration Date";"Gültigkeitsende";0;"O";"DTM";"DTM";29.3.2013 16:30:28;
479;92;"Channel Identifier";;0;"O";"WVI";"WVI";13.7.2015 15:29:31;
480;81;"Expiration Reason";"Grund für Gültigkeitsende";868;"O";"CWE";"CWE";29.3.2013 16:30:28;
480;92;"Waveform Source";;0;"O";"WVS";"WVS";13.7.2015 15:29:31;
481;81;"Protection Code";"Auskunftsbeschränkung";618;"O";"CWE";"CWE";29.3.2013 16:30:28;
481;92;"Channel Sensitivity and Units";;0;"O";"CSU";"CSU";13.7.2015 15:29:31;
482;81;"Shared Telecommunication Identifier";"Identifikaor für Telefonnumer";0;"O";"EI";"EI";29.3.2013 16:30:28;
482;92;"Channel Calibration Parameters";;0;"O";"CCP";"CCP";13.7.2015 15:29:31;
483;81;"Preference Order";"Rangfolge";0;"O";"NM";"NM";29.3.2013 16:30:28;
483;92;"Channel Sampling Frequency";;0;"O";"NM";"NM";13.7.2015 15:29:31;
484;8;"Street Address";"Strasse";0;"O";"ST";"ST";7.3.2011 00:55:02;
484;92;"Minimum and Maximum Data Values";;0;"O";"NR";"NR";13.7.2015 15:29:31;
485;8;"Other Designation";"sonst. Adresse";0;"O";"ST";"ST";7.3.2011 00:55:02;
485;92;"Identifier";"Schlüssel";0;"O";"ST";"ST";13.7.2015 15:29:31;
486;8;"City";"Ort";0;"O";"ST";"ST";7.3.2011 00:55:02;
486;92;"Formatted Text";"formatierter Text";0;"O";"FT";"FT";13.7.2015 15:29:31;
487;8;"State or Province";"Bundesland";0;"O";"ST";"ST";7.3.2011 00:55:02;
487;92;"Name of Coding System";"Kodiersystem";396;"O";"ID";"ID";13.7.2015 15:29:31;
488;8;"Zip or Postal Code";"Postleitzahl";0;"O";"ST";"ST";7.3.2011 00:55:02;
488;92;"Alternate Identifier";"alternativer Schlüssel";0;"O";"ST";"ST";13.7.2015 15:29:31;
489;8;"Country";"Staat";399;"O";"ID";"ID";6.3.2011 21:51:08;
489;92;"Alternate Formatted Text";"alternativer formatierter Text";0;"O";"FT";"FT";13.7.2015 15:29:31;
490;8;"Address Type";"Typ der Adresse";190;"O";"ID";"ID";6.3.2011 21:51:08;
490;92;"Name of Alternate Coding System";"alternatives Kodiersystem";396;"O";"ID";"ID";13.7.2015 15:29:31;
491;8;"Other Geographic Designation";"sonst. geogr. Bezeichnung";0;"O";"ST";"ST";7.3.2011 00:55:02;
491;92;"Coding System Version ID";"Version des Kodiersystems";0;"O";"ST";"ST";13.7.2015 15:29:31;
492;8;"Authorization Number";"Aktenzeichen der Kostenübernahme";0;"O";"ST";"ST";7.3.2011 00:55:02;
492;92;"Alternate Coding System Version ID";"Version des alternativen Kodiersystems";0;"O";"ST";"ST";13.7.2015 15:29:31;
493;8;"Date";"Datum";0;"O";"DT";"DT";7.3.2011 00:55:02;
493;92;"Original Text";"Originaltext";0;"O";"ST";"ST";13.7.2015 15:29:31;
494;8;"Source";"Aktenzeichen der Kostenübernahme";0;"O";"ST";"ST";7.3.2011 00:55:02;
494;92;"Second Alternate Identifier";;0;"O";"ST";"ST";13.7.2015 15:29:31;
495;8;"Invocation Event";"Rechnungslegung bei";100;"O";"ID";"ID";6.3.2011 21:51:08;
495;92;"Second Alternate Formatted Text";;0;"O";"FT";"FT";13.7.2015 15:29:31;
496;8;"Date/time";"Zeitpunkt";0;"O";"DTM";"DTM";7.3.2011 00:55:02;
496;92;"Name of Second Alternate Coding System";;396;"O";"ID";"ID";13.7.2015 15:29:31;
497;8;"Channel Calibration Sensitivity Correction Factor";;0;"O";"NM";"NM";7.3.2011 00:55:02;
497;92;"Second Alternate Coding System Version ID";;0;"O";"ST";"ST";13.7.2015 15:29:31;
498;8;"Channel Calibration Baseline";;0;"O";"NM";"NM";7.3.2011 00:55:02;
498;92;"Coding System OID";"OID des Kodiersystems";0;"O";"ST";"ST";13.7.2015 15:29:31;
499;8;"Channel Calibration Time Skew";;0;"O";"NM";"NM";7.3.2011 00:55:02;
499;92;"Value Set OID";;0;"O";"ST";"ST";13.7.2015 15:29:31;
500;8;"Channel Identifier";;0;"O";"WVI";"WVI";7.3.2011 00:55:02;
500;92;"Value Set Version ID";;0;"O";"DTM";"DTM";13.7.2015 15:29:31;
501;8;"Waveform Source";;0;"O";"WVS";"WVS";7.3.2011 00:55:02;
501;92;"Alternate Coding System OID";"OID des alternativen Kodiersystems";0;"O";"ST";"ST";21.3.2017 00:00:00;
502;8;"Channel Sensitivity and Units";;0;"O";"CSU";"CSU";7.3.2011 00:55:02;
502;92;"Alternate Value Set OID";;0;"O";"ST";"ST";13.7.2015 15:29:31;
503;8;"Channel Calibration Parameters";;0;"O";"CCP";"CCP";7.3.2011 00:55:02;
503;92;"Alternate Value Set Version ID";;0;"O";"DTM";"DTM";13.7.2015 15:29:31;
504;8;"Channel Sampling Frequency";;0;"O";"NM";"NM";7.3.2011 00:55:02;
504;92;"Second Alternate Coding System OID";;0;"O";"ST";"ST";13.7.2015 15:29:31;
505;8;"Minimum and Maximum Data Values";;0;"O";"NR";"NR";7.3.2011 00:55:02;
505;92;"Second Alternate Value Set OID";;0;"O";"ST";"ST";13.7.2015 15:29:31;
506;8;"Identifier";"Schlüssel";0;"O";"ST";"ST";7.3.2011 00:55:02;
506;92;"Second Alternate Value Set Version ID";;0;"O";"DTM";"DTM";13.7.2015 15:29:31;
507;8;"Formatted Text";"formatierter Text";0;"O";"FT";"FT";7.3.2011 00:55:02;
507;92;"Identifier";"Schlüssel";0;"O";"ST";"ST";13.7.2015 15:29:31;
508;8;"Name of Coding System";"Kodiersystem";396;"O";"ID";"ID";6.3.2011 21:51:08;
508;92;"Text";;0;"O";"ST";"ST";13.7.2015 15:29:31;
509;8;"Alternate Identifier";"alternativer Schlüssel";0;"O";"ST";"ST";7.3.2011 00:55:02;
509;92;"Name of Coding System";"Kodiersystem";396;"O";"ID";"ID";13.7.2015 15:29:31;
510;8;"Alternate Formatted Text";"alternativer formatierter Text";0;"O";"FT";"FT";7.3.2011 00:55:02;
510;92;"Alternate Identifier";"alternativer Schlüssel";0;"O";"ST";"ST";13.7.2015 15:29:31;
511;8;"Name of Alternate Coding System";"alternatives Kodiersystem";396;"O";"ID";"ID";6.3.2011 21:51:08;
511;92;"Alternate Text";"alternativer Text";0;"O";"ST";"ST";13.7.2015 15:29:31;
512;8;"Coding System Version ID";"Version des Kodiersystems";0;"O";"ST";"ST";7.3.2011 00:55:02;
512;92;"Name of Alternate Coding System";"alternatives Kodiersystem";396;"O";"ID";"ID";13.7.2015 15:29:31;
513;8;"Alternate Coding System Version ID";"Version des alternativen Kodiersystems";0;"O";"ST";"ST";7.3.2011 00:55:02;
513;92;"Coding System Version ID";"Version des Kodiersystems";0;"O";"ST";"ST";13.7.2015 15:29:31;
514;8;"Original Text";"Originaltext";0;"O";"ST";"ST";7.3.2011 00:55:02;
514;92;"Alternate Coding System Version ID";"Version des alternativen Kodiersystems";0;"O";"ST";"ST";13.7.2015 15:29:31;
515;8;"Second Alternate Identifier";;0;"O";"ST";"ST";7.3.2011 00:55:02;
515;92;"Original Text";"Originaltext";0;"O";"ST";"ST";13.7.2015 15:29:31;
516;8;"Second Alternate Formatted Text";;0;"O";"FT";"FT";7.3.2011 00:55:02;
516;92;"Second Alternate Identifier";;0;"O";"ST";"ST";13.7.2015 15:29:31;
517;8;"Name of Second Alternate Coding System";;396;"O";"ID";"ID";6.3.2011 21:51:08;
517;92;"Second Alternate Text";;0;"O";"ST";"ST";13.7.2015 15:29:31;
518;8;"Second Alternate Coding System Version ID";;0;"O";"ST";"ST";7.3.2011 00:55:02;
518;92;"Name of Second Alternate Coding System";;396;"O";"ID";"ID";13.7.2015 15:29:31;
519;8;"Coding System OID";"OID des Kodiersystems";0;"O";"ST";"ST";7.3.2011 00:55:02;
519;92;"Second Alternate Coding System Version ID";;0;"O";"ST";"ST";13.7.2015 15:29:31;
520;8;"Value Set OID";;0;"O";"ST";"ST";7.3.2011 00:55:02;
520;92;"Coding System OID";"OID des Kodiersystems";0;"O";"ST";"ST";13.7.2015 15:29:31;
521;8;"Value Set Version ID";;0;"O";"DTM";"DTM";7.3.2011 00:55:02;
521;92;"Value Set OID";;0;"O";"ST";"ST";13.7.2015 15:29:31;
522;8;"Alternate Coding System OID";"OID des alternativen Kodiersystems";0;"O";"ST";"ST";21.3.2017 00:00:00;
522;92;"Value Set Version ID";;0;"O";"DTM";"DTM";13.7.2015 15:29:31;
523;8;"Alternate Value Set OID";;0;"O";"ST";"ST";7.3.2011 00:55:02;
523;92;"Alternate Coding System OID";"OID des alternativen Kodiersystems";0;"O";"ST";"ST";21.3.2017 00:00:00;
524;8;"Alternate Value Set Version ID";;0;"O";"DTM";"DTM";7.3.2011 00:55:02;
524;92;"Alternate Value Set OID";;0;"O";"ST";"ST";13.7.2015 15:29:31;
525;8;"Second Alternate Coding System OID";;0;"O";"ST";"ST";7.3.2011 00:55:02;
525;92;"Alternate Value Set Version ID";;0;"O";"DTM";"DTM";13.7.2015 15:29:31;
526;8;"Second Alternate Value Set OID";;0;"O";"ST";"ST";7.3.2011 00:55:02;
526;92;"Second Alternate Coding System OID";;0;"O";"ST";"ST";13.7.2015 15:29:31;
527;8;"Second Alternate Value Set Version ID";;0;"O";"DTM";"DTM";7.3.2011 00:55:02;
527;92;"Second Alternate Value Set OID";;0;"O";"ST";"ST";13.7.2015 15:29:31;
528;8;"Identifier";"Schlüssel";0;"O";"ST";"ST";7.3.2011 00:55:02;
528;92;"Second Alternate Value Set Version ID";;0;"O";"DTM";"DTM";13.7.2015 15:29:31;
529;8;"Text";"Text";0;"O";"ST";"ST";7.3.2011 00:55:02;
529;92;"ID Number";"Identifikator";0;"O";"ST";"ST";13.7.2015 15:29:31;
530;8;"Name of Coding System";"Kodiersystem";396;"O";"ID";"ID";6.3.2011 21:51:08;
530;92;"Family Name";"Familienname";0;"O";"ST";"ST";13.7.2015 15:29:31;
531;8;"Alternate Identifier";"alternativer Schlüssel";0;"O";"ST";"ST";7.3.2011 00:55:02;
531;92;"Given Name";"Vorname";0;"O";"ST";"ST";13.7.2015 15:29:31;
532;8;"Alternate Text";"alternativer Text";0;"O";"ST";"ST";7.3.2011 00:55:02;
532;92;"Second and Further Given Names or Initials Thereof";"weitere Vornamen oder Initialien";0;"O";"ST";"ST";13.7.2015 15:29:31;
533;8;"Name of Alternate Coding System";"alternatives Kodiersystem";396;"O";"ID";"ID";6.3.2011 21:51:08;
533;92;"Suffix (e.g., JR or III)";"Namenszusatz";0;"O";"ST";"ST";13.7.2015 15:29:31;
534;8;"Coding System Version ID";"Version des Kodiersystems";0;"O";"ST";"ST";7.3.2011 00:55:02;
534;92;"Prefix (e.g., DR)";"Namensvorsatz";0;"O";"ST";"ST";13.7.2015 15:29:31;
535;8;"Alternate Coding System Version ID";"Version des alternativen Kodiersystems";0;"O";"ST";"ST";7.3.2011 00:55:02;
535;92;"Degree (e.g., MD)";"nicht mehr verwenden";360;"O";"IS";"IS";13.7.2015 15:29:31;
536;8;"Original Text";"Originaltext";0;"O";"ST";"ST";7.3.2011 00:55:02;
536;92;"Source Table";"Quelle der ID";297;"O";"IS";"IS";13.7.2015 15:29:31;
537;8;"Second Alternate Identifier";;0;"O";"ST";"ST";7.3.2011 00:55:02;
537;92;"Assigning Authority   - Namespace ID";"ausgebende Instanz - Identifikator";363;"O";"IS";"IS";13.7.2015 15:29:31;
538;8;"Second Alternate Text";;0;"O";"ST";"ST";7.3.2011 00:55:02;
538;92;"Assigning Authority  - Universal ID";"ausgebende Instanz - Identifikator, univers. Form";0;"O";"ST";"ST";13.7.2015 15:29:31;
539;8;"Name of Second Alternate Coding System";;396;"O";"ID";"ID";6.3.2011 21:51:08;
539;92;"Assigning Authority  - Universal ID Type";"ausgebende Instanz - Typ der Universal ID";301;"O";"ID";"ID";13.7.2015 15:29:31;
540;8;"Second Alternate Coding System Version ID";;0;"O";"ST";"ST";7.3.2011 00:55:02;
540;92;"Price";"Wert";0;"O";"MO";"MO";13.7.2015 15:29:31;
541;8;"Coding System OID";"OID des Kodiersystems";0;"O";"ST";"ST";7.3.2011 00:55:02;
541;92;"Price Type";"Kostenart";205;"O";"ID";"ID";13.7.2015 15:29:31;
542;8;"Value Set OID";;0;"O";"ST";"ST";7.3.2011 00:55:02;
542;92;"From Value";"Mindestbetrag";0;"O";"NM";"NM";13.7.2015 15:29:31;
543;8;"Value Set Version ID";;0;"O";"DTM";"DTM";7.3.2011 00:55:02;
543;92;"To Value";"Höchstbetrag";0;"O";"NM";"NM";13.7.2015 15:29:31;
544;8;"Alternate Coding System OID";"OID des alternativen Kodiersystems";0;"O";"ST";"ST";21.3.2017 00:00:00;
544;92;"Range Units";"Einheit für Mindest-/Höchstbetrag";0;"O";"CWE";"CWE";13.7.2015 15:29:31;
545;8;"Alternate Value Set OID";;0;"O";"ST";"ST";7.3.2011 00:55:02;
545;92;"Range Type";"anteilige Berechnung";298;"O";"ID";"ID";13.7.2015 15:29:31;
546;8;"Alternate Value Set Version ID";;0;"O";"DTM";"DTM";7.3.2011 00:55:02;
546;92;"Quantity";"Menge";0;"O";"NM";"NM";13.7.2015 15:29:31;
547;8;"Second Alternate Coding System OID";;0;"O";"ST";"ST";7.3.2011 00:55:02;
547;92;"Units";"Einheit";9999;"O";"CWE";"CWE";13.7.2015 15:29:31;
548;8;"Second Alternate Value Set OID";;0;"O";"ST";"ST";7.3.2011 00:55:02;
548;92;"Channel Sensitivity";;0;"O";"NM";"NM";13.7.2015 15:29:31;
549;8;"Second Alternate Value Set Version ID";;0;"O";"DTM";"DTM";7.3.2011 00:55:02;
549;92;"Unit of Measure Identifier";;0;"O";"ST";"ST";13.7.2015 15:29:31;
550;8;"ID Number";"Identifikator";0;"O";"ST";"ST";7.3.2011 00:55:02;
550;92;"Unit of Measure Description";;0;"O";"ST";"ST";13.7.2015 15:29:31;
551;8;"Family Name";"Familienname";0;"O";"ST";"ST";7.3.2011 00:55:02;
551;92;"Unit of Measure Coding System";;396;"O";"ID";"ID";13.7.2015 15:29:31;
552;8;"Given Name";"Vorname";0;"O";"ST";"ST";7.3.2011 00:55:02;
552;92;"Alternate Unit of Measure Identifier";;0;"O";"ST";"ST";13.7.2015 15:29:31;
553;8;"Second and Further Given Names or Initials Thereof";"weitere Vornamen oder Initialien";0;"O";"ST";"ST";7.3.2011 00:55:02;
553;92;"Alternate Unit of Measure Description";;0;"O";"ST";"ST";13.7.2015 15:29:31;
554;8;"Suffix (e.g., JR or III)";"Namenszusatz";0;"O";"ST";"ST";7.3.2011 00:55:02;
554;92;"Alternate Unit of Measure Coding System";;396;"O";"ID";"ID";13.7.2015 15:29:31;
555;8;"Prefix (e.g., DR)";"Namensvorsatz";0;"O";"ST";"ST";7.3.2011 00:55:02;
555;92;"Unit of Measure Coding System Version ID";;0;"O";"ST";"ST";13.7.2015 15:29:31;
556;8;"Degree (e.g., MD)";"nicht mehr verwenden";360;"O";"IS";"IS";6.3.2011 21:51:08;
556;92;"Alternate Unit of Measure Coding System Version ID";;0;"O";"ST";"ST";13.7.2015 15:29:31;
557;8;"Source Table";"Quelle der ID";297;"O";"IS";"IS";6.3.2011 21:51:08;
557;92;"Original Text";"Originaltext";0;"O";"ST";"ST";13.7.2015 15:29:31;
558;8;"Assigning Authority   - Namespace ID";"ausgebende Instanz - Identifikator";363;"O";"IS";"IS";6.3.2011 21:51:08;
558;92;"Second Alternate Unit of Measure Identifier";;0;"O";"ST";"ST";13.7.2015 15:29:31;
559;8;"Assigning Authority  - Universal ID";"ausgebende Instanz - Identifikator, univers. Form";0;"O";"ST";"ST";7.3.2011 00:55:02;
559;92;"Second Alternate Unit of Measure Text";;0;"O";"ST";"ST";13.7.2015 15:29:31;
560;8;"Assigning Authority  - Universal ID Type";"ausgebende Instanz - Typ der Universal ID";301;"O";"ID";"ID";6.3.2011 21:51:08;
560;92;"Name of Second Alternate Unit of Measure Coding Sy";;396;"O";"ID";"ID";13.7.2015 15:29:31;
561;8;"Price";"Wert";0;"O";"MO";"MO";7.3.2011 00:55:02;
561;92;"Second Alternate Unit of Measure Coding System Ver";;0;"O";"ST";"ST";13.7.2015 15:29:31;
562;8;"Price Type";"Kostenart";205;"O";"ID";"ID";6.3.2011 21:51:08;
562;92;"Unit of Measure Coding System OID";;0;"O";"ST";"ST";13.7.2015 15:29:31;
563;8;"From Value";"Mindestbetrag";0;"O";"NM";"NM";7.3.2011 00:55:02;
563;92;"Unit of Measure Value Set OID";;0;"O";"ST";"ST";13.7.2015 15:29:31;
564;8;"To Value";"Höchstbetrag";0;"O";"NM";"NM";7.3.2011 00:55:02;
564;92;"Unit of Measure Value Set Version ID";;0;"O";"DTM";"DTM";13.7.2015 15:29:31;
565;8;"Range Units";"Einheit für Mindest-/Höchstbetrag";0;"O";"CWE";"CWE";7.3.2011 00:55:02;
565;92;"Alternate Unit of Measure Coding System OID";;0;"O";"ST";"ST";13.7.2015 15:29:31;
566;8;"Range Type";"anteilige Berechnung";298;"O";"ID";"ID";6.3.2011 21:51:08;
566;92;"Alternate Unit of Measure Value Set OID";;0;"O";"ST";"ST";13.7.2015 15:29:31;
567;8;"Quantity";"Menge";0;"O";"NM";"NM";7.3.2011 00:55:02;
567;92;"Alternate Unit of Measure Value Set Version ID";;0;"O";"DTM";"DTM";13.7.2015 15:29:31;
568;8;"Units";"Einheit";9999;"O";"CWE";"CWE";7.3.2011 00:55:02;
568;92;"Alternate Unit of Measure Coding System OID";;0;"O";"ST";"ST";13.7.2015 15:29:31;
569;8;"Channel Sensitivity";;0;"O";"NM";"NM";7.3.2011 00:55:02;
569;92;"Alternate Unit of Measure Value Set OID";;0;"O";"ST";"ST";13.7.2015 15:29:31;
570;8;"Unit of Measure Identifier";;0;"O";"ST";"ST";7.3.2011 00:55:02;
570;92;"Alternate Unit of Measure Value Set Version ID";;0;"O";"ST";"ST";13.7.2015 15:29:31;
571;8;"Unit of Measure Description";;0;"O";"ST";"ST";7.3.2011 00:55:02;
571;92;"Identifier";"Schlüssel";0;"O";"ST";"ST";13.7.2015 15:29:31;
572;8;"Unit of Measure Coding System";;396;"O";"ID";"ID";6.3.2011 21:51:08;
572;92;"Text";"Text";0;"O";"ST";"ST";13.7.2015 15:29:31;
573;8;"Alternate Unit of Measure Identifier";;0;"O";"ST";"ST";7.3.2011 00:55:02;
573;92;"Name of Coding System";"verwendetes Kodiersystem";396;"O";"ID";"ID";13.7.2015 15:29:31;
574;8;"Alternate Unit of Measure Description";;0;"O";"ST";"ST";7.3.2011 00:55:02;
574;92;"Alternate Identifier";"alternativer Schlüssel";0;"O";"ST";"ST";13.7.2015 15:29:31;
575;8;"Alternate Unit of Measure Coding System";;396;"O";"ID";"ID";6.3.2011 21:51:08;
575;92;"Alternate Text";"alternativer Text";0;"O";"ST";"ST";13.7.2015 15:29:31;
576;8;"Unit of Measure Coding System Version ID";;0;"O";"ST";"ST";7.3.2011 00:55:02;
576;92;"Name of Alternate Coding System";"alternatives Kodiersystem";396;"O";"ID";"ID";13.7.2015 15:29:31;
577;8;"Alternate Unit of Measure Coding System Version ID";;0;"O";"ST";"ST";7.3.2011 00:55:02;
577;92;"Coding System Version ID";"Version des Kodiersystems";0;"O";"ST";"ST";13.7.2015 15:29:31;
578;8;"Original Text";"Originaltext";0;"O";"ST";"ST";7.3.2011 00:55:02;
578;92;"Alternate Coding System Version ID";"Version des alternativen Kodiersystems";0;"O";"ST";"ST";13.7.2015 15:29:31;
579;8;"Second Alternate Unit of Measure Identifier";;0;"O";"ST";"ST";7.3.2011 00:55:02;
579;92;"Original Text";"Originaltext";0;"O";"ST";"ST";13.7.2015 15:29:31;
580;8;"Second Alternate Unit of Measure Text";;0;"O";"ST";"ST";7.3.2011 00:55:02;
580;92;"Second Alternate Identifier";;0;"O";"ST";"ST";13.7.2015 15:29:31;
581;8;"Name of Second Alternate Unit of Measure Coding Sy";;396;"O";"ID";"ID";6.3.2011 21:51:08;
581;92;"Second Alternate Text";;0;"O";"ST";"ST";13.7.2015 15:29:31;
582;8;"Second Alternate Unit of Measure Coding System Ver";;0;"O";"ST";"ST";7.3.2011 00:55:02;
582;92;"Name of Second Alternate Coding System";;396;"O";"ID";"ID";13.7.2015 15:29:31;
583;8;"Unit of Measure Coding System OID";;0;"O";"ST";"ST";7.3.2011 00:55:02;
583;92;"Second Alternate Coding System Version ID";;0;"O";"ST";"ST";13.7.2015 15:29:31;
584;8;"Unit of Measure Value Set OID";;0;"O";"ST";"ST";7.3.2011 00:55:02;
584;92;"Coding System OID";"OID des Kodiersystems";0;"O";"ST";"ST";13.7.2015 15:29:31;
585;8;"Unit of Measure Value Set Version ID";;0;"O";"DTM";"DTM";7.3.2011 00:55:02;
585;92;"Value Set OID";;0;"O";"ST";"ST";13.7.2015 15:29:31;
586;8;"Alternate Unit of Measure Coding System OID";;0;"O";"ST";"ST";7.3.2011 00:55:02;
586;92;"Value Set Version ID";;0;"O";"DTM";"DTM";13.7.2015 15:29:31;
587;8;"Alternate Unit of Measure Value Set OID";;0;"O";"ST";"ST";7.3.2011 00:55:02;
587;92;"Alternate Coding System OID";"OID des alternativen Kodiersystems";0;"O";"ST";"ST";21.3.2017 00:00:00;
588;8;"Alternate Unit of Measure Value Set Version ID";;0;"O";"DTM";"DTM";7.3.2011 00:55:02;
588;92;"Alternate Value Set OID";;0;"O";"ST";"ST";13.7.2015 15:29:31;
589;8;"Alternate Unit of Measure Coding System OID";;0;"O";"ST";"ST";7.3.2011 00:55:02;
589;92;"Alternate Value Set Version ID";;0;"O";"DTM";"DTM";13.7.2015 15:29:31;
590;8;"Alternate Unit of Measure Value Set OID";;0;"O";"ST";"ST";7.3.2011 00:55:02;
590;92;"Second Alternate Coding System OID";;0;"O";"ST";"ST";13.7.2015 15:29:31;
591;8;"Alternate Unit of Measure Value Set Version ID";;0;"O";"ST";"ST";7.3.2011 00:55:02;
591;92;"Second Alternate Value Set OID";;0;"O";"ST";"ST";13.7.2015 15:29:31;
592;8;"Identifier";"Schlüssel";0;"O";"ST";"ST";7.3.2011 00:55:02;
592;92;"Second Alternate Value Set Version ID";;0;"O";"DTM";"DTM";13.7.2015 15:29:31;
593;8;"Text";"Text";0;"O";"ST";"ST";7.3.2011 00:55:02;
593;92;"ID Number";"Identifikator";0;"O";"ST";"ST";13.7.2015 15:29:31;
594;8;"Name of Coding System";"Kodiersystem";396;"O";"ID";"ID";6.3.2011 21:51:08;
594;92;"Identifier Check Digit";"Prüfziffer";0;"O";"ST";"ST";13.7.2015 15:29:31;
595;8;"Alternate Identifier";"alternativer Schlüssel";0;"O";"ST";"ST";7.3.2011 00:55:02;
595;92;"Check Digit Scheme";"Prüfzifferverfahren";61;"O";"ID";"ID";13.7.2015 15:29:31;
596;8;"Alternate Text";"alternativer Text";0;"O";"ST";"ST";7.3.2011 00:55:02;
596;92;"Assigning Authority";"ausgebende Instanz";363;"O";"HD";"HD";13.7.2015 15:29:31;
597;8;"Name of Alternate Coding System";"alternatives Kodiersystem";396;"O";"ID";"ID";6.3.2011 21:51:08;
597;92;"Identifier Type Code";"Typ des Identifikators";203;"O";"ID";"ID";13.7.2015 15:29:31;
598;8;"Coding System Version ID";"Version des Kodiersystems";0;"O";"ST";"ST";7.3.2011 00:55:02;
598;92;"Assigning Facility";"Ausstellungsort";0;"O";"HD";"HD";13.7.2015 15:29:31;
599;8;"Alternate Coding System Version ID";"Version des alternativen Kodiersystems";0;"O";"ST";"ST";7.3.2011 00:55:02;
599;92;"Effective Date";"Gültigkeitsbeginn";0;"O";"DT";"DT";13.7.2015 15:29:31;
600;8;"Original Text";"Originaltext";0;"O";"ST";"ST";7.3.2011 00:55:02;
600;92;"Expiration Date";"Gültigkeitsende";0;"O";"DT";"DT";13.7.2015 15:29:31;
601;8;"Second Alternate Identifier";;0;"O";"ST";"ST";7.3.2011 00:55:02;
601;92;"Assigning Jurisdiction";"ausgebende Körperschaft";0;"O";"CWE";"CWE";13.7.2015 15:29:31;
602;8;"Second Alternate Text";;0;"O";"ST";"ST";7.3.2011 00:55:02;
602;92;"Assigning Agency or Department";"ausgebende Abteilung";0;"O";"CWE";"CWE";13.7.2015 15:29:31;
603;8;"Name of Second Alternate Coding System";;396;"O";"ID";"ID";6.3.2011 21:51:08;
603;92;"Security Check";;0;"O";"ST";"ST";13.7.2015 15:29:31;
604;8;"Second Alternate Coding System Version ID";;0;"O";"ST";"ST";7.3.2011 00:55:02;
604;92;"Security Check Scheme";;904;"O";"ID";"ID";13.7.2015 15:29:31;
605;8;"Coding System OID";"OID des Kodiersystems";0;"O";"ST";"ST";7.3.2011 00:55:02;
605;92;"Delay Days";;0;"O";"NM";"NM";13.7.2015 15:29:31;
606;8;"Value Set OID";;0;"O";"ST";"ST";7.3.2011 00:55:02;
606;92;"Monetary Amount";"Geldbetrag";0;"O";"MO";"MO";13.7.2015 15:29:31;
607;8;"Value Set Version ID";;0;"O";"DTM";"DTM";7.3.2011 00:55:02;
607;92;"Number of Days";"nicht verwendet";0;"O";"NM";"NM";13.7.2015 15:29:31;
608;8;"Alternate Coding System OID";"OID des alternativen Kodiersystems";0;"O";"ST";"ST";21.3.2017 00:00:00;
608;92;"Date";"Datum";0;"O";"DTM";"DTM";13.7.2015 15:29:31;
609;8;"Alternate Value Set OID";;0;"O";"ST";"ST";7.3.2011 00:55:02;
609;92;"Institution Name";"Institutionsname";531;"O";"CWE";"CWE";13.7.2015 15:29:31;
610;8;"Alternate Value Set Version ID";;0;"O";"DTM";"DTM";7.3.2011 00:55:02;
610;92;"Discharge to Location";"entlassen nach";113;"O";"CWE";"CWE";21.3.2017 00:00:00;
611;8;"Second Alternate Coding System OID";;0;"O";"ST";"ST";7.3.2011 00:55:02;
611;92;"Effective Date";"Gültigkeitsbeginn";0;"O";"DTM";"DTM";13.7.2015 15:29:31;
612;8;"Second Alternate Value Set OID";;0;"O";"ST";"ST";7.3.2011 00:55:02;
612;92;"License Number";;0;"O";"ST";"ST";13.7.2015 15:29:31;
613;8;"Second Alternate Value Set Version ID";;0;"O";"DTM";"DTM";7.3.2011 00:55:02;
613;92;"Issuing State, Province, Country";"Ausstellende Behörde";333;"O";"CWE";"CWE";13.7.2015 15:29:31;
614;8;"ID Number";"Identifikator";0;"O";"ST";"ST";7.3.2011 00:55:02;
614;92;"Expiration Date";"Gültigkeitsende";0;"O";"DT";"DT";13.7.2015 15:29:31;
615;8;"Identifier Check Digit";"Prüfziffer";0;"O";"ST";"ST";7.3.2011 00:55:02;
615;92;"Normal Range";;0;"O";"NR";"NR";13.7.2015 15:29:31;
616;8;"Check Digit Scheme";"Prüfzifferverfahren";61;"O";"ID";"ID";6.3.2011 21:51:08;
616;92;"Numeric Threshold";"numerischer Schwellwert";0;"O";"NM";"NM";21.3.2017 00:00:00;
617;8;"Assigning Authority";"ausgebende Instanz";363;"O";"HD";"HD";6.3.2011 21:51:08;
617;92;"Change Computation";;523;"O";"ID";"ID";13.7.2015 15:29:31;
618;8;"Identifier Type Code";"Typ des Identifikators";203;"O";"ID";"ID";6.3.2011 21:51:08;
618;92;"Days Retained";;0;"O";"NM";"NM";13.7.2015 15:29:31;
619;8;"Assigning Facility";"Ausstellungsort";0;"O";"HD";"HD";7.3.2011 00:55:02;
619;92;"Range Start Date/Time";"Anfangszeitpunkt";0;"O";"DTM";"DTM";13.7.2015 15:29:31;
620;8;"Effective Date";"Gültigkeitsbeginn";0;"O";"DT";"DT";7.3.2011 00:55:02;
620;92;"Range End Date/Time";"Endzeitpunkt";0;"O";"DTM";"DTM";13.7.2015 15:29:31;
621;8;"Expiration Date";"Gültigkeitsende";0;"O";"DT";"DT";7.3.2011 00:55:02;
621;92;"Date";"Datum";0;"O";"DT";"DT";13.7.2015 15:55:09;
622;8;"Assigning Jurisdiction";"ausgebende Körperschaft";0;"O";"CWE";"CWE";7.3.2011 00:55:02;
622;92;"Date/Time";"Zeitpunkt";0;"O";"DTM";"DTM";13.7.2015 15:55:09;
623;8;"Assigning Agency or Department";"ausgebende Abteilung";0;"O";"CWE";"CWE";7.3.2011 00:55:02;
623;92;"Day Type";"nicht verwendet";149;"O";"CWE";"CWE";13.7.2015 15:29:31;
624;8;"Security Check";;0;"O";"ST";"ST";7.3.2011 00:55:02;
624;92;"Number of Days";"nicht verwendet";0;"O";"NM";"NM";13.7.2015 15:29:31;
625;8;"Security Check Scheme";;904;"O";"ID";"ID";6.3.2011 21:51:08;
625;92;"Source Application";"Datenquelle";0;"O";"HD";"HD";13.7.2015 15:29:31;
626;8;"Delay Days";;0;"O";"NM";"NM";7.3.2011 00:55:02;
626;92;"Type of Data";"MIME-Medientyp";834;"O";"ID";"ID";13.7.2015 15:29:31;
627;8;"Monetary Amount";"Geldbetrag";0;"O";"MO";"MO";7.3.2011 00:55:02;
627;92;"Data Subtype";"MIME-Subtyp";291;"O";"ID";"ID";13.7.2015 15:29:31;
628;8;"Number of Days";"nicht verwendet";0;"O";"NM";"NM";7.3.2011 00:55:02;
628;92;"Encoding";"Kodierung";299;"O";"ID";"ID";13.7.2015 15:29:31;
629;8;"Date";"Datum";0;"O";"DTM";"DTM";7.3.2011 00:55:02;
629;92;"Data";"Daten";0;"O";"TX";"TX";13.7.2015 15:29:31;
630;8;"Institution Name";"Institutionsname";531;"O";"CWE";"CWE";6.3.2011 21:51:08;
630;92;"Entity Identifier";"Identifikator";0;"O";"ST";"ST";13.7.2015 15:29:31;
631;8;"Discharge to Location";"entlassen nach";113;"O";"CWE";"CWE";21.3.2017 00:00:00;
631;92;"Namespace ID";;363;"O";"IS";"IS";13.7.2015 15:29:31;
632;8;"Effective Date";"Gültigkeitsbeginn";0;"O";"DTM";"DTM";7.3.2011 00:55:02;
632;92;"Universal ID";;0;"O";"ST";"ST";13.7.2015 15:29:31;
633;8;"License Number";;0;"O";"ST";"ST";7.3.2011 00:55:02;
633;92;"Universal ID Type";"Typ der Universal ID";301;"O";"ID";"ID";13.7.2015 15:29:31;
634;8;"Issuing State, Province, Country";"Ausstellende Behörde";333;"O";"CWE";"CWE";6.3.2011 21:51:08;
634;92;"Placer Assigned Identifier";;0;"O";"EI";"EI";13.7.2015 15:29:31;
635;8;"Expiration Date";"Gültigkeitsende";0;"O";"DT";"DT";7.3.2011 00:55:02;
635;92;"Filler Assigned Identifier";;0;"O";"EI";"EI";13.7.2015 15:29:31;
636;8;"Normal Range";;0;"O";"NR";"NR";7.3.2011 00:55:02;
636;92;"Segment ID";"Segmentbezeichnung";0;"O";"ST";"ST";13.7.2015 15:29:31;
637;8;"Numeric Threshold";"numerischer Schwellwert";0;"O";"NM";"NM";21.3.2017 00:00:00;
637;92;"Segment Sequence";"Segmentnummer";0;"O";"NM";"NM";13.7.2015 15:29:31;
638;8;"Change Computation";;523;"O";"ID";"ID";6.3.2011 21:51:08;
638;92;"Field Position";"Feldnummer";0;"O";"NM";"NM";13.7.2015 15:29:31;
639;8;"Days Retained";;0;"O";"NM";"NM";7.3.2011 00:55:02;
639;92;"Field Repetition";"Feldvorkommen";0;"O";"NM";"NM";13.7.2015 15:29:31;
640;8;"Range Start Date/Time";"Anfangszeitpunkt";0;"O";"DTM";"DTM";7.3.2011 00:55:02;
640;92;"Component Number";"Komponentennummer";0;"O";"NM";"NM";13.7.2015 15:29:31;
641;8;"Range End Date/Time";"Endzeitpunkt";0;"O";"DTM";"DTM";7.3.2011 00:55:02;
641;92;"Sub-Component Number";"Subkomponentennummer";0;"O";"NM";"NM";13.7.2015 15:29:31;
642;8;"Date";"Datum";0;"O";"DT";"DT";7.3.2011 22:43:54;
642;92;"Financial Class Code";;64;"O";"CWE";"CWE";13.7.2015 15:29:31;
643;8;"Date/Time";"Zeitpunkt";0;"O";"DTM";"DTM";7.3.2011 22:43:54;
643;92;"Effective Date";"Gültigkeitsbeginn";0;"O";"DTM";"DTM";13.7.2015 15:29:31;
644;8;"Day Type";"nicht verwendet";149;"O";"CWE";"CWE";6.3.2011 21:51:08;
644;92;"Surname";"gesamter Nachname";0;"O";"ST";"ST";13.7.2015 15:29:31;
645;8;"Number of Days";"nicht verwendet";0;"O";"NM";"NM";7.3.2011 00:55:02;
645;92;"Own Surname Prefix";"Vorsatzwort des eigenen Nachnamens";0;"O";"ST";"ST";13.7.2015 15:29:31;
646;8;"Source Application";"Datenquelle";0;"O";"HD";"HD";7.3.2011 00:55:02;
646;92;"Own Surname";"eigener Nachname";0;"O";"ST";"ST";13.7.2015 15:29:31;
647;8;"Type of Data";"MIME-Medientyp";834;"O";"ID";"ID";6.3.2011 21:51:08;
647;92;"Surname Prefix from Partner/Spouse";"Vorsatzwort vom Partner stammender Nachname";0;"O";"ST";"ST";13.7.2015 15:29:31;
648;8;"Data Subtype";"MIME-Subtyp";291;"O";"ID";"ID";6.3.2011 21:51:08;
648;92;"Surname from Partner/Spouse";"vom Partner stammender Nachname";0;"O";"ST";"ST";13.7.2015 15:29:31;
649;8;"Encoding";"Kodierung";299;"O";"ID";"ID";6.3.2011 21:51:08;
649;92;"Formatted Text Data";"formatierter Text";0;"O";"FT";"FT";13.7.2015 15:55:09;
650;8;"Data";"Daten";0;"O";"TX";"TX";7.3.2011 00:55:02;
650;92;"General Timing Specification";"generische  Zeitangabe";0;"O";"GTS";"GTS";13.7.2015 15:55:09;
651;8;"Entity Identifier";"Identifikator";0;"O";"ST";"ST";7.3.2011 00:55:02;
651;92;"Namespace ID";"ausgebende Instanz - Identifikator";300;"O";"IS";"IS";13.7.2015 15:29:31;
652;8;"Namespace ID";"ausgebende Instanz - Identifikator";363;"O";"IS";"IS";6.3.2011 21:51:08;
652;92;"Universal ID";"Identifikator, universelle Form";0;"O";"ST";"ST";13.7.2015 15:29:31;
653;8;"Universal ID";"Identifikator, universelle Form";0;"O";"ST";"ST";7.3.2011 00:55:02;
653;92;"Universal ID Type";"Typ der Universal ID";301;"O";"ID";"ID";13.7.2015 15:29:31;
654;8;"Universal ID Type";"Typ der Universal ID";301;"O";"ID";"ID";6.3.2011 21:51:08;
654;92;"Certification Patient Type";;150;"O";"CWE";"CWE";13.7.2015 15:29:31;
655;8;"Placer Assigned Identifier";;0;"O";"EI";"EI";7.3.2011 00:55:02;
655;92;"Certification Required";;136;"O";"ID";"ID";13.7.2015 15:29:31;
656;8;"Filler Assigned Identifier";;0;"O";"EI";"EI";7.3.2011 00:55:02;
656;92;"Date/Time Certification Required";"Zeitpunkt Zertifizierung erforderlich";0;"O";"DTM";"DTM";21.3.2017 00:00:00;
657;8;"Segment ID";"Segmentbezeichnung";0;"O";"ST";"ST";7.3.2011 00:55:02;
657;92;"Coded Value for HL7-Defined Tables";;0;"O";"ID";"ID";13.7.2015 15:55:09;
658;8;"Segment Sequence";"Segmentnummer";0;"O";"NM";"NM";7.3.2011 00:55:02;
658;92;"Coded Value for User-Defined Tables";;0;"O";"IS";"IS";13.7.2015 15:55:09;
659;8;"Field Position";"Feldnummer";0;"O";"NM";"NM";7.3.2011 00:55:02;
659;92;"Job Code";"Next of Kin Job Code/Class";327;"O";"CWE";"CWE";13.7.2015 15:29:31;
660;8;"Field Repetition";"Feldvorkommen";0;"O";"NM";"NM";7.3.2011 00:55:02;
660;92;"Job Class";;328;"O";"CWE";"CWE";13.7.2015 15:29:31;
661;8;"Component Number";"Komponentennummer";0;"O";"NM";"NM";7.3.2011 00:55:02;
661;92;"Job Description Text";"Jobbeschreibung";0;"O";"TX";"TX";21.3.2017 00:00:00;
662;8;"Sub-Component Number";"Subkomponentennummer";0;"O";"NM";"NM";7.3.2011 00:55:02;
662;92;"Sample Y From Channel 1";;0;"O";"NM";"NM";13.7.2015 15:29:31;
663;8;"Financial Class Code";;64;"O";"CWE";"CWE";6.3.2011 21:51:08;
663;92;"Sample Y From Channel 2";;0;"O";"NM";"NM";13.7.2015 15:29:31;
664;8;"Effective Date";"Gültigkeitsbeginn";0;"O";"DTM";"DTM";7.3.2011 00:55:02;
664;92;"Sample Y From Channel 3";;0;"O";"NM";"NM";13.7.2015 15:29:31;
665;8;"Surname";"gesamter Nachname";0;"O";"ST";"ST";7.3.2011 00:55:02;
665;92;"Sample Y From Channel 4";;0;"O";"NM";"NM";13.7.2015 15:29:31;
666;8;"Own Surname Prefix";"Vorsatzwort des eigenen Nachnamens";0;"O";"ST";"ST";7.3.2011 00:55:02;
667;8;"Own Surname";"eigener Nachname";0;"O";"ST";"ST";7.3.2011 00:55:02;
667;92;"Quantity";"Menge";0;"O";"NM";"NM";13.7.2015 15:29:31;
668;8;"Surname Prefix from Partner/Spouse";"Vorsatzwort vom Partner stammender Nachname";0;"O";"ST";"ST";7.3.2011 00:55:02;
668;92;"Denomination";"Währung";913;"O";"ID";"ID";13.7.2015 15:29:31;
669;8;"Surname from Partner/Spouse";"vom Partner stammender Nachname";0;"O";"ST";"ST";7.3.2011 00:55:02;
669;92;"Monetary Amount";"Geldbetrag";0;"O";"MO";"MO";13.7.2015 15:29:31;
670;8;"Formatted Text Data";"formatierter Text";0;"O";"FT";"FT";7.3.2011 22:43:54;
670;92;"Charge Code";"Berechnungsart";0;"O";"CWE";"CWE";13.7.2015 15:29:31;
671;8;"General Timing Specification";"generische  Zeitangabe";0;"O";"GTS";"GTS";7.3.2011 22:43:54;
671;92;"Money or Percentage Indicator";"Kennzeichen Währung oder Prozentangabe";148;"O";"ID";"ID";21.3.2017 00:00:00;
672;8;"Namespace ID";"ausgebende Instanz - Identifikator";300;"O";"IS";"IS";6.3.2011 21:51:08;
672;92;"Money or Percentage Quantity";;0;"O";"NM";"NM";13.7.2015 15:29:31;
673;8;"Universal ID";"Identifikator, universelle Form";0;"O";"ST";"ST";7.3.2011 00:55:02;
673;92;"Monetary  Denomination";;913;"O";"ID";"ID";13.7.2015 15:29:31;
674;8;"Universal ID Type";"Typ der Universal ID";301;"O";"ID";"ID";6.3.2011 21:51:08;
674;92;"Message Code";"Nachrichtentyp";76;"O";"ID";"ID";13.7.2015 15:29:31;
675;8;"Certification Patient Type";;150;"O";"CWE";"CWE";6.3.2011 21:51:08;
675;92;"Trigger Event";"Nachrichtenereignis";3;"O";"ID";"ID";13.7.2015 15:29:31;
676;8;"Certification Required";;136;"O";"ID";"ID";6.3.2011 21:51:08;
676;92;"Message Structure";"Nachrichtenstruktur";354;"O";"ID";"ID";13.7.2015 15:29:31;
677;8;"Date/Time Certification Required";"Zeitpunkt Zertifizierung erforderlich";0;"O";"DTM";"DTM";21.3.2017 00:00:00;
677;92;"Value1";"Wert 1";0;"O";"NM";"NM";13.7.2015 15:29:31;
678;8;"Coded Value for HL7-Defined Tables";;0;"O";"ID";"ID";7.3.2011 22:43:54;
678;92;"Value2";"Wert 2";0;"O";"NM";"NM";13.7.2015 15:29:31;
679;8;"Coded Value for User-Defined Tables";;0;"O";"IS";"IS";7.3.2011 22:43:54;
679;92;"Value3";"Wert 3";0;"O";"NM";"NM";13.7.2015 15:29:31;
680;8;"Job Code";"Next of Kin Job Code/Class";327;"O";"CWE";"CWE";6.3.2011 21:51:08;
680;92;"Value4";;0;"O";"NM";"NM";13.7.2015 15:29:31;
681;8;"Job Class";;328;"O";"CWE";"CWE";6.3.2011 21:51:08;
682;8;"Job Description Text";"Jobbeschreibung";0;"O";"TX";"TX";21.3.2017 00:00:00;
682;92;"Name";"Name";0;"O";"CNN";"CNN";13.7.2015 15:29:31;
683;8;"Point of Care";"Station";302;"O";"IS";"IS";6.3.2011 21:51:08;
683;92;"Start Date/time";"Startzeitpunkt";0;"O";"DTM";"DTM";13.7.2015 15:29:31;
684;8;"Room";"Zimmer";303;"O";"IS";"IS";6.3.2011 21:51:08;
684;92;"End Date/time";"Endzeitpunkt";0;"O";"DTM";"DTM";13.7.2015 15:29:31;
685;8;"Bed";"Bettenstellplatz";304;"O";"IS";"IS";6.3.2011 21:51:08;
685;92;"Point of Care";"Station";302;"O";"IS";"IS";13.7.2015 15:29:31;
686;8;"Facility";"Fachbereich";0;"O";"HD";"HD";7.3.2011 00:55:02;
686;92;"Room";"Zimmer";303;"O";"IS";"IS";13.7.2015 15:29:31;
687;8;"Location Status";"Bettenstatus";306;"O";"IS";"IS";6.3.2011 21:51:08;
687;92;"Bed";"Bettenstellplatz";304;"O";"IS";"IS";13.7.2015 15:29:31;
688;8;"Patient Location Type";"Typ des Aufenthaltsortes";305;"O";"IS";"IS";6.3.2011 21:51:08;
688;92;"Facility";"Fachbereich";0;"O";"HD";"HD";13.7.2015 15:29:31;
689;8;"Building";"Gebäude";307;"O";"IS";"IS";6.3.2011 21:51:08;
689;92;"Location Status";"Bettenstatus";306;"O";"IS";"IS";13.7.2015 15:29:31;
690;8;"Floor";"Etage";308;"O";"IS";"IS";6.3.2011 21:51:08;
690;92;"Patient Location Type";"Typ des Aufenthaltsortes";305;"O";"IS";"IS";13.7.2015 15:29:31;
691;8;"Address";"Adresse";0;"O";"AD";"AD";7.3.2011 00:55:02;
691;92;"Building";"Gebäude";307;"O";"IS";"IS";13.7.2015 15:29:31;
692;8;"Point of Care";"Station";302;"O";"IS";"IS";6.3.2011 21:51:08;
692;92;"Floor";"Etage";308;"O";"IS";"IS";13.7.2015 15:29:31;
693;8;"Room";"Zimmer";303;"O";"IS";"IS";6.3.2011 21:51:08;
693;92;"Numeric";"numerisch";0;"O";"NM";"NM";13.7.2015 15:55:09;
694;8;"Bed";"Bettenstellplatz";304;"O";"IS";"IS";6.3.2011 21:51:08;
694;92;"Low Value";"unterer Wert";0;"O";"NM";"NM";13.7.2015 15:29:31;
695;8;"Facility";"Fachbereich";0;"O";"HD";"HD";7.3.2011 00:55:02;
695;92;"High Value";"oberer Wert";0;"O";"NM";"NM";13.7.2015 15:29:31;
696;8;"Location Status";"Bettenstatus";306;"O";"IS";"IS";6.3.2011 21:51:08;
696;92;"Occurrence Code";"nicht verwendet";350;"O";"CNE";"CNE";13.7.2015 15:29:31;
697;8;"Patient Location Type";"Typ des Aufenthaltsortes";305;"O";"IS";"IS";6.3.2011 21:51:08;
697;92;"Occurrence Date";"nicht verwendet";0;"O";"DT";"DT";13.7.2015 15:29:31;
698;8;"Building";"Gebäude";307;"O";"IS";"IS";6.3.2011 21:51:08;
698;92;"Original Sub-Identifier";;0;"O";"ST";"ST";13.7.2015 15:29:31;
699;8;"Floor";"Etage";308;"O";"IS";"IS";6.3.2011 21:51:08;
699;92;"Group";;0;"O";"NM";"NM";13.7.2015 15:29:31;
700;8;"Street Address";"Strasse";0;"O";"ST";"ST";7.3.2011 00:55:02;
700;92;"Sequence";"Reihenfolge";0;"O";"NM";"NM";13.7.2015 15:29:31;
701;8;"Other Designation";"sonst. Adresse";0;"O";"ST";"ST";7.3.2011 00:55:02;
701;92;"Identifier";"Schlüssel";0;"O";"ST";"ST";13.7.2015 15:29:31;
702;8;"City";"Ort";0;"O";"ST";"ST";7.3.2011 00:55:02;
702;92;"Occurrence Span Code";"nicht verwendet";351;"O";"CNE";"CNE";13.7.2015 15:29:31;
703;8;"State or Province";"Bundesland";0;"O";"ST";"ST";7.3.2011 00:55:02;
703;92;"Occurrence Span Start Date";"nicht verwendet";0;"O";"DT";"DT";13.7.2015 15:29:31;
704;8;"Zip or Postal Code";"Postleitzahl";0;"O";"ST";"ST";7.3.2011 00:55:02;
704;92;"Occurrence Span Stop Date";"nicht verwendet";0;"O";"DT";"DT";13.7.2015 15:29:31;
705;8;"Country";"Staat";399;"O";"ID";"ID";6.3.2011 21:51:08;
705;92;"Privilege";;525;"O";"CWE";"CWE";13.7.2015 15:29:31;
706;8;"Address Type";"Typ der Adresse";190;"O";"ID";"ID";6.3.2011 21:51:08;
706;92;"Privilege Class";;526;"O";"CWE";"CWE";13.7.2015 15:29:31;
707;8;"Other Geographic Designation";"sonst. geogr. Bezeichnung";0;"O";"ST";"ST";7.3.2011 00:55:02;
707;92;"Expiration Date";"Gültigkeitsende";0;"O";"DT";"DT";13.7.2015 15:29:31;
708;8;"Sample Y From Channel 1";;0;"O";"NM";"NM";7.3.2011 00:55:02;
708;92;"Activation Date";"Aktivierungsdatum";0;"O";"DT";"DT";21.3.2017 00:00:00;
709;8;"Sample Y From Channel 2";;0;"O";"NM";"NM";7.3.2011 00:55:02;
709;92;"Facility";"Fachbereich";0;"O";"EI";"EI";13.7.2015 15:29:31;
710;8;"Sample Y From Channel 3";;0;"O";"NM";"NM";7.3.2011 00:55:02;
710;92;"Point of Care";"Station";302;"O";"HD";"HD";13.7.2015 15:29:31;
711;8;"Sample Y From Channel 4";;0;"O";"NM";"NM";7.3.2011 00:55:02;
711;92;"Room";"Zimmer";303;"O";"HD";"HD";13.7.2015 15:29:31;
712;92;"Bed";"Bettenstellplatz";304;"O";"HD";"HD";13.7.2015 15:29:31;
713;8;"Quantity";"Menge";0;"O";"NM";"NM";7.3.2011 00:55:02;
713;92;"Facility";"Fachbereich";0;"O";"HD";"HD";13.7.2015 15:29:31;
714;8;"Denomination";"Währung";913;"O";"ID";"ID";6.3.2011 21:51:08;
714;92;"Location Status";"Bettenstatus";306;"O";"IS";"IS";13.7.2015 15:29:31;
715;8;"Monetary Amount";"Geldbetrag";0;"O";"MO";"MO";7.3.2011 00:55:02;
715;92;"Person Location Type";"Typ des Aufenthaltsortes";305;"O";"IS";"IS";13.7.2015 15:29:31;
716;8;"Charge Code";"Berechnungsart";0;"O";"CWE";"CWE";7.3.2011 00:55:02;
716;92;"Building";"Gebäude";307;"O";"HD";"HD";13.7.2015 15:29:31;
717;8;"Money or Percentage Indicator";"Kennzeichen Währung oder Prozentangabe";148;"O";"ID";"ID";21.3.2017 00:00:00;
717;92;"Floor";"Etage";308;"O";"HD";"HD";13.7.2015 15:29:31;
718;8;"Money or Percentage Quantity";;0;"O";"NM";"NM";7.3.2011 00:55:02;
718;92;"Location Description";"Beschreibung";0;"O";"ST";"ST";13.7.2015 15:29:31;
719;8;"Monetary  Denomination";;913;"O";"ID";"ID";6.3.2011 21:51:08;
719;92;"Comprehensive Location Identifier";"Identifikator";0;"O";"EI";"EI";13.7.2015 15:29:31;
720;8;"Message Code";"Nachrichtentyp";76;"O";"ID";"ID";6.3.2011 21:51:08;
720;92;"Assigning Authority for Location";"ausgebende Instanz";363;"O";"HD";"HD";13.7.2015 15:29:31;
721;8;"Trigger Event";"Nachrichtenereignis";3;"O";"ID";"ID";6.3.2011 21:51:08;
721;92;"ID Number";"Identifikator";0;"O";"ST";"ST";13.7.2015 15:29:31;
722;8;"Message Structure";"Nachrichtenstruktur";354;"O";"ID";"ID";6.3.2011 21:51:08;
722;92;"Type of ID Number";;338;"O";"CWE";"CWE";13.7.2015 15:29:31;
723;8;"Value1";"Wert 1";0;"O";"NM";"NM";7.3.2011 00:55:02;
723;92;"State/other Qualifying Information";;0;"O";"ST";"ST";13.7.2015 15:29:31;
724;8;"Value2";"Wert 2";0;"O";"NM";"NM";7.3.2011 00:55:02;
724;92;"Expiration Date";"Gültigkeitsende";0;"O";"DT";"DT";13.7.2015 15:29:31;
725;8;"Value3";"Wert 3";0;"O";"NM";"NM";7.3.2011 00:55:02;
725;92;"Person Identifier";;0;"O";"ST";"ST";13.7.2015 15:29:31;
726;8;"Value4";"Wert 4";0;"O";"NM";"NM";7.3.2011 00:55:02;
726;92;"Family Name";"Familienname";0;"O";"FN";"FN";13.7.2015 15:29:31;
727;92;"Given Name";"Vorname";0;"O";"ST";"ST";13.7.2015 15:29:31;
728;8;"Name";"Name";0;"O";"CNN";"CNN";7.3.2011 00:55:02;
728;92;"Second and Further Given Names or Initials Thereof";"weitere Vornamen oder Initialien";0;"O";"ST";"ST";13.7.2015 15:29:31;
729;8;"Start Date/time";"Startzeitpunkt";0;"O";"DTM";"DTM";7.3.2011 00:55:02;
729;92;"Suffix (e.g., JR or III)";"Namenszusatz";0;"O";"ST";"ST";13.7.2015 15:29:31;
730;8;"End Date/time";"Endzeitpunkt";0;"O";"DTM";"DTM";7.3.2011 00:55:02;
730;92;"Prefix (e.g., DR)";"Namensvorsatz";0;"O";"ST";"ST";13.7.2015 15:29:31;
731;8;"Point of Care";"Station";302;"O";"IS";"IS";6.3.2011 21:51:08;
731;92;"Degree (e.g., MD)";"nicht mehr verwenden";0;"O";"-";"-";13.7.2015 15:36:56;
732;8;"Room";"Zimmer";303;"O";"IS";"IS";6.3.2011 21:51:08;
732;92;"Source Table";"Quelle der ID";297;"O";"CWE";"CWE";13.7.2015 15:29:31;
733;8;"Bed";"Bettenstellplatz";304;"O";"IS";"IS";6.3.2011 21:51:08;
733;92;"Assigning Authority";"ausgebende Instanz";363;"O";"HD";"HD";13.7.2015 15:29:31;
734;8;"Facility";"Fachbereich";0;"O";"HD";"HD";7.3.2011 00:55:02;
734;92;"Name Type Code";"Art des Namens";200;"O";"ID";"ID";13.7.2015 15:29:31;
735;8;"Location Status";"Bettenstatus";306;"O";"IS";"IS";6.3.2011 21:51:08;
735;92;"Identifier Check Digit";"Prüfziffer";0;"O";"ST";"ST";13.7.2015 15:29:31;
736;8;"Patient Location Type";"Typ des Aufenthaltsortes";305;"O";"IS";"IS";6.3.2011 21:51:08;
736;92;"Check Digit Scheme";"Prüfzifferverfahren";61;"O";"ID";"ID";13.7.2015 15:29:31;
737;8;"Building";"Gebäude";307;"O";"IS";"IS";6.3.2011 21:51:08;
737;92;"Identifier Type Code";"Typ des Identifikators";203;"O";"ID";"ID";13.7.2015 15:29:31;
738;8;"Floor";"Etage";308;"O";"IS";"IS";6.3.2011 21:51:08;
738;92;"Assigning Facility";"Ausstellungsort";0;"O";"HD";"HD";13.7.2015 15:29:31;
739;8;"Numeric";"numerisch";0;"O";"NM";"NM";7.3.2011 22:43:54;
739;92;"Date/Time Action Performed";"Ausführugszeitpunkt";0;"O";"DTM";"DTM";13.7.2015 15:29:31;
740;8;"Low Value";"unterer Wert";0;"O";"NM";"NM";7.3.2011 00:55:02;
740;92;"Name Representation Code";"Namensdarstellung";465;"O";"ID";"ID";13.7.2015 15:29:31;
741;8;"High Value";"oberer Wert";0;"O";"NM";"NM";7.3.2011 00:55:02;
741;92;"Name Context";"Namenskontext";448;"O";"CWE";"CWE";13.7.2015 15:29:31;
742;8;"Occurrence Code";"nicht verwendet";350;"O";"CNE";"CNE";6.3.2011 21:51:08;
742;92;"Name Validity Range";"Gültigkeitszeitraum";0;"O";"-";"-";13.7.2015 15:36:56;
743;8;"Occurrence Date";"nicht verwendet";0;"O";"DT";"DT";7.3.2011 00:55:02;
743;92;"Name Assembly Order";"Anzeigereihenfolge der Namensbestandteile";444;"O";"ID";"ID";13.7.2015 15:29:31;
744;8;"Occurrence Span Code";"nicht verwendet";351;"O";"CNE";"CNE";6.3.2011 21:51:08;
744;92;"Effective Date";"Gültigkeitsbeginn";0;"O";"DTM";"DTM";13.7.2015 15:29:31;
745;8;"Occurrence Span Start Date";"nicht verwendet";0;"O";"DT";"DT";7.3.2011 00:55:02;
745;92;"Expiration Date";"Gültigkeitsende";0;"O";"DTM";"DTM";13.7.2015 15:29:31;
746;8;"Occurrence Span Stop Date";"nicht verwendet";0;"O";"DT";"DT";7.3.2011 00:55:02;
746;92;"Professional Suffix";"akademische Grade und sonst. Berufszugehörigkeiten";0;"O";"ST";"ST";13.7.2015 15:29:31;
747;8;"Privilege";;525;"O";"CWE";"CWE";6.3.2011 21:51:08;
747;92;"Assigning Jurisdiction";"ausgebende Körperschaft";0;"O";"CWE";"CWE";13.7.2015 15:29:31;
748;8;"Privilege Class";;526;"O";"CWE";"CWE";6.3.2011 21:51:08;
748;92;"Assigning Agency or Department";"ausgebende Abteilung";0;"O";"CWE";"CWE";13.7.2015 15:29:31;
749;8;"Expiration Date";"Gültigkeitsende";0;"O";"DT";"DT";7.3.2011 00:55:02;
749;92;"Security Check";;0;"O";"ST";"ST";13.7.2015 15:29:31;
750;8;"Activation Date";"Aktivierungsdatum";0;"O";"DT";"DT";21.3.2017 00:00:00;
750;92;"Security Check Scheme";;904;"O";"ID";"ID";13.7.2015 15:29:31;
751;8;"Facility";"Fachbereich";0;"O";"EI";"EI";7.3.2011 00:55:02;
751;92;"Parent Observation Identifier";;0;"O";"CWE";"CWE";13.7.2015 15:29:31;
752;8;"Point of Care";"Station";302;"O";"HD";"HD";6.3.2011 21:51:08;
752;92;"Parent Observation Sub-identifier";;0;"O";"OG";"OG";13.7.2015 15:29:31;
753;8;"Room";"Zimmer";303;"O";"HD";"HD";6.3.2011 21:51:08;
753;92;"Parent Observation Value Descriptor";;0;"O";"TX";"TX";13.7.2015 15:29:31;
754;8;"Bed";"Bettenstellplatz";304;"O";"HD";"HD";6.3.2011 21:51:08;
754;92;"Processing ID";"Verarbeitungskontext";103;"O";"ID";"ID";13.7.2015 15:29:31;
755;8;"Facility";"Fachbereich";0;"O";"HD";"HD";7.3.2011 00:55:02;
755;92;"Processing Mode";"Verarbeitungsmodus";207;"O";"ID";"ID";13.7.2015 15:29:31;
756;8;"Location Status";"Bettenstatus";306;"O";"IS";"IS";6.3.2011 21:51:08;
756;92;"Policy Type";"Art und Umfang der Versicherung";147;"O";"CWE";"CWE";13.7.2015 15:29:31;
757;8;"Person Location Type";"Typ des Aufenthaltsortes";305;"O";"IS";"IS";6.3.2011 21:51:08;
757;92;"Amount Class";"Art und Umfang der Versicherung";193;"O";"CWE";"CWE";13.7.2015 15:29:31;
758;8;"Building";"Gebäude";307;"O";"HD";"HD";6.3.2011 21:51:08;
758;92;"Money or Percentage Quantity";;0;"O";"-";"-";13.7.2015 15:36:56;
759;8;"Floor";"Etage";308;"O";"HD";"HD";6.3.2011 21:51:08;
759;92;"Money or Percentage";"Währung oder Prozentangabe";0;"O";"MOP";"MOP";21.3.2017 00:00:00;
760;8;"Location Description";"Beschreibung";0;"O";"ST";"ST";7.3.2011 00:55:02;
760;92;"Segment Field Name";;0;"O";"ST";"ST";13.7.2015 15:29:31;
761;8;"Comprehensive Location Identifier";"Identifikator";0;"O";"EI";"EI";7.3.2011 00:55:02;
761;92;"Values";;0;"O";"ST";"ST";13.7.2015 15:29:31;
762;8;"Assigning Authority for Location";"ausgebende Instanz";363;"O";"HD";"HD";6.3.2011 21:51:08;
762;92;"Segment Field Name";;0;"O";"ST";"ST";13.7.2015 15:29:31;
763;8;"ID Number";"Identifikator";0;"O";"ST";"ST";7.3.2011 00:55:02;
763;92;"Relational Operator";;209;"O";"ID";"ID";13.7.2015 15:29:31;
764;8;"Type of ID Number";;338;"O";"CWE";"CWE";6.3.2011 21:51:08;
764;92;"Value";"Wert";0;"O";"ST";"ST";13.7.2015 15:29:31;
765;8;"State/other Qualifying Information";;0;"O";"ST";"ST";7.3.2011 00:55:02;
765;92;"Relational Conjunction";;210;"O";"ID";"ID";13.7.2015 15:29:31;
766;8;"Expiration Date";"Gültigkeitsende";0;"O";"DT";"DT";7.3.2011 00:55:02;
766;92;"Segment Field Name";;0;"O";"ST";"ST";13.7.2015 15:29:31;
767;8;"Person Identifier";;0;"O";"ST";"ST";7.3.2011 00:55:02;
767;92;"HL7 Data Type";;440;"O";"ID";"ID";13.7.2015 15:29:31;
768;8;"Family Name";"Familienname";0;"O";"FN";"FN";7.3.2011 00:55:02;
768;92;"Maximum Column Width";"maximale Spaltenbreite";0;"O";"NM";"NM";21.3.2017 00:00:00;
769;8;"Given Name";"Vorname";0;"O";"ST";"ST";7.3.2011 00:55:02;
769;92;"Numeric Range";;0;"O";"NR";"NR";13.7.2015 15:29:31;
770;8;"Second and Further Given Names or Initials Thereof";"weitere Vornamen oder Initialien";0;"O";"ST";"ST";7.3.2011 00:55:02;
770;92;"Administrative Sex";"Geschlecht";1;"O";"CWE";"CWE";13.7.2015 15:29:31;
771;8;"Suffix (e.g., JR or III)";"Namenszusatz";0;"O";"ST";"ST";7.3.2011 00:55:02;
771;92;"Age Range";"Altersbereich";0;"O";"NR";"NR";13.7.2015 15:29:31;
772;8;"Prefix (e.g., DR)";"Namensvorsatz";0;"O";"ST";"ST";7.3.2011 00:55:02;
772;92;"Gestational Age Range";"Schwangerschaftswoche";0;"O";"NR";"NR";13.7.2015 15:29:31;
773;8;"Degree (e.g., MD)";"nicht mehr verwenden";0;"O";"-";"-";7.3.2011 22:43:54;
773;92;"Species";"Spezies";0;"O";"ST";"ST";13.7.2015 15:29:31;
774;8;"Source Table";"Quelle der ID";297;"O";"CWE";"CWE";6.3.2011 21:51:08;
774;92;"Race/subspecies";"Rasse";0;"O";"ST";"ST";13.7.2015 15:29:31;
775;8;"Assigning Authority";"ausgebende Instanz";363;"O";"HD";"HD";6.3.2011 21:51:08;
775;92;"Conditions";"Bedingungen";0;"O";"TX";"TX";13.7.2015 15:29:31;
776;8;"Name Type Code";"Art des Namens";200;"O";"ID";"ID";6.3.2011 21:51:08;
776;92;"Repeat Pattern";;335;"O";"CWE";"CWE";13.7.2015 15:29:31;
777;8;"Identifier Check Digit";"Prüfziffer";0;"O";"ST";"ST";7.3.2011 00:55:02;
777;92;"Explicit Time Interval";"ausdrückliches Zeitintervall";0;"O";"ST";"ST";21.3.2017 00:00:00;
778;8;"Check Digit Scheme";"Prüfzifferverfahren";61;"O";"ID";"ID";6.3.2011 21:51:08;
778;92;"Room Type";"Zimmertyp / Kostenanteil";145;"O";"CWE";"CWE";13.7.2015 15:29:31;
779;8;"Identifier Type Code";"Typ des Identifikators";203;"O";"ID";"ID";6.3.2011 21:51:08;
779;92;"Amount Type";"Mengentyp";146;"O";"CWE";"CWE";13.7.2015 15:29:31;
780;8;"Assigning Facility";"Ausstellungsort";0;"O";"HD";"HD";7.3.2011 00:55:02;
780;92;"Coverage Amount";"Kostenanteil";0;"O";"-";"-";13.7.2015 15:36:56;
781;8;"Date/Time Action Performed";"Ausführugszeitpunkt";0;"O";"DTM";"DTM";7.3.2011 00:55:02;
781;92;"Money or Percentage";"Währung oder Prozentangabe";0;"O";"MOP";"MOP";21.3.2017 00:00:00;
782;8;"Name Representation Code";"Namensdarstellung";465;"O";"ID";"ID";6.3.2011 21:51:08;
782;92;"Pointer";"Verweis auf die Daten";0;"O";"ST";"ST";13.7.2015 15:29:31;
783;8;"Name Context";"Namenskontext";448;"O";"CWE";"CWE";6.3.2011 21:51:08;
783;92;"Application ID";"Datenquelle";0;"O";"HD";"HD";13.7.2015 15:29:31;
784;8;"Name Validity Range";"Gültigkeitszeitraum";0;"O";"-";"-";7.3.2011 22:43:54;
784;92;"Type of Data";;834;"O";"ID";"ID";13.7.2015 15:29:31;
785;8;"Name Assembly Order";"Anzeigereihenfolge der Namensbestandteile";444;"O";"ID";"ID";6.3.2011 21:51:08;
785;92;"Subtype";"MIME-Subtyp";291;"O";"ID";"ID";13.7.2015 15:29:31;
786;8;"Effective Date";"Gültigkeitsbeginn";0;"O";"DTM";"DTM";7.3.2011 00:55:02;
786;92;"Repeat Pattern Code";;335;"O";"CWE";"CWE";13.7.2015 15:29:31;
787;8;"Expiration Date";"Gültigkeitsende";0;"O";"DTM";"DTM";7.3.2011 00:55:02;
787;92;"Calendar Alignment";;527;"O";"ID";"ID";13.7.2015 15:29:31;
788;8;"Professional Suffix";"akademische Grade und sonst. Berufszugehörigkeiten";0;"O";"ST";"ST";7.3.2011 00:55:02;
788;92;"Phase Range Begin Value";;0;"O";"NM";"NM";13.7.2015 15:29:31;
789;8;"Assigning Jurisdiction";"ausgebende Körperschaft";0;"O";"CWE";"CWE";7.3.2011 00:55:02;
789;92;"Phase Range End Value";;0;"O";"NM";"NM";13.7.2015 15:29:31;
790;8;"Assigning Agency or Department";"ausgebende Abteilung";0;"O";"CWE";"CWE";7.3.2011 00:55:02;
790;92;"Period Quantity";;0;"O";"NM";"NM";13.7.2015 15:29:31;
791;8;"Security Check";;0;"O";"ST";"ST";7.3.2011 00:55:02;
791;92;"Period Units";;0;"O";"CWE";"CWE";13.7.2015 15:29:31;
792;8;"Security Check Scheme";;904;"O";"ID";"ID";6.3.2011 21:51:08;
792;92;"Institution Specified Time";;136;"O";"ID";"ID";13.7.2015 15:29:31;
793;8;"Parent Observation Identifier";;0;"O";"CWE";"CWE";7.3.2011 00:55:02;
793;92;"Event";"Ereignis";528;"O";"ID";"ID";13.7.2015 15:29:31;
794;8;"Parent Observation Sub-identifier";;0;"O";"ST";"ST";7.3.2011 00:55:02;
794;92;"Event Offset Quantity";;0;"O";"NM";"NM";13.7.2015 15:29:31;
795;8;"Parent Observation Value Descriptor";;0;"O";"TX";"TX";7.3.2011 00:55:02;
795;92;"Event Offset Units";;0;"O";"CWE";"CWE";13.7.2015 15:29:31;
796;8;"Processing ID";"Verarbeitungskontext";103;"O";"ID";"ID";6.3.2011 21:51:08;
796;92;"General Timing Specification";"generische  Zeitangabe";0;"O";"GTS";"GTS";13.7.2015 15:29:31;
797;8;"Processing Mode";"Verarbeitungsmodus";207;"O";"ID";"ID";6.3.2011 21:51:08;
797;92;"Street or Mailing Address";"Strasse inkl. Hausnummer";0;"O";"ST";"ST";13.7.2015 15:29:31;
798;8;"Policy Type";"Art und Umfang der Versicherung";147;"O";"CWE";"CWE";6.3.2011 21:51:08;
798;92;"Street Name";"Strassenname";0;"O";"ST";"ST";13.7.2015 15:29:31;
799;8;"Amount Class";"Art und Umfang der Versicherung";193;"O";"CWE";"CWE";6.3.2011 21:51:08;
799;92;"Dwelling Number";"Hausnummer";0;"O";"ST";"ST";13.7.2015 15:29:31;
800;8;"Money or Percentage Quantity";;0;"O";"-";"-";7.3.2011 22:43:54;
800;92;"Parameter Class";;294;"O";"CWE";"CWE";13.7.2015 15:29:31;
801;8;"Money or Percentage";"Währung oder Prozentangabe";0;"O";"MOP";"MOP";21.3.2017 00:00:00;
801;92;"Parameter Value";;0;"O";"ST";"ST";13.7.2015 15:29:31;
802;8;"Segment Field Name";;0;"O";"ST";"ST";7.3.2011 00:55:02;
802;92;"Sequence ID";"Sequenzummer";0;"O";"ID";"SI";13.7.2015 15:36:56;
803;8;"Values";;0;"O";"ST";"ST";7.3.2011 00:55:02;
803;92;"Comparator";"Vergleichsoperator";0;"O";"ST";"ST";13.7.2015 15:29:31;
804;8;"Segment Field Name";;0;"O";"ST";"ST";7.3.2011 00:55:02;
804;92;"Num1";"Wert 1";0;"O";"NM";"NM";13.7.2015 15:29:31;
805;8;"Relational Operator";;209;"O";"ID";"ID";6.3.2011 21:51:08;
805;92;"Separator/Suffix";"Trennzeichen/Zusatz";0;"O";"ST";"ST";13.7.2015 15:29:31;
806;8;"Value";"Wert";0;"O";"ST";"ST";7.3.2011 00:55:02;
806;92;"Num2";"Wert 2";0;"O";"NM";"NM";13.7.2015 15:29:31;
807;8;"Relational Conjunction";;210;"O";"ID";"ID";6.3.2011 21:51:08;
807;92;"String of telephone number digits";;0;"O";"ST";"SNM";13.7.2015 15:36:56;
808;8;"Segment Field Name";;0;"O";"ST";"ST";7.3.2011 00:55:02;
808;92;"Specialty Name";;0;"O";"ST";"ST";13.7.2015 15:29:31;
809;8;"HL7 Data Type";;440;"O";"ID";"ID";6.3.2011 21:51:08;
809;92;"Governing Board";;0;"O";"ST";"ST";13.7.2015 15:29:31;
810;8;"Maximum Column Width";"maximale Spaltenbreite";0;"O";"NM";"NM";21.3.2017 00:00:00;
810;92;"Eligible or Certified";;337;"O";"ID";"ID";13.7.2015 15:29:31;
811;8;"Numeric Range";;0;"O";"NR";"NR";7.3.2011 00:55:02;
811;92;"Date of Certification";"Zertifizierungsdatum";0;"O";"DT";"DT";21.3.2017 00:00:00;
812;8;"Administrative Sex";"Geschlecht";1;"O";"CWE";"CWE";6.3.2011 21:51:08;
812;92;"Sort-by Field";;0;"O";"ST";"ST";13.7.2015 15:29:31;
813;8;"Age Range";"Altersbereich";0;"O";"NR";"NR";7.3.2011 00:55:02;
813;92;"Sequencing";;397;"O";"ID";"ID";13.7.2015 15:29:31;
814;8;"Gestational Age Range";"Schwangerschaftswoche";0;"O";"NR";"NR";7.3.2011 00:55:02;
814;92;"String Data";;0;"O";"ST";"ST";13.7.2015 15:36:56;
815;8;"Species";"Spezies";0;"O";"ST";"ST";7.3.2011 00:55:02;
815;92;"Time";"Zeitpunkt";0;"O";"ST";"TM";13.7.2015 15:36:56;
816;8;"Race/subspecies";"Rasse";0;"O";"ST";"ST";7.3.2011 00:55:02;
816;92;"Text Data";"Text";0;"O";"ST";"TX";13.7.2015 15:36:56;
817;8;"Conditions";"Bedingungen";0;"O";"TX";"TX";7.3.2011 00:55:02;
817;92;"Value Code";"nicht verwendet";153;"O";"CWE";"CWE";13.7.2015 15:29:31;
818;8;"Repeat Pattern";;335;"O";"CWE";"CWE";6.3.2011 21:51:08;
818;92;"Value Amount";"nicht verwendet";0;"O";"MO";"MO";13.7.2015 15:29:31;
819;8;"Explicit Time Interval";"ausdrückliches Zeitintervall";0;"O";"ST";"ST";21.3.2017 00:00:00;
819;92;"Non-Monetary Value Amount / Quantity";;0;"O";"NM";"NM";13.7.2015 15:29:31;
820;8;"Room Type";"Zimmertyp / Kostenanteil";145;"O";"CWE";"CWE";6.3.2011 21:51:08;
820;92;"Non-Monetary Value Amount / Units";;0;"O";"CWE";"CWE";13.7.2015 15:29:31;
821;8;"Amount Type";"Mengentyp";146;"O";"CWE";"CWE";6.3.2011 21:51:08;
821;92;"Start Day Range";"erster Tag";267;"O";"ID";"ID";13.7.2015 15:29:31;
822;8;"Coverage Amount";"Kostenanteil";0;"O";"-";"-";7.3.2011 22:43:54;
822;92;"End Day Range";"letzter Tag";267;"O";"ID";"ID";13.7.2015 15:29:31;
823;8;"Money or Percentage";"Währung oder Prozentangabe";0;"O";"MOP";"MOP";21.3.2017 00:00:00;
823;92;"Start Hour Range";"Beginn";0;"O";"TM";"TM";13.7.2015 15:29:31;
824;8;"Pointer";"Verweis auf die Daten";0;"O";"ST";"ST";7.3.2011 00:55:02;
824;92;"End Hour Range";"Ende";0;"O";"TM";"TM";13.7.2015 15:29:31;
825;8;"Application ID";"Datenquelle";0;"O";"HD";"HD";7.3.2011 00:55:02;
825;92;"Version ID";;104;"O";"ID";"ID";13.7.2015 15:29:31;
826;8;"Type of Data";"MIME-Medientyp";834;"O";"ID";"ID";6.3.2011 21:51:08;
826;92;"Internationalization Code";"Länderkennzeichen";399;"O";"CWE";"CWE";13.7.2015 15:29:31;
827;8;"Subtype";"MIME-Subtyp";291;"O";"ID";"ID";6.3.2011 21:51:08;
827;92;"International Version ID";"lokale Versionskennung";0;"O";"CWE";"CWE";13.7.2015 15:29:31;
828;8;"Repeat Pattern Code";;335;"O";"CWE";"CWE";6.3.2011 21:51:08;
828;92;"First Data Code Value";"Suchbegriff: Objektbereich";0;"O";"ST";"ST";13.7.2015 15:29:31;
829;8;"Calendar Alignment";;527;"O";"ID";"ID";6.3.2011 21:51:08;
829;92;"Last Data Code Value";"Suchbegriff: Objektbereich";0;"O";"ST";"ST";13.7.2015 15:29:31;
830;8;"Phase Range Begin Value";;0;"O";"NM";"NM";7.3.2011 00:55:02;
830;92;"Channel Number";;0;"O";"NM";"NM";13.7.2015 15:29:31;
831;8;"Phase Range End Value";;0;"O";"NM";"NM";7.3.2011 00:55:02;
831;92;"Channel Name";;0;"O";"ST";"ST";13.7.2015 15:29:31;
832;8;"Period Quantity";;0;"O";"NM";"NM";7.3.2011 00:55:02;
832;92;"Source One Name";"Quelle 1";0;"O";"ST";"ST";13.7.2015 15:29:31;
833;8;"Period Units";;0;"O";"CWE";"CWE";7.3.2011 00:55:02;
833;92;"Source Two Name";"Quelle 2";0;"O";"ST";"ST";13.7.2015 15:29:31;
834;8;"Institution Specified Time";;136;"O";"ID";"ID";6.3.2011 21:51:08;
834;92;"Street Address";;0;"O";"SAD";"SAD";13.7.2015 15:29:31;
835;8;"Event";"Ereignis";528;"O";"ID";"ID";6.3.2011 21:51:08;
835;92;"Other Designation";;0;"O";"ST";"ST";13.7.2015 15:29:31;
836;8;"Event Offset Quantity";;0;"O";"NM";"NM";7.3.2011 00:55:02;
836;92;"City";"Ort";0;"O";"ST";"ST";13.7.2015 15:29:31;
837;8;"Event Offset Units";;0;"O";"CWE";"CWE";7.3.2011 00:55:02;
837;92;"State or Province";"Bundesland";0;"O";"ST";"ST";13.7.2015 15:29:31;
838;8;"General Timing Specification";"generische  Zeitangabe";0;"O";"GTS";"GTS";7.3.2011 00:55:02;
838;92;"Zip or Postal Code";;0;"O";"ST";"ST";13.7.2015 15:29:31;
839;8;"Street or Mailing Address";"Strasse inkl. Hausnummer";0;"O";"ST";"ST";7.3.2011 00:55:02;
839;92;"Country";"Staat";399;"O";"ID";"ID";13.7.2015 15:29:31;
840;8;"Street Name";"Strassenname";0;"O";"ST";"ST";7.3.2011 00:55:02;
840;92;"Address Type";"Typ der Adresse";190;"O";"ID";"ID";13.7.2015 15:29:31;
841;8;"Dwelling Number";"Hausnummer";0;"O";"ST";"ST";7.3.2011 00:55:02;
841;92;"Other Geographic Designation";"sonst. geogr. Bezeichnung";0;"O";"ST";"ST";13.7.2015 15:29:31;
842;8;"Parameter Class";;294;"O";"CWE";"CWE";6.3.2011 21:51:08;
842;92;"County/Parish Code";"Gemeindekennziffer";289;"O";"CWE";"CWE";13.7.2015 15:29:31;
843;8;"Parameter Value";;0;"O";"ST";"ST";7.3.2011 00:55:02;
843;92;"Census Tract";"nicht verwendet";288;"O";"CWE";"CWE";13.7.2015 15:29:31;
844;8;"Sequence ID";"Sequenzummer";0;"O";"SI";"SI";7.3.2011 22:43:54;
844;92;"Address Representation Code";"Darstellung Adresse";465;"O";"ID";"ID";13.7.2015 15:29:31;
845;8;"Comparator";"Vergleichsoperator";0;"O";"ST";"ST";7.3.2011 00:55:02;
845;92;"Address Validity Range";"nicht mehr verwenden";0;"O";"-";"-";13.7.2015 15:55:09;
846;8;"Num1";"Wert 1";0;"O";"NM";"NM";7.3.2011 00:55:02;
846;92;"Effective Date";"Gültigkeitsbeginn";0;"O";"DTM";"DTM";13.7.2015 15:29:31;
847;8;"Separator/Suffix";"Trennzeichen/Zusatz";0;"O";"ST";"ST";7.3.2011 00:55:02;
847;92;"Expiration Date";"Gültigkeitsende";0;"O";"DTM";"DTM";13.7.2015 15:29:31;
848;8;"Num2";"Wert 2";0;"O";"NM";"NM";7.3.2011 00:55:02;
848;92;"Expiration Reason";"Grund für Gültigkeitsende";616;"O";"CWE";"CWE";13.7.2015 15:29:31;
849;8;"String of telephone number digits";;0;"O";"SNM";"SNM";7.3.2011 22:43:54;
849;92;"Temporary Indicator";"Kennzeichen vorübergehende Adresse";136;"O";"ID";"ID";13.7.2015 15:29:31;
850;8;"Specialty Name";;0;"O";"ST";"ST";7.3.2011 00:55:02;
850;92;"Bad Address Indicator";"Kennzeichen ungültige Adresse";136;"O";"ID";"ID";13.7.2015 15:29:31;
851;8;"Governing Board";;0;"O";"ST";"ST";7.3.2011 00:55:02;
851;92;"Address Usage";"Verwendungszweck Adresse";617;"O";"ID";"ID";13.7.2015 15:29:31;
852;8;"Eligible or Certified";;337;"O";"ID";"ID";6.3.2011 21:51:08;
852;92;"Addressee";"Adressat (c/o, z.Hd.)";0;"O";"ST";"ST";13.7.2015 15:29:31;
853;8;"Date of Certification";"Zertifizierungsdatum";0;"O";"DT";"DT";21.3.2017 00:00:00;
853;92;"Comment";"Kommentar";0;"O";"ST";"ST";13.7.2015 15:29:31;
854;8;"Sort-by Field";;0;"O";"ST";"ST";7.3.2011 00:55:02;
854;92;"Preference Order";"Rangfolge";0;"O";"NM";"NM";13.7.2015 15:29:31;
855;8;"Sequencing";;397;"O";"ID";"ID";6.3.2011 21:51:08;
855;92;"Protection Code";"Auskunftsbeschränkung";618;"O";"CWE";"CWE";13.7.2015 15:29:31;
856;8;"String Data";;0;"O";"ST";"ST";7.3.2011 22:43:54;
856;92;"Address Identifier";"Identifikator der Adresse";0;"O";"EI";"EI";13.7.2015 15:29:31;
857;8;"Time";"Uhrzeit";0;"O";"TM";"TM";7.3.2011 22:43:54;
857;92;"Person Identifier";;0;"O";"ST";"ST";13.7.2015 15:29:31;
858;8;"Text Data";"Text";0;"O";"TX";"TX";7.3.2011 22:43:54;
858;92;"Family Name";"Familienname";0;"O";"FN";"FN";13.7.2015 15:29:31;
859;8;"Value Code";"nicht verwendet";153;"O";"CWE";"CWE";6.3.2011 21:51:08;
859;92;"Given Name";"Vorname";0;"O";"ST";"ST";13.7.2015 15:29:31;
860;8;"Value Amount";"nicht verwendet";0;"O";"MO";"MO";7.3.2011 00:55:02;
860;92;"Second and Further Given Names or Initials Thereof";"weitere Vornamen oder Initialien";0;"O";"ST";"ST";13.7.2015 15:29:31;
861;8;"Non-Monetary Value Amount / Quantity";;0;"O";"NM";"NM";7.3.2011 00:55:02;
861;92;"Suffix (e.g., JR or III)";"Namenszusatz";0;"O";"ST";"ST";13.7.2015 15:29:31;
862;8;"Non-Monetary Value Amount / Units";;0;"O";"CWE";"CWE";7.3.2011 00:55:02;
862;92;"Prefix (e.g., DR)";"Namensvorsatz";0;"O";"ST";"ST";13.7.2015 15:29:31;
863;8;"Start Day Range";"erster Tag";267;"O";"ID";"ID";6.3.2011 21:51:08;
863;92;"Degree (e.g., MD)";"nicht mehr verwenden";0;"O";"-";"-";13.7.2015 15:55:09;
864;8;"End Day Range";"letzter Tag";267;"O";"ID";"ID";6.3.2011 21:51:08;
864;92;"Source Table";"Quelle der ID";297;"O";"CWE";"CWE";13.7.2015 15:29:31;
865;8;"Start Hour Range";"Beginn";0;"O";"TM";"TM";7.3.2011 00:55:02;
865;92;"Assigning Authority";"ausgebende Instanz";363;"O";"HD";"HD";13.7.2015 15:29:31;
866;8;"End Hour Range";"Ende";0;"O";"TM";"TM";7.3.2011 00:55:02;
866;92;"Name Type Code";"Art des Namens";200;"O";"ID";"ID";13.7.2015 15:29:31;
867;8;"Version ID";"Identifikator";104;"O";"ID";"ID";6.3.2011 21:51:08;
867;92;"Identifier Check Digit";"Prüfziffer";0;"O";"ST";"ST";13.7.2015 15:29:31;
868;8;"Internationalization Code";"Länderkennzeichen";399;"O";"CWE";"CWE";6.3.2011 21:51:08;
868;92;"Check Digit Scheme";"Prüfzifferverfahren";61;"O";"ID";"ID";13.7.2015 15:29:31;
869;8;"International Version ID";"lokale Versionskennung";0;"O";"CWE";"CWE";7.3.2011 00:55:02;
869;92;"Identifier Type Code";"Typ des Identifikators";203;"O";"ID";"ID";13.7.2015 15:29:31;
870;8;"First Data Code Value";"Suchbegriff: Objektbereich";0;"O";"ST";"ST";7.3.2011 00:55:02;
870;92;"Assigning Facility";"Ausstellungsort";0;"O";"HD";"HD";13.7.2015 15:29:31;
871;8;"Last Data Code Value";"Suchbegriff: Objektbereich";0;"O";"ST";"ST";7.3.2011 00:55:02;
871;92;"Name Representation Code";"Namensdarstellung";465;"O";"ID";"ID";13.7.2015 15:29:31;
872;8;"Channel Number";;0;"O";"NM";"NM";7.3.2011 00:55:02;
872;92;"Name Context";"Namenskontext";448;"O";"CWE";"CWE";13.7.2015 15:29:31;
873;8;"Channel Name";;0;"O";"ST";"ST";7.3.2011 00:55:02;
873;92;"Name Validity Range";"Gültigkeitszeitraum";0;"O";"-";"-";13.7.2015 15:55:09;
874;8;"Source One Name";"Quelle 1";0;"O";"ST";"ST";7.3.2011 00:55:02;
874;92;"Name Assembly Order";"Anzeigereihenfolge der Namensbestandteile";444;"O";"ID";"ID";13.7.2015 15:29:31;
875;8;"Source Two Name";"Quelle 2";0;"O";"ST";"ST";7.3.2011 00:55:02;
875;92;"Effective Date";"Gültigkeitsbeginn";0;"O";"DTM";"DTM";13.7.2015 15:29:31;
876;8;"Street Address";"Strasse";0;"O";"SAD";"SAD";7.3.2011 00:55:02;
876;92;"Expiration Date";"Gültigkeitsende";0;"O";"DTM";"DTM";13.7.2015 15:29:31;
877;8;"Other Designation";"sonst. Adresse";0;"O";"ST";"ST";7.3.2011 00:55:02;
877;92;"Professional Suffix";"akademische Grade und sonst. Berufszugehörigkeiten";0;"O";"ST";"ST";13.7.2015 15:29:31;
878;8;"City";"Ort";0;"O";"ST";"ST";7.3.2011 00:55:02;
878;92;"Assigning Jurisdiction";"ausgebende Körperschaft";0;"O";"CWE";"CWE";13.7.2015 15:29:31;
879;8;"State or Province";"Bundesland";0;"O";"ST";"ST";7.3.2011 00:55:02;
879;92;"Assigning Agency or Department";"ausgebende Abteilung";0;"O";"CWE";"CWE";13.7.2015 15:29:31;
880;8;"Zip or Postal Code";"Postleitzahl";0;"O";"ST";"ST";7.3.2011 00:55:02;
880;92;"Security Check";;0;"O";"ST";"ST";13.7.2015 15:29:31;
881;8;"Country";"Staat";399;"O";"ID";"ID";6.3.2011 21:51:08;
881;92;"Security Check Scheme";;904;"O";"ID";"ID";13.7.2015 15:29:31;
882;8;"Address Type";"Typ der Adresse";190;"O";"ID";"ID";6.3.2011 21:51:08;
882;92;"Organization Name";"Organisationsname";0;"O";"ST";"ST";13.7.2015 15:29:31;
883;8;"Other Geographic Designation";"sonst. geogr. Bezeichnung";0;"O";"ST";"ST";7.3.2011 00:55:02;
883;92;"Organization Name Type Code";"Art des Organisationsnamens";204;"O";"CWE";"CWE";13.7.2015 15:29:31;
884;8;"County/Parish Code";"Gemeindekennziffer";289;"O";"CWE";"CWE";6.3.2011 21:51:08;
884;92;"ID Number";"Identifikator";0;"O";"-";"-";13.7.2015 15:36:56;
885;8;"Census Tract";"nicht verwendet";288;"O";"CWE";"CWE";6.3.2011 21:51:08;
885;92;"Identifier Check Digit";"Prüfziffer";0;"O";"-";"-";13.7.2015 15:36:56;
886;8;"Address Representation Code";"Darstellung Adresse";465;"O";"ID";"ID";6.3.2011 21:51:08;
886;92;"Check Digit Scheme";"Prüfzifferverfahren";0;"O";"-";"-";13.7.2015 15:36:56;
887;8;"Address Validity Range";"nicht mehr verwenden";0;"O";"-";"-";7.3.2011 22:43:54;
887;92;"Assigning Authority";"ausgebende Instanz";363;"O";"HD";"HD";13.7.2015 15:29:31;
888;8;"Effective Date";"Gültigkeitsbeginn";0;"O";"DTM";"DTM";7.3.2011 00:55:02;
888;92;"Identifier Type Code";"Typ des Identifikators";203;"O";"ID";"ID";13.7.2015 15:29:31;
889;8;"Expiration Date";"Gültigkeitsende";0;"O";"DTM";"DTM";7.3.2011 00:55:02;
889;92;"Assigning Facility";"Ausstellungsort";0;"O";"HD";"HD";13.7.2015 15:29:31;
890;8;"Expiration Reason";"Grund für Gültigkeitsende";616;"O";"CWE";"CWE";6.3.2011 21:51:08;
890;92;"Name Representation Code";"Namensdarstellung";465;"O";"ID";"ID";13.7.2015 15:29:31;
891;8;"Temporary Indicator";"Kennzeichen vorübergehende Adresse";136;"O";"ID";"ID";6.3.2011 21:51:08;
891;92;"Organization Identifier";;0;"O";"ST";"ST";13.7.2015 15:29:31;
892;8;"Bad Address Indicator";"Kennzeichen ungültige Adresse";136;"O";"ID";"ID";6.3.2011 21:51:08;
892;92;"Family Name";;0;"O";"FN";"FN";13.7.2015 15:29:31;
893;8;"Address Usage";"Verwendungszweck Adresse";617;"O";"ID";"ID";6.3.2011 21:51:08;
893;92;"Given Name";"Vorname";0;"O";"ST";"ST";13.7.2015 15:29:31;
894;8;"Addressee";"Adressat (c/o, z.Hd.)";0;"O";"ST";"ST";7.3.2011 00:55:02;
894;92;"Second and Further Given Names or Initials Thereof";"weitere Vornamen oder Initialien";0;"O";"ST";"ST";13.7.2015 15:29:31;
895;8;"Comment";"Kommentar";0;"O";"ST";"ST";7.3.2011 00:55:02;
895;92;"Suffix (e.g., JR or III)";"Namenszusatz";0;"O";"ST";"ST";13.7.2015 15:29:31;
896;8;"Preference Order";"Rangfolge";0;"O";"NM";"NM";7.3.2011 00:55:02;
896;92;"Prefix (e.g., DR)";"Namensvorsatz";0;"O";"ST";"ST";13.7.2015 15:29:31;
897;8;"Protection Code";"Auskunftsbeschränkung";618;"O";"CWE";"CWE";6.3.2011 21:51:08;
897;92;"Degree (e.g., MD)";"nicht mehr verwenden";0;"O";"-";"-";13.7.2015 15:36:56;
898;8;"Address Identifier";"Identifikator der Adresse";0;"O";"EI";"EI";7.3.2011 00:55:02;
898;92;"Name Type Code";"Art des Namens";200;"O";"ID";"ID";13.7.2015 15:29:31;
899;8;"Person Identifier";;0;"O";"ST";"ST";7.3.2011 00:55:02;
899;92;"Name Representation Code";"Namensdarstellung";465;"O";"ID";"ID";13.7.2015 15:29:31;
900;8;"Family Name";"Familienname";0;"O";"FN";"FN";7.3.2011 00:55:02;
900;92;"Name Context";"Namenskontext";448;"O";"CWE";"CWE";13.7.2015 15:29:31;
901;8;"Given Name";"Vorname";0;"O";"ST";"ST";7.3.2011 00:55:02;
901;92;"Name Validity Range";"Gültigkeitszeitraum";0;"O";"-";"-";13.7.2015 15:36:56;
902;8;"Second and Further Given Names or Initials Thereof";"weitere Vornamen oder Initialien";0;"O";"ST";"ST";7.3.2011 00:55:02;
902;92;"Name Assembly Order";"Anzeigereihenfolge der Namensbestandteile";444;"O";"ID";"ID";13.7.2015 15:29:31;
903;8;"Suffix (e.g., JR or III)";"Namenszusatz";0;"O";"ST";"ST";7.3.2011 00:55:02;
903;92;"Effective Date";"Gültigkeitsbeginn";0;"O";"DTM";"DTM";13.7.2015 15:29:31;
904;8;"Prefix (e.g., DR)";"Namensvorsatz";0;"O";"ST";"ST";7.3.2011 00:55:02;
904;92;"Expiration Date";"Gültigkeitsende";0;"O";"DTM";"DTM";13.7.2015 15:29:31;
905;8;"Degree (e.g., MD)";"nicht mehr verwenden";0;"O";"-";"-";7.3.2011 22:43:54;
905;92;"Professional Suffix";"akademische Grade und sonst. Berufszugehörigkeiten";0;"O";"ST";"ST";13.7.2015 15:29:31;
906;8;"Source Table";"Quelle der ID";297;"O";"CWE";"CWE";6.3.2011 21:51:08;
906;92;"Called By";;0;"O";"ST";"ST";13.7.2015 15:29:31;
907;8;"Assigning Authority";"ausgebende Instanz";363;"O";"HD";"HD";6.3.2011 21:51:08;
907;92;"Telephone Number";;0;"O";"-";"-";13.7.2015 15:36:56;
908;8;"Name Type Code";"Art des Namens";200;"O";"ID";"ID";6.3.2011 21:51:08;
908;92;"Telecommunication Use Code";"Verwendungszweck";201;"O";"ID";"ID";13.7.2015 15:29:31;
909;8;"Identifier Check Digit";"Prüfziffer";0;"O";"ST";"ST";7.3.2011 00:55:02;
909;92;"Telecommunication Equipment Type";"Telekommunikationsmethode";202;"O";"ID";"ID";13.7.2015 15:29:31;
910;8;"Check Digit Scheme";"Prüfzifferverfahren";61;"O";"ID";"ID";6.3.2011 21:51:08;
910;92;"Communication Address";"Kommuniationsadresse";0;"O";"ST";"ST";13.7.2015 15:29:31;
911;8;"Identifier Type Code";"Typ des Identifikators";203;"O";"ID";"ID";6.3.2011 21:51:08;
911;92;"Country Code";"internationale Landesvorwahl";0;"O";"SNM";"SNM";13.7.2015 15:29:31;
912;8;"Assigning Facility";"Ausstellungsort";0;"O";"HD";"HD";7.3.2011 00:55:02;
912;92;"Area/City Code";"Ortsvorwahl";0;"O";"SNM";"SNM";13.7.2015 15:29:31;
913;8;"Name Representation Code";"Namensdarstellung";465;"O";"ID";"ID";6.3.2011 21:51:08;
913;92;"Local Number";"Anschlußnummer (inkl. Durchwahl)";0;"O";"SNM";"SNM";13.7.2015 15:29:31;
914;8;"Name Context";"Namenskontext";448;"O";"CWE";"CWE";6.3.2011 21:51:08;
914;92;"Extension";"Durchwahl";0;"O";"SNM";"SNM";13.7.2015 15:29:31;
915;8;"Name Validity Range";"Gültigkeitszeitraum";0;"O";"-";"-";7.3.2011 22:43:54;
915;92;"Any Text";"beliebiger Text";0;"O";"ST";"ST";13.7.2015 15:29:31;
916;8;"Name Assembly Order";"Anzeigereihenfolge der Namensbestandteile";444;"O";"ID";"ID";6.3.2011 21:51:08;
916;92;"Extension Prefix";"interne Vorwahl";0;"O";"ST";"ST";13.7.2015 15:29:31;
917;8;"Effective Date";"Gültigkeitsbeginn";0;"O";"DTM";"DTM";7.3.2011 00:55:02;
917;92;"Speed Dial Code";;0;"O";"ST";"ST";13.7.2015 15:29:31;
918;8;"Expiration Date";"Gültigkeitsende";0;"O";"DTM";"DTM";7.3.2011 00:55:02;
918;92;"Unformatted Telephone number";"Telefonnummer ohne Formatierung";0;"O";"ST";"ST";13.7.2015 15:29:31;
919;8;"Professional Suffix";"akademische Grade und sonst. Berufszugehörigkeiten";0;"O";"ST";"ST";7.3.2011 00:55:02;
919;92;"Effective Start Date";"Gültigkeitsbeginn";0;"O";"DTM";"DTM";13.7.2015 15:29:31;
920;8;"Assigning Jurisdiction";"ausgebende Körperschaft";0;"O";"CWE";"CWE";7.3.2011 00:55:02;
920;92;"Expiration Date";"Gültigkeitsende";0;"O";"DTM";"DTM";13.7.2015 15:29:31;
921;8;"Assigning Agency or Department";"ausgebende Abteilung";0;"O";"CWE";"CWE";7.3.2011 00:55:02;
921;92;"Expiration Reason";"Grund für Gültigkeitsende";868;"O";"CWE";"CWE";13.7.2015 15:29:31;
922;8;"Security Check";;0;"O";"ST";"ST";7.3.2011 00:55:02;
922;92;"Protection Code";"Auskunftsbeschränkung";618;"O";"CWE";"CWE";13.7.2015 15:29:31;
923;8;"Security Check Scheme";;904;"O";"ID";"ID";6.3.2011 21:51:08;
923;92;"Shared Telecommunication Identifier";"Identifikaor für Telefonnumer";0;"O";"EI";"EI";13.7.2015 15:29:31;
924;8;"Organization Name";"Organisationsname";0;"O";"ST";"ST";7.3.2011 00:55:02;
924;92;"Preference Order";"Rangfolge";0;"O";"NM";"NM";13.7.2015 15:29:31;
925;8;"Organization Name Type Code";"Art des Organisationsnamens";204;"O";"CWE";"CWE";6.3.2011 21:51:08;
926;8;"ID Number";"Identifikator";0;"O";"-";"-";7.3.2011 22:43:54;
927;8;"Identifier Check Digit";"Prüfziffer";0;"O";"NM";"NM";7.3.2011 00:55:02;
928;8;"Check Digit Scheme";"Prüfzifferverfahren";61;"O";"ID";"ID";6.3.2011 21:51:08;
929;8;"Assigning Authority";"ausgebende Instanz";363;"O";"HD";"HD";6.3.2011 21:51:08;
930;8;"Identifier Type Code";"Typ des Identifikators";203;"O";"ID";"ID";6.3.2011 21:51:08;
931;8;"Assigning Facility";"Ausstellungsort";0;"O";"HD";"HD";7.3.2011 00:55:02;
932;8;"Name Representation Code";"Namensdarstellung";465;"O";"ID";"ID";6.3.2011 21:51:08;
933;8;"Organization Identifier";"Identifikator";0;"O";"ST";"ST";7.3.2011 00:55:02;
934;8;"Family Name";"Familienname";0;"O";"FN";"FN";7.3.2011 00:55:02;
935;8;"Given Name";"Vorname";0;"O";"ST";"ST";7.3.2011 00:55:02;
936;8;"Second and Further Given Names or Initials Thereof";"weitere Vornamen oder Initialien";0;"O";"ST";"ST";7.3.2011 00:55:02;
937;8;"Suffix (e.g., JR or III)";"Namenszusatz";0;"O";"ST";"ST";7.3.2011 00:55:02;
938;8;"Prefix (e.g., DR)";"Namensvorsatz";0;"O";"ST";"ST";7.3.2011 00:55:02;
939;8;"Degree (e.g., MD)";"nicht mehr verwenden";0;"O";"-";"-";7.3.2011 22:43:54;
940;8;"Name Type Code";"Art des Namens";200;"O";"ID";"ID";6.3.2011 21:51:08;
941;8;"Name Representation Code";"Namensdarstellung";465;"O";"ID";"ID";6.3.2011 21:51:08;
942;8;"Name Context";"Namenskontext";448;"O";"CWE";"CWE";6.3.2011 21:51:08;
943;8;"Name Validity Range";"Gültigkeitszeitraum";0;"O";"-";"-";7.3.2011 22:43:54;
944;8;"Name Assembly Order";"Anzeigereihenfolge der Namensbestandteile";444;"O";"ID";"ID";6.3.2011 21:51:08;
945;8;"Effective Date";"Gültigkeitsbeginn";0;"O";"DTM";"DTM";7.3.2011 00:55:02;
946;8;"Expiration Date";"Gültigkeitsende";0;"O";"DTM";"DTM";7.3.2011 00:55:02;
947;8;"Professional Suffix";"akademische Grade und sonst. Berufszugehörigkeiten";0;"O";"ST";"ST";7.3.2011 00:55:02;
948;8;"Called By";;0;"O";"ST";"ST";7.3.2011 00:55:02;
949;8;"Telephone Number";"nicht mehr verwenden";0;"O";"-";"-";7.3.2011 22:43:54;
950;8;"Telecommunication Use Code";"Verwendungszweck";201;"O";"ID";"ID";6.3.2011 21:51:08;
951;8;"Telecommunication Equipment Type";"Telekommunikationsmethode";202;"O";"ID";"ID";6.3.2011 21:51:08;
952;8;"Communication Address";"Kommuniationsadresse";0;"O";"ST";"ST";7.3.2011 00:55:02;
953;8;"Country Code";"internationale Landesvorwahl";0;"O";"SNM";"SNM";7.3.2011 00:55:02;
954;8;"Area/City Code";"Ortsvorwahl";0;"O";"SNM";"SNM";7.3.2011 00:55:02;
955;8;"Local Number";"Anschlußnummer (inkl. Durchwahl)";0;"O";"SNM";"SNM";7.3.2011 00:55:02;
956;8;"Extension";"Durchwahl";0;"O";"SNM";"SNM";7.3.2011 00:55:02;
957;8;"Any Text";"beliebiger Text";0;"O";"ST";"ST";7.3.2011 00:55:02;
958;8;"Extension Prefix";"interne Vorwahl";0;"O";"ST";"ST";7.3.2011 00:55:02;
959;8;"Speed Dial Code";"Kurzwahl";0;"O";"ST";"ST";7.3.2011 00:55:02;
960;8;"Unformatted Telephone number";"Telefonnummer ohne Formatierung";0;"O";"ST";"ST";7.3.2011 00:55:02;
961;8;"Effective Start Date";"Gültigkeitsbeginn";0;"O";"DTM";"DTM";7.3.2011 00:55:02;
962;8;"Expiration Date";"Gültigkeitsende";0;"O";"DTM";"DTM";7.3.2011 00:55:02;
963;8;"Expiration Reason";"Grund für Gültigkeitsende";868;"O";"CWE";"CWE";6.3.2011 21:51:08;
964;8;"Protection Code";"Auskunftsbeschränkung";618;"O";"CWE";"CWE";6.3.2011 21:51:08;
965;8;"Shared Telecommunication Identifier";"Identifikaor für Telefonnumer";0;"O";"EI";"EI";7.3.2011 00:55:02;
966;8;"Preference Order";"Rangfolge";0;"O";"NM";"NM";7.3.2011 00:55:02;
9999;2;"varies";;0;"O";"ST";"ST";27.2.2008 17:25:31;
9999;3;"varies";;0;"O";"ST";"ST";27.2.2008 17:25:33;
9999;4;"varies";;0;"O";"ST";"ST";27.2.2008 17:25:50;
9999;5;"varies";;0;"O";"ST";"ST";27.2.2008 17:25:57;
9999;6;"varies";;0;"O";"ST";"ST";27.2.2008 17:26:05;
9999;7;"varies";;0;"O";"ST";"ST";27.2.2008 17:26:12;
9999;61;"varies";;0;"O";"ST";"ST";27.2.2008 17:29:23;
