"data_structure";"version_id";"description";"interpretation";"data_type_code";"repeating";"elementary";"date";"section";"anchor";"owl_gen";"mixed_content"
"-";7;"withdrawn";"obsolet";"-";0;0;26.10.2007 18:35:11;;;0;0
"-";8;"withdrawn";"obsolet";"-";0;0;6.3.2011 21:56:08;;;0;0
"-";9;"withdrawn";"obsolet";"-";0;0;17.3.2014 23:17:56;;;0;0
"-";10;"withdrawn";"obsolet";"-";0;0;17.3.2014 23:17:56;;;0;0
"-";61;"withdrawn";"obsolet";"-";0;0;10.3.2013 22:11:48;;;0;0
"-";81;"withdrawn";"obsolet";"-";0;0;10.3.2013 22:11:48;;;0;0
"-";91;"withdrawn";"obsolet";"-";0;0;10.3.2013 22:11:48;;;0;0
"-";92;"withdrawn";"obsolet";"-";0;0;13.7.2015 00:00:00;;;0;0
"-";540;"withdrawn";"obsolet";"-";0;0;6.7.2015 12:28:53;;;0;0
"AD";1;"address";"Adresse";"AD";0;0;25.11.1995 17:28:32;"2.3.3.8";"kap2.html#Heading33";0;0
"AD";2;"address";"Adresse";"AD";0;0;25.11.1995 17:28:32;"2.4.5.10";"hl7chp2.html#Heading24";0;0
"AD";3;"address";"Adresse";"AD";0;0;7.1.2020 08:01:27;"2.8.1";;0;0
"AD";4;"address";"Adresse";"AD";0;0;14.4.1999 21:48:20;"2.8.1";"ch2.html#Heading22";0;0
"AD";5;"address";"Adresse";"AD";0;0;25.3.2000 17:40:30;"2.9.1";"ch02.htm#Heading23";0;0
"AD";6;"Address";"Adresse";"AD";0;0;28.2.2008 08:10:40;"2.A.1";"ch02A.html#Heading3";0;0
"AD";7;"Address";"Adresse";"AD";0;0;26.10.2007 18:06:25;"2.A.1";"ch02a.html#Heading3";0;0
"AD";8;"Address";"Adresse";"AD";0;0;6.3.2011 21:49:42;"2.A.1";"ch02a.html#Heading3";0;0
"AD";9;"Address";"Adresse";"AD";0;0;17.3.2014 23:01:47;"2.A.1";"ch02a.html#Heading3";0;0
"AD";10;"Address";"Adresse";"AD";0;0;6.1.2020 11:24:21;"2A.3.1";"ch02A.html#Heading322";0;0
"AD";60;"Address";"Adresse";"AD";0;1;7.5.2006 16:58:35;"2.A.1";"ch02A.html#Heading3";0;0
"AD";61;"Address";"Adresse";"AD";0;0;8.5.2007 22:24:13;"2.A.1.1";"ch02a.html#Heading3";0;0
"AD";81;"Address";"Adresse";"AD";0;0;10.3.2013 21:57:51;"2.A.1";"ch02a.html#Heading3";0;0
"AD";91;"Address";"Adresse";"AD";0;0;2.11.2014 16:32:34;"2.A.1";"ch02a.html#Heading3";0;0
"AD";92;"Address";"Adresse";"AD";0;0;13.7.2015 12:47:55;"2.A.1";"ch02a.html#Heading3";0;0
"AUI";4;"authorization information";"Aktenzeichen der Kostenübernahme";"AUI";0;0;30.12.2001 18:06:52;;;0;0
"AUI";5;"authorization information";"Aktenzeichen der Kostenübernahme";"AUI";0;0;29.11.2001 00:00:00;;;0;0
"AUI";6;"Authorization Information";"Aktenzeichen der Kostenübernahme";"AUI";0;0;22.8.2003 12:51:54;"2.A.2";"ch02A.html#Heading13";0;0
"AUI";7;"Authorization Information";"Aktenzeichen der Kostenübernahme";"AUI";0;0;26.10.2007 18:06:25;"2.A.2";"ch02a.html#Heading13";0;0
"AUI";8;"Authorization Information";"Aktenzeichen der Kostenübernahme";"AUI";0;0;6.3.2011 21:49:42;"2.A.2";"ch02a.html#Heading13";0;0
"AUI";9;"Authorization Information";"Aktenzeichen der Kostenübernahme";"AUI";0;0;17.3.2014 23:01:47;"2.A.2";"ch02a.html#Heading13";0;0
"AUI";10;"Authorization Information";"Aktenzeichen der Kostenübernahme";"AUI";0;0;6.1.2020 11:24:21;"2A.3.2";"ch02A.html#Heading331";0;0
"AUI";60;"Authorization Information";"Aktenzeichen der Kostenübernahme";"AUI";0;0;22.8.2003 12:51:54;"2.A.2";"ch02A.html#Heading13";0;0
"AUI";61;"Authorization Information";"Aktenzeichen der Kostenübernahme";"AUI";0;0;8.5.2007 22:24:13;"2.A.1.2";"ch02a.html#Heading13";0;0
"AUI";81;"Authorization Information";"Aktenzeichen der Kostenübernahme";"AUI";0;0;10.3.2013 21:57:51;"2.A.2";"ch02a.html#Heading11";0;0
"AUI";91;"Authorization Information";"Aktenzeichen der Kostenübernahme";"AUI";0;0;2.11.2014 16:32:34;"2.A.2";"ch02a.html#Heading13";0;0
"AUI";92;"Authorization Information";"Aktenzeichen der Kostenübernahme";"AUI";0;0;13.7.2015 12:47:55;"2.A.2";"ch02a.html#Heading13";0;0
"CCD";4;"charge time";"Abrechnungszeitpunkt";"CCD";0;0;30.12.2001 00:00:00;;;0;0
"CCD";5;"charge time";"Abrechnungszeitpunkt";"CCD";0;0;2.2.2001 00:00:00;;;0;0
"CCD";6;"Charge Code and Date";"Rechnungslegung";"CCD";0;0;22.8.2003 12:51:54;"2.A.3";"ch02A.html#Heading18";0;0
"CCD";7;"Charge Code and Date";"Rechnungslegung";"CCD";0;0;26.10.2007 18:06:25;"2.A.3";"ch02a.html#Heading18";0;0
"CCD";8;"Charge Code and Date";"Rechnungslegung";"CCD";0;0;6.3.2011 21:49:42;"2.A.3";"ch02a.html#Heading18";0;0
"CCD";9;"Charge Code and Date";"Rechnungslegung";"CCD";0;0;17.3.2014 23:01:47;"2.A.3";"ch02a.html#Heading18";0;0
"CCD";10;"Charge Code and Date";"Rechnungslegung";"CCD";0;0;6.1.2020 11:24:21;"2A.3.3";"ch02A.html#Heading335";0;0
"CCD";60;"Charge Code and Date";"Rechnungslegung";"CCD";0;0;22.8.2003 12:51:54;"2.A.3";"ch02A.html#Heading18";0;0
"CCD";61;"Charge Code and Date";"Rechnungslegung";"CCD";0;0;8.5.2007 22:24:13;"2.A.1.3";"ch02a.html#Heading18";0;0
"CCD";81;"Charge Code and Date";"Rechnungslegung";"CCD";0;0;10.3.2013 21:57:51;"2.A.3";"ch02a.html#Heading15";0;0
"CCD";91;"Charge Code and Date";"Rechnungslegung";"CCD";0;0;2.11.2014 16:32:34;"2.A.3";"ch02a.html#Heading18";0;0
"CCD";92;"Charge Code and Date";"Rechnungslegung";"CCD";0;0;13.7.2015 12:47:55;"2.A.3";"ch02a.html#Heading18";0;0
"CCP";4;"channel calibration parameters";"Kalibrierungsparameter für Kanal";"CCP";0;0;30.12.2001 19:01:31;;;0;0
"CCP";5;"channel calibration parameters";"Kalibrierungsparameter für Kanal";"CCP";0;0;29.11.2001 00:00:00;"7.13.1.3";;0;0
"CCP";6;"Channel Calibration Parameters";"Kalibrierungsparameter für Kanal";"CCP";0;0;22.8.2003 12:51:54;"2.A.4";"ch02A.html#Heading22";0;0
"CCP";7;"Channel Calibration Parameters";"Kalibrierungsparameter für Kanal";"CCP";0;0;26.10.2007 18:06:25;"2.A.4";"ch02a.html#Heading22";0;0
"CCP";8;"Channel Calibration Parameters";"Kalibrierungsparameter für Kanal";"CCP";0;0;6.3.2011 21:49:42;"2.A.4";"ch02a.html#Heading22";0;0
"CCP";9;"Channel Calibration Parameters";"Kalibrierungsparameter für Kanal";"CCP";0;0;17.3.2014 23:01:47;"2.A.4";"ch02a.html#Heading22";0;0
"CCP";10;"Channel Calibration Parameters";"Kalibrierungsparameter für Kanal";"CCP";0;0;6.1.2020 11:24:21;"2A.3.4";"ch02A.html#Heading338";0;0
"CCP";60;"Channel Calibration Parameters";"Kalibrierungsparameter für Kanal";"CCP";0;0;22.8.2003 12:51:54;"2.A.4";"ch02A.html#Heading22";0;0
"CCP";61;"Channel Calibration Parameters";"Kalibrierungsparameter für Kanal";"CCP";0;0;8.5.2007 22:24:13;"2.A.1.4";"ch02a.html#Heading22";0;0
"CCP";81;"Channel Calibration Parameters";"Kalibrierungsparameter für Kanal";"CCP";0;0;10.3.2013 21:57:51;"2.A.4";"ch02a.html#Heading18";0;0
"CCP";91;"Channel Calibration Parameters";"Kalibrierungsparameter für Kanal";"CCP";0;0;2.11.2014 16:32:34;"2.A.4";"ch02a.html#Heading22";0;0
"CCP";92;"Channel Calibration Parameters";"Kalibrierungsparameter für Kanal";"CCP";0;0;13.7.2015 12:47:55;"2.A.4";"ch02a.html#Heading22";0;0
"CD";3;"Channel Definition";"Definition eines Meßkanals";"CD";0;0;4.3.2001 11:28:59;"2.8.2";;0;0
"CD";4;"channel definition";"Definition eines Meßkanals";"CD";0;0;14.4.1999 21:48:20;"2.8.2";"ch2.html#Heading31";0;0
"CD";5;"channel definition";"Definition eines Meßkanals";"CD";0;0;25.3.2000 17:40:30;"2.9.2";"ch02.htm#Heading33";0;0
"CD";6;"Channel Definition";"Definition eines Meßkanals";"CD";0;0;22.8.2003 12:51:54;"2.A.5";"ch02A.html#Heading27";0;0
"CD";7;"Channel Definition";"Definition eines Meßkanals";"CD";0;0;26.10.2007 18:06:25;"2.A.5";"ch02a.html#Heading27";0;0
"CD";8;"Channel Definition";"Definition eines Meßkanals";"CD";0;0;6.3.2011 21:49:42;"2.A.5";"ch02a.html#Heading27";0;0
"CD";9;"Channel Definition";"Definition eines Meßkanals";"CD";0;0;17.3.2014 23:01:47;"2.A.5";"ch02a.html#Heading27";0;0
"CD";10;"Channel Definition";"Definition eines Meßkanals";"CD";0;0;6.1.2020 11:24:21;"2A.3.5";"ch02A.html#Heading342";0;0
"CD";60;"Channel Definition";"Definition eines Meßkanals";"CD";0;0;22.8.2003 12:51:54;"2.A.5";"ch02A.html#Heading27";0;0
"CD";61;"Channel Definition";"Definition eines Meßkanals";"CD";0;0;8.5.2007 22:24:13;"2.A.1.5";"ch02a.html#Heading27";0;0
"CD";81;"Channel Definition";"Definition eines Meßkanals";"CD";0;0;10.3.2013 21:57:51;"2.A.5";"ch02a.html#Heading22";0;0
"CD";91;"Channel Definition";"Definition eines Meßkanals";"CD";0;0;2.11.2014 16:32:34;"2.A.5";"ch02a.html#Heading27";0;0
"CD";92;"Channel Definition";"Definition eines Meßkanals";"CD";0;0;13.7.2015 12:47:55;"2.A.5";"ch02a.html#Heading27";0;0
"CE";1;"coded element";"kodierte Informationen";"CE";0;0;7.4.1999 22:36:41;;;0;0
"CE";2;"coded element";"kodierte Informationen";"CE";0;0;25.11.1995 17:28:32;;;0;0
"CE";3;"coded element";"kodierte Informationen";"CE";0;0;27.5.1996 00:00:00;"2.8.3";;0;0
"CE";4;"coded element";"kodierte Informationen";"CE";0;0;14.4.1999 21:48:20;"2.8.3";"ch2.html#Heading32";0;0
"CE";5;"coded element";"kodierte Informationen";"CE";0;0;25.3.2000 17:40:30;"2.9.3";"ch02.htm#Heading34";0;0
"CE";6;"Coded Element";"kodierte Informationen";"CE";0;0;22.8.2003 12:51:54;"2.A.6";"ch02A.html#Heading34";0;0
"CE";7;"Coded Element";"kodierte Informationen";"CE";0;0;26.10.2007 18:06:25;"2.A.6";"ch02a.html#Heading35";0;0
"CE";20;"Coded Elements";"kodierte Informationen";"CE";0;0;21.11.2007 21:51:53;;;0;0
"CE";60;"Coded Element";"kodierte Informationen";"CE";0;0;22.8.2003 12:51:54;"2.A.6";"ch02A.html#Heading34";0;0
"CE";61;"Coded Element";"kodierte Informationen";"CE";0;0;8.5.2007 22:24:13;"2.A.1.6";"ch02a.html#Heading34";0;0
"CE";540;"Coded Element";"kodierte Informationen";"CE";0;0;6.7.2015 12:23:19;;;0;0
"CE";630;"Coded Element";"kodierte Informationen";"CE";0;0;6.7.2015 13:49:26;;;0;0
"CE_0002";4;"CE with table 2";"kodierte Informationen (mit Tabelle 0002)";"CE";0;0;29.10.2000 11:40:23;;;0;0
"CE_0002";5;"CE with table 2";;"CE";0;0;27.2.2001 21:04:26;;;0;0
"CE_0005";4;"CE with table 5";;"CE";0;0;29.10.2000 11:39:37;;;0;0
"CE_0005";5;"CE with table 5";;"CE";0;0;27.2.2001 21:04:26;;;0;0
"CE_0006";4;"CE with table 6";;"CE";0;0;29.10.2000 11:40:37;;;0;0
"CE_0006";5;"CE with table 6";;"CE";0;0;27.2.2001 21:04:26;;;0;0
"CE_0048";3;"CE with table 48";;"CE";0;0;6.9.1996 00:00:00;;;0;0
"CE_0048";4;"CE with table 48";;"CE";0;0;29.10.2000 11:39:16;;;0;0
"CE_0048";5;"CE with table 48";;"CE";0;0;27.2.2001 21:04:26;;;0;0
"CE_0049";2;"CE with table 49";;"CE";0;0;29.10.2000 11:34:50;;;0;0
"CE_0049";3;"CE with table 49";;"CE";0;0;6.9.1996 00:00:00;;;0;0
"CE_0049";4;"CE with table 49";;"CE";0;0;29.10.2000 11:44:33;;;0;0
"CE_0049";5;"CE with table 49";;"CE";0;0;27.2.2001 21:04:26;;;0;0
"CE_0050";3;"CE_NORM mit Tab. 0050";;"CE";0;0;6.9.1996 00:00:00;;;0;0
"CE_0050";4;;;"CE";0;0;29.10.2000 11:48:22;;;0;0
"CE_0050";5;;;"CE";0;0;27.2.2001 21:04:26;;;0;0
"CE_0051";2;"CE_NORM mit Tab. 0051";;"CE";0;0;25.11.1995 17:28:32;;;0;0
"CE_0051";3;"CE_NORM mit Tab. 0051";;"CE";0;0;6.9.1996 00:00:00;;;0;0
"CE_0051";4;;;"CE";0;0;29.10.2000 11:44:49;;;0;0
"CE_0051";5;;;"CE";0;0;27.2.2001 21:04:26;;;0;0
"CE_0055";3;"CE_NORM mit Tab. 0055";;"CE";0;0;6.9.1996 00:00:00;;;0;0
"CE_0055";4;;;"CE";0;0;29.10.2000 11:46:10;;;0;0
"CE_0055";5;;;"CE";0;0;27.2.2001 21:04:26;;;0;0
"CE_0057";1;;;"CE";0;0;29.10.2000 11:33:03;;;0;0
"CE_0059";3;;;"CE";0;0;29.10.2000 11:36:36;;;0;0
"CE_0059";4;;;"CE";0;0;29.10.2000 11:46:20;;;0;0
"CE_0059";5;;;"CE";0;0;27.2.2001 21:04:26;;;0;0
"CE_0063";2;;;"CE";0;0;29.10.2000 11:33:53;;;0;0
"CE_0063";3;"CE_NORM mit Tab. 0063";;"CE";0;0;6.9.1996 00:00:00;;;0;0
"CE_0063";4;;;"CE";0;0;29.10.2000 11:41:51;;;0;0
"CE_0063";5;;;"CE";0;0;27.2.2001 21:04:26;;;0;0
"CE_0066";2;"CE_NORM mit Tab. 0066";;"CE";0;0;25.11.1995 17:28:32;;;0;0
"CE_0066";3;"CE_NORM mit Tab. 0066";;"CE";0;0;6.9.1996 00:00:00;;;0;0
"CE_0066";4;;;"CE";0;0;29.10.2000 11:46:29;;;0;0
"CE_0066";5;;;"CE";0;0;27.2.2001 21:04:26;;;0;0
"CE_0069";4;;;"CE";0;0;29.10.2000 11:49:56;;;0;0
"CE_0069";5;;;"CE";0;0;27.2.2001 21:04:26;;;0;0
"CE_0070";3;"CE_NORM mit Tab. 0070";;"CE";0;0;6.9.1996 00:00:00;;;0;0
"CE_0070";5;;;"CE";0;0;3.2.2001 18:19:05;;;0;0
"CE_0072";3;"CE_NORM mit Tab. 0072";;"CE";0;0;6.9.1996 00:00:00;;;0;0
"CE_0072";4;;;"CE";0;0;14.4.1999 21:48:20;;;0;0
"CE_0072";5;;;"CE";0;0;25.3.2000 17:40:30;;;0;0
"CE_0083";3;"CE_NORM mit Tab. 0083";;"CE";0;0;6.9.1996 00:00:00;;;0;0
"CE_0083";4;;;"CE";0;0;29.10.2000 11:46:14;;;0;0
"CE_0083";5;;;"CE";0;0;27.2.2001 21:04:26;;;0;0
"CE_0088";3;"CE_NORM mit Tab. 0088";;"CE";0;0;6.9.1996 00:00:00;;;0;0
"CE_0088";4;;;"CE";0;0;29.10.2000 11:46:24;;;0;0
"CE_0088";5;;;"CE";0;0;27.2.2001 21:04:26;;;0;0
"CE_0114";4;;;"CE";0;0;29.10.2000 11:41:31;;;0;0
"CE_0114";5;;;"CE";0;0;27.2.2001 21:04:26;;;0;0
"CE_0118";2;;;"CE";0;0;29.10.2000 11:35:05;;;0;0
"CE_0118";3;"CE_NORM mit Tab. 0118";;"CE";0;0;6.9.1996 00:00:00;;;0;0
"CE_0118";4;;;"CE";0;0;29.10.2000 11:45:26;;;0;0
"CE_0118";5;;;"CE";0;0;27.2.2001 21:04:26;;;0;0
"CE_0127";5;;;"CE";0;0;27.2.2001 21:04:26;;;0;0
"CE_0128";5;;;"CE";0;0;27.2.2001 21:04:26;;;0;0
"CE_0129";2;;;"CE";0;0;29.10.2000 11:33:04;;;0;0
"CE_0129";3;"CE_NORM mit Tab. 0129";;"CE";0;0;6.9.1996 00:00:00;;;0;0
"CE_0129";4;;;"CE";0;0;29.10.2000 11:41:36;;;0;0
"CE_0129";5;;;"CE";0;0;27.2.2001 21:04:26;;;0;0
"CE_0131";2;"CE_NORM mit Tab. 0131";;"CE";0;0;25.11.1995 17:28:32;;;0;0
"CE_0131";3;"CE_NORM mit Tab. 0131";;"CE";0;0;6.9.1996 00:00:00;;;0;0
"CE_0131";4;;;"CE";0;0;14.4.1999 21:48:20;;;0;0
"CE_0131";5;;;"CE";0;0;25.3.2000 17:40:30;;;0;0
"CE_0132";2;;;"CE";0;0;29.10.2000 11:34:14;;;0;0
"CE_0132";3;"CE_NORM mit Tab. 0132";;"CE";0;0;6.9.1996 00:00:00;;;0;0
"CE_0132";4;;;"CE";0;0;29.10.2000 11:44:01;;;0;0
"CE_0132";5;;;"CE";0;0;27.2.2001 21:04:26;;;0;0
"CE_0136";5;;;"CE";0;0;27.2.2001 21:04:26;;;0;0
"CE_0136_0262_0263";4;"reference three different tables within CE";;"CE";0;0;17.11.2016 21:40:47;"8.8.3.6";"ch8.html#Heading207";0;0
"CE_0136_0262_0263";5;"reference three different tables within CE";;"CE";0;0;17.11.2016 21:13:19;"8.8.3.6";;0;0
"CE_0160";2;"CE_NORM mit Tab. 0160";;"CE";0;0;25.11.1995 17:28:32;;;0;0
"CE_0160";3;"CE_NORM mit Tab. 0160";;"CE";0;0;6.9.1996 00:00:00;;;0;0
"CE_0160";4;;;"CE";0;0;29.10.2000 11:42:23;;;0;0
"CE_0160";5;;;"CE";0;0;27.2.2001 21:04:26;;;0;0
"CE_0162";2;"CE_NORM mit Tab. 0162";;"CE";0;0;25.11.1995 17:28:32;;;0;0
"CE_0162";3;"CE_NORM mit Tab. 0162";;"CE";0;0;6.9.1996 00:00:00;;;0;0
"CE_0162";4;;;"CE";0;0;29.10.2000 11:42:47;;;0;0
"CE_0162";5;;;"CE";0;0;27.2.2001 21:04:26;;;0;0
"CE_0163";2;"CE_NORM mit Tab. 0163";;"CE";0;0;25.11.1995 17:28:32;;;0;0
"CE_0163";3;"CE_NORM mit Tab. 0163";;"CE";0;0;6.9.1996 00:00:00;;;0;0
"CE_0163";4;;;"CE";0;0;29.10.2000 11:43:04;;;0;0
"CE_0163";5;;;"CE";0;0;3.2.2001 18:19:07;;;0;0
"CE_0164";2;"CE_NORM mit Tab. 0164";;"CE";0;0;25.11.1995 17:28:32;;;0;0
"CE_0164";3;"CE_NORM mit Tab. 0164";;"CE";0;0;6.9.1996 00:00:00;;;0;0
"CE_0164";4;;;"CE";0;0;29.10.2000 11:43:09;;;0;0
"CE_0164";5;;;"CE";0;0;27.2.2001 21:04:26;;;0;0
"CE_0165";2;"CE_NORM mit Tab. 0165";;"CE";0;0;25.11.1995 17:28:32;;;0;0
"CE_0165";3;"CE_NORM mit Tab. 0165";;"CE";0;0;6.9.1996 00:00:00;;;0;0
"CE_0165";4;;;"CE";0;0;29.10.2000 11:43:13;;;0;0
"CE_0165";5;;;"CE";0;0;27.2.2001 21:04:26;;;0;0
"CE_0171";4;;;"CE";0;0;29.10.2000 11:41:05;;;0;0
"CE_0171";5;;;"CE";0;0;27.2.2001 21:04:26;;;0;0
"CE_0172";3;"CE_NORM mit Tab. 0172";;"CE";0;0;6.9.1996 00:00:00;;;0;0
"CE_0172";4;;;"CE";0;0;29.10.2000 11:41:19;;;0;0
"CE_0172";5;;;"CE";0;0;27.2.2001 21:04:26;;;0;0
"CE_0175";2;"CE_NORM mit Tab. 0175";;"CE";0;0;25.11.1995 17:28:32;;;0;0
"CE_0175";3;"CE_NORM mit Tab. 0175";;"CE";0;0;6.9.1996 00:00:00;;;0;0
"CE_0175";4;;;"CE";0;0;29.10.2000 11:49:34;;;0;0
"CE_0175";5;;;"CE";0;0;27.2.2001 21:04:26;;;0;0
"CE_0181";2;"CE_NORM mit Tab. 0181";;"CE";0;0;25.11.1995 17:28:32;;;0;0
"CE_0181";3;"CE_NORM mit Tab. 0181";;"CE";0;0;6.9.1996 00:00:00;;;0;0
"CE_0181";4;;;"CE";0;0;29.10.2000 11:49:51;;;0;0
"CE_0181";5;;;"CE";0;0;27.2.2001 21:04:26;;;0;0
"CE_0184";2;"CE_NORM mit Tab. 0184";;"CE";0;0;25.11.1995 17:28:32;;;0;0
"CE_0184";3;"CE_NORM mit Tab. 0184";;"CE";0;0;6.9.1996 00:00:00;;;0;0
"CE_0184";4;;;"CE";0;0;29.10.2000 11:50:08;;;0;0
"CE_0184";5;;;"CE";0;0;27.2.2001 21:04:26;;;0;0
"CE_0185";3;"CE_NORM mit Tab. 0185";;"CE";0;0;6.9.1996 00:00:00;;;0;0
"CE_0185";4;"CE_NORM mit Tab. 0185";;"CE";0;0;14.4.1999 21:48:20;;;0;0
"CE_0185";5;"CE_NORM mit Tab. 0185";;"CE";0;0;25.3.2000 17:40:30;;;0;0
"CE_0189";4;;;"CE";0;0;29.10.2000 11:40:50;;;0;0
"CE_0189";5;;;"CE";0;0;27.2.2001 21:04:26;;;0;0
"CE_0212";3;"CE_NORM mit Tab. 0212";;"CE";0;0;6.9.1996 00:00:00;;;0;0
"CE_0212";4;;;"CE";0;0;29.10.2000 11:50:52;;;0;0
"CE_0212";5;;;"CE";0;0;27.2.2001 21:04:26;;;0;0
"CE_0215";3;;;"CE";0;0;29.10.2000 11:36:58;;;0;0
"CE_0215";4;;;"CE";0;0;29.10.2000 11:51:20;;;0;0
"CE_0215";5;;;"CE";0;0;27.2.2001 21:04:26;;;0;0
"CE_0218";3;"CE_NORM mit Tab. 0218";;"CE";0;0;6.9.1996 00:00:00;;;0;0
"CE_0218";4;;;"CE";0;0;29.10.2000 11:50:24;;;0;0
"CE_0218";5;;;"CE";0;0;27.2.2001 21:04:26;;;0;0
"CE_0222";3;"CE_NORM mit Tab. 0222";;"CE";0;0;6.9.1996 00:00:00;;;0;0
"CE_0222";4;;;"CE";0;0;29.10.2000 11:51:12;;;0;0
"CE_0222";5;;;"CE";0;0;27.2.2001 21:04:26;;;0;0
"CE_0227";4;;;"CE";0;0;27.2.2001 21:04:26;;;0;0
"CE_0227";5;;;"CE";0;0;27.2.2001 21:04:26;;;0;0
"CE_0233";3;"CE_NORM mit Tab. 0233";;"CE";0;0;6.9.1996 00:00:00;;;0;0
"CE_0233";4;;;"CE";0;0;29.10.2000 11:47:59;;;0;0
"CE_0233";5;;;"CE";0;0;27.2.2001 21:04:26;;;0;0
"CE_0247";3;;;"CE";0;0;29.10.2000 11:37:33;;;0;0
"CE_0247";4;;;"CE";0;0;27.2.2001 21:04:26;;;0;0
"CE_0247";5;;;"CE";0;0;27.2.2001 21:04:26;;;0;0
"CE_0254";3;"CE_NORM mit Tab. 0254";;"CE";0;0;6.9.1996 00:00:00;;;0;0
"CE_0254";4;"CE_NORM mit Tab. 0255";;"CE";0;0;14.4.1999 21:48:20;"8.7.3.42";;0;0
"CE_0254";5;"CE_NORM mit Tab. 0255";;"CE";0;0;25.3.2000 17:40:30;"8.7.3.42";;0;0
"CE_0255";4;"CE_NORM mit Tab. 0255";;"CE";0;0;14.4.1999 21:48:20;"8.7.3.44";;0;0
"CE_0255";5;"CE_NORM mit Tab. 0255";;"CE";0;0;25.3.2000 17:40:30;"8.7.3.44";;0;0
"CE_0258";3;"CE_NORM mit Tab. 0258";;"CE";0;0;6.9.1996 00:00:00;;;0;0
"CE_0258";4;;;"CE";0;0;29.10.2000 11:53:10;;;0;0
"CE_0258";5;;;"CE";0;0;27.2.2001 21:04:26;;;0;0
"CE_0259";3;"CE_NORM mit Tab. 0259";;"CE";0;0;6.9.1996 00:00:00;;;0;0
"CE_0259";4;;;"CE";0;0;29.10.2000 11:53:30;;;0;0
"CE_0259";5;;;"CE";0;0;27.2.2001 21:04:26;;;0;0
"CE_0262";3;"CE_NORM mit Tab. 0262";;"CE";0;0;6.9.1996 00:00:00;;;0;0
"CE_0263";3;"CE_NORM mit Tab. 0263";;"CE";0;0;6.9.1996 00:00:00;;;0;0
"CE_0264";5;;;"CE";0;0;27.2.2001 21:04:26;;;0;0
"CE_0265";3;"CE_NORM mit Tab. 0265";;"CE";0;0;6.9.1996 00:00:00;;;0;0
"CE_0265";4;;;"CE";0;0;27.2.2001 21:04:26;;;0;0
"CE_0265";5;;;"CE";0;0;27.2.2001 21:04:26;;;0;0
"CE_0276";3;"CE_NORM mit Tab. 0276";;"CE";0;0;6.9.1996 00:00:00;;;0;0
"CE_0276";4;;;"CE";0;0;29.10.2000 11:52:21;;;0;0
"CE_0276";5;;;"CE";0;0;27.2.2001 21:04:26;;;0;0
"CE_0277";3;"CE_NORM mit Tab. 0277";;"CE";0;0;6.9.1996 00:00:00;;;0;0
"CE_0277";4;;;"CE";0;0;29.10.2000 11:52:56;;;0;0
"CE_0277";5;;;"CE";0;0;27.2.2001 21:04:26;;;0;0
"CE_0278";3;"CE_NORM mit Tab. 0278";;"CE";0;0;6.9.1996 00:00:00;;;0;0
"CE_0278";4;;;"CE";0;0;29.10.2000 11:52:59;;;0;0
"CE_0278";5;;;"CE";0;0;27.2.2001 21:04:26;;;0;0
"CE_0280";3;"CE_NORM mit Tab. 0280";;"CE";0;0;6.9.1996 00:00:00;;;0;0
"CE_0280";4;"CE_NORM mit Tab. 0280";;"CE";0;0;14.4.1999 21:48:20;;;0;0
"CE_0280";5;"CE_NORM mit Tab. 0280";;"CE";0;0;25.3.2000 17:40:30;;;0;0
"CE_0281";3;"CE_NORM mit Tab. 0281";;"CE";0;0;6.9.1996 00:00:00;;;0;0
"CE_0281";4;"CE_NORM mit Tab. 0281";;"CE";0;0;14.4.1999 21:48:20;;;0;0
"CE_0281";5;"CE_NORM mit Tab. 0281";;"CE";0;0;25.3.2000 17:40:30;;;0;0
"CE_0282";3;"CE_NORM mit Tab. 0282";;"CE";0;0;6.9.1996 00:00:00;;;0;0
"CE_0282";4;"CE_NORM mit Tab. 0282";;"CE";0;0;14.4.1999 21:48:20;;;0;0
"CE_0282";5;"CE_NORM mit Tab. 0282";;"CE";0;0;25.3.2000 17:40:30;;;0;0
"CE_0283";3;"CE_NORM mit Tab. 0283";;"CE";0;0;6.9.1996 00:00:00;;;0;0
"CE_0283";4;"CE_NORM mit Tab. 0283";;"CE";0;0;14.4.1999 21:48:20;;;0;0
"CE_0283";5;"CE_NORM mit Tab. 0283";;"CE";0;0;25.3.2000 17:40:30;;;0;0
"CE_0284";3;"CE_NORM mit Tab. 0284";;"CE";0;0;6.9.1996 00:00:00;;;0;0
"CE_0284";4;"CE_NORM mit Tab. 0284";;"CE";0;0;14.4.1999 21:48:20;;;0;0
"CE_0284";5;"CE_NORM mit Tab. 0284";;"CE";0;0;25.3.2000 17:40:30;;;0;0
"CE_0285";3;"CE_NORM mit Tab. 0285";;"CE";0;0;6.9.1996 00:00:00;;;0;0
"CE_0285";4;"CE_NORM mit Tab. 0285";;"CE";0;0;14.4.1999 21:48:20;;;0;0
"CE_0285";5;"CE_NORM mit Tab. 0285";;"CE";0;0;25.3.2000 17:40:30;;;0;0
"CE_0286";3;"CE_NORM mit Tab. 0286";;"CE";0;0;6.9.1996 00:00:00;;;0;0
"CE_0286";4;;;"CE";0;0;1.3.2001 21:44:06;;;0;0
"CE_0286";5;;;"CE";0;0;27.2.2001 21:04:26;;;0;0
"CE_0292";3;;;"CE";0;0;29.10.2000 11:36:05;;;0;0
"CE_0292";4;;;"CE";0;0;29.10.2000 11:43:35;;;0;0
"CE_0292";5;;;"CE";0;0;27.2.2001 21:04:26;;;0;0
"CE_0293";3;"CE_NORM mit Tab. 0293";;"CE";0;0;6.9.1996 00:00:00;;;0;0
"CE_0293";4;;;"CE";0;0;27.2.2001 21:04:26;;;0;0
"CE_0293";5;;;"CE";0;0;27.2.2001 21:04:26;;;0;0
"CE_0296";3;;;"CE";0;0;29.10.2000 11:35:37;;;0;0
"CE_0296";4;;;"CE";0;0;29.10.2000 11:40:04;;;0;0
"CE_0296";5;;;"CE";0;0;27.2.2001 21:04:26;;;0;0
"CE_0321";3;;;"CE";0;0;29.10.2000 11:38:04;;;0;0
"CE_0324";3;;;"CE";0;0;29.10.2000 11:39:01;;;0;0
"CE_0324";4;;;"CE";0;0;27.2.2001 21:04:26;;;0;0
"CE_0324";5;;;"CE";0;0;27.2.2001 21:04:26;;;0;0
"CE_0325";3;;;"CE";0;0;29.10.2000 11:38:23;;;0;0
"CE_0325";4;;;"CE";0;0;27.2.2001 21:04:26;;;0;0
"CE_0325";5;;;"CE";0;0;27.2.2001 21:04:26;;;0;0
"CE_0336";3;;;"CE";0;0;29.10.2000 11:38:47;;;0;0
"CE_0336";4;;;"CE";0;0;27.2.2001 21:04:26;;;0;0
"CE_0336";5;;;"CE";0;0;27.2.2001 21:04:26;;;0;0
"CE_0339";4;;;"CE";0;0;27.2.2001 21:04:26;;;0;0
"CE_0339";5;;;"CE";0;0;27.2.2001 21:04:26;;;0;0
"CE_0340";4;;;"CE";0;0;27.2.2001 21:04:26;;;0;0
"CE_0340";5;;;"CE";0;0;27.2.2001 21:04:26;;;0;0
"CE_0341";4;;;"CE";0;0;29.10.2000 11:51:17;;;0;0
"CE_0341";5;;;"CE";0;0;27.2.2001 21:04:26;;;0;0
"CE_0342";4;;;"CE";0;0;29.10.2000 11:47:44;;;0;0
"CE_0342";5;;;"CE";0;0;27.2.2001 21:04:26;;;0;0
"CE_0343";4;;;"CE";0;0;29.10.2000 11:51:36;;;0;0
"CE_0343";5;;;"CE";0;0;27.2.2001 21:04:26;;;0;0
"CE_0344";4;;;"CE";0;0;29.10.2000 11:52:12;;;0;0
"CE_0344";5;;;"CE";0;0;27.2.2001 21:04:26;;;0;0
"CE_0345";4;;;"CE";0;0;29.10.2000 11:47:23;;;0;0
"CE_0345";5;;;"CE";0;0;27.2.2001 21:04:26;;;0;0
"CE_0346";4;;;"CE";0;0;29.10.2000 11:47:27;;;0;0
"CE_0346";5;;;"CE";0;0;27.2.2001 21:04:26;;;0;0
"CE_0347";4;;;"CE";0;0;29.10.2000 11:52:16;;;0;0
"CE_0347";5;;;"CE";0;0;27.2.2001 21:04:26;;;0;0
"CE_0348";4;;;"CE";0;0;29.10.2000 11:47:33;;;0;0
"CE_0348";5;;;"CE";0;0;27.2.2001 21:04:26;;;0;0
"CE_0349";4;;;"CE";0;0;29.10.2000 11:47:39;;;0;0
"CE_0349";5;;;"CE";0;0;27.2.2001 21:04:26;;;0;0
"CE_0351";4;;;"CE";0;0;29.10.2000 11:48:46;;;0;0
"CE_0351";5;;;"CE";0;0;27.2.2001 21:04:26;;;0;0
"CE_0357";5;;;"CE";0;0;27.2.2001 21:04:26;;;0;0
"CE_0358";4;;;"CE";0;0;29.10.2000 11:50:02;;;0;0
"CE_0358";5;;;"CE";0;0;27.2.2001 21:04:26;;;0;0
"CE_0364";4;;;"CE";0;0;27.2.2001 21:04:26;;;0;0
"CE_0364";5;;;"CE";0;0;27.2.2001 21:04:26;;;0;0
"CE_0365";5;;;"CE";0;0;27.2.2001 21:04:26;;;0;0
"CE_0366";5;;;"CE";0;0;27.2.2001 21:04:26;;;0;0
"CE_0367";5;;;"CE";0;0;27.2.2001 21:04:26;;;0;0
"CE_0368";5;;;"CE";0;0;27.2.2001 21:04:26;;;0;0
"CE_0369";5;;;"CE";0;0;3.2.2001 18:19:27;;;0;0
"CE_0370";5;;;"CE";0;0;27.2.2001 21:04:26;;;0;0
"CE_0371";5;;;"CE";0;0;27.2.2001 21:04:26;;;0;0
"CE_0373";5;;;"CE";0;0;27.2.2001 21:04:26;;;0;0
"CE_0374";5;;;"CE";0;0;27.2.2001 21:04:26;;;0;0
"CE_0375";5;;;"CE";0;0;27.2.2001 21:04:26;;;0;0
"CE_0376";5;;;"CE";0;0;27.2.2001 21:04:26;;;0;0
"CE_0377";5;;;"CE";0;0;27.2.2001 21:04:26;;;0;0
"CE_0378";5;;;"CE";0;0;27.2.2001 21:04:26;;;0;0
"CE_0379";5;;;"CE";0;0;27.2.2001 21:04:26;;;0;0
"CE_0380";5;;;"CE";0;0;27.2.2001 21:04:26;;;0;0
"CE_0381";5;;;"CE";0;0;27.2.2001 21:04:26;;;0;0
"CE_0382";5;;;"CE";0;0;27.2.2001 21:04:26;;;0;0
"CE_0383";5;;;"CE";0;0;27.2.2001 21:04:26;;;0;0
"CE_0384";5;;;"CE";0;0;27.2.2001 21:04:26;;;0;0
"CE_0385";5;;;"CE";0;0;27.2.2001 21:04:26;;;0;0
"CE_0386";5;;;"CE";0;0;27.2.2001 21:04:26;;;0;0
"CE_0387";5;;;"CE";0;0;27.2.2001 21:04:26;;;0;0
"CE_0388";5;;;"CE";0;0;27.2.2001 21:04:26;;;0;0
"CE_0389";5;;;"CE";0;0;27.2.2001 21:04:26;;;0;0
"CE_0393";5;;;"CE";0;0;27.2.2001 21:04:26;;;0;0
"CE_0394";5;;;"CE";0;0;27.2.2001 21:04:26;;;0;0
"CE_0401";5;;;"CE";0;0;27.2.2001 21:04:26;;;0;0
"CE_0402";5;;;"CE";0;0;27.2.2001 21:04:26;;;0;0
"CE_0403";5;;;"CE";0;0;27.2.2001 21:04:26;;;0;0
"CE_0404";5;;;"CE";0;0;27.2.2001 21:04:26;;;0;0
"CE_0405";5;;;"CE";0;0;27.2.2001 21:04:26;;;0;0
"CE_0406";5;;;"CE";0;0;27.2.2001 21:04:26;;;0;0
"CE_0411";5;;;"CE";0;0;27.2.2001 21:04:26;;;0;0
"CE_0412";5;;;"CE";0;0;27.2.2001 21:04:26;;;0;0
"CE_0413";5;;;"CE";0;0;27.2.2001 21:04:26;;;0;0
"CE_0414";5;;;"CE";0;0;27.2.2001 21:04:26;;;0;0
"CE_0417";5;;;"CE";0;0;27.2.2001 21:04:26;;;0;0
"CE_0421";5;;;"CE";0;0;27.2.2001 21:04:26;;;0;0
"CE_0422";5;;;"CE";0;0;27.2.2001 21:04:26;;;0;0
"CE_0423";5;;;"CE";0;0;27.2.2001 21:04:26;;;0;0
"CE_0424";5;;;"CE";0;0;27.2.2001 21:04:26;;;0;0
"CE_0425";5;;;"CE";0;0;27.2.2001 21:04:26;;;0;0
"CE_0426";5;;;"CE";0;0;27.2.2001 21:04:26;;;0;0
"CE_0427";5;;;"CE";0;0;27.2.2001 21:04:26;;;0;0
"CE_0428";5;;;"CE";0;0;27.2.2001 21:04:26;;;0;0
"CE_0429";5;;;"CE";0;0;27.2.2001 21:04:26;;;0;0
"CE_0430";5;;;"CE";0;0;27.2.2001 21:04:26;;;0;0
"CE_0431";5;;;"CE";0;0;27.2.2001 21:04:26;;;0;0
"CE_0432";5;;;"CE";0;0;27.2.2001 21:04:26;;;0;0
"CE_0433";5;;;"CE";0;0;27.2.2001 21:04:26;;;0;0
"CE_0434";5;;;"CE";0;0;27.2.2001 21:04:26;;;0;0
"CE_0435";5;;;"CE";0;0;27.2.2001 21:04:26;;;0;0
"CE_0436";5;;;"CE";0;0;27.2.2001 21:04:26;;;0;0
"CE_0437";5;;;"CE";0;0;27.2.2001 21:04:26;;;0;0
"CE_0438";5;;;"CE";0;0;27.2.2001 21:04:26;;;0;0
"CE_0443";5;;;"CE";0;0;27.2.2001 21:04:26;;;0;0
"CE_0446";5;;;"CE";0;0;27.2.2001 21:04:26;;;0;0
"CE_0447";5;;;"CE";0;0;27.2.2001 21:04:26;;;0;0
"CE_0450";5;;;"CE";0;0;27.2.2001 21:04:26;;;0;0
"CE_0451";5;;;"CE";0;0;27.2.2001 21:04:26;;;0;0
"CE_0452";5;;;"CE";0;0;27.2.2001 21:04:26;;;0;0
"CE_0453";5;;;"CE";0;0;27.2.2001 21:04:26;;;0;0
"CE_0454";5;;;"CE";0;0;27.2.2001 21:04:26;;;0;0
"CE_0461";5;;;"CE";0;0;27.2.2001 21:04:26;;;0;0
"CE_0462";5;;;"CE";0;0;27.2.2001 21:04:26;;;0;0
"CE_0463";5;;;"CE";0;0;27.2.2001 21:04:26;;;0;0
"CE_0464";5;;;"CE";0;0;27.2.2001 21:04:26;;;0;0
"CE_0466";5;;;"CE";0;0;27.2.2001 21:04:26;;;0;0
"CE_0471";5;;;"CE";0;0;27.2.2001 21:04:26;;;0;0
"CE_0474";5;;;"CE";0;0;27.2.2001 21:04:26;;;0;0
"CF";2;"coded element with formatted values";"kodierte Informationen mit formatierten Text";"CF";0;0;25.11.1995 17:28:32;;;0;0
"CF";3;"coded element with formatted values";"kodierte Informationen mit formatierten Text";"CF";0;0;7.9.1996 10:22:50;"2.8.4";;0;0
"CF";4;"coded element with formatted values";"kodierte Informationen mit formatierten Text";"CF";0;0;23.7.2003 22:25:10;"2.8.4";"ch2.html#Heading37";0;0
"CF";5;"coded element with formatted values";"kodierte Informationen mit formatierten Text";"CF";0;0;13.1.2002 01:43:25;"2.9.4";"ch02.htm#Heading42";0;0
"CF";6;"Coded Element with Formatted Values";"kodierte Informationen mit formatierten Text";"CF";0;0;22.8.2003 12:51:54;"2.A.7";"ch02A.html#Heading42";0;0
"CF";7;"Coded Element with Formatted Values";"kodierte Informationen mit formatierten Text";"CF";0;0;26.10.2007 18:06:25;"2.A.7";"ch02a.html#Heading36";0;0
"CF";8;"Coded Element with Formatted Values";"kodierte Informationen mit formatierten Text";"CF";0;0;6.3.2011 21:49:42;"2.A.7";"ch02a.html#Heading36";0;0
"CF";9;"Coded Element with Formatted Values";"kodierte Informationen mit formatierten Text";"CF";0;0;17.3.2014 23:01:47;"2.A.7";"ch02a.html#Heading36";0;0
"CF";10;"Coded Element with Formatted Values";"kodierte Informationen mit formatierten Text";"CF";0;0;6.1.2020 11:24:21;"2A.3.7";"ch02A.html#Heading350";0;0
"CF";60;"Coded Element with Formatted Values";"kodierte Informationen mit formatierten Text";"CF";0;0;22.8.2003 12:51:54;"2.A.7";"ch02A.html#Heading42";0;0
"CF";61;"Coded Element with Formatted Values";"kodierte Informationen mit formatierten Text";"CF";0;0;8.5.2007 22:24:13;"2.A.1.7";"ch02a.html#Heading42";0;0
"CF";81;"Coded Element with Formatted Values";"kodierte Informationen mit formatierten Text";"CF";0;0;10.3.2013 21:57:51;"2.A.7";"ch02a.html#Heading30";0;0
"CF";91;"Coded Element with Formatted Values";"kodierte Informationen mit formatierten Text";"CF";0;0;2.11.2014 16:32:34;"2.A.7";"ch02a.html#Heading36";0;0
"CF";92;"Coded Element with Formatted Values";"kodierte Informationen mit formatierten Text";"CF";0;0;13.7.2015 12:47:55;"2.A.7";"ch02a.html#Heading36";0;0
"CK";1;"composite ID with check digit";;"CK";0;0;7.4.1999 22:35:33;;;0;0
"CK";2;"composite ID with check digit";;"CK";0;0;11.4.1999 14:37:10;;;0;0
"CK";3;"composite ID with check digit";;"CK";0;0;27.5.1996 22:18:38;"2.8.5";;0;0
"CK";4;"composite ID with check digit";;"CK";0;0;14.4.1999 21:48:20;"2.8.5";"ch2.html#Heading38";0;0
"CK";5;"composite ID with check digit";;"CK";0;0;25.3.2000 17:40:30;"2.9.5";"ch02.htm#Heading43";0;0
"CK_ACCOUNT_NO";2;"Abrechnungsnummer";;"CK";0;0;25.11.1995 17:28:32;;;0;0
"CK_PAT_ID";2;"CK für Patienten-IDs";;"CK";0;0;25.11.1995 17:28:32;;;0;0
"CM";1;;;"CM";0;0;7.4.1999 22:35:29;;;0;0
"CM_ABS_RANGE";2;"absolute range";"absoluter Bereich (für Untersuchungen)";"CM";0;0;17.12.1995 14:44:25;;;0;0
"CM_ABS_RANGE";3;"absolute range";"absoluter Bereich (für Untersuchungen)";"CM";0;0;3.2.2001 17:23:47;;;0;0
"CM_AUI";2;"authorization information";"Aktenzeichen der Kostenübernahme";"CM";0;0;25.11.1995 17:28:32;;;0;0
"CM_AUI";3;"authorization information";"Aktenzeichen der Kostenübernahme";"CM";0;0;2.2.2001 00:00:00;;;0;0
"CM_BATCH_TOTAL";2;"CM for Batch Totals";"CM für Batch Totals";"CM";0;0;25.11.1995 17:28:32;;;0;0
"CM_CCD";2;"charge time";"Abrechnungszeitpunkt";"CM";0;0;25.11.1995 17:28:32;;;0;0
"CM_CCD";3;"charge time";"Abrechnungszeitpunkt";"CM";0;0;2.2.2001 00:00:00;;;0;0
"CM_CCP";3;"channel calibration parameters";;"CM";0;0;6.3.2001 21:04:10;;;0;0
"CM_CD_ELECTRODE";3;;;"CM";0;0;6.3.2001 21:04:42;;;0;0
"CM_CSU";3;"channel sensitivity/units";;"CM";0;0;6.3.2001 21:03:08;;;0;0
"CM_DDI";2;"daily deductible";"Verringerung des Erstattungsbetrages nach Tagen";"CM";0;0;25.11.1995 17:28:32;;;0;0
"CM_DDI";3;"daily deductible";"Verringerung des Erstattungsbetrages nach Tagen";"CM";0;0;2.2.2001 00:00:00;;;0;0
"CM_DIN";2;"activation date";"Gültigkeitszeitraum";"CM";0;0;25.11.1995 17:28:32;;;0;0
"CM_DIN";3;"activation date";"Gültigkeitszeitraum";"CM";0;0;2.2.2001 00:00:00;;;0;0
"CM_DLD";2;"discharge location";"Entlassen nach";"CM";0;0;25.11.1995 17:28:32;;;0;0
"CM_DLD";3;"discharge location";"Entlassen nach";"CM";0;0;2.2.2001 00:00:00;;;0;0
"CM_DLT";2;"delta check";;"CM";0;0;3.2.2001 17:25:19;;;0;0
"CM_DLT";3;"delta check";;"CM";0;0;3.2.2001 17:23:52;;;0;0
"CM_DTN";2;"Day Type and Number";;"CM";0;0;25.11.1995 17:28:32;;;0;0
"CM_DTN";3;"Day Type and Number";;"CM";0;0;2.2.2001 00:00:00;;;0;0
"CM_EIP";2;"parent order";"Verweis auf Hauptauftrag";"CM";0;0;25.11.1995 17:28:32;;;0;0
"CM_EIP";3;"parent order";"Verweis auf Hauptauftrag";"CM";0;0;2.2.2001 00:00:00;;;0;0
"CM_ELD";2;"error";"Fehler";"CM";0;0;25.11.1995 17:28:32;;;0;0
"CM_ELD";3;"error";"Fehler";"CM";0;0;2.2.2001 00:00:00;"2";;0;0
"CM_FILLER";2;"Bearbeitungsnummer der Leistungsstelle";"Bearbeitungsnummer der Leistungsstelle";"CM";0;0;25.11.1995 17:28:32;;;0;0
"CM_FINANCE";2;"CM für Finanzen";"CM für Finanzen";"CM";0;0;25.11.1995 17:28:32;;;0;0
"CM_GROUP_ID";2;"Auftragsgruppennummer";"Auftragsgruppennummer";"CM";0;0;25.11.1995 17:28:32;;;0;0
"CM_INTERNAL_LOCATION";2;"CM für Ortsangaben im Krankenhaus";"CM für Ortsangaben im Krankenhaus";"CM";0;0;25.11.1995 17:28:32;;;0;0
"CM_JOB_CODE";2;"Berufsbezeichnung";"Berufsbezeichnung";"CM";0;0;25.11.1995 17:28:32;;;0;0
"CM_LA1";2;"Location with address information";"CM für Orts- u. Adressangaben";"CM";0;0;25.11.1995 17:28:32;;;0;0
"CM_LA1";3;"Location with address information";"CM für Orts- u. Adressangaben";"CM";0;0;2.2.2001 00:00:00;;;0;0
"CM_LICENSE_NO";2;"CM für Führerscheinlizenzen";"CM für Führerscheinlizenzen";"CM";0;0;25.11.1995 17:28:32;;;0;0
"CM_MDV";3;"minimum/maximum data values";;"CM";0;0;6.3.2001 21:03:48;;;0;0
"CM_MOC";2;"Charge To Practise";;"CM";0;0;25.11.1995 17:28:32;;;0;0
"CM_MOC";3;"Charge To Practise";;"CM";0;0;2.2.2001 00:00:00;;;0;0
"CM_MSG";2;"Message Type";"Nachrichtentyp";"CM";0;0;25.11.1995 17:28:32;;;0;0
"CM_MSG";3;"Message Type";"Nachrichtentyp";"CM";0;0;21.2.1998 17:41:48;;;0;0
"CM_NDL";2;"observing practitioner";"Teilnehmer an Beobachtung/Untersuchung";"CM";0;0;25.11.1995 17:28:32;;;0;0
"CM_NDL";3;"observing practitioner";"Teilnehmer an Beobachtung/Untersuchung";"CM";0;0;2.2.2001 00:00:00;;;0;0
"CM_OCD";2;"occurence";;"CM";0;0;25.11.1995 17:28:32;;;0;0
"CM_OCD";3;"occurence";;"CM";0;0;2.2.2001 00:00:00;;;0;0
"CM_OSD";3;"order sequence";;"CM";0;0;11.3.2001 10:59:00;"4.4";;0;0
"CM_OSP";2;"occurence span";;"CM";0;0;25.11.1995 17:28:32;;;0;0
"CM_OSP";3;"occurence span";;"CM";0;0;2.2.2001 00:00:00;"6.5.11.8";;0;0
"CM_PAT_ID";2;"Patient ID";"CM für Patienten-Ids";"CM";0;0;25.11.1995 17:28:32;;;0;0
"CM_PAT_ID_0192";2;"Patient ID with table 0192";"CM für Patienten-IDs mit Tab. 0192";"CM";0;0;25.11.1995 17:28:32;;;0;0
"CM_PCF";2;"Pre-certification required";;"CM";0;0;25.11.1995 17:28:32;;;0;0
"CM_PCF";3;"Pre-certification required";;"CM";0;0;2.2.2001 00:00:00;"6.4.8.20";;0;0
"CM_PEN";2;"penalty";;"CM";0;0;25.11.1995 17:28:32;;;0;0
"CM_PEN";3;"penalty";;"CM";0;0;2.2.2001 00:00:00;;;0;0
"CM_PI";3;"person identifier";;"CM";0;0;3.2.2001 11:23:23;"11";;0;0
"CM_PIP";2;"Privileges";;"CM";0;0;25.11.1995 17:28:32;;;0;0
"CM_PIP";3;"Privileges";;"CM";0;0;10.9.1996 20:43:40;;;0;0
"CM_PLACER";2;"Auftragsnummer des Auftraggebers / der auftraggebenden Stelle";;"CM";0;0;25.11.1995 17:28:32;;;0;0
"CM_PLN";2;"Practitioner ID Numbers";;"CM";0;0;25.11.1995 17:28:32;;;0;0
"CM_PLN";3;"Practitioner ID Numbers";;"CM";0;0;2.2.2001 00:00:00;"8";;0;0
"CM_POSITION";2;"Sitzplatz bzw. Saal / Tisch / Stuhl";"Sitzplatz bzw. Saal / Tisch / Stuhl";"CM";0;0;25.11.1995 17:28:32;;;0;0
"CM_PRACTITIONER";2;"Maßnahme durchgeführt von";"Maßnahme durchgeführt von";"CM";0;0;25.11.1995 17:28:32;;;0;0
"CM_PRL";3;"parent result link";;"CM";0;0;3.2.2001 16:14:09;;;0;0
"CM_PTA";2;"Policy Type";"Art und Umfang der Versicherung";"CM";0;0;25.11.1995 17:28:32;;;0;0
"CM_PTA";3;"Policy Type";"Art und Umfang der Versicherung";"CM";0;0;10.9.1996 20:43:20;;;0;0
"CM_RANGE";2;"Wertebereich";"Wertebereich";"CM";0;0;10.9.2011 00:00:00;;;0;0
"CM_RANGE";3;"Wertebereich";"Wertebereich";"CM";0;0;2.2.2001 00:00:00;;;0;0
"CM_RFR";2;"reference range";"Referenzbereich";"CM";0;0;17.12.1995 14:24:41;;;0;0
"CM_RFR";3;"reference range";"Referenzbereich";"CM";0;0;4.12.2002 00:00:00;;;0;0
"CM_RI";2;"interval";;"CM";0;0;25.11.1995 17:28:32;;;0;0
"CM_RI";3;"interval";;"CM";0;0;11.3.2001 10:58:49;"4.4";;0;0
"CM_RMC";2;"Room Coverage";"Zimmertyp";"CM";0;0;25.11.1995 17:28:32;;;0;0
"CM_RMC";3;"Room Coverage";"Zimmertyp";"CM";0;0;10.9.1996 20:43:12;;;0;0
"CM_SPD";2;"Specialty";;"CM";0;0;25.11.1995 17:28:32;;;0;0
"CM_SPD";3;"Specialty";;"CM";0;0;2.2.2001 00:00:00;;;0;0
"CM_SPS";2;"specimen source";"Art des Materials";"CM";0;0;25.11.1995 17:28:32;;;0;0
"CM_SPS";3;"specimen source";"Art des Materials";"CM";0;0;2.2.2001 00:00:00;;;0;0
"CM_UNDEFINED";1;"undefined CM data type";;"CM";0;0;25.11.1995 17:28:32;;;0;0
"CM_UNDEFINED";2;"undefined CM data type";;"CM";0;0;25.11.1995 17:28:32;;;0;0
"CM_UVC";2;"Value code and amount";;"CM";0;0;25.11.1995 17:28:32;;;0;0
"CM_UVC";3;"Value code and amount";;"CM";0;0;2.2.2001 00:00:00;;;0;0
"CM_VR";2;"value qualifier";;"CM";0;0;25.11.1995 17:28:32;;;0;0
"CM_VR";3;"value qualifier";;"CM";0;0;2.2.2001 00:00:00;;;0;0
"CM_WVI";3;"channel identifier";;"CM";0;0;6.3.2001 21:02:10;;;0;0
"CN";1;"composite ID number and name";;"CN";0;0;7.4.1999 22:35:23;;;0;0
"CN";3;"Composite ID number and name (2.8.7)";;"CN";0;0;27.5.1996 22:19:14;"2.8.7";;0;0
"CN";4;"composite ID number and name";;"CN";0;0;14.4.1999 21:48:20;"2.8.7";"ch2.html#Heading45";0;0
"CN";5;"composite ID number and name";;"CN";0;0;25.3.2000 17:40:30;"2.9.7";"ch02.htm#Heading50";0;0
"CN_PERSON";2;"CN für Personen";"CN für Personen";"CN";0;0;25.11.1995 17:28:32;;;0;0
"CN_PHYSICIAN";2;"CN für Ärzte";"CN für Ärzte";"CN";0;0;25.11.1995 17:28:32;;;0;0
"CNE";4;"coded with no exceptions";;"CNE";0;0;14.4.1999 21:48:20;"2.8.8";"ch2.html#Heading55";0;0
"CNE";5;"coded with no exceptions";;"CNE";0;0;25.3.2000 17:40:30;"2.9.8";"ch02.htm#Heading61";0;0
"CNE";6;"Coded with No Exceptions";"kodierte Information (mit Codes, nicht erweiterbar)";"CNE";0;0;22.8.2003 12:51:54;"2.A.8";"ch02A.html#Heading50";0;0
"CNE";7;"Coded with No Exceptions";"kodierte Information (mit Codes, nicht erweiterbar)";"CNE";0;0;26.10.2007 18:06:25;"2.A.8";"ch02a.html#Heading44";1;0
"CNE";8;"Coded with No Exceptions";"kodierte Information (mit Codes, nicht erweiterbar)";"CNE";0;0;6.3.2011 21:49:42;"2.A.8";"ch02a.html#Heading60";0;0
"CNE";9;"Coded with No Exceptions";"kodierte Information (mit Codes, nicht erweiterbar)";"CNE";0;0;17.3.2014 23:01:47;"2.A.8";"ch02a.html#Heading60";0;0
"CNE";10;"Coded with No Exceptions";"kodierte Information (mit Codes, nicht erweiterbar)";"CNE";0;0;6.1.2020 11:24:21;"2A.3.8";"ch02A.html#Heading373";0;0
"CNE";60;"Coded with No Exceptions";"kodierte Information (mit Codes, nicht erweiterbar)";"CNE";0;0;22.8.2003 12:51:54;"2.A.8";"ch02A.html#Heading50";0;0
"CNE";61;"Coded with No Exceptions";"kodierte Information (mit Codes, nicht erweiterbar)";"CNE";0;0;8.5.2007 22:24:13;"2.A.1.8";"ch02a.html#Heading50";0;0
"CNE";81;"Coded with No Exceptions";"kodierte Information (mit Codes, nicht erweiterbar)";"CNE";0;0;10.3.2013 21:57:51;"2.A.8";"ch02a.html#Heading53";0;0
"CNE";91;"Coded with No Exceptions";"kodierte Information (mit Codes, nicht erweiterbar)";"CNE";0;0;2.11.2014 16:32:34;"2.A.8";"ch02a.html#Heading60";0;0
"CNE";92;"Coded with No Exceptions";"kodierte Information (mit Codes, nicht erweiterbar)";"CNE";0;0;13.7.2015 12:47:55;"2.A.8";"ch02a.html#Heading60";0;0
"CNN";5;"composite ID number and name (special DT for NDL)";;"CN";0;0;14.2.2003 18:16:29;;;0;0
"CNN";6;"Composite ID Number and Name Simplified";;"CNN";0;0;22.8.2003 12:51:54;"2.A.9";"ch02A.html#Heading61";0;0
"CNN";7;"Composite ID Number and Name Simplified";"-";"CNN";0;0;26.10.2007 18:06:25;"2.A.9";"ch02a.html#Heading55";0;0
"CNN";8;"Composite ID Number and Name Simplified";;"CNN";0;0;6.3.2011 21:49:42;"2.A.9";"ch02a.html#Heading84";0;0
"CNN";9;"Composite ID Number and Name Simplified";;"CNN";0;0;17.3.2014 23:01:47;"2.A.9";"ch02a.html#Heading84";0;0
"CNN";10;"Composite ID Number and Name Simplified";;"CNN";0;0;6.1.2020 11:24:21;"2A.3.9";"ch02A.html#Heading396";0;0
"CNN";60;"Composite ID Number and Name Simplified";;"CNN";0;0;22.8.2003 12:51:54;"2.A.9";"ch02A.html#Heading61";0;0
"CNN";61;"Composite ID Number and Name Simplified";"Person (ID-Nr und Name), vereinfachte Form";"CNN";0;0;8.5.2007 22:24:13;"2.A.1.9";"ch02a.html#Heading61";0;0
"CNN";81;"Composite ID Number and Name Simplified";;"CNN";0;0;10.3.2013 21:57:51;"2.A.9";"ch02a.html#Heading76";0;0
"CNN";91;"Composite ID Number and Name Simplified";;"CNN";0;0;2.11.2014 16:32:34;"2.A.9";"ch02a.html#Heading84";0;0
"CNN";92;"Composite ID Number and Name Simplified";;"CNN";0;0;13.7.2015 12:47:55;"2.A.9";"ch02a.html#Heading84";0;0
"CNS";4;"Composite ID number and Name simplified";;"CNS";0;0;28.12.2002 21:31:21;;;0;0
"COMP_ID_DIGIT";1;"COMPOSITE ID W/CHK DIGIT";;"CK";0;0;25.11.1995 17:28:32;;;0;0
"COMP_ID_DIGIT";2;"COMPOSITE ID W/CHK DIGIT";;"CK";0;0;25.11.1995 17:28:32;;;0;0
"COMP_ID_NAME";1;"COMPOSITE ID AND NAME";;"CN";0;0;25.11.1995 17:28:32;;;0;0
"COMP_ID_NAME";2;"COMPOSITE ID AND NAME";;"CN";0;0;25.11.1995 17:28:32;;;0;0
"COMP_QUANT";1;"COMPOSITE QUANTITY/UNITS";;"CQ";0;0;25.11.1995 17:28:32;;;0;0
"CP";3;"Composite Price";"Kosten";"CP";0;0;27.5.1996 22:19:20;"2.8.8";;0;0
"CP";4;"composite price";"Kosten";"CP";0;0;14.4.1999 21:48:20;"2.8.9";"ch2.html#Heading66";0;0
"CP";5;"composite price";"Kosten";"CP";0;0;25.3.2000 17:40:30;"2.9.9";"ch02.htm#Heading73";0;0
"CP";6;"Composite Price";"Kosten";"CP";0;0;22.8.2003 12:51:54;"2.A.10";"ch02A.html#Heading74";0;0
"CP";7;"Composite Price";"Kosten";"CP";0;0;26.10.2007 18:06:25;"2.A.10";"ch02a.html#Heading68";0;0
"CP";8;"Composite Price";"Kosten";"CP";0;0;6.3.2011 21:49:42;"2.A.10";"ch02a.html#Heading97";0;0
"CP";9;"Composite Price";"Kosten";"CP";0;0;17.3.2014 23:01:47;"2.A.10";"ch02a.html#Heading97";0;0
"CP";10;"Composite Price";"Kosten";"CP";0;0;6.1.2020 11:24:21;"2A.3.10";"ch02A.html#Heading408";0;0
"CP";60;"Composite Price";"Kosten";"CP";0;0;22.8.2003 12:51:54;"2.A.10";"ch02A.html#Heading74";0;0
"CP";61;"Composite Price";"Kosten";"CP";0;0;8.5.2007 22:24:13;"2.A.1.10";"ch02a.html#Heading74";0;0
"CP";81;"Composite Price";"Kosten";"CP";0;0;10.3.2013 21:57:51;"2.A.10";"ch02a.html#Heading88";0;0
"CP";91;"Composite Price";"Kosten";"CP";0;0;2.11.2014 16:32:34;"2.A.10";"ch02a.html#Heading97";0;0
"CP";92;"Composite Price";"Kosten";"CP";0;0;13.7.2015 12:47:55;"2.A.10";"ch02a.html#Heading97";0;0
"CQ";1;"composite quantity with units";"Menge mit Einheit";"CQ";0;0;7.4.1999 22:35:37;;;0;0
"CQ";3;"composite quantity with units";"Menge mit Einheit";"CQ";0;0;27.5.1996 22:19:46;"2.8.9";;0;0
"CQ";4;"composite quantity with units";"Menge mit Einheit";"CQ";0;0;14.4.1999 21:48:20;"2.8.10";"ch2.html#Heading73";0;0
"CQ";5;"composite quantity with units";"Menge mit Einheit";"CQ";0;0;25.3.2000 17:40:30;"2.9.10";"ch02.htm#Heading81";0;0
"CQ";6;"Composite Quantity with Units";"Menge mit Einheit";"CQ";0;0;22.8.2003 12:51:54;"2.A.11";"ch02A.html#Heading82";0;0
"CQ";7;"Composite Quantity with Units";"Menge mit Einheit";"CQ";0;0;26.10.2007 18:06:25;"2.A.11";"ch02a.html#Heading76";0;0
"CQ";8;"Composite Quantity with Units";"Menge mit Einheit";"CQ";0;0;6.3.2011 21:49:42;"2.A.11";"ch02a.html#Heading105";0;0
"CQ";9;"Composite Quantity with Units";"Menge mit Einheit";"CQ";0;0;17.3.2014 23:01:47;"2.A.11";"ch02a.html#Heading105";0;0
"CQ";10;"Composite Quantity with Units";"Menge mit Einheit";"CQ";0;0;6.1.2020 11:24:21;"2A.3.11";"ch02A.html#Heading415";0;0
"CQ";60;"Composite Quantity with Units";"Menge mit Einheit";"CQ";0;0;22.8.2003 12:51:54;"2.A.11";"ch02A.html#Heading82";0;0
"CQ";61;"Composite Quantity with Units";"Menge mit Einheit";"CQ";0;0;8.5.2007 22:24:13;"2.A.1.11";"ch02a.html#Heading82";0;0
"CQ";81;"Composite Quantity with Units";"Menge mit Einheit";"CQ";0;0;10.3.2013 21:57:51;"2.A.11";"ch02a.html#Heading95";0;0
"CQ";91;"Composite Quantity with Units";"Menge mit Einheit";"CQ";0;0;2.11.2014 16:32:34;"2.A.11";"ch02a.html#Heading105";0;0
"CQ";92;"Composite Quantity with Units";"Menge mit Einheit";"CQ";0;0;13.7.2015 12:47:55;"2.A.11";"ch02a.html#Heading105";0;0
"CQ_COMP_QUANT";2;"COMPOSITE QUANTITY WITH UNITS";"Menge mit Einheit";"CQ";0;0;25.11.1995 17:28:32;;;0;0
"CQ_QUANTITY";2;"CQ für Mengenangaben";;"CQ";0;0;25.11.1995 17:28:32;;;0;0
"CSU";4;"channel sensitivity/units";"Kanalempfiindlichkeit";"CSU";0;0;30.12.2001 18:58:10;;;0;0
"CSU";5;"channel sensitivity/units";"Kanalempfiindlichkeit";"CSU";0;0;29.11.2001 00:00:00;"7.13.1.3";;0;0
"CSU";6;"Channel Sensitivity";"Kanalempfiindlichkeit";"CSU";0;0;22.8.2003 12:51:54;"2.A.12";"ch02A.html#Heading86";0;0
"CSU";7;"Channel Sensitivity and Units";"Kanalempfiindlichkeit";"CSU";0;0;26.10.2007 18:06:25;"2.A.12";"ch02a.html#Heading80";0;0
"CSU";8;"Channel Sensitivity and Units";"Kanalempfiindlichkeit";"CSU";0;0;6.3.2011 21:49:42;"2.A.12";"ch02a.html#Heading109";0;0
"CSU";9;"Channel Sensitivity and Units";"Kanalempfiindlichkeit";"CSU";0;0;17.3.2014 23:01:47;"2.A.12";"ch02a.html#Heading109";0;0
"CSU";10;"Channel Sensitivity and Units";"Kanalempfiindlichkeit";"CSU";0;0;6.1.2020 11:24:21;"2A.3.12";"ch02A.html#Heading418";0;0
"CSU";60;"Channel Sensitivity";"Kanalempfiindlichkeit";"CSU";0;0;22.8.2003 12:51:54;"2.A.12";"ch02A.html#Heading86";0;0
"CSU";61;"Channel Sensitivity";"Kanalempfiindlichkeit";"CSU";0;0;8.5.2007 22:24:13;"2.A.1.12";"ch02a.html#Heading86";0;0
"CSU";81;"Channel Sensitivity and Units";"Kanalempfiindlichkeit";"CSU";0;0;10.3.2013 21:57:51;"2.A.12";"ch02a.html#Heading98";0;0
"CSU";91;"Channel Sensitivity and Units";"Kanalempfiindlichkeit";"CSU";0;0;2.11.2014 16:32:34;"2.A.12";"ch02a.html#Heading109";0;0
"CSU";92;"Channel Sensitivity and Units";"Kanalempfiindlichkeit";"CSU";0;0;13.7.2015 12:47:55;"2.A.12";"ch02a.html#Heading109";0;0
"CWE";4;"coded with exceptions";"-";"CWE";0;0;14.4.1999 21:48:20;"2.8.11";"ch2.html#Heading76";0;0
"CWE";5;"coded with exceptions";"-";"CWE";0;0;25.3.2000 17:40:30;"2.9.11";"ch02.htm#Heading85";0;0
"CWE";6;"Coded with Exceptions";"kodierte Information (ggf. nur Text, erweiterbar)";"CWE";0;0;22.8.2003 12:51:54;"2.A.13";"ch02A.html#Heading95";0;0
"CWE";7;"Coded with Exceptions";"kodierte Information (ggf. nur Text, erweiterbar)";"CWE";0;0;26.10.2007 18:06:25;"2.A.13";"ch02a.html#Heading89";1;0
"CWE";8;"Coded with Exceptions";"kodierte Information (ggf. nur Text, erweiterbar)";"CWE";0;0;6.3.2011 21:49:42;"2.A.13";"ch02a.html#Heading134";0;0
"CWE";9;"Coded with Exceptions";"kodierte Information (ggf. nur Text, erweiterbar)";"CWE";0;0;17.3.2014 23:01:47;"2.A.13";"ch02a.html#Heading134";0;0
"CWE";10;"Coded with Exceptions";"kodierte Information (ggf. nur Text, erweiterbar)";"CWE";0;0;6.1.2020 11:24:21;"2A.3.13";"ch02A.html#Heading442";0;0
"CWE";60;"Coded with Exceptions";"kodierte Information (ggf. nur Text, erweiterbar)";"CWE";0;0;22.8.2003 12:51:54;"2.A.13";"ch02A.html#Heading95";0;0
"CWE";61;"Coded with Exceptions";"kodierte Information (ggf. nur Text, erweiterbar)";"CWE";0;0;8.5.2007 22:24:13;"2.A.1.13";"ch02a.html#Heading95";0;0
"CWE";81;"Coded with Exceptions";"kodierte Information (ggf. nur Text, erweiterbar)";"CWE";0;0;10.3.2013 21:57:51;"2.A.13";"ch02a.html#Heading122";0;0
"CWE";91;"Coded with Exceptions";"kodierte Information (ggf. nur Text, erweiterbar)";"CWE";0;0;2.11.2014 16:32:34;"2.A.13";"ch02a.html#Heading134";0;0
"CWE";92;"Coded with Exceptions";"kodierte Information (ggf. nur Text, erweiterbar)";"CWE";0;0;13.7.2015 12:47:55;"2.A.13";"ch02a.html#Heading134";0;0
"CWE";630;"Coded with Exceptions";;"CWE";0;0;6.7.2015 16:59:32;;;0;0
"CX";3;"extended composite ID with check digit";"ID mit Prüfziffer";"CX";0;0;27.5.1996 22:17:20;"2.8.10";;0;0
"CX";4;"extended composite ID with check digit";"ID mit Prüfziffer";"CX";0;0;14.4.1999 21:48:20;"2.8.12";"ch2.html#Heading88";0;0
"CX";5;"extended composite ID with check digit";"ID mit Prüfziffer";"CX";0;0;25.3.2000 17:40:30;"2.9.12";"ch02.htm#Heading97";0;0
"CX";6;"Extended Composite ID with Check Digit";"ID mit Prüfziffer";"CX";0;0;22.8.2003 12:51:54;"2.A.14";"ch02A.html#Heading106";0;0
"CX";7;"Extended Composite ID with Check Digit";"ID mit Prüfziffer";"CX";0;0;26.10.2007 18:06:25;"2.A.14";"ch02a.html#Heading100";1;0
"CX";8;"Extended Composite ID with Check Digit";"ID mit Prüfziffer";"CX";0;0;6.3.2011 21:49:42;"2.A.14";"ch02a.html#Heading158";0;0
"CX";9;"Extended Composite ID with Check Digit";"ID mit Prüfziffer";"CX";0;0;17.3.2014 23:01:47;"2.A.14";"ch02a.html#Heading158";0;0
"CX";10;"Extended Composite ID with Check Digit";"ID mit Prüfziffer";"CX";0;0;6.1.2020 11:24:21;"2A.3.14";"ch02A.html#Heading465";0;0
"CX";60;"Extended Composite ID with Check Digit";"ID mit Prüfziffer";"CX";0;0;22.8.2003 12:51:54;"2.A.14";"ch02A.html#Heading106";0;0
"CX";61;"Extended Composite ID with Check Digit";"ID mit Prüfziffer";"CX";0;0;8.5.2007 22:24:13;"2.A.1.14";"ch02a.html#Heading106";0;0
"CX";81;"Extended Composite ID with Check Digit";"ID mit Prüfziffer";"CX";0;0;10.3.2013 21:57:51;"2.A.14";"ch02a.html#Heading145";0;0
"CX";91;"Extended Composite ID with Check Digit";"ID mit Prüfziffer";"CX";0;0;2.11.2014 16:32:34;"2.A.14";"ch02a.html#Heading158";0;0
"CX";92;"Extended Composite ID with Check Digit";"ID mit Prüfziffer";"CX";0;0;13.7.2015 12:47:55;"2.A.14";"ch02a.html#Heading158";0;0
"CX";530;"Extended Composite ID with Check Digit";"ID mit Prüfziffer";"CX";0;0;17.12.2011 15:07:51;;;0;0
"CX";630;"Extended Composite ID with Check Digit";"ID mit Prüfziffer";"CX";0;0;6.7.2015 13:50:34;;;0;0
"DDI";4;"daily deductible";"Verringerung des Erstattungsbetrages nach Tagen";"DDI";0;0;30.12.2001 18:08:17;;;0;0
"DDI";5;"daily deductible";"Verringerung des Erstattungsbetrages nach Tagen";"DDI";0;0;29.11.2001 00:00:00;;;0;0
"DDI";6;"Daily Deductible Information";"Verringerung des Erstattungsbetrages nach Tagen";"DDI";0;0;22.8.2003 12:51:54;"2.A.15";"ch02A.html#Heading118";0;0
"DDI";7;"Daily Deductible Information";"Verringerung des Erstattungsbetrages nach Tagen";"DDI";0;0;26.10.2007 18:06:25;"2.A.15";"ch02a.html#Heading112";0;0
"DDI";8;"Daily Deductible Information";"Verringerung des Erstattungsbetrages nach Tagen";"DDI";0;0;6.3.2011 21:49:42;"2.A.15";"ch02a.html#Heading172";0;0
"DDI";9;"Daily Deductible Information";"Verringerung des Erstattungsbetrages nach Tagen";"DDI";0;0;17.3.2014 23:01:47;"2.A.15";"ch02a.html#Heading172";0;0
"DDI";10;"Daily Deductible Information";"Verringerung des Erstattungsbetrages nach Tagen";"DDI";0;0;6.1.2020 11:24:21;"2A.3.15";"ch02A.html#Heading478";0;0
"DDI";60;"Daily Deductible Information";"Verringerung des Erstattungsbetrages nach Tagen";"DDI";0;0;22.8.2003 12:51:54;"2.A.15";"ch02A.html#Heading118";0;0
"DDI";61;"Daily Deductible Information";"Verringerung des Erstattungsbetrages nach Tagen";"DDI";0;0;8.5.2007 22:24:13;"2.A.1.15";"ch02a.html#Heading118";0;0
"DDI";81;"Daily Deductible Information";"Verringerung des Erstattungsbetrages nach Tagen";"DDI";0;0;10.3.2013 21:57:51;"2.A.15";"ch02a.html#Heading158";0;0
"DDI";91;"Daily Deductible Information";"Verringerung des Erstattungsbetrages nach Tagen";"DDI";0;0;2.11.2014 16:32:34;"2.A.15";"ch02a.html#Heading172";0;0
"DDI";92;"Daily Deductible Information";"Verringerung des Erstattungsbetrages nach Tagen";"DDI";0;0;13.7.2015 12:47:55;"2.A.15";"ch02a.html#Heading172";0;0
"DIN";4;"activation date";"Gültigkeitszeitraum";"DIN";0;0;30.12.2001 18:08:46;;;0;0
"DIN";5;"activation date";"Gültigkeitszeitraum";"DIN";0;0;29.11.2001 00:00:00;;;0;0
"DIN";6;"Date and Institution Name";"Einrichtung mit Datum";"DIN";0;0;22.8.2003 12:51:54;"2.A.16";"ch02A.html#Heading123";0;0
"DIN";7;"Date and Institution Name";"Einrichtung mit Datum";"DIN";0;0;26.10.2007 18:06:25;"2.A.16";"ch02a.html#Heading117";0;0
"DIN";8;"Date and Institution Name";"Einrichtung mit Datum";"DIN";0;0;6.3.2011 21:49:42;"2.A.16";"ch02a.html#Heading177";0;0
"DIN";9;"Date and Institution Name";"Einrichtung mit Datum";"DIN";0;0;17.3.2014 23:01:47;"2.A.16";"ch02a.html#Heading177";0;0
"DIN";10;"Date and Institution Name";"Einrichtung mit Datum";"DIN";0;0;6.1.2020 11:24:21;"2A.3.16";"ch02A.html#Heading482";0;0
"DIN";60;"Date and Institution Name";"Einrichtung mit Datum";"DIN";0;0;22.8.2003 12:51:54;"2.A.16";"ch02A.html#Heading123";0;0
"DIN";61;"Date and Institution Name";"Einrichtung mit Datum";"DIN";0;0;8.5.2007 22:24:13;"2.A.1.16";"ch02a.html#Heading123";0;0
"DIN";81;"Date and Institution Name";"Einrichtung mit Datum";"DIN";0;0;10.3.2013 21:57:51;"2.A.16";"ch02a.html#Heading162";0;0
"DIN";91;"Date and Institution Name";"Einrichtung mit Datum";"DIN";0;0;2.11.2014 16:32:34;"2.A.16";"ch02a.html#Heading177";0;0
"DIN";92;"Date and Institution Name";"Einrichtung mit Datum";"DIN";0;0;13.7.2015 12:47:55;"2.A.16";"ch02a.html#Heading177";0;0
"DLD";4;"discharge location";"Entlassen nach";"DLD";0;0;30.12.2001 18:34:38;;;0;0
"DLD";5;"discharge location";"Entlassen nach";"DLD";0;0;29.11.2001 00:00:00;;;0;0
"DLD";6;"Discharge Location and Date";"Entlassen nach";"DLD";0;0;22.8.2003 12:51:54;"2.A.17";"ch02A.html#Heading127";0;0
"DLD";7;"Discharge to Location and Date";"Entlassen nach";"DLD";0;0;26.10.2007 18:06:25;"2.A.17";"ch02a.html#Heading121";0;0
"DLD";8;"Discharge to Location and Date";"Entlassen nach";"DLD";0;0;6.3.2011 21:49:42;"2.A.17";"ch02a.html#Heading181";0;0
"DLD";9;"Discharge to Location and Date";"Entlassen nach";"DLD";0;0;17.3.2014 23:01:47;"2.A.17";"ch02a.html#Heading181";0;0
"DLD";10;"Discharge to Location and Date";"Entlassen nach";"DLD";0;0;6.1.2020 11:24:21;"2A.3.17";"ch02A.html#Heading485";0;0
"DLD";60;"Discharge Location and Date";"Entlassen nach";"DLD";0;0;22.8.2003 12:51:54;"2.A.17";"ch02A.html#Heading127";0;0
"DLD";61;"Discharge Location and Date";"Entlassen nach";"DLD";0;0;8.5.2007 22:24:13;"2.A.1.17";"ch02a.html#Heading127";0;0
"DLD";81;"Discharge Location and Date";"Entlassen nach";"DLD";0;0;10.3.2013 21:57:51;"2.A.17";"ch02a.html#Heading165";0;0
"DLD";91;"Discharge Location and Date";"Entlassen nach";"DLD";0;0;2.11.2014 16:32:34;"2.A.17";"ch02a.html#Heading181";0;0
"DLD";92;"Discharge to Location and Date";"Entlassen nach";"DLD";0;0;13.7.2015 12:47:55;"2.A.17";"ch02a.html#Heading181";0;0
"DLD";630;"Discharge Location and Date";"Entlassen nach";"DLD";0;0;6.7.2015 13:50:25;;;0;0
"DLN";3;"driver's license number";"Führerscheinnummer";"DLN";0;0;20.7.1997 17:28:33;"2.8.11";;0;0
"DLN";4;"driver's license number";"Führerscheinnummer";"DLN";0;0;14.4.1999 21:48:20;"2.8.13";"ch2.html#Heading96";0;0
"DLN";5;"driver's license number";"Führerscheinnummer";"DLN";0;0;25.3.2000 17:40:30;"2.9.13";"ch02.htm#Heading107";0;0
"DLN";6;"Driver_s License Number";"Führerscheinnummer";"DLN";0;0;22.8.2003 12:51:54;"2.A.18";"ch02A.html#Heading131";0;0
"DLN";7;"Driver's License Number";"Führerscheinnummer";"DLN";0;0;26.10.2007 18:06:25;"2.A.18";"ch02a.html#Heading125";0;0
"DLN";8;"Driver's License Number";"Führerscheinnummer";"DLN";0;0;6.3.2011 21:49:42;"2.A.18";"ch02a.html#Heading185";0;0
"DLN";9;"Driver's License Number";"Führerscheinnummer";"DLN";0;0;17.3.2014 23:01:47;"2.A.18";"ch02a.html#Heading185";0;0
"DLN";10;"Driver's License Number";"Führerscheinnummer";"DLN";0;0;6.1.2020 11:24:21;"2A.3.18";"ch02A.html#Heading488";0;0
"DLN";60;"Driver_s License Number";"Führerscheinnummer";"DLN";0;0;22.8.2003 12:51:54;"2.A.18";"ch02A.html#Heading131";0;0
"DLN";61;"Driver's License Number";"Führerscheinnummer";"DLN";0;0;8.5.2007 22:24:13;"2.A.1.18";"ch02a.html#Heading131";0;0
"DLN";81;"Driver's License Number";"Führerscheinnummer";"DLN";0;0;10.3.2013 21:57:51;"2.A.18";"ch02a.html#Heading168";0;0
"DLN";91;"Driver's License Number";"Führerscheinnummer";"DLN";0;0;2.11.2014 16:32:34;"2.A.18";"ch02a.html#Heading185";0;0
"DLN";92;"Driver's License Number";"Führerscheinnummer";"DLN";0;0;13.7.2015 12:47:55;"2.A.18";"ch02a.html#Heading185";0;0
"DLT";4;"delta check";"Delta";"DLT";0;0;30.12.2001 18:37:35;;;0;0
"DLT";5;"delta check";"Delta";"DLT";0;0;27.12.2002 21:29:18;;;0;0
"DLT";6;"Delta";"Delta";"DLT";0;0;22.8.2003 12:51:54;"2.A.19";"ch02A.html#Heading136";0;0
"DLT";7;"Delta";"Delta";"DLT";0;0;26.10.2007 18:06:25;"2.A.19";"ch02a.html#Heading130";0;0
"DLT";8;"Delta";"Delta";"DLT";0;0;6.3.2011 21:49:42;"2.A.19";"ch02a.html#Heading190";0;0
"DLT";9;"Delta";"Delta";"DLT";0;0;17.3.2014 23:01:47;"2.A.19";"ch02a.html#Heading190";0;0
"DLT";10;"Delta";"Delta";"DLT";0;0;6.1.2020 11:24:21;"2A.3.19";"ch02A.html#Heading492";0;0
"DLT";60;"Delta";"Delta";"DLT";0;0;22.8.2003 12:51:54;"2.A.19";"ch02A.html#Heading136";0;0
"DLT";61;"Delta";"Delta";"DLT";0;0;8.5.2007 22:24:13;"2.A.1.19";"ch02a.html#Heading136";0;0
"DLT";81;"Delta";"Delta";"DLT";0;0;10.3.2013 21:57:51;"2.A.19";"ch02a.html#Heading172";0;0
"DLT";91;"Delta";"Delta";"DLT";0;0;2.11.2014 16:32:34;"2.A.19";"ch02a.html#Heading190";0;0
"DLT";92;"Delta";"Delta";"DLT";0;0;13.7.2015 12:47:55;"2.A.19";"ch02a.html#Heading190";0;0
"DR";3;"Date Time Range";"Zeitraum";"DR";0;0;20.7.1997 17:29:46;"2.8.12";;0;0
"DR";4;"date/time range";"Zeitraum";"DR";0;0;14.4.1999 21:48:20;"2.8.14";"ch2.html#Heading101";0;0
"DR";5;"date/time range";"Zeitraum";"DR";0;0;25.3.2000 17:40:30;"2.9.14";"ch02.htm#Heading112";0;0
"DR";6;"Date/Time Range";"Zeitraum";"DR";0;0;22.8.2003 12:51:54;"2.A.20";"ch02A.html#Heading142";0;0
"DR";7;"Date/Time Range";"Zeitraum";"DR";0;0;26.10.2007 18:06:25;"2.A.20";"ch02a.html#Heading136";1;0
"DR";8;"Date/Time Range";"Zeitraum";"DR";0;0;6.3.2011 21:49:42;"2.A.20";"ch02a.html#Heading196";0;0
"DR";9;"Date/Time Range";"Zeitraum";"DR";0;0;17.3.2014 23:01:47;"2.A.20";"ch02a.html#Heading196";0;0
"DR";10;"Date/Time Range";"Zeitraum";"DR";0;0;6.1.2020 11:24:21;"2A.3.20";"ch02A.html#Heading497";0;0
"DR";60;"Date/Time Range";"Zeitraum";"DR";0;0;22.8.2003 12:51:54;"2.A.20";"ch02A.html#Heading142";0;0
"DR";61;"Date/Time Range";"Zeitraum";"DR";0;0;8.5.2007 22:24:13;"2.A.1.20";"ch02a.html#Heading142";0;0
"DR";81;"Date/Time Range";"Zeitraum";"DR";0;0;10.3.2013 21:57:51;"2.A.20";"ch02a.html#Heading177";0;0
"DR";91;"Date/Time Range";"Zeitraum";"DR";0;0;2.11.2014 16:32:34;"2.A.20";"ch02a.html#Heading196";0;0
"DR";92;"Date/Time Range";"Zeitraum";"DR";0;0;13.7.2015 12:47:55;"2.A.20";"ch02a.html#Heading196";0;0
"DT";1;"DATE";"Datum";"DT";0;1;25.11.1995 17:28:32;"2.3.3.3";"kap2.html#Heading28";0;0
"DT";2;"DATE";"Datum";"DT";0;1;25.11.1995 17:28:32;"2.4.5.5";"hl7chp2.html#Heading19";0;0
"DT";3;"Date";"Datum";"DT";0;1;27.5.1996 00:00:00;"2.8.13";;0;0
"DT";4;"date";"Datum";"DT";0;1;14.4.1999 21:48:20;"2.8.15";"ch2.html#Heading105";0;0
"DT";5;"date";"Datum";"DT";0;1;25.3.2000 17:40:30;"2.9.15";"ch02.htm#Heading116";0;0
"DT";6;"Date";"Datum";"DT";0;1;22.8.2003 12:51:54;"2.A.21";"ch02A.html#Heading146";0;0
"DT";7;"Date";"Datum";"DT";0;1;26.10.2007 18:06:25;"2.A.21";"ch02a.html#Heading140";0;0
"DT";8;"Date";"Datum";"DT";0;1;6.3.2011 21:49:42;"2.A.21";"ch02a.html#Heading200";0;0
"DT";9;"Date";"Datum";"DT";0;1;17.3.2014 23:01:47;"2.A.21";"ch02a.html#Heading200";0;0
"DT";10;"Date";"Datum";"DT";0;1;17.6.2020 22:27:37;"2A.3.21";"ch02A.html#Heading500";0;0
"DT";20;"Date";"Datum";"DT";0;0;21.11.2007 21:13:02;;;0;0
"DT";60;"Date";"Datum";"DT";0;1;22.8.2003 12:51:54;"2.A.21";"ch02A.html#Heading146";0;0
"DT";61;"Date";"Datum";"DT";0;1;8.5.2007 22:24:13;"2.A.1.21";"ch02a.html#Heading146";0;0
"DT";81;"Date";"Datum";"DT";0;1;10.3.2013 21:57:51;"2.A.21";"ch02a.html#Heading180";0;0
"DT";91;"Date";"Datum";"DT";0;1;2.11.2014 16:32:34;"2.A.21";"ch02a.html#Heading200";0;0
"DT";92;"Date";"Datum";"DT";0;1;13.7.2015 12:47:55;"2.A.21";"ch02a.html#Heading200";0;0
"DT";540;"Date";"Datum";"DT";0;0;24.9.2015 13:34:51;;;0;0
"DTM";6;"Date/Time";"Datum/Uhrzeit";"DTM";0;1;22.8.2003 12:51:54;"2.A.22";"ch02A.html#Heading147";0;0
"DTM";7;"Date/Time";"Datum/Uhrzeit";"DTM";0;1;26.10.2007 18:06:25;"2.A.22";"ch02a.html#Heading141";1;0
"DTM";8;"Date/Time";"Datum/Uhrzeit";"DTM";0;1;6.3.2011 21:49:42;"2.A.22";"ch02a.html#Heading201";0;0
"DTM";9;"Date/Time";"Datum/Uhrzeit";"DTM";0;1;17.3.2014 23:01:47;"2.A.22";"ch02a.html#Heading201";0;0
"DTM";10;"Date/Time";"Datum/Uhrzeit";"DTM";0;1;17.6.2020 22:27:50;"2A.3.22";"ch02A.html#Heading501";0;0
"DTM";60;"Date/Time";"Datum/Uhrzeit";"DTM";0;1;22.8.2003 12:51:54;"2.A.22";"ch02A.html#Heading147";0;0
"DTM";61;"Date/Time";"Datum/Uhrzeit";"DTM";0;1;8.5.2007 22:24:13;"2.A.1.22";"ch02a.html#Heading147";0;0
"DTM";81;"Date/Time";"Datum/Uhrzeit";"DTM";0;1;10.3.2013 21:57:51;"2.A.22";"ch02a.html#Heading181";0;0
"DTM";91;"Date/Time";"Datum/Uhrzeit";"DTM";0;1;2.11.2014 16:32:34;"2.A.22";"ch02a.html#Heading201";0;0
"DTM";92;"Date/Time";"Datum/Uhrzeit";"DTM";0;1;13.7.2015 12:47:55;"2.A.22";"ch02a.html#Heading201";0;0
"DTN";4;"Day Type and Number";"nicht verwendet";"DTN";0;0;30.12.2001 18:38:00;;;0;0
"DTN";5;"Day Type and Number";"nicht verwendet";"DTN";0;0;29.11.2001 00:00:00;"6.5.8.11";;0;0
"DTN";6;"Day Type and Number";"nicht verwendet";"DTN";0;0;22.8.2003 12:51:54;"2.A.23";"ch02A.html#Heading148";0;0
"DTN";7;"Day Type and Number";"nicht verwendet";"DTN";0;0;26.10.2007 18:06:25;"2.A.23";"ch02a.html#Heading142";0;0
"DTN";8;"Day Type and Number";"nicht verwendet";"DTN";0;0;6.3.2011 21:49:42;"2.A.23";"ch02a.html#Heading202";0;0
"DTN";9;"Day Type and Number";"nicht verwendet";"DTN";0;0;17.3.2014 23:01:47;"2.A.23";"ch02a.html#Heading202";0;0
"DTN";10;"Day Type and Number";;"DTN";0;0;6.1.2020 11:24:21;"2A.3.23";"ch02A.html#Heading502";0;0
"DTN";60;"Day Type and Number";"nicht verwendet";"DTN";0;0;22.8.2003 12:51:54;"2.A.23";"ch02A.html#Heading148";0;0
"DTN";61;"Day Type and Number";"nicht verwendet";"DTN";0;0;8.5.2007 22:24:13;"2.A.1.23";"ch02a.html#Heading148";0;0
"DTN";81;"Day Type and Number";"nicht verwendet";"DTN";0;0;10.3.2013 21:57:51;"2.A.23";"ch02a.html#Heading182";0;0
"DTN";91;"Day Type and Number";"nicht verwendet";"DTN";0;0;2.11.2014 16:32:34;"2.A.23";"ch02a.html#Heading202";0;0
"DTN";92;"Day Type and Number";"nicht verwendet";"DTN";0;0;13.7.2015 12:47:55;"2.A.23";"ch02a.html#Heading202";0;0
"ED";3;"encapsulated data";"gekapselte Daten";"ED";0;0;7.9.1996 10:56:05;"2.8.14";;0;0
"ED";4;"encapsulated data";"gekapselte Daten";"ED";0;0;14.4.1999 21:48:20;"2.8.16";"ch2.html#Heading106";0;0
"ED";5;"encapsulated data";"gekapselte Daten";"ED";0;0;25.3.2000 17:40:30;"2.9.16";"ch02.htm#Heading117";0;0
"ED";6;"Encapsulated Data";"gekapselte Daten";"ED";0;0;22.8.2003 12:51:54;"2.A.24";"ch02A.html#Heading152";0;0
"ED";7;"Encapsulated Data";"gekapselte Daten";"ED";0;0;26.10.2007 18:06:25;"2.A.24";"ch02a.html#Heading146";0;0
"ED";8;"Encapsulated Data";"gekapselte Daten";"ED";0;0;6.3.2011 21:49:42;"2.A.24";"ch02a.html#Heading206";0;0
"ED";9;"Encapsulated Data";"gekapselte Daten";"ED";0;0;17.3.2014 23:01:47;"2.A.24";"ch02a.html#Heading206";0;0
"ED";10;"Encapsulated Data";"gekapselte Daten";"ED";0;0;6.1.2020 11:24:21;"2A.3.24";"ch02A.html#Heading505";0;0
"ED";60;"Encapsulated Data";"gekapselte Daten";"ED";0;0;22.8.2003 12:51:54;"2.A.24";"ch02A.html#Heading152";0;0
"ED";61;"Encapsulated Data";"gekapselte Daten";"ED";0;0;8.5.2007 22:24:13;"2.A.1.24";"ch02a.html#Heading152";0;0
"ED";81;"Encapsulated Data";"gekapselte Daten";"ED";0;0;10.3.2013 21:57:51;"2.A.24";"ch02a.html#Heading185";0;0
"ED";91;"Encapsulated Data";"gekapselte Daten";"ED";0;0;2.11.2014 16:32:34;"2.A.24";"ch02a.html#Heading206";0;0
"ED";92;"Encapsulated Data";"gekapselte Daten";"ED";0;0;13.7.2015 12:47:55;"2.A.24";"ch02a.html#Heading206";0;0
"EI";3;"entity identifier";"Identifikator einer Entität";"EI";0;0;27.5.1996 22:20:07;"2.8.15";;0;0
"EI";4;"entity identifier";"Identifikator einer Entität";"EI";0;0;14.4.1999 21:48:20;"2.8.17";"ch2.html#Heading112";0;0
"EI";5;"entity identifier";"Identifikator einer Entität";"EI";0;0;25.3.2000 17:40:30;"2.9.17";"ch02.htm#Heading124";0;0
"EI";6;"Entity Identifier";"Identifikator einer Entität";"EI";0;0;22.8.2003 12:51:54;"2.A.25";"ch02A.html#Heading159";0;0
"EI";7;"Entity Identifier";"Identifikator einer Entität";"EI";0;0;26.10.2007 18:06:25;"2.A.25";"ch02a.html#Heading153";1;0
"EI";8;"Entity Identifier";"Identifikator einer Entität";"EI";0;0;6.3.2011 21:49:42;"2.A.25";"ch02a.html#Heading213";0;0
"EI";9;"Entity Identifier";"Identifikator einer Entität";"EI";0;0;17.3.2014 23:01:47;"2.A.25";"ch02a.html#Heading213";0;0
"EI";10;"Entity Identifier";"Identifikator einer Entität";"EI";0;0;6.1.2020 11:24:21;"2A.3.25";"ch02A.html#Heading511";0;0
"EI";20;"Entity Identifier";"Identifikator einer Entität";"EI";0;0;21.11.2007 20:56:24;;;0;0
"EI";60;"Entity Identifier";"Identifikator einer Entität";"EI";0;0;22.8.2003 12:51:54;"2.A.25";"ch02A.html#Heading159";0;0
"EI";61;"Entity Identifier";"Identifikator einer Entität";"EI";0;0;8.5.2007 22:24:13;"2.A.1.25";"ch02a.html#Heading159";0;0
"EI";81;"Entity Identifier";"Identifikator einer Entität";"EI";0;0;10.3.2013 21:57:51;"2.A.25";"ch02a.html#Heading191";0;0
"EI";91;"Entity Identifier";"Identifikator einer Entität";"EI";0;0;2.11.2014 16:32:34;"2.A.25";"ch02a.html#Heading213";0;0
"EI";92;"Entity Identifier";"Identifikator einer Entität";"EI";0;0;13.7.2015 12:47:55;"2.A.25";"ch02a.html#Heading213";0;0
"EI";630;"Entity Identifier";"Identifikator einer Entität";"EI";0;0;6.7.2015 16:59:40;;;0;0
"EIP";4;"parent order";"Verweis auf Hauptauftrag";"EIP";0;0;30.12.2001 18:29:55;;;0;0
"EIP";5;"parent order";"Verweis auf Hauptauftrag";"EIP";0;0;29.11.2001 00:00:00;;;0;0
"EIP";6;"Entity Identifier Pair";"Verknüpfung von Identifikatoren";"EIP";0;0;22.8.2003 12:51:54;"2.A.26";"ch02A.html#Heading165";0;0
"EIP";7;"Entity Identifier Pair";"Verknüpfung von Identifikatoren";"EIP";0;0;26.10.2007 18:06:25;"2.A.26";"ch02a.html#Heading159";0;0
"EIP";8;"Entity Identifier Pair";"Verknüpfung von Identifikatoren";"EIP";0;0;6.3.2011 21:49:42;"2.A.26";"ch02a.html#Heading219";0;0
"EIP";9;"Entity Identifier Pair";"Verknüpfung von Identifikatoren";"EIP";0;0;17.3.2014 23:01:47;"2.A.26";"ch02a.html#Heading219";0;0
"EIP";10;"Entity Identifier Pair";"Verknüpfung von Identifikatoren";"EIP";0;0;6.1.2020 11:24:21;"2A.3.26";"ch02A.html#Heading516";0;0
"EIP";60;"Entity Identifier Pair";"Verknüpfung von Identifikatoren";"EIP";0;0;22.8.2003 12:51:54;"2.A.26";"ch02A.html#Heading165";0;0
"EIP";61;"Entity Identifier Pair";"Verknüpfung von Identifikatoren";"EIP";0;0;8.5.2007 22:24:13;"2.A.1.26";"ch02a.html#Heading165";0;0
"EIP";81;"Entity Identifier Pair";"Verknüpfung von Identifikatoren";"EIP";0;0;10.3.2013 21:57:51;"2.A.26";"ch02a.html#Heading196";0;0
"EIP";91;"Entity Identifier Pair";"Verknüpfung von Identifikatoren";"EIP";0;0;2.11.2014 16:32:34;"2.A.26";"ch02a.html#Heading219";0;0
"EIP";92;"Entity Identifier Pair";"Verknüpfung von Identifikatoren";"EIP";0;0;13.7.2015 12:47:55;"2.A.26";"ch02a.html#Heading219";0;0
"ELD";4;"error";"Fehler";"ELD";0;0;30.12.2001 18:29:28;"2";;0;0
"ELD";5;"error";"Fehler";"ELD";0;0;29.11.2001 00:00:00;"2";;0;0
"ELD";6;"Error Location and Description";"Fehlerposition und Beschreibung";"ELD";0;0;22.8.2003 12:51:54;"2.A.27";"ch02A.html#Heading169";0;0
"ELD";7;"Error Location and Description";"Fehlerposition und Beschreibung";"ELD";0;0;26.10.2007 18:06:25;"2.A.27";"ch02a.html#Heading163";0;0
"ELD";60;"Error Location and Description";"Fehlerposition und Beschreibung";"ELD";0;0;22.8.2003 12:51:54;"2.A.27";"ch02A.html#Heading169";0;0
"ELD";61;"Error Location and Description";"Fehlerposition und Beschreibung";"ELD";0;0;8.5.2007 22:24:13;"2.A.1.27";"ch02a.html#Heading169";0;0
"ERL";6;"Error Location";"Fehlerposition";"ERL";0;0;22.8.2003 12:51:54;"2.A.28";"ch02A.html#Heading175";0;0
"ERL";7;"Error Location";"Fehlerposition";"ERL";0;0;26.10.2007 18:06:25;"2.A.28";"ch02a.html#Heading169";0;0
"ERL";8;"Error Location";"Fehlerposition";"ERL";0;0;6.3.2011 21:49:42;"2.A.28";"ch02a.html#Heading224";0;0
"ERL";9;"Error Location";"Fehlerposition";"ERL";0;0;17.3.2014 23:01:47;"2.A.28";"ch02a.html#Heading224";0;0
"ERL";10;"Error Location";"Fehlerposition";"ERL";0;0;6.1.2020 11:24:21;"2A.3.28";"ch02A.html#Heading520";0;0
"ERL";60;"Error Location";"Fehlerposition";"ERL";0;0;22.8.2003 12:51:54;"2.A.28";"ch02A.html#Heading175";0;0
"ERL";61;"Error Location";"Fehlerposition";"ERL";0;0;8.5.2007 22:24:13;"2.A.1.28";"ch02a.html#Heading175";0;0
"ERL";81;"Error Location";"Fehlerposition";"ERL";0;0;10.3.2013 21:57:51;"2.A.28";"ch02a.html#Heading200";0;0
"ERL";91;"Error Location";"Fehlerposition";"ERL";0;0;2.11.2014 16:32:34;"2.A.28";"ch02a.html#Heading224";0;0
"ERL";92;"Error Location";"Fehlerposition";"ERL";0;0;13.7.2015 12:47:55;"2.A.28";"ch02a.html#Heading224";0;0
"FC";3;"financial class";"Entgeldart";"FC";0;0;20.7.1997 17:01:41;"2.8.16";;0;0
"FC";4;"financial class";"Entgeldart";"FC";0;0;14.4.1999 21:48:20;"2.8.18";"ch2.html#Heading119";0;0
"FC";5;"financial class";"Entgeldart";"FC";0;0;25.3.2000 17:40:30;"2.9.18";"ch02.htm#Heading130";0;0
"FC";6;"Financial Class";"Entgeldart";"FC";0;0;22.8.2003 12:51:54;"2.A.29";"ch02A.html#Heading183";0;0
"FC";7;"Financial Class";"Entgeldart";"FC";0;0;26.10.2007 18:06:25;"2.A.29";"ch02a.html#Heading177";0;0
"FC";8;"Financial Class";"Entgeldart";"FC";0;0;6.3.2011 21:49:42;"2.A.29";"ch02a.html#Heading232";0;0
"FC";9;"Financial Class";"Entgeldart";"FC";0;0;17.3.2014 23:01:47;"2.A.29";"ch02a.html#Heading232";0;0
"FC";10;"Financial Class";"Entgeldart";"FC";0;0;6.1.2020 11:24:21;"2A.3.29";"ch02A.html#Heading527";0;0
"FC";60;"Financial Class";"Entgeldart";"FC";0;0;22.8.2003 12:51:54;"2.A.29";"ch02A.html#Heading183";0;0
"FC";61;"Financial Class";"Entgeldart";"FC";0;0;8.5.2007 22:24:13;"2.A.1.29";"ch02a.html#Heading183";0;0
"FC";81;"Financial Class";"Entgeldart";"FC";0;0;10.3.2013 21:57:51;"2.A.29";"ch02a.html#Heading207";0;0
"FC";91;"Financial Class";"Entgeldart";"FC";0;0;2.11.2014 16:32:34;"2.A.29";"ch02a.html#Heading232";0;0
"FC";92;"Financial Class";"Entgeldart";"FC";0;0;13.7.2015 12:47:55;"2.A.29";"ch02a.html#Heading232";0;0
"FN";4;"family + last name prefix";"Familienname";"FN";0;0;15.4.2002 00:00:00;"2.8.30";"ch2.html#Heading152";0;0
"FN";5;"familiy name";"Familienname";"FN";0;0;8.7.2000 11:24:05;"2.9.19";"ch02.htm#Heading134";0;0
"FN";6;"Family Name";"Familienname";"FN";0;0;22.8.2003 12:51:54;"2.A.30";"ch02A.html#Heading187";0;0
"FN";7;"Family Name";"Familienname";"FN";0;0;26.10.2007 18:06:25;"2.A.30";"ch02a.html#Heading181";1;0
"FN";8;"Family Name";"Familienname";"FN";0;0;6.3.2011 21:49:42;"2.A.30";"ch02a.html#Heading236";0;0
"FN";9;"Family Name";"Familienname";"FN";0;0;17.3.2014 23:01:47;"2.A.30";"ch02a.html#Heading236";0;0
"FN";10;"Family Name";"Familienname";"FN";0;0;6.1.2020 11:24:21;"2A.3.30";"ch02A.html#Heading530";0;0
"FN";60;"Family Name";"Familienname";"FN";0;0;22.8.2003 12:51:54;"2.A.30";"ch02A.html#Heading187";0;0
"FN";61;"Family Name";"Familienname";"FN";0;0;8.5.2007 22:24:13;"2.A.1.30";"ch02a.html#Heading187";0;0
"FN";81;"Family Name";"Familienname";"FN";0;0;10.3.2013 21:57:51;"2.A.30";"ch02a.html#Heading210";0;0
"FN";91;"Family Name";"Familienname";"FN";0;0;2.11.2014 16:32:34;"2.A.30";"ch02a.html#Heading236";0;0
"FN";92;"Family Name";"Familienname";"FN";0;0;13.7.2015 12:47:55;"2.A.30";"ch02a.html#Heading236";0;0
"FT";1;"formatted text data";"formatierter Text";"FT";0;1;25.11.1995 17:28:32;;;0;1
"FT";2;"formatted text data";"formatierter Text";"FT";0;1;25.11.1995 17:28:32;"2.4.5.3";"hl7chp2.html#Heading17";0;1
"FT";3;"formatted text data";"formatierter Text";"FT";0;1;27.5.1996 00:00:00;"2.8.17";;0;1
"FT";4;"formatted text data";"formatierter Text";"FT";0;1;14.4.1999 21:48:20;"2.8.19";"ch2.html#Heading123";0;1
"FT";5;"formatted text data";"formatierter Text";"FT";0;1;25.3.2000 17:40:30;"2.9.20";"ch02.htm#Heading141";0;1
"FT";6;"Formatted Text Data";"formatierter Text";"FT";0;1;22.8.2003 12:51:54;"2.A.31";"ch02A.html#Heading194";0;1
"FT";7;"Formatted Text Data";"formatierter Text";"FT";0;1;26.10.2007 18:06:25;"2.A.31";"ch02a.html#Heading188";0;1
"FT";8;"Formatted Text Data";"formatierter Text";"FT";0;1;6.3.2011 21:49:42;"2.A.31";"ch02a.html#Heading243";0;1
"FT";9;"Formatted Text Data";"formatierter Text";"FT";0;1;17.3.2014 23:01:47;"2.A.31";"ch02a.html#Heading243";0;1
"FT";10;"Formatted Text Data";"formatierter Text";"FT";0;1;17.6.2020 22:27:58;"2A.3.31";"ch02A.html#Heading536";0;0
"FT";60;"Formatted Text Data";"formatierter Text";"FT";0;1;22.8.2003 12:51:54;"2.A.31";"ch02A.html#Heading194";0;1
"FT";61;"Formatted Text Data";"formatierter Text";"FT";0;1;8.5.2007 22:24:13;"2.A.1.31";"ch02a.html#Heading194";0;1
"FT";81;"Formatted Text Data";"formatierter Text";"FT";0;1;10.3.2013 21:57:51;"2.A.31";"ch02a.html#Heading216";0;1
"FT";91;"Formatted Text Data";"formatierter Text";"FT";0;1;2.11.2014 16:32:34;"2.A.31";"ch02a.html#Heading243";0;1
"FT";92;"Formatted Text Data";"formatierter Text";"FT";0;1;13.7.2015 12:47:55;"2.A.31";"ch02a.html#Heading243";0;1
"GTS";6;"General Timing Specification";"allgemeine Beschreibung einer Zeitplanung";"GTS";0;1;22.8.2003 12:51:54;"2.A.32";"ch02A.html#Heading195";0;0
"GTS";7;"General Timing Specification";"generische Zeitangaben";"GTS";0;1;26.10.2007 18:06:25;"2.A.32";"ch02a.html#Heading189";0;0
"GTS";8;"General Timing Specification";"generische Zeitangaben";"GTS";0;1;6.3.2011 21:49:42;"2.A.32";"ch02a.html#Heading244";0;0
"GTS";9;"General Timing Specification";"generische Zeitangaben";"GTS";0;1;17.3.2014 23:01:47;"2.A.32";"ch02a.html#Heading244";0;0
"GTS";10;"General Timing Specification";"generische Zeitangaben";"GTS";0;1;17.6.2020 22:28:07;"2A.3.32";"ch02A.html#Heading537";0;0
"GTS";60;"General Timing Specification";"allgemeine Beschreibung einer Zeitplanung";"GTS";0;1;22.8.2003 12:51:54;"2.A.32";"ch02A.html#Heading195";0;0
"GTS";61;"General Timing Specification";"allgemeine Beschreibung einer Zeitplanung";"GTS";0;1;8.5.2007 22:24:13;"2.A.1.32";"ch02a.html#Heading195";0;0
"GTS";81;"General Timing Specification";"generische Zeitangaben";"GTS";0;1;10.3.2013 21:57:51;"2.A.32";"ch02a.html#Heading217";0;0
"GTS";91;"General Timing Specification";"generische Zeitangaben";"GTS";0;1;2.11.2014 16:32:34;"2.A.32";"ch02a.html#Heading244";0;0
"GTS";92;"General Timing Specification";"generische Zeitangaben";"GTS";0;1;13.7.2015 12:47:55;"2.A.32";"ch02a.html#Heading244";0;0
"HD";3;"hierarchic designator";"hierarchischer Bezeichner";"HD";0;0;7.9.1996 11:08:28;"2.8.18";;0;0
"HD";4;"hierarchic designator";"hierarchischer Bezeichner";"HD";0;0;23.7.2003 22:24:49;"2.8.20";"ch2.html#Heading124";0;0
"HD";5;"hierarchic designator";"hierarchischer Bezeichner";"HD";0;0;23.7.2003 22:24:32;"2.9.21";"ch02.htm#Heading142";0;0
"HD";6;"Hierarchic Designator";"hierarchischer Bezeichner";"HD";0;0;22.8.2003 12:51:54;"2.A.33";"ch02A.html#Heading196";0;0
"HD";7;"Hierarchic Designator";"hierarchischer Bezeichner";"HD";0;0;26.10.2007 18:06:25;"2.A.33";"ch02a.html#Heading190";1;0
"HD";8;"Hierarchic Designator";"hierarchischer Bezeichner";"HD";0;0;6.3.2011 21:49:42;"2.A.33";"ch02a.html#Heading245";0;0
"HD";9;"Hierarchic Designator";"hierarchischer Bezeichner";"HD";0;0;17.3.2014 23:01:47;"2.A.33";"ch02a.html#Heading245";0;0
"HD";10;"Hierarchic Designator";"hierarchischer Bezeichner";"HD";0;0;6.1.2020 11:24:21;"2A.3.33";"ch02A.html#Heading538";0;0
"HD";60;"Hierarchic Designator";"hierarchischer Bezeichner";"HD";0;0;22.8.2003 12:51:54;"2.A.33";"ch02A.html#Heading196";0;0
"HD";61;"Hierarchic Designator";"hierarchischer Bezeichner";"HD";0;0;8.5.2007 22:24:13;"2.A.1.33";"ch02a.html#Heading196";0;0
"HD";81;"Hierarchic Designator";"hierarchischer Bezeichner";"HD";0;0;10.3.2013 21:57:51;"2.A.33";"ch02a.html#Heading218";0;0
"HD";91;"Hierarchic Designator";"hierarchischer Bezeichner";"HD";0;0;2.11.2014 16:32:34;"2.A.33";"ch02a.html#Heading245";0;0
"HD";92;"Hierarchic Designator";"hierarchischer Bezeichner";"HD";0;0;13.7.2015 12:47:55;"2.A.33";"ch02a.html#Heading245";0;0
"ICD";6;"Insurance Certification Definition";"nicht verwendet";"ICD";0;0;22.8.2003 12:51:54;"2.A.34";"ch02A.html#Heading201";0;0
"ICD";7;"Insurance Certification Definition";"nicht verwendet";"ICD";0;0;26.10.2007 18:06:25;"2.A.34";"ch02a.html#Heading195";0;0
"ICD";8;"Insurance Certification Definition";"nicht verwendet";"ICD";0;0;6.3.2011 21:49:42;"2.A.34";"ch02a.html#Heading250";0;0
"ICD";9;"Insurance Certification Definition";"nicht verwendet";"ICD";0;0;17.3.2014 23:01:47;"2.A.34";"ch02a.html#Heading250";0;0
"ICD";10;"Insurance Certification Definition";;"ICD";0;0;6.1.2020 11:24:21;"2A.3.34";"ch02A.html#Heading542";0;0
"ICD";60;"Insurance Certification Definition";"nicht verwendet";"ICD";0;0;22.8.2003 12:51:54;"2.A.34";"ch02A.html#Heading201";0;0
"ICD";61;"Insurance Certification Definition";"nicht verwendet";"ICD";0;0;8.5.2007 22:24:13;"2.A.1.34";"ch02a.html#Heading201";0;0
"ICD";81;"Insurance Certification Definition";"nicht verwendet";"ICD";0;0;10.3.2013 21:57:51;"2.A.34";"ch02a.html#Heading222";0;0
"ICD";91;"Insurance Certification Definition";"nicht verwendet";"ICD";0;0;2.11.2014 16:32:34;"2.A.34";"ch02a.html#Heading250";0;0
"ICD";92;"Insurance Certification Definition";"nicht verwendet";"ICD";0;0;13.7.2015 12:47:55;"2.A.34";"ch02a.html#Heading250";0;0
"ID";1;"CODED VALUE";"kodierter Wert aus HL7-Tabellen";"ID";0;1;25.11.1995 17:28:32;"2.3.3.9";"kap2.html#Heading34";0;0
"ID";2;"CODED VALUE";"kodierter Wert aus HL7-Tabellen";"ID";0;1;25.11.1995 17:28:32;"2.4.5.11";"hl7chp2.html#Heading25";0;0
"ID";3;"Coded Value for HL7 tables";"kodierter Wert aus HL7-Tabellen";"ID";0;1;27.5.1996 00:00:00;"2.8.19";;0;0
"ID";4;"coded value for HL7 defined tables";"kodierter Wert aus HL7-Tabellen";"ID";0;1;14.4.1999 21:48:20;"2.8.21";"ch2.html#Heading128";0;0
"ID";5;"coded value for HL7 defined tables";"kodierter Wert aus HL7-Tabellen";"ID";0;1;25.3.2000 17:40:30;"2.9.22";"ch02.htm#Heading147";0;0
"ID";6;"Coded Value for HL7 Defined Tables";"kodierter Wert aus HL7-Tabellen";"ID";0;1;22.8.2003 12:51:54;"2.A.35";"ch02A.html#Heading206";0;0
"ID";7;"Coded Value for HL7 Defined Tables";"kodierter Wert aus HL7-Tabellen";"ID";0;1;26.10.2007 18:06:25;"2.A.35";"ch02a.html#Heading200";1;0
"ID";8;"Coded Value for HL7 Defined Tables";"kodierter Wert aus HL7-Tabellen";"ID";0;1;6.3.2011 21:49:42;"2.A.35";"ch02a.html#Heading255";0;0
"ID";9;"Coded Value for HL7 Defined Tables";"kodierter Wert aus HL7-Tabellen";"ID";0;1;17.3.2014 23:01:47;"2.A.35";"ch02a.html#Heading255";0;0
"ID";10;"Coded Value for HL7 Defined Tables";"kodierter Wert aus HL7-Tabellen";"ID";0;1;2.6.2020 20:17:01;"2A.3.35";"ch02A.html#Heading546";0;0
"ID";20;"Coded Value for HL7 Defined Tables";"kodierter Wert aus HL7-Tabellen";"ID";0;1;21.11.2007 21:11:58;;;0;0
"ID";60;"Coded Value for HL7 Defined Tables";"kodierter Wert aus HL7-Tabellen";"ID";0;1;22.8.2003 12:51:54;"2.A.35";"ch02A.html#Heading206";0;0
"ID";61;"Coded Value for HL7 Defined Tables";"kodierter Wert aus HL7-Tabellen";"ID";0;1;8.5.2007 22:24:13;"2.A.1.35";"ch02a.html#Heading206";0;0
"ID";81;"Coded Value for HL7 Defined Tables";"kodierter Wert aus HL7-Tabellen";"ID";0;1;10.3.2013 21:57:51;"2.A.35";"ch02a.html#Heading226";0;0
"ID";91;"Coded Value for HL7 Defined Tables";"kodierter Wert aus HL7-Tabellen";"ID";0;1;2.11.2014 16:32:34;"2.A.35";"ch02a.html#Heading255";0;0
"ID";92;"Coded Value for HL7 Defined Tables";"kodierter Wert aus HL7-Tabellen";"ID";0;1;13.7.2015 12:47:55;"2.A.35";"ch02a.html#Heading255";0;0
"ID";540;"Coded Value for HL7 Defined Tables";"kodierter Wert aus HL7-Tabellen";"ID";0;0;6.7.2015 12:19:55;;;0;0
"ID";630;"Coded Value for HL7 Defined Tables";"kodierter Wert aus HL7-Tabellen";"ID";0;0;6.7.2015 13:49:45;;;0;0
"IS";3;"Coded Value for user defined tables";"kodierter Wert aus user-defined Tabellen";"IS";0;0;26.12.1996 15:20:57;"2.8.20";;0;0
"IS";4;"coded value for user-defined tables";"kodierter Wert aus user-defined Tabellen";"IS";0;1;14.4.1999 21:48:20;"2.8.22";"ch2.html#Heading129";0;0
"IS";5;"coded value for user-defined tables";"kodierter Wert aus user-defined Tabellen";"IS";0;1;25.3.2000 17:40:30;"2.9.23";"ch02.htm#Heading148";0;0
"IS";6;"Coded Value for User-Defined Tables";"kodierter Wert aus user-defined Tabellen";"IS";0;1;22.8.2003 12:51:54;"2.A.36";"ch02A.html#Heading207";0;0
"IS";7;"Coded Value for User-Defined Tables";"kodierter Wert aus user-defined Tabellen";"IS";0;1;26.10.2007 18:06:25;"2.A.36";"ch02a.html#Heading201";1;0
"IS";8;"Coded Value for User-Defined Tables";"kodierter Wert aus user-defined Tabellen";"IS";0;1;6.3.2011 21:49:42;"2.A.36";"ch02a.html#Heading256";0;0
"IS";9;"Coded Value for User-Defined Tables";"kodierter Wert aus user-defined Tabellen";"IS";0;1;17.3.2014 23:01:47;"2.A.36";"ch02a.html#Heading256";0;0
"IS";10;"Coded Value for User-Defined Tables";"kodierter Wert aus user-defined Tabellen";"IS";0;1;2.6.2020 20:17:18;"2A.3.36";"ch02A.html#Heading547";0;0
"IS";60;"Coded Value for User-Defined Tables";"kodierter Wert aus user-defined Tabellen";"IS";0;1;22.8.2003 12:51:54;"2.A.36";"ch02A.html#Heading207";0;0
"IS";61;"Coded Value for User-Defined Tables";"kodierter Wert aus user-defined Tabellen";"IS";0;1;8.5.2007 22:24:13;"2.A.1.36";"ch02a.html#Heading207";0;0
"IS";81;"Coded Value for User-Defined Tables";"kodierter Wert aus user-defined Tabellen";"IS";0;1;10.3.2013 21:57:51;"2.A.36";"ch02a.html#Heading227";0;0
"IS";91;"Coded Value for User-Defined Tables";"kodierter Wert aus user-defined Tabellen";"IS";0;1;2.11.2014 16:32:34;"2.A.36";"ch02a.html#Heading256";0;0
"IS";92;"Coded Value for User-Defined Tables";"kodierter Wert aus user-defined Tabellen";"IS";0;1;13.7.2015 12:47:55;"2.A.36";"ch02a.html#Heading256";0;0
"IS";530;"Coded Value for User-Defined Tables";"kodierter Wert aus user-defined Tabellen";"IS";0;1;17.12.2011 14:08:34;;;0;0
"IS";540;"Coded Value for User-Defined Tables";"kodierter Wert aus user-defined Tabellen";"IS";0;1;6.7.2015 12:19:59;;;0;0
"IS";630;"Coded Value for User-Defined Tables";"kodierter Wert aus user-defined Tabellen";"IS";0;1;6.7.2015 13:49:38;;;0;0
"JCC";3;"Job Code Class";"Tätigkeitsklassifikation";"JCC";0;0;20.7.1997 16:53:00;;;0;0
"JCC";4;"job code/class";"Tätigkeitsklassifikation";"JCC";0;0;14.4.1999 21:48:20;"2.8.23";"ch2.html#Heading130";0;0
"JCC";5;"job code/class";"Tätigkeitsklassifikation";"JCC";0;0;25.3.2000 17:40:30;"2.9.24";"ch02.htm#Heading149";0;0
"JCC";6;"Job Code/Class";"Tätigkeitsklassifikation";"JCC";0;0;22.8.2003 12:51:54;"2.A.37";"ch02A.html#Heading208";0;0
"JCC";7;"Job Code/Class";"Tätigkeitsklassifikation";"JCC";0;0;26.10.2007 18:06:25;"2.A.37";"ch02a.html#Heading202";0;0
"JCC";8;"Job Code/Class";"Tätigkeitsklassifikation";"JCC";0;0;6.3.2011 21:49:42;"2.A.37";"ch02a.html#Heading257";0;0
"JCC";9;"Job Code/Class";"Tätigkeitsklassifikation";"JCC";0;0;17.3.2014 23:01:47;"2.A.37";"ch02a.html#Heading257";0;0
"JCC";10;"Job Code/Class";"Tätigkeitsklassifikation";"JCC";0;0;6.1.2020 11:24:21;"2A.3.37";"ch02A.html#Heading548";0;0
"JCC";60;"Job Code/Class";"Tätigkeitsklassifikation";"JCC";0;0;22.8.2003 12:51:54;"2.A.37";"ch02A.html#Heading208";0;0
"JCC";61;"Job Code/Class";"Tätigkeitsklassifikation";"JCC";0;0;8.5.2007 22:24:13;"2.A.1.37";"ch02a.html#Heading208";0;0
"JCC";81;"Job Code/Class";"Tätigkeitsklassifikation";"JCC";0;0;10.3.2013 21:57:51;"2.A.37";"ch02a.html#Heading228";0;0
"JCC";91;"Job Code/Class";"Tätigkeitsklassifikation";"JCC";0;0;2.11.2014 16:32:34;"2.A.37";"ch02a.html#Heading257";0;0
"JCC";92;"Job Code/Class";"Tätigkeitsklassifikation";"JCC";0;0;13.7.2015 12:47:55;"2.A.37";"ch02a.html#Heading257";0;0
"LA1";4;"Location with address information (variant 1)";"CM für Orts- u. Adressangaben (Variante 1)";"LA1";0;0;30.12.2001 18:30:59;;;0;0
"LA1";5;"Location with address information (variant 1)";"CM für Orts- u. Adressangaben (Variante 1)";"LA1";0;0;29.11.2001 00:00:00;;;0;0
"LA1";6;"Location with Address Variation 1";"Orts- u. Adressangaben (Variante 1)";"LA1";0;0;22.8.2003 12:51:54;"2.A.38";"ch02A.html#Heading213";0;0
"LA1";7;"Location with Address Variation 1";"Orts- u. Adressangaben (Variante 1)";"LA1";0;0;26.10.2007 18:06:25;"2.A.38";"ch02a.html#Heading207";0;0
"LA1";8;"Location with Address Variation 1";"Orts- u. Adressangaben (Variante 1)";"LA1";0;0;6.3.2011 21:49:42;"2.A.38";"ch02a.html#Heading262";0;0
"LA1";60;"Location with Address Variation 1";"Orts- u. Adressangaben (Variante 1)";"LA1";0;0;22.8.2003 12:51:54;"2.A.38";"ch02A.html#Heading213";0;0
"LA1";61;"Location with Address Variation 1";"Orts- u. Adressangaben (Variante 1)";"LA1";0;0;8.5.2007 22:24:13;"2.A.1.38";"ch02a.html#Heading213";0;0
"LA1";81;"Location with Address Variation 1";"Orts- u. Adressangaben (Variante 1)";"LA1";0;0;10.3.2013 21:57:51;"2.A.38";"ch02a.html#Heading232";0;0
"LA2";4;"Location with address information (variant 2)";"CM für Orts- u. Adressangaben (Variante 2)";"LA2";0;0;30.12.2001 18:31:54;;;0;0
"LA2";5;"Location with address information (variant 2)";"CM für Orts- u. Adressangaben (Variante 2)";"LA2";0;0;29.11.2001 00:00:00;;;0;0
"LA2";6;"Location with Address Variation 2";"Orts- u. Adressangaben (Variante 2)";"LA2";0;0;22.8.2003 12:51:54;"2.A.39";"ch02A.html#Heading225";0;0
"LA2";7;"Location with Address Variation 2";"Orts- u. Adressangaben (Variante 2)";"LA2";0;0;26.10.2007 18:06:25;"2.A.39";"ch02a.html#Heading218";0;0
"LA2";8;"Location with Address Variation 2";"Orts- u. Adressangaben (Variante 2)";"LA2";0;0;6.3.2011 21:49:42;"2.A.39";"ch02a.html#Heading273";0;0
"LA2";60;"Location with Address Variation 2";"Orts- u. Adressangaben (Variante 2)";"LA2";0;0;22.8.2003 12:51:54;"2.A.39";"ch02A.html#Heading225";0;0
"LA2";61;"Location with Address Variation 2";"Orts- u. Adressangaben (Variante 2)";"LA2";0;0;8.5.2007 22:24:13;"2.A.1.39";"ch02a.html#Heading225";0;0
"LA2";81;"Location with Address Variation 2";"Orts- u. Adressangaben (Variante 2)";"LA2";0;0;10.3.2013 21:57:51;"2.A.39";"ch02a.html#Heading242";0;0
"MA";3;"multiplexed array";"multiplexed Array";"MA";0;0;7.9.1996 11:11:30;"2.8.2";;0;0
"MA";4;"multiplexed array";"multiplexed Array";"MA";0;0;14.4.1999 21:48:20;"2.8.24";"ch2.html#Heading134";0;0
"MA";5;"multiplexed array";"multiplexed Array";"MA";0;0;25.3.2000 17:40:30;"2.9.25";"ch02.htm#Heading153";0;0
"MA";6;"Multiplexed Array";"multiplexed Array";"MA";0;0;22.8.2003 12:51:54;"2.A.40";"ch02A.html#Heading243";0;0
"MA";7;"Multiplexed Array";"multiplexed Array";"MA";0;0;26.10.2007 18:06:25;"2.A.40";"ch02a.html#Heading236";0;0
"MA";8;"Multiplexed Array";"multiplexed Array";"MA";1;0;6.3.2011 21:49:42;"2.A.40";"ch02a.html#Heading291";0;0
"MA";9;"Multiplexed Array";"multiplexed Array";"MA";1;0;17.3.2014 23:01:47;"2.A.40";"ch02a.html#Heading264";0;0
"MA";10;"Multiplexed Array";"multiplexed Array";"MA";0;0;6.1.2020 11:24:21;"2A.3.40";"ch02A.html#Heading554";0;0
"MA";60;"Multiplexed Array";"multiplexed Array";"MA";0;0;22.8.2003 12:51:54;"2.A.40";"ch02A.html#Heading243";0;0
"MA";61;"Multiplexed Array";"multiplexed Array";"MA";0;0;8.5.2007 22:24:13;"2.A.1.40";"ch02a.html#Heading243";0;0
"MA";81;"Multiplexed Array";"multiplexed Array";"MA";1;0;10.3.2013 21:57:51;"2.A.40";"ch02a.html#Heading259";0;0
"MA";91;"Multiplexed Array";"multiplexed Array";"MA";1;0;2.11.2014 16:32:34;"2.A.40";"ch02a.html#Heading264";0;0
"MA";92;"Multiplexed Array";"multiplexed Array";"MA";1;0;13.7.2015 12:47:55;"2.A.40";"ch02a.html#Heading264";0;0
"MO";2;"money";"Geldbetrag";"MO";0;0;23.7.2003 22:26:30;"2.4.5.21";"hl7chp2.html#Heading35";0;0
"MO";3;"money";"Geldbetrag";"MO";0;0;27.5.1996 00:00:00;"2.8.23";;0;0
"MO";4;"money";"Geldbetrag";"MO";0;0;14.4.1999 21:48:20;"2.8.25";"ch2.html#Heading135";0;0
"MO";5;"money";"Geldbetrag";"MO";0;0;25.3.2000 17:40:30;"2.9.26";"ch02.htm#Heading154";0;0
"MO";6;"Money";"Geldbetrag";"MO";0;0;22.8.2003 12:51:54;"2.A.41";"ch02A.html#Heading244";0;0
"MO";7;"Money";"Geldbetrag";"MO";0;0;26.10.2007 18:06:25;"2.A.41";"ch02a.html#Heading237";0;0
"MO";8;"Money";"Geldbetrag";"MO";0;0;6.3.2011 21:49:42;"2.A.41";"ch02a.html#Heading292";0;0
"MO";9;"Money";"Geldbetrag";"MO";0;0;17.3.2014 23:01:47;"2.A.41";"ch02a.html#Heading265";0;0
"MO";10;"Money";"Geldbetrag";"MO";0;0;6.1.2020 11:24:21;"2A.3.41";"ch02A.html#Heading555";0;0
"MO";20;"Money";"Geldbetrag";"MO";0;0;21.11.2007 21:12:56;;;0;0
"MO";60;"Money";"Geldbetrag";"MO";0;0;22.8.2003 12:51:54;"2.A.41";"ch02A.html#Heading244";0;0
"MO";61;"Money";"Geldbetrag";"MO";0;0;8.5.2007 22:24:13;"2.A.1.41";"ch02a.html#Heading244";0;0
"MO";81;"Money";"Geldbetrag";"MO";0;0;10.3.2013 21:57:51;"2.A.41";"ch02a.html#Heading260";0;0
"MO";91;"Money";"Geldbetrag";"MO";0;0;2.11.2014 16:32:34;"2.A.41";"ch02a.html#Heading265";0;0
"MO";92;"Money";"Geldbetrag";"MO";0;0;13.7.2015 12:47:55;"2.A.41";"ch02a.html#Heading265";0;0
"MOC";4;"Charge To Practise";"-";"MOC";0;0;30.12.2001 18:09:40;;;0;0
"MOC";5;"Charge To Practise";"-";"MOC";0;0;29.11.2001 00:00:00;;;0;0
"MOC";6;"Money and Code";"Geldbetrag mit Berechnungsart";"MOC";0;0;22.8.2003 12:51:54;"2.A.42";"ch02A.html#Heading248";0;0
"MOC";7;"Money and Code";"Geldbetrag mit Berechnungsart";"MOC";0;0;26.10.2007 18:06:25;"2.A.42";"ch02a.html#Heading241";0;0
"MOC";8;"Money and Code";"Geldbetrag mit Berechnungsart";"MOC";0;0;6.3.2011 21:49:42;"2.A.42";"ch02a.html#Heading296";0;0
"MOC";9;"Money and Code";"Geldbetrag mit Berechnungsart";"MOC";0;0;17.3.2014 23:01:47;"2.A.42";"ch02a.html#Heading269";0;0
"MOC";10;"Money and Code";"Geldbetrag mit Berechnungsart";"MOC";0;0;6.1.2020 11:24:21;"2A.3.42";"ch02A.html#Heading558";0;0
"MOC";60;"Money and Code";"Geldbetrag mit Berechnungsart";"MOC";0;0;22.8.2003 12:51:54;"2.A.42";"ch02A.html#Heading248";0;0
"MOC";61;"Money and Code";"Geldbetrag mit Berechnungsart";"MOC";0;0;8.5.2007 22:24:13;"2.A.1.42";"ch02a.html#Heading248";0;0
"MOC";81;"Money and Code";"Geldbetrag mit Berechnungsart";"MOC";0;0;10.3.2013 21:57:51;"2.A.42";"ch02a.html#Heading263";0;0
"MOC";91;"Money and Code";"Geldbetrag mit Berechnungsart";"MOC";0;0;2.11.2014 16:32:34;"2.A.42";"ch02a.html#Heading269";0;0
"MOC";92;"Money and Code";"Geldbetrag mit Berechnungsart";"MOC";0;0;13.7.2015 12:47:55;"2.A.42";"ch02a.html#Heading269";0;0
"MOP";4;"money or percentage";"absoluter oder relativer Geldbetrag";"MOP";0;0;27.12.2002 22:06:27;;;0;0
"MOP";5;"money or percentage";"absoluter oder relativer Geldbetrag";"MOP";0;0;27.12.2002 21:18:33;;;0;0
"MOP";6;"Money or Percentage";"absoluter oder relativer Geldbetrag";"MOP";0;0;22.8.2003 12:51:54;"2.A.43";"ch02A.html#Heading251";0;0
"MOP";7;"Money or Percentage";"absoluter oder relativer Geldbetrag";"MOP";0;0;26.10.2007 18:06:25;"2.A.43";"ch02a.html#Heading245";0;0
"MOP";8;"Money or Percentage";"absoluter oder relativer Geldbetrag";"MOP";0;0;6.3.2011 21:49:42;"2.A.43";"ch02a.html#Heading300";0;0
"MOP";9;"Money or Percentage";"absoluter oder relativer Geldbetrag";"MOP";0;0;17.3.2014 23:01:47;"2.A.43";"ch02a.html#Heading273";0;0
"MOP";10;"Money or Percentage";"absoluter oder relativer Geldbetrag";"MOP";0;0;6.1.2020 11:24:21;"2A.3.43";"ch02A.html#Heading561";0;0
"MOP";60;"Money or Percentage";"absoluter oder relativer Geldbetrag";"MOP";0;0;22.8.2003 12:51:54;"2.A.43";"ch02A.html#Heading251";0;0
"MOP";61;"Money or Percentage";"absoluter oder relativer Geldbetrag";"MOP";0;0;8.5.2007 22:24:13;"2.A.1.43";"ch02a.html#Heading251";0;0
"MOP";81;"Money or Percentage";"absoluter oder relativer Geldbetrag";"MOP";0;0;10.3.2013 21:57:51;"2.A.43";"ch02a.html#Heading266";0;0
"MOP";91;"Money or Percentage";"absoluter oder relativer Geldbetrag";"MOP";0;0;2.11.2014 16:32:34;"2.A.43";"ch02a.html#Heading273";0;0
"MOP";92;"Money or Percentage";"absoluter oder relativer Geldbetrag";"MOP";0;0;13.7.2015 12:47:55;"2.A.43";"ch02a.html#Heading273";0;0
"MSG";4;"Message Type";"Nachrichtentyp";"MSG";0;0;30.12.2001 18:09:57;"2.24.1.9";"ch2.html#Heading477";0;0
"MSG";5;"Message Type";"Nachrichtentyp";"MSG";0;0;29.11.2001 00:00:00;"2.24.1.9";;0;0
"MSG";6;"Message Type";"Nachrichtentyp";"MSG";0;0;22.8.2003 12:51:54;"2.A.44";"ch02A.html#Heading256";0;0
"MSG";7;"Message Type";"Nachrichtentyp";"MSG";0;0;26.10.2007 18:06:25;"2.A.44";"ch02a.html#Heading250";0;0
"MSG";8;"Message Type";"Nachrichtentyp";"MSG";0;0;6.3.2011 21:49:42;"2.A.44";"ch02a.html#Heading305";0;0
"MSG";9;"Message Type";"Nachrichtentyp";"MSG";0;0;17.3.2014 23:01:47;"2.A.44";"ch02a.html#Heading278";0;0
"MSG";10;"Message Type";"Nachrichtentyp";"MSG";0;0;6.1.2020 11:24:21;"2A.3.44";"ch02A.html#Heading565";0;0
"MSG";60;"Message Type";"Nachrichtentyp";"MSG";0;0;22.8.2003 12:51:54;"2.A.44";"ch02A.html#Heading256";0;0
"MSG";61;"Message Type";"Nachrichtentyp";"MSG";0;0;8.5.2007 22:24:13;"2.A.1.44";"ch02a.html#Heading256";0;0
"MSG";81;"Message Type";"Nachrichtentyp";"MSG";0;0;10.3.2013 21:57:51;"2.A.44";"ch02a.html#Heading270";0;0
"MSG";91;"Message Type";"Nachrichtentyp";"MSG";0;0;2.11.2014 16:32:34;"2.A.44";"ch02a.html#Heading278";0;0
"MSG";92;"Message Type";"Nachrichtentyp";"MSG";0;0;13.7.2015 12:47:55;"2.A.44";"ch02a.html#Heading278";0;0
"NA";3;"numeric array";"numerischer Vektor";"NA";0;0;7.9.1996 11:15:15;"2.8.24";;0;0
"NA";4;"numeric array";"numerischer Vektor";"NA";0;0;14.4.1999 21:48:20;"2.8.26";"ch2.html#Heading139";0;0
"NA";5;"numeric array";"numerischer Vektor";"NA";0;0;25.3.2000 17:40:30;"2.9.27";"ch02.htm#Heading158";0;0
"NA";6;"Numeric Array";"numerischer Vektor";"NA";1;0;22.8.2003 12:51:54;"2.A.45";"ch02A.html#Heading261";0;0
"NA";7;"Numeric Array";"numerischer Vektor";"NA";1;0;26.10.2007 18:06:25;"2.A.45";"ch02a.html#Heading255";0;0
"NA";8;"Numeric Array";"numerischer Vektor";"NA";1;0;6.3.2011 21:49:42;"2.A.45";"ch02a.html#Heading310";0;0
"NA";9;"Numeric Array";"numerischer Vektor";"NA";1;0;17.3.2014 23:01:47;"2.A.45";"ch02a.html#Heading283";0;0
"NA";10;"Numeric Array";"numerischer Vektor";"NA";0;0;6.1.2020 11:24:21;"2A.3.45";"ch02A.html#Heading569";0;0
"NA";60;"Numeric Array";"numerischer Vektor";"NA";1;0;22.8.2003 12:51:54;"2.A.45";"ch02A.html#Heading261";0;0
"NA";61;"Numeric Array";"numerischer Vektor";"NA";1;0;8.5.2007 22:24:13;"2.A.1.45";"ch02a.html#Heading261";0;0
"NA";81;"Numeric Array";"numerischer Vektor";"NA";1;0;10.3.2013 21:57:51;"2.A.45";"ch02a.html#Heading274";0;0
"NA";91;"Numeric Array";"numerischer Vektor";"NA";1;0;2.11.2014 16:32:34;"2.A.45";"ch02a.html#Heading283";0;0
"NA";92;"Numeric Array";"numerischer Vektor";"NA";1;0;13.7.2015 12:47:55;"2.A.45";"ch02a.html#Heading283";0;0
"NDL";4;"observing practitioner";"Teilnehmer an Beobachtung/Untersuchung";"NDL";0;0;30.12.2001 18:10:47;;;0;0
"NDL";5;"observing practitioner";"Teilnehmer an Beobachtung/Untersuchung";"NDL";0;0;27.12.2002 00:00:00;;;0;0
"NDL";6;"Name with Date and Location";"Name mit Datum und Ort";"NDL";0;0;22.8.2003 12:51:54;"2.A.46";"ch02A.html#Heading262";0;0
"NDL";7;"Name with Date and Location";"Name mit Datum und Ort";"NDL";0;0;26.10.2007 18:06:25;"2.A.46";"ch02a.html#Heading256";0;0
"NDL";8;"Name with Date and Location";"Name mit Datum und Ort";"NDL";0;0;6.3.2011 21:49:42;"2.A.46";"ch02a.html#Heading311";0;0
"NDL";9;"Name with Date and Location";"Name mit Datum und Ort";"NDL";0;0;17.3.2014 23:01:47;"2.A.46";"ch02a.html#Heading284";0;0
"NDL";10;"Name with Date and Location";"Name mit Datum und Ort";"NDL";0;0;6.1.2020 11:24:21;"2A.3.46";"ch02A.html#Heading570";0;0
"NDL";60;"Name with Date and Location";"Name mit Datum und Ort";"NDL";0;0;22.8.2003 12:51:54;"2.A.46";"ch02A.html#Heading262";0;0
"NDL";61;"Name with Date and Location";"Name mit Datum und Ort";"NDL";0;0;8.5.2007 22:24:13;"2.A.1.46";"ch02a.html#Heading262";0;0
"NDL";81;"Name with Date and Location";"Name mit Datum und Ort";"NDL";0;0;10.3.2013 21:57:51;"2.A.46";"ch02a.html#Heading275";0;0
"NDL";91;"Name with Date and Location";"Name mit Datum und Ort";"NDL";0;0;2.11.2014 16:32:34;"2.A.46";"ch02a.html#Heading284";0;0
"NDL";92;"Name with Date and Location";"Name mit Datum und Ort";"NDL";0;0;13.7.2015 12:47:55;"2.A.46";"ch02a.html#Heading284";0;0
"NM";1;"numeric";"Numerisch";"NM";0;1;25.11.1995 17:28:32;"2.3.3.2";"kap2.html#Heading27";0;0
"NM";2;"numeric";"Numerisch";"NM";0;1;25.11.1995 17:28:32;"2.4.5.4";"hl7chp2.html#Heading18";0;0
"NM";3;"numeric";"Numerisch";"NM";0;1;27.5.1996 00:00:00;;;0;0
"NM";4;"numeric";"Numerisch";"NM";0;1;14.4.1999 21:48:20;"2.8.27";"ch2.html#Heading140";0;0
"NM";5;"numeric";"Numerisch";"NM";0;1;25.3.2000 17:40:30;"2.9.28";"ch02.htm#Heading159";0;0
"NM";6;"Numeric";"Numerisch";"NM";0;1;22.8.2003 12:51:54;"2.A.47";"ch02A.html#Heading275";0;0
"NM";7;"Numeric";"Numerisch";"NM";0;1;26.10.2007 18:06:25;"2.A.47";"ch02a.html#Heading269";1;0
"NM";8;"Numeric";"Numerisch";"NM";0;1;6.3.2011 21:49:42;"2.A.47";"ch02a.html#Heading324";0;0
"NM";9;"Numeric";"Numerisch";"NM";0;1;17.3.2014 23:01:47;"2.A.47";"ch02a.html#Heading297";0;0
"NM";10;"Numeric";"Numerisch";"NM";0;1;17.6.2020 22:28:21;"2A.3.47";"ch02A.html#Heading582";0;0
"NM";20;"Numeric";"Numerisch";"NM";0;0;21.11.2007 21:34:17;;;0;0
"NM";60;"Numeric";"Numerisch";"NM";0;1;22.8.2003 12:51:54;"2.A.47";"ch02A.html#Heading275";0;0
"NM";61;"Numeric";"Numerisch";"NM";0;1;8.5.2007 22:24:13;"2.A.1.47";"ch02a.html#Heading275";0;0
"NM";81;"Numeric";"Numerisch";"NM";0;1;10.3.2013 21:57:51;"2.A.47";"ch02a.html#Heading287";0;0
"NM";91;"Numeric";"Numerisch";"NM";0;1;2.11.2014 16:32:34;"2.A.47";"ch02a.html#Heading297";0;0
"NM";92;"Numeric";"Numerisch";"NM";0;1;13.7.2015 12:47:55;"2.A.47";"ch02a.html#Heading297";0;0
"NM";530;"Numeric";"Numerisch";"NM";0;0;17.12.2011 14:08:30;;;0;0
"NM";540;"Numeric";"Numerisch";"NM";0;1;24.9.2015 13:26:18;;;0;0
"NR";4;"Numeric Range";"numerischer Wertebereich";"NR";0;0;30.12.2001 18:22:03;;;0;0
"NR";5;"Numeric Range";"numerischer Wertebereich";"NR";0;0;29.11.2001 00:00:00;;;0;0
"NR";6;"Numeric Range";"numerischer Wertebereich";"NR";0;0;22.8.2003 12:51:54;"2.A.48";"ch02A.html#Heading276";0;0
"NR";7;"Numeric Range";"numerischer Wertebereich";"NR";0;0;26.10.2007 18:06:25;"2.A.48";"ch02a.html#Heading270";0;0
"NR";8;"Numeric Range";"numerischer Wertebereich";"NR";0;0;6.3.2011 21:49:42;"2.A.48";"ch02a.html#Heading325";0;0
"NR";9;"Numeric Range";"numerischer Wertebereich";"NR";0;0;17.3.2014 23:01:47;"2.A.48";"ch02a.html#Heading298";0;0
"NR";10;"Numeric Range";"numerischer Wertebereich";"NR";0;0;6.1.2020 11:24:21;"2A.3.48";"ch02A.html#Heading583";0;0
"NR";60;"Numeric Range";"numerischer Wertebereich";"NR";0;0;22.8.2003 12:51:54;"2.A.48";"ch02A.html#Heading276";0;0
"NR";61;"Numeric Range";"numerischer Wertebereich";"NR";0;0;8.5.2007 22:24:13;"2.A.1.48";"ch02a.html#Heading276";0;0
"NR";81;"Numeric Range";"numerischer Wertebereich";"NR";0;0;10.3.2013 21:57:51;"2.A.48";"ch02a.html#Heading288";0;0
"NR";91;"Numeric Range";"numerischer Wertebereich";"NR";0;0;2.11.2014 16:32:34;"2.A.48";"ch02a.html#Heading298";0;0
"NR";92;"Numeric Range";"numerischer Wertebereich";"NR";0;0;13.7.2015 12:47:55;"2.A.48";"ch02a.html#Heading298";0;0
"OCD";4;"occurence";"nicht verwendet";"OCD";0;0;30.12.2001 18:11:25;;;0;0
"OCD";5;"occurence";"nicht verwendet";"OCD";0;0;29.11.2001 00:00:00;;;0;0
"OCD";6;"Occurrence Code and Date";"nicht verwendet";"OCD";0;0;22.8.2003 12:51:54;"2.A.49";"ch02A.html#Heading280";0;0
"OCD";7;"Occurrence Code and Date";"nicht verwendet";"OCD";0;0;26.10.2007 18:06:25;"2.A.49";"ch02a.html#Heading274";0;0
"OCD";8;"Occurrence Code and Date";"nicht verwendet";"OCD";0;0;6.3.2011 21:49:42;"2.A.49";"ch02a.html#Heading329";0;0
"OCD";9;"Occurrence Code and Date";"nicht verwendet";"OCD";0;0;17.3.2014 23:01:47;"2.A.49";"ch02a.html#Heading302";0;0
"OCD";10;"Occurrence Code and Date";;"OCD";0;0;6.1.2020 11:24:21;"2A.3.49";"ch02A.html#Heading586";0;0
"OCD";60;"Occurrence Code and Date";"nicht verwendet";"OCD";0;0;22.8.2003 12:51:54;"2.A.49";"ch02A.html#Heading280";0;0
"OCD";61;"Occurrence Code and Date";"nicht verwendet";"OCD";0;0;8.5.2007 22:24:13;"2.A.1.49";"ch02a.html#Heading280";0;0
"OCD";81;"Occurrence Code and Date";"nicht verwendet";"OCD";0;0;10.3.2013 21:57:51;"2.A.49";"ch02a.html#Heading291";0;0
"OCD";91;"Occurrence Code and Date";"nicht verwendet";"OCD";0;0;2.11.2014 16:32:34;"2.A.49";"ch02a.html#Heading302";0;0
"OCD";92;"Occurrence Code and Date";"nicht verwendet";"OCD";0;0;13.7.2015 12:47:55;"2.A.49";"ch02a.html#Heading302";0;0
"OG";10;"OG";;"OG";0;0;6.1.2020 11:24:21;"2A.3.50";"ch02A.html#Heading589";0;0
"OG";92;"Observation Grouper";;"OG";0;0;13.7.2015 12:47:55;"2.A.50";"ch02a.html#Heading306";0;0
"OP";540;;;"OP";0;0;6.7.2015 12:21:04;;;0;0
"OSD";4;"order sequence";"Festlegung der Auftragsreihenfolge";"OSD";0;0;30.12.2001 18:50:41;"4.4";;0;0
"OSD";5;"order sequence";"Festlegung der Auftragsreihenfolge";"OSD";0;0;29.11.2001 00:00:00;"4";;0;0
"OSD";6;"Order Sequence Definition";"Festlegung der Auftragsreihenfolge";"OSD";0;0;22.8.2003 12:51:54;"2.A.50";"ch02A.html#Heading284";0;0
"OSD";7;"Order Sequence Definition";"Festlegung der Auftragsreihenfolge";"OSD";0;0;26.10.2007 18:06:25;"2.A.50";"ch02a.html#Heading278";0;0
"OSD";60;"Order Sequence Definition";"Festlegung der Auftragsreihenfolge";"OSD";0;0;22.8.2003 12:51:54;"2.A.50";"ch02A.html#Heading284";0;0
"OSD";61;"Order Sequence Definition";"Festlegung der Auftragsreihenfolge";"OSD";0;0;8.5.2007 22:24:13;"2.A.1.50";"ch02a.html#Heading284";0;0
"OSP";4;"occurence span";"nicht verwendet";"OSP";0;0;30.12.2001 18:12:09;"6.5.11.8";;0;0
"OSP";5;"occurence span";"nicht verwendet";"OSP";0;0;29.11.2001 00:00:00;"6.5.11.8";;0;0
"OSP";6;"Occurrence Span Code and Date";"nicht verwendet";"OSP";0;0;22.8.2003 12:51:54;"2.A.51";"ch02A.html#Heading297";0;0
"OSP";7;"Occurrence Span Code and Date";"nicht verwendet";"OSP";0;0;26.10.2007 18:06:25;"2.A.51";"ch02a.html#Heading291";0;0
"OSP";8;"Occurrence Span Code and Date";"nicht verwendet";"OSP";0;0;6.3.2011 21:49:42;"2.A.51";"ch02a.html#Heading334";0;0
"OSP";9;"Occurrence Span Code and Date";"nicht verwendet";"OSP";0;0;17.3.2014 23:01:47;"2.A.51";"ch02a.html#Heading307";0;0
"OSP";10;"Occurrence Span Code and Date";;"OSP";0;0;6.1.2020 11:24:21;"2A.3.52";"ch02A.html#Heading595";0;0
"OSP";60;"Occurrence Span Code and Date";"nicht verwendet";"OSP";0;0;22.8.2003 12:51:54;"2.A.51";"ch02A.html#Heading297";0;0
"OSP";61;"Occurrence Span Code and Date";"nicht verwendet";"OSP";0;0;8.5.2007 22:24:13;"2.A.1.51";"ch02a.html#Heading297";0;0
"OSP";81;"Occurrence Span Code and Date";"nicht verwendet";"OSP";0;0;10.3.2013 21:57:51;"2.A.51";"ch02a.html#Heading295";0;0
"OSP";91;"Occurrence Span Code and Date";"nicht verwendet";"OSP";0;0;2.11.2014 16:32:34;"2.A.51";"ch02a.html#Heading307";0;0
"OSP";92;"Occurrence Span Code and Date";"nicht verwendet";"OSP";0;0;13.7.2015 12:47:55;"2.A.52";"ch02a.html#Heading312";0;0
"PCF";4;"Pre-certification required";;"PCF";0;0;30.12.2001 18:12:45;"6.4.8.20";;0;0
"PCF";5;"Pre-certification required";;"PCF";0;0;29.11.2001 00:00:00;"6.4.8.20";;0;0
"PI";4;"person identifier";"Identifikator einer Personen";"PI";0;0;30.12.2001 18:13:54;"11";;0;0
"PI";5;"person identifier";"Identifikator einer Personen";"PI";0;0;3.2.2001 11:23:23;"11";;0;0
"PIP";4;"Privileges";;"PIP";0;0;30.12.2001 18:18:03;"8";;0;0
"PIP";5;"Privileges";;"PIP";0;0;29.11.2001 00:00:00;"15";;0;0
"PIP";6;"Practitioner Institutional Privileges";"Privileg eines Arztes in einer Einrichtung";"PIP";0;0;22.8.2003 12:51:54;"2.A.52";"ch02A.html#Heading301";0;0
"PIP";7;"Practitioner Institutional Privileges";"Privileg eines Arztes in einer Einrichtung";"PIP";0;0;26.10.2007 18:06:25;"2.A.52";"ch02a.html#Heading296";0;0
"PIP";8;"Practitioner Institutional Privileges";"Privileg eines Arztes in einer Einrichtung";"PIP";0;0;6.3.2011 21:49:42;"2.A.52";"ch02a.html#Heading339";0;0
"PIP";9;"Practitioner Institutional Privileges";"Privileg eines Arztes in einer Einrichtung";"PIP";0;0;17.3.2014 23:01:47;"2.A.52";"ch02a.html#Heading312";0;0
"PIP";10;"Practitioner Institutional Privileges";"Privileg eines Arztes in einer Einrichtung";"PIP";0;0;6.1.2020 11:24:21;"2A.3.53";"ch02A.html#Heading599";0;0
"PIP";60;"Practitioner Institutional Privileges";"Privileg eines Arztes in einer Einrichtung";"PIP";0;0;22.8.2003 12:51:54;"2.A.52";"ch02A.html#Heading301";0;0
"PIP";61;"Practitioner Institutional Privileges";"Privileg eines Arztes in einer Einrichtung";"PIP";0;0;8.5.2007 22:24:13;"2.A.1.52";"ch02a.html#Heading301";0;0
"PIP";81;"Practitioner Institutional Privileges";"Privileg eines Arztes in einer Einrichtung";"PIP";0;0;10.3.2013 21:57:51;"2.A.52";"ch02a.html#Heading299";0;0
"PIP";91;"Practitioner Institutional Privileges";"Privileg eines Arztes in einer Einrichtung";"PIP";0;0;2.11.2014 16:32:34;"2.A.52";"ch02a.html#Heading312";0;0
"PIP";92;"Practitioner Institutional Privileges";"Privileg eines Arztes in einer Einrichtung";"PIP";0;0;13.7.2015 12:47:55;"2.A.53";"ch02a.html#Heading317";0;0
"PL";3;"person location";"Aufenthaltsort";"PL";0;0;27.5.1996 22:20:12;"2.8.26";;0;0
"PL";4;"person location";"Aufenthaltsort";"PL";0;0;14.4.1999 21:48:20;"2.8.28";"ch2.html#Heading141";0;0
"PL";5;"person location";"Aufenthaltsort";"PL";0;0;25.3.2000 17:40:30;"2.9.29";"ch02.htm#Heading160";0;0
"PL";6;"Person Location";"Aufenthaltsort";"PL";0;0;22.8.2003 12:51:54;"2.A.53";"ch02A.html#Heading308";0;0
"PL";7;"Person Location";"Aufenthaltsort";"PL";0;0;26.10.2007 18:06:25;"2.A.53";"ch02a.html#Heading303";0;0
"PL";8;"Person Location";"Aufenthaltsort";"PL";0;0;6.3.2011 21:49:42;"2.A.53";"ch02a.html#Heading346";0;0
"PL";9;"Person Location";"Aufenthaltsort";"PL";0;0;17.3.2014 23:01:47;"2.A.53";"ch02a.html#Heading319";0;0
"PL";10;"Person Location";"Aufenthaltsort";"PL";0;0;6.1.2020 11:24:21;"2A.3.54";"ch02A.html#Heading605";0;0
"PL";60;"Person Location";"Aufenthaltsort";"PL";0;0;22.8.2003 12:51:54;"2.A.53";"ch02A.html#Heading308";0;0
"PL";61;"Person Location";"Aufenthaltsort";"PL";0;0;8.5.2007 22:24:13;"2.A.1.53";"ch02a.html#Heading308";0;0
"PL";81;"Person Location";"Aufenthaltsort";"PL";0;0;10.3.2013 21:57:51;"2.A.53";"ch02a.html#Heading305";0;0
"PL";91;"Person Location";"Aufenthaltsort";"PL";0;0;2.11.2014 16:32:34;"2.A.53";"ch02a.html#Heading319";0;0
"PL";92;"Person Location";"Aufenthaltsort";"PL";0;0;13.7.2015 12:47:55;"2.A.54";"ch02a.html#Heading324";0;0
"PL";540;"Person Location";"Aufenthaltsort";"PL";0;0;24.9.2015 13:31:35;;;0;0
"PLN";4;"Practitioner ID Numbers";"-";"PLN";0;0;30.12.2001 18:18:37;"8";;0;0
"PLN";5;"Practitioner ID Numbers";"-";"PLN";0;0;29.11.2001 00:00:00;"15";;0;0
"PLN";6;"Practitioner License or Other ID Number";"Arzt-ID";"PLN";0;0;22.8.2003 12:51:54;"2.A.54";"ch02A.html#Heading321";0;0
"PLN";7;"Practitioner License or Other ID Number";"Arzt-ID";"PLN";0;0;26.10.2007 18:06:25;"2.A.54";"ch02a.html#Heading316";0;0
"PLN";8;"Practitioner License or Other ID Number";"Arzt-ID";"PLN";0;0;6.3.2011 21:49:42;"2.A.54";"ch02a.html#Heading359";0;0
"PLN";9;"Practitioner License or Other ID Number";"Arzt-ID";"PLN";0;0;17.3.2014 23:01:47;"2.A.54";"ch02a.html#Heading332";0;0
"PLN";10;"Practitioner License or Other ID Number";"Arzt-ID";"PLN";0;0;6.1.2020 11:24:21;"2A.3.55";"ch02A.html#Heading617";0;0
"PLN";60;"Practitioner License or Other ID Number";"Arzt-ID";"PLN";0;0;22.8.2003 12:51:54;"2.A.54";"ch02A.html#Heading321";0;0
"PLN";61;"Practitioner License or Other ID Number";"Arzt-ID";"PLN";0;0;8.5.2007 22:24:13;"2.A.1.54";"ch02a.html#Heading321";0;0
"PLN";81;"Practitioner License or Other ID Number";"Arzt-ID";"PLN";0;0;10.3.2013 21:57:51;"2.A.54";"ch02a.html#Heading317";0;0
"PLN";91;"Practitioner License or Other ID Number";"Arzt-ID";"PLN";0;0;2.11.2014 16:32:34;"2.A.54";"ch02a.html#Heading332";0;0
"PLN";92;"Practitioner License or Other ID Number";"Arzt-ID";"PLN";0;0;13.7.2015 12:47:55;"2.A.55";"ch02a.html#Heading337";0;0
"PN";1;"person name";"Personenname";"PN";0;0;25.11.1995 17:28:32;"2.3.3.6";"kap2.html#Heading31";0;0
"PN";2;"person name";"Personenname";"PN";0;0;25.11.1995 17:28:32;"2.4.5.8";"hl7chp2.html#Heading22";0;0
"PN";4;"person name";"Personenname";"PN";0;0;14.4.1999 21:48:20;"2.8.29";"ch2.html#Heading152";0;0
"PN";5;"person name";"Personenname";"PN";0;0;25.3.2000 17:40:30;"2.9.30";"ch02.htm#Heading171";0;0
"PPN";3;"performing person time stamp";"Identifikation der ausführenden Person mit Zeitpunkt";"PPN";0;0;20.7.1997 17:29:32;"2.8.27";;0;0
"PPN";4;"performing person time stamp";"Identifikation der ausführenden Person mit Zeitpunkt";"PPN";0;0;24.7.2003 00:00:00;"2.8.30";"ch2.html#Heading164";0;0
"PPN";5;"performing person time stamp";"Identifikation der ausführenden Person mit Zeitpunkt";"PPN";0;0;25.3.2000 17:40:30;"2.9.31";"ch02.htm#Heading181";0;0
"PPN";6;"Performing Person Time Stamp";"Identifikation der ausführenden Person mit Zeitpunkt";"PPN";0;0;22.8.2003 12:51:54;"2.A.55";"ch02A.html#Heading327";0;0
"PPN";7;"Performing Person Time Stamp";"Identifikation der ausführenden Person mit Zeitpunkt";"PPN";0;0;26.10.2007 18:06:25;"2.A.55";"ch02a.html#Heading322";0;0
"PPN";8;"Performing Person Time Stamp";"Identifikation der ausführenden Person mit Zeitpunkt";"PPN";0;0;6.3.2011 21:49:42;"2.A.55";"ch02a.html#Heading365";0;0
"PPN";9;"Performing Person Time Stamp";"Identifikation der ausführenden Person mit Zeitpunkt";"PPN";0;0;17.3.2014 23:01:47;"2.A.55";"ch02a.html#Heading338";0;0
"PPN";10;"Performing Person Time Stamp";"Identifikation der ausführenden Person mit Zeitpunkt";"PPN";0;0;6.1.2020 11:24:21;"2A.3.56";"ch02A.html#Heading622";0;0
"PPN";60;"Performing Person Time Stamp";"Identifikation der ausführenden Person mit Zeitpunkt";"PPN";0;0;22.8.2003 12:51:54;"2.A.55";"ch02A.html#Heading327";0;0
"PPN";61;"Performing Person Time Stamp";"Identifikation der ausführenden Person mit Zeitpunkt";"PPN";0;0;8.5.2007 22:24:13;"2.A.1.55";"ch02a.html#Heading327";0;0
"PPN";81;"Performing Person Time Stamp";"Identifikation der ausführenden Person mit Zeitpunkt";"PPN";0;0;10.3.2013 21:57:51;"2.A.55";"ch02a.html#Heading322";0;0
"PPN";91;"Performing Person Time Stamp";"Identifikation der ausführenden Person mit Zeitpunkt";"PPN";0;0;2.11.2014 16:32:34;"2.A.55";"ch02a.html#Heading338";0;0
"PPN";92;"Performing Person Time Stamp";"Identifikation der ausführenden Person mit Zeitpunkt";"PPN";0;0;13.7.2015 12:47:55;"2.A.56";"ch02a.html#Heading343";0;0
"PRL";4;"parent result link";"Verknüpfung zu übergeordnetem Ergebnis";"PRL";0;0;30.12.2001 18:15:13;;;0;0
"PRL";5;"parent result link";"Verknüpfung zu übergeordnetem Ergebnis";"PRL";0;0;29.11.2001 00:00:00;;;0;0
"PRL";6;"Parent Result Link";"Verknüpfung zu übergeordnetem Ergebnis";"PRL";0;0;22.8.2003 12:51:54;"2.A.56";"ch02A.html#Heading353";0;0
"PRL";7;"Parent Result Link";"Verknüpfung zu übergeordnetem Ergebnis";"PRL";0;0;26.10.2007 18:06:25;"2.A.56";"ch02a.html#Heading348";0;0
"PRL";8;"Parent Result Link";"Verknüpfung zu übergeordnetem Ergebnis";"PRL";0;0;6.3.2011 21:49:42;"2.A.56";"ch02a.html#Heading393";0;0
"PRL";9;"Parent Result Link";"Verknüpfung zu übergeordnetem Ergebnis";"PRL";0;0;17.3.2014 23:01:47;"2.A.56";"ch02a.html#Heading366";0;0
"PRL";10;"Parent Result Link";"Verknüpfung zu übergeordnetem Ergebnis";"PRL";0;0;6.1.2020 11:24:21;"2A.3.57";"ch02A.html#Heading649";0;0
"PRL";60;"Parent Result Link";"Verknüpfung zu übergeordnetem Ergebnis";"PRL";0;0;22.8.2003 12:51:54;"2.A.56";"ch02A.html#Heading353";0;0
"PRL";61;"Parent Result Link";"Verknüpfung zu übergeordnetem Ergebnis";"PRL";0;0;8.5.2007 22:24:13;"2.A.1.56";"ch02a.html#Heading353";0;0
"PRL";81;"Parent Result Link";"Verknüpfung zu übergeordnetem Ergebnis";"PRL";0;0;10.3.2013 21:57:51;"2.A.56";"ch02a.html#Heading349";0;0
"PRL";91;"Parent Result Link";"Verknüpfung zu übergeordnetem Ergebnis";"PRL";0;0;2.11.2014 16:32:34;"2.A.56";"ch02a.html#Heading366";0;0
"PRL";92;"Parent Result Link";"Verknüpfung zu übergeordnetem Ergebnis";"PRL";0;0;13.7.2015 12:47:55;"2.A.57";"ch02a.html#Heading371";0;0
"PT";3;"processing type";"Verarbeitungsart";"PT";0;0;29.12.1996 12:45:52;"2.8.29";;0;0
"PT";4;"processing type";"Verarbeitungsart";"PT";0;0;14.4.1999 21:48:20;"2.8.31";"ch2.html#Heading184";0;0
"PT";5;"processing type";"Verarbeitungsart";"PT";0;0;25.3.2000 17:40:30;"2.9.32";"ch02.htm#Heading202";0;0
"PT";6;"Processing Type";"Verarbeitungsart";"PT";0;0;22.8.2003 12:51:54;"2.A.57";"ch02A.html#Heading358";0;0
"PT";7;"Processing Type";"Verarbeitungsart";"PT";0;0;26.10.2007 18:06:25;"2.A.57";"ch02a.html#Heading353";1;0
"PT";8;"Processing Type";"Verarbeitungsart";"PT";0;0;6.3.2011 21:49:42;"2.A.57";"ch02a.html#Heading398";0;0
"PT";9;"Processing Type";"Verarbeitungsart";"PT";0;0;17.3.2014 23:01:47;"2.A.57";"ch02a.html#Heading371";0;0
"PT";10;"Processing Type";"Verarbeitungsart";"PT";0;0;6.1.2020 11:24:21;"2A.3.58";"ch02A.html#Heading653";0;0
"PT";60;"Processing Type";"Verarbeitungsart";"PT";0;0;22.8.2003 12:51:54;"2.A.57";"ch02A.html#Heading358";0;0
"PT";61;"Processing Type";"Verarbeitungsart";"PT";0;0;8.5.2007 22:24:13;"2.A.1.57";"ch02a.html#Heading358";0;0
"PT";81;"Processing Type";"Verarbeitungsart";"PT";0;0;10.3.2013 21:57:51;"2.A.57";"ch02a.html#Heading353";0;0
"PT";91;"Processing Type";"Verarbeitungsart";"PT";0;0;2.11.2014 16:32:34;"2.A.57";"ch02a.html#Heading371";0;0
"PT";92;"Processing Type";"Verarbeitungsart";"PT";0;0;13.7.2015 12:47:55;"2.A.58";"ch02a.html#Heading376";0;0
"PTA";4;"Policy Type";"Art und Umfang der Versicherung";"PTA";0;0;30.12.2001 18:19:13;"6.4.7.29";"ch6.html#Heading229";0;0
"PTA";5;"Policy Type";"Art und Umfang der Versicherung";"PTA";0;0;25.3.2000 17:40:30;"6.4.7.29";;0;0
"PTA";6;"Policy Type and Amount";"Art und Umfang der Versicherung";"PTA";0;0;22.8.2003 12:51:54;"2.A.58";"ch02A.html#Heading362";0;0
"PTA";7;"Policy Type and Amount";"Art und Umfang der Versicherung";"PTA";0;0;26.10.2007 18:06:25;"2.A.58";"ch02a.html#Heading357";0;0
"PTA";8;"Policy Type and Amount";"Art und Umfang der Versicherung";"PTA";0;0;6.3.2011 21:49:42;"2.A.58";"ch02a.html#Heading402";0;0
"PTA";9;"Policy Type and Amount";"Art und Umfang der Versicherung";"PTA";0;0;17.3.2014 23:01:47;"2.A.58";"ch02a.html#Heading375";0;0
"PTA";10;"Policy Type and Amount";"Art und Umfang der Versicherung";"PTA";0;0;6.1.2020 11:24:21;"2A.3.59";"ch02A.html#Heading656";0;0
"PTA";60;"Policy Type and Amount";"Art und Umfang der Versicherung";"PTA";0;0;22.8.2003 12:51:54;"2.A.58";"ch02A.html#Heading362";0;0
"PTA";61;"Policy Type and Amount";"Art und Umfang der Versicherung";"PTA";0;0;8.5.2007 22:24:13;"2.A.1.58";"ch02a.html#Heading362";0;0
"PTA";81;"Policy Type and Amount";"Art und Umfang der Versicherung";"PTA";0;0;10.3.2013 21:57:51;"2.A.58";"ch02a.html#Heading356";0;0
"PTA";91;"Policy Type and Amount";"Art und Umfang der Versicherung";"PTA";0;0;2.11.2014 16:32:34;"2.A.58";"ch02a.html#Heading375";0;0
"PTA";92;"Policy Type and Amount";"Art und Umfang der Versicherung";"PTA";0;0;13.7.2015 12:47:55;"2.A.59";"ch02a.html#Heading380";0;0
"QIP";3;"query input parameter list";"Parameterliste für Abfragen";"QIP";0;0;20.7.1997 17:27:41;"2.8.30";;0;0
"QIP";4;"query input parameter list";"Parameterliste für Abfragen";"QIP";0;0;14.4.1999 21:48:20;"2.8.32";"ch2.html#Heading187";0;0
"QIP";5;"query input parameter list";"Parameterliste für Abfragen";"QIP";0;0;25.3.2000 17:40:30;"2.9.33";"ch02.htm#Heading206";0;0
"QIP";6;"Query Input Parameter List";"Parameterliste für Abfragen";"QIP";0;0;22.8.2003 12:51:54;"2.A.59";"ch02A.html#Heading368";0;0
"QIP";7;"Query Input Parameter List";"Parameterliste für Abfragen";"QIP";0;0;26.10.2007 18:06:25;"2.A.59";"ch02a.html#Heading363";0;0
"QIP";8;"Query Input Parameter List";"Parameterliste für Abfragen";"QIP";0;0;6.3.2011 21:49:42;"2.A.59";"ch02a.html#Heading408";0;0
"QIP";9;"Query Input Parameter List";"Parameterliste für Abfragen";"QIP";0;0;17.3.2014 23:01:47;"2.A.59";"ch02a.html#Heading381";0;0
"QIP";10;"Query Input Parameter List";"Parameterliste für Abfragen";"QIP";0;0;6.1.2020 11:24:21;"2A.3.60";"ch02A.html#Heading661";0;0
"QIP";60;"Query Input Parameter List";"Parameterliste für Abfragen";"QIP";0;0;22.8.2003 12:51:54;"2.A.59";"ch02A.html#Heading368";0;0
"QIP";61;"Query Input Parameter List";"Parameterliste für Abfragen";"QIP";0;0;8.5.2007 22:24:13;"2.A.1.59";"ch02a.html#Heading368";0;0
"QIP";81;"Query Input Parameter List";"Parameterliste für Abfragen";"QIP";0;0;10.3.2013 21:57:51;"2.A.59";"ch02a.html#Heading361";0;0
"QIP";91;"Query Input Parameter List";"Parameterliste für Abfragen";"QIP";0;0;2.11.2014 16:32:34;"2.A.59";"ch02a.html#Heading381";0;0
"QIP";92;"Query Input Parameter List";"Parameterliste für Abfragen";"QIP";0;0;13.7.2015 12:47:55;"2.A.60";"ch02a.html#Heading386";0;0
"QSC";3;"query selection criteria";"Selektionskriterien für Abfragen";"QSC";0;0;20.7.1997 17:18:34;"2.8.31";;0;0
"QSC";4;"query selection criteria";"Selektionskriterien für Abfragen";"QSC";0;0;14.4.1999 21:48:20;"2.8.33";"ch2.html#Heading190";0;0
"QSC";5;"query selection criteria";"Selektionskriterien für Abfragen";"QSC";0;0;25.3.2000 17:40:30;"2.9.34";"ch02.htm#Heading210";0;0
"QSC";6;"Query Selection Criteria";"Selektionskriterien für Abfragen";"QSC";0;0;22.8.2003 12:51:54;"2.A.60";"ch02A.html#Heading372";0;0
"QSC";7;"Query Selection Criteria";"Selektionskriterien für Abfragen";"QSC";0;0;26.10.2007 18:06:25;"2.A.60";"ch02a.html#Heading367";0;0
"QSC";8;"Query Selection Criteria";"Selektionskriterien für Abfragen";"QSC";0;0;6.3.2011 21:49:42;"2.A.60";"ch02a.html#Heading412";0;0
"QSC";9;"Query Selection Criteria";"Selektionskriterien für Abfragen";"QSC";0;0;17.3.2014 23:01:47;"2.A.60";"ch02a.html#Heading385";0;0
"QSC";10;"Query Selection Criteria";"Selektionskriterien für Abfragen";"QSC";0;0;6.1.2020 11:24:21;"2A.3.61";"ch02A.html#Heading664";0;0
"QSC";60;"Query Selection Criteria";"Selektionskriterien für Abfragen";"QSC";0;0;22.8.2003 12:51:54;"2.A.60";"ch02A.html#Heading372";0;0
"QSC";61;"Query Selection Criteria";"Selektionskriterien für Abfragen";"QSC";0;0;8.5.2007 22:24:13;"2.A.1.60";"ch02a.html#Heading372";0;0
"QSC";81;"Query Selection Criteria";"Selektionskriterien für Abfragen";"QSC";0;0;10.3.2013 21:57:51;"2.A.60";"ch02a.html#Heading364";0;0
"QSC";91;"Query Selection Criteria";"Selektionskriterien für Abfragen";"QSC";0;0;2.11.2014 16:32:34;"2.A.60";"ch02a.html#Heading385";0;0
"QSC";92;"Query Selection Criteria";"Selektionskriterien für Abfragen";"QSC";0;0;13.7.2015 12:47:55;"2.A.61";"ch02a.html#Heading390";0;0
"RCD";3;"row column definition";"Spaltendefinition für Ergebniszeile";"RCD";0;0;20.7.1997 17:28:05;"2.8.32";;0;0
"RCD";4;"row column definition";"Spaltendefinition für Ergebniszeile";"RCD";0;0;14.4.1999 21:48:20;"2.8.34";"ch2.html#Heading195";0;0
"RCD";5;"row column definition";"Spaltendefinition für Ergebniszeile";"RCD";0;0;25.3.2000 17:40:30;"2.9.35";"ch02.htm#Heading216";0;0
"RCD";6;"Row Column Definition";"Spaltendefinition für Ergebniszeile";"RCD";0;0;22.8.2003 12:51:54;"2.A.61";"ch02A.html#Heading378";0;0
"RCD";7;"Row Column Definition";"Spaltendefinition für Ergebniszeile";"RCD";0;0;26.10.2007 18:06:25;"2.A.61";"ch02a.html#Heading373";0;0
"RCD";8;"Row Column Definition";"Spaltendefinition für Ergebniszeile";"RCD";0;0;6.3.2011 21:49:42;"2.A.61";"ch02a.html#Heading418";0;0
"RCD";9;"Row Column Definition";"Spaltendefinition für Ergebniszeile";"RCD";0;0;17.3.2014 23:01:47;"2.A.61";"ch02a.html#Heading391";0;0
"RCD";10;"Row Column Definition";"Spaltendefinition für Ergebniszeile";"RCD";0;0;6.1.2020 11:24:21;"2A.3.62";"ch02A.html#Heading669";0;0
"RCD";60;"Row Column Definition";"Spaltendefinition für Ergebniszeile";"RCD";0;0;22.8.2003 12:51:54;"2.A.61";"ch02A.html#Heading378";0;0
"RCD";61;"Row Column Definition";"Spaltendefinition für Ergebniszeile";"RCD";0;0;8.5.2007 22:24:13;"2.A.1.61";"ch02a.html#Heading378";0;0
"RCD";81;"Row Column Definition";"Spaltendefinition für Ergebniszeile";"RCD";0;0;10.3.2013 21:57:51;"2.A.61";"ch02a.html#Heading369";0;0
"RCD";91;"Row Column Definition";"Spaltendefinition für Ergebniszeile";"RCD";0;0;2.11.2014 16:32:34;"2.A.61";"ch02a.html#Heading391";0;0
"RCD";92;"Row Column Definition";"Spaltendefinition für Ergebniszeile";"RCD";0;0;13.7.2015 12:47:55;"2.A.62";"ch02a.html#Heading396";0;0
"RFR";4;"reference range";"Referenzbereich";"RFR";0;0;30.12.2001 18:23:12;;;0;0
"RFR";5;"reference range";"Referenzbereich";"RFR";0;0;29.11.2001 00:00:00;;;0;0
"RFR";6;"Reference Range";"Referenzbereich";"RFR";0;0;22.8.2003 12:51:54;"2.A.62";"ch02A.html#Heading383";0;0
"RFR";7;"Reference Range";"Referenzbereich";"RFR";0;0;26.10.2007 18:06:25;"2.A.62";"ch02a.html#Heading378";0;0
"RFR";8;"Reference Range";"Referenzbereich";"RFR";0;0;6.3.2011 21:49:42;"2.A.62";"ch02a.html#Heading423";0;0
"RFR";9;"Reference Range";"Referenzbereich";"RFR";0;0;17.3.2014 23:01:47;"2.A.62";"ch02a.html#Heading396";0;0
"RFR";10;"Reference Range";"Referenzbereich";"RFR";0;0;6.1.2020 11:24:21;"2A.3.63";"ch02A.html#Heading673";0;0
"RFR";60;"Reference Range";"Referenzbereich";"RFR";0;0;22.8.2003 12:51:54;"2.A.62";"ch02A.html#Heading383";0;0
"RFR";61;"Reference Range";"Referenzbereich";"RFR";0;0;8.5.2007 22:24:13;"2.A.1.62";"ch02a.html#Heading383";0;0
"RFR";81;"Reference Range";"Referenzbereich";"RFR";0;0;10.3.2013 21:57:51;"2.A.62";"ch02a.html#Heading373";0;0
"RFR";91;"Reference Range";"Referenzbereich";"RFR";0;0;2.11.2014 16:32:34;"2.A.62";"ch02a.html#Heading396";0;0
"RFR";92;"Reference Range";"Referenzbereich";"RFR";0;0;13.7.2015 12:47:55;"2.A.63";"ch02a.html#Heading401";0;0
"RI";3;"repeat interval";"Wiederholungsintervall";"RI";0;0;20.7.1997 17:30:13;"2.8.32";;0;0
"RI";4;"repeat interval";"Wiederholungsintervall";"RI";0;0;14.4.1999 21:48:20;"2.8.35";"ch2.html#Heading200";0;0
"RI";5;"repeat interval";"Wiederholungsintervall";"RI";0;0;29.11.2001 00:00:00;"2.9.36";"ch02.htm#Heading221";0;0
"RI";6;"Repeat Interval";"Wiederholungsintervall";"RI";0;0;22.8.2003 12:51:54;"2.A.63";"ch02A.html#Heading392";0;0
"RI";7;"Repeat Interval";"Wiederholungsintervall";"RI";0;0;26.10.2007 18:06:25;"2.A.63";"ch02a.html#Heading387";0;0
"RI";8;"Repeat Interval";"Wiederholungsintervall";"RI";0;0;6.3.2011 21:49:42;"2.A.63";"ch02a.html#Heading432";0;0
"RI";9;"Repeat Interval";"Wiederholungsintervall";"RI";0;0;17.3.2014 23:01:47;"2.A.63";"ch02a.html#Heading405";0;0
"RI";10;"Repeat Interval";"Wiederholungsintervall";"RI";0;0;6.1.2020 11:24:21;"2A.3.64";"ch02A.html#Heading681";0;0
"RI";60;"Repeat Interval";"Wiederholungsintervall";"RI";0;0;22.8.2003 12:51:54;"2.A.63";"ch02A.html#Heading392";0;0
"RI";61;"Repeat Interval";"Wiederholungsintervall";"RI";0;0;8.5.2007 22:24:13;"2.A.1.63";"ch02a.html#Heading392";0;0
"RI";81;"Repeat Interval";"Wiederholungsintervall";"RI";0;0;10.3.2013 21:57:51;"2.A.63";"ch02a.html#Heading381";0;0
"RI";91;"Repeat Interval";"Wiederholungsintervall";"RI";0;0;2.11.2014 16:32:34;"2.A.63";"ch02a.html#Heading405";0;0
"RI";92;"Repeat Interval";"Wiederholungsintervall";"RI";0;0;13.7.2015 12:47:55;"2.A.64";"ch02a.html#Heading410";0;0
"RMC";4;"Room Coverage";"Zimmertyp";"RMC";0;0;30.12.2001 18:25:02;"6.4.7.28";"ch6.html#Heading228";0;0
"RMC";5;"Room Coverage";"Zimmertyp";"RMC";0;0;29.11.2001 00:00:00;"6.4.7.28";;0;0
"RMC";6;"Room Coverage";"Zimmertyp";"RMC";0;0;22.8.2003 12:51:54;"2.A.64";"ch02A.html#Heading396";0;0
"RMC";7;"Room Coverage";"Zimmertyp";"RMC";0;0;26.10.2007 18:06:25;"2.A.64";"ch02a.html#Heading391";0;0
"RMC";8;"Room Coverage";"Zimmertyp";"RMC";0;0;6.3.2011 21:49:42;"2.A.64";"ch02a.html#Heading436";0;0
"RMC";9;"Room Coverage";"Zimmertyp";"RMC";0;0;17.3.2014 23:01:47;"2.A.64";"ch02a.html#Heading409";0;0
"RMC";10;"Room Coverage";"Zimmertyp";"RMC";0;0;6.1.2020 11:24:21;"2A.3.65";"ch02A.html#Heading684";0;0
"RMC";60;"Room Coverage";"Zimmertyp";"RMC";0;0;22.8.2003 12:51:54;"2.A.64";"ch02A.html#Heading396";0;0
"RMC";61;"Room Coverage";"Zimmertyp";"RMC";0;0;8.5.2007 22:24:13;"2.A.1.64";"ch02a.html#Heading396";0;0
"RMC";81;"Room Coverage";"Zimmertyp";"RMC";0;0;10.3.2013 21:57:51;"2.A.64";"ch02a.html#Heading384";0;0
"RMC";91;"Room Coverage";"Zimmertyp";"RMC";0;0;2.11.2014 16:32:34;"2.A.64";"ch02a.html#Heading409";0;0
"RMC";92;"Room Coverage";"Zimmertyp";"RMC";0;0;13.7.2015 12:47:55;"2.A.65";"ch02a.html#Heading414";0;0
"RP";2;"reference pointer";"Verweis";"RP";0;0;23.7.2003 22:27:10;;;0;0
"RP";3;"reference pointer";"Verweis";"RP";0;0;7.9.1996 11:25:27;"2.8.34";;0;0
"RP";4;"reference pointer";"Verweis";"RP";0;0;14.4.1999 21:48:20;"2.8.36";"ch2.html#Heading204";0;0
"RP";5;"reference pointer";"Verweis";"RP";0;0;25.3.2000 17:40:30;"2.9.37";"ch02.htm#Heading225";0;0
"RP";6;"Reference Pointer";"Verweis";"RP";0;0;22.8.2003 12:51:54;"2.A.65";"ch02A.html#Heading402";0;0
"RP";7;"Reference Pointer";"Verweis";"RP";0;0;26.10.2007 18:06:25;"2.A.65";"ch02a.html#Heading397";0;0
"RP";8;"Reference Pointer";"Verweis";"RP";0;0;6.3.2011 21:49:42;"2.A.65";"ch02a.html#Heading442";0;0
"RP";9;"Reference Pointer";"Verweis";"RP";0;0;17.3.2014 23:01:47;"2.A.65";"ch02a.html#Heading415";0;0
"RP";10;"Reference Pointer";"Verweis";"RP";0;0;6.1.2020 11:24:21;"2A.3.66";"ch02A.html#Heading689";0;0
"RP";60;"Reference Pointer";"Verweis";"RP";0;0;22.8.2003 12:51:54;"2.A.65";"ch02A.html#Heading402";0;0
"RP";61;"Reference Pointer";"Verweis";"RP";0;0;8.5.2007 22:24:13;"2.A.1.65";"ch02a.html#Heading402";0;0
"RP";81;"Reference Pointer";"Verweis";"RP";0;0;10.3.2013 21:57:51;"2.A.65";"ch02a.html#Heading389";0;0
"RP";91;"Reference Pointer";"Verweis";"RP";0;0;2.11.2014 16:32:34;"2.A.65";"ch02a.html#Heading415";0;0
"RP";92;"Reference Pointer";"Verweis";"RP";0;0;13.7.2015 12:47:55;"2.A.66";"ch02a.html#Heading420";0;0
"RPT";6;"Repeat Pattern";"Wiederholungsbeschreibung";"RPT";0;0;22.8.2003 12:51:54;"2.A.66";"ch02A.html#Heading412";0;0
"RPT";7;"Repeat Pattern";"Wiederholungsbeschreibung";"RPT";0;0;26.10.2007 18:06:25;"2.A.66";"ch02a.html#Heading403";0;0
"RPT";8;"Repeat Pattern";"Wiederholungsbeschreibung";"RPT";0;0;6.3.2011 21:49:42;"2.A.66";"ch02a.html#Heading448";0;0
"RPT";9;"Repeat Pattern";"Wiederholungsbeschreibung";"RPT";0;0;17.3.2014 23:01:47;"2.A.66";"ch02a.html#Heading421";0;0
"RPT";10;"Repeat Pattern";"Wiederholungsbeschreibung";"RPT";0;0;6.1.2020 11:24:21;"2A.3.67";"ch02A.html#Heading694";0;0
"RPT";60;"Repeat Pattern";"Wiederholungsbeschreibung";"RPT";0;0;22.8.2003 12:51:54;"2.A.66";"ch02A.html#Heading412";0;0
"RPT";61;"Repeat Pattern";"Wiederholungsbeschreibung";"RPT";0;0;8.5.2007 22:24:13;"2.A.1.66";"ch02a.html#Heading412";0;0
"RPT";81;"Repeat Pattern";"Wiederholungsbeschreibung";"RPT";0;0;10.3.2013 21:57:51;"2.A.66";"ch02a.html#Heading394";0;0
"RPT";91;"Repeat Pattern";"Wiederholungsbeschreibung";"RPT";0;0;2.11.2014 16:32:34;"2.A.66";"ch02a.html#Heading421";0;0
"RPT";92;"Repeat Pattern";"Wiederholungsbeschreibung";"RPT";0;0;13.7.2015 12:47:55;"2.A.67";"ch02a.html#Heading426";0;0
"SAD";5;"street address";"Adressbestandteil Strasse";"SAD";0;0;8.7.2000 19:02:29;"2.9.38";"ch02.htm#Heading235";0;0
"SAD";6;"Street Address";"Adressbestandteil Strasse";"SAD";0;0;22.8.2003 12:51:54;"2.A.67";"ch02A.html#Heading425";0;0
"SAD";7;"Street Address";"Adressbestandteil Strasse";"SAD";0;0;26.10.2007 18:06:25;"2.A.67";"ch02a.html#Heading416";1;0
"SAD";8;"Street Address";"Adressbestandteil Strasse";"SAD";0;0;6.3.2011 21:49:42;"2.A.67";"ch02a.html#Heading461";0;0
"SAD";9;"Street Address";"Adressbestandteil Strasse";"SAD";0;0;17.3.2014 23:01:47;"2.A.67";"ch02a.html#Heading434";0;0
"SAD";10;"Street Address";"Adressbestandteil Strasse";"SAD";0;0;6.1.2020 11:24:21;"2A.3.68";"ch02A.html#Heading706";0;0
"SAD";60;"Street Address";"Adressbestandteil Strasse";"SAD";0;0;22.8.2003 12:51:54;"2.A.67";"ch02A.html#Heading425";0;0
"SAD";61;"Street Address";"Adressbestandteil Strasse";"SAD";0;0;8.5.2007 22:24:13;"2.A.1.67";"ch02a.html#Heading425";0;0
"SAD";81;"Street Address";"Adressbestandteil Strasse";"SAD";0;0;10.3.2013 21:57:51;"2.A.67";"ch02a.html#Heading406";0;0
"SAD";91;"Street Address";"Adressbestandteil Strasse";"SAD";0;0;2.11.2014 16:32:34;"2.A.67";"ch02a.html#Heading434";0;0
"SAD";92;"Street Address";"Adressbestandteil Strasse";"SAD";0;0;13.7.2015 12:47:55;"2.A.68";"ch02a.html#Heading439";0;0
"SCV";3;"scheduling class value pair";"Wertepaar für Zeitplanung";"SCV";0;0;20.7.1997 17:30:33;"2.8.35";;0;0
"SCV";4;"scheduling class value pair";"Wertepaar für Zeitplanung";"SCV";0;0;14.4.1999 21:48:20;"2.8.37";"ch2.html#Heading214";0;0
"SCV";5;"scheduling class value pair";"Wertepaar für Zeitplanung";"SCV";0;0;25.3.2000 17:40:30;"2.9.39";"ch02.htm#Heading240";0;0
"SCV";6;"Scheduling Class Value Pair";"Wertepaar für Zeitplanung";"SCV";0;0;22.8.2003 12:51:54;"2.A.68";"ch02A.html#Heading430";0;0
"SCV";7;"Scheduling Class Value Pair";"Wertepaar für Zeitplanung";"SCV";0;0;26.10.2007 18:06:25;"2.A.68";"ch02a.html#Heading421";0;0
"SCV";8;"Scheduling Class Value Pair";"Wertepaar für Zeitplanung";"SCV";0;0;6.3.2011 21:49:42;"2.A.68";"ch02a.html#Heading466";0;0
"SCV";9;"Scheduling Class Value Pair";"Wertepaar für Zeitplanung";"SCV";0;0;17.3.2014 23:01:47;"2.A.68";"ch02a.html#Heading439";0;0
"SCV";10;"Scheduling Class Value Pair";"Wertepaar für Zeitplanung";"SCV";0;0;6.1.2020 11:24:21;"2A.3.69";"ch02A.html#Heading710";0;0
"SCV";60;"Scheduling Class Value Pair";"Wertepaar für Zeitplanung";"SCV";0;0;22.8.2003 12:51:54;"2.A.68";"ch02A.html#Heading430";0;0
"SCV";61;"Scheduling Class Value Pair";"Wertepaar für Zeitplanung";"SCV";0;0;8.5.2007 22:24:13;"2.A.1.68";"ch02a.html#Heading430";0;0
"SCV";81;"Scheduling Class Value Pair";"Wertepaar für Zeitplanung";"SCV";0;0;10.3.2013 21:57:51;"2.A.68";"ch02a.html#Heading410";0;0
"SCV";91;"Scheduling Class Value Pair";"Wertepaar für Zeitplanung";"SCV";0;0;2.11.2014 16:32:34;"2.A.68";"ch02a.html#Heading439";0;0
"SCV";92;"Scheduling Class Value Pair";"Wertepaar für Zeitplanung";"SCV";0;0;13.7.2015 12:47:55;"2.A.69";"ch02a.html#Heading444";0;0
"SET_ID";1;"SET ID";"Sequenznummer";"SI";0;1;25.11.1995 17:28:32;;;0;0
"SI";1;"SET ID";"Sequenznummer";"SI";0;1;7.4.1999 22:35:54;;;0;0
"SI";2;"SEQUENCE ID";"Sequenznummer";"SI";0;1;25.11.1995 17:28:32;"2.4.5.12";"hl7chp2.html#Heading26";0;0
"SI";3;"sequence ID";"Sequenznummer";"SI";0;1;27.5.1996 00:00:00;"2.8.36";;0;0
"SI";4;"sequence ID";"Sequenznummer";"SI";0;1;14.4.1999 21:48:20;"2.8.38";"ch2.html#Heading218";0;0
"SI";5;"sequence ID";"Sequenznummer";"SI";0;1;25.3.2000 17:40:30;"2.9.40";"ch02.htm#Heading244";0;0
"SI";6;"Sequence ID";"Sequenznummer";"SI";0;1;22.8.2003 12:51:54;"2.A.69";"ch02A.html#Heading434";0;0
"SI";7;"Sequence ID";"Sequenznummer";"SI";0;1;26.10.2007 18:06:25;"2.A.69";"ch02a.html#Heading425";0;0
"SI";8;"Sequence ID";"Sequenznummer";"SI";0;1;6.3.2011 21:49:42;"2.A.69";"ch02a.html#Heading470";0;0
"SI";9;"Sequence ID";"Sequenznummer";"SI";0;1;17.3.2014 23:01:47;"2.A.69";"ch02a.html#Heading443";0;0
"SI";10;"Sequence ID";"Sequenznummer";"SI";0;1;17.6.2020 22:28:37;"2A.3.70";"ch02A.html#Heading713";0;0
"SI";60;"Sequence ID";"Sequenznummer";"SI";0;1;22.8.2003 12:51:54;"2.A.69";"ch02A.html#Heading434";0;0
"SI";61;"Sequence ID";"Sequenznummer";"SI";0;1;8.5.2007 22:24:13;"2.A.1.69";"ch02a.html#Heading434";0;0
"SI";81;"Sequence ID";"Sequenznummer";"SI";0;1;10.3.2013 21:57:51;"2.A.69";"ch02a.html#Heading413";0;0
"SI";91;"Sequence ID";"Sequenznummer";"SI";0;1;2.11.2014 16:32:34;"2.A.69";"ch02a.html#Heading443";0;0
"SI";92;"Sequence ID";"Sequenznummer";"SI";0;1;13.7.2015 12:47:55;"2.A.70";"ch02a.html#Heading448";0;0
"SI";530;"Sequence ID";"Sequenznummer";"SI";0;0;17.12.2011 14:08:25;;;0;0
"SN";3;"structured numeric";"strukturierte Zahl";"SN";0;0;7.9.1996 11:27:20;"2.8.37";;0;0
"SN";4;"structured numeric";"strukturierte Zahl";"SN";0;0;14.4.1999 21:48:20;"2.8.39";"ch2.html#Heading219";0;0
"SN";5;"structured numeric";"strukturierte Zahl";"SN";0;0;25.3.2000 17:40:30;"2.9.41";"ch02.htm#Heading245";0;0
"SN";6;"Structured Numeric";"strukturierte Zahl";"SN";0;0;22.8.2003 12:51:54;"2.A.70";"ch02A.html#Heading435";0;0
"SN";7;"Structured Numeric";"strukturierte Zahl";"SN";0;0;26.10.2007 18:06:25;"2.A.70";"ch02a.html#Heading426";0;0
"SN";8;"Structured Numeric";"strukturierte Zahl";"SN";0;0;6.3.2011 21:49:42;"2.A.70";"ch02a.html#Heading471";0;0
"SN";9;"Structured Numeric";"strukturierte Zahl";"SN";0;0;17.3.2014 23:01:47;"2.A.70";"ch02a.html#Heading444";0;0
"SN";10;"Structured Numeric";"strukturierte Zahl";"SN";0;0;6.1.2020 11:24:21;"2A.3.71";"ch02A.html#Heading714";0;0
"SN";60;"Structured Numeric";"strukturierte Zahl";"SN";0;0;22.8.2003 12:51:54;"2.A.70";"ch02A.html#Heading435";0;0
"SN";61;"Structured Numeric";"strukturierte Zahl";"SN";0;0;8.5.2007 22:24:13;"2.A.1.70";"ch02a.html#Heading435";0;0
"SN";81;"Structured Numeric";"strukturierte Zahl";"SN";0;0;10.3.2013 21:57:51;"2.A.70";"ch02a.html#Heading414";0;0
"SN";91;"Structured Numeric";"strukturierte Zahl";"SN";0;0;2.11.2014 16:32:34;"2.A.70";"ch02a.html#Heading444";0;0
"SN";92;"Structured Numeric";"strukturierte Zahl";"SN";0;0;13.7.2015 12:47:55;"2.A.71";"ch02a.html#Heading449";0;0
"SNM";8;"String of Telephone Number Digits";"Zeichenkette mit Telefonziffern";"SNM";0;1;21.3.2017 00:00:00;"2.A.71";"ch02a.html#Heading477";0;0
"SNM";9;"String of Telephone Number Digits";"Zeichenkette mit Telefonziffern";"SNM";0;1;21.3.2017 00:00:00;"2.A.71";"ch02a.html#Heading450";0;0
"SNM";10;"String of Telephone Number Digits";"Zeichenkette mit Telefonziffern";"SNM";0;1;17.6.2020 22:29:15;"2A.3.72";"ch02A.html#Heading719";0;0
"SNM";81;"String of Telephone Number Digits";"Zeichenkette mit Telefonziffern";"SNM";0;1;21.3.2017 00:00:00;"2.A.71";"ch02a.html#Heading419";0;0
"SNM";91;"String of Telephone Number Digits";"Zeichenkette mit Telefonziffern";"SNM";0;1;21.3.2017 00:00:00;"2.A.71";"ch02a.html#Heading450";0;0
"SNM";92;"String of Telephone Number Digits";"Zeichenkette mit Telefonziffern";"SNM";0;1;21.3.2017 00:00:00;"2.A.72";"ch02a.html#Heading455";0;0
"SPD";4;"Specialty";"Facharztbezeichnung";"SPD";0;0;30.12.2001 18:35:08;;;0;0
"SPD";5;"Specialty";"Facharztbezeichnung";"SPD";0;0;29.11.2001 00:00:00;;;0;0
"SPD";6;"Specialty Description";"Facharztbezeichnung";"SPD";0;0;22.8.2003 12:51:54;"2.A.71";"ch02A.html#Heading441";0;0
"SPD";7;"Specialty Description";"Facharztbezeichnung";"SPD";0;0;26.10.2007 18:06:25;"2.A.71";"ch02a.html#Heading432";0;0
"SPD";8;"Specialty Description";"Facharztbezeichnung";"SPD";0;0;6.3.2011 21:49:42;"2.A.72";"ch02a.html#Heading478";0;0
"SPD";9;"Specialty Description";"Facharztbezeichnung";"SPD";0;0;17.3.2014 23:01:47;"2.A.72";"ch02a.html#Heading451";0;0
"SPD";10;"Specialty Description";"Facharztbezeichnung";"SPD";0;0;6.1.2020 11:24:21;"2A.3.73";"ch02A.html#Heading720";0;0
"SPD";60;"Specialty Description";"Facharztbezeichnung";"SPD";0;0;22.8.2003 12:51:54;"2.A.71";"ch02A.html#Heading441";0;0
"SPD";61;"Specialty Description";"Facharztbezeichnung";"SPD";0;0;8.5.2007 22:24:13;"2.A.1.71";"ch02a.html#Heading441";0;0
"SPD";81;"Specialty Description";"Facharztbezeichnung";"SPD";0;0;10.3.2013 21:57:51;"2.A.72";"ch02a.html#Heading420";0;0
"SPD";91;"Specialty Description";"Facharztbezeichnung";"SPD";0;0;2.11.2014 16:32:34;"2.A.72";"ch02a.html#Heading451";0;0
"SPD";92;"Specialty Description";"Facharztbezeichnung";"SPD";0;0;13.7.2015 12:47:55;"2.A.73";"ch02a.html#Heading456";0;0
"SPS";4;"specimen source";"Art des Materials";"SPS";0;0;30.12.2001 18:27:38;;;0;0
"SPS";5;"specimen source";"Art des Materials";"SPS";0;0;29.11.2001 00:00:00;;;0;0
"SPS";6;"Specimen Source";"Art des Materials";"SPS";0;0;22.8.2003 12:51:54;"2.A.72";"ch02A.html#Heading447";0;0
"SPS";7;"Specimen Source";"Art des Materials";"SPS";0;0;26.10.2007 18:06:25;"2.A.72";"ch02a.html#Heading438";0;0
"SPS";60;"Specimen Source";"Art des Materials";"SPS";0;0;22.8.2003 12:51:54;"2.A.72";"ch02A.html#Heading447";0;0
"SPS";61;"Specimen Source";"Art des Materials";"SPS";0;0;8.5.2007 22:24:13;"2.A.1.72";"ch02a.html#Heading447";0;0
"SRT";5;"sort order";"Sortierreihenfolge";"SRT";0;0;8.7.2000 19:06:22;"2.9.42";"ch02.htm#Heading251";0;0
"SRT";6;"Sort Order";"Sortierreihenfolge";"SRT";0;0;22.8.2003 12:51:54;"2.A.73";"ch02A.html#Heading456";0;0
"SRT";7;"Sort Order";"Sortierreihenfolge";"SRT";0;0;26.10.2007 18:06:25;"2.A.73";"ch02a.html#Heading447";0;0
"SRT";8;"Sort Order";"Sortierreihenfolge";"SRT";0;0;6.3.2011 21:49:42;"2.A.74";"ch02a.html#Heading485";0;0
"SRT";9;"Sort Order";"Sortierreihenfolge";"SRT";0;0;17.3.2014 23:01:47;"2.A.74";"ch02a.html#Heading458";0;0
"SRT";10;"Sort Order";"Sortierreihenfolge";"SRT";0;0;6.1.2020 11:24:21;"2A.3.75";"ch02A.html#Heading726";0;0
"SRT";60;"Sort Order";"Sortierreihenfolge";"SRT";0;0;22.8.2003 12:51:54;"2.A.73";"ch02A.html#Heading456";0;0
"SRT";61;"Sort Order";"Sortierreihenfolge";"SRT";0;0;8.5.2007 22:24:13;"2.A.1.73";"ch02a.html#Heading456";0;0
"SRT";81;"Sort Order";"Sortierreihenfolge";"SRT";0;0;10.3.2013 21:57:51;"2.A.74";"ch02a.html#Heading426";0;0
"SRT";91;"Sort Order";"Sortierreihenfolge";"SRT";0;0;2.11.2014 16:32:34;"2.A.74";"ch02a.html#Heading458";0;0
"SRT";92;"Sort Order";"Sortierreihenfolge";"SRT";0;0;13.7.2015 12:47:55;"2.A.75";"ch02a.html#Heading463";0;0
"ST";1;"string data";"Zeichenkette";"ST";0;1;25.11.1995 17:28:32;"2.3.3.1";"kap2.html#Heading26";0;0
"ST";2;"string data";"Zeichenkette";"ST";0;1;25.11.1995 17:28:32;"2.4.5.1";"hl7chp2.html#Heading15";0;0
"ST";3;"string data";"Zeichenkette";"ST";0;1;27.5.1996 00:00:00;"2.8.38";;0;0
"ST";4;"string data";"Zeichenkette";"ST";0;1;14.4.1999 21:48:20;"2.8.40";"ch2.html#Heading225";0;0
"ST";5;"string data";"Zeichenkette";"ST";0;1;25.3.2000 17:40:30;"2.9.43";"ch02.htm#Heading255";0;0
"ST";6;"String Data";"Zeichenkette";"ST";0;1;22.8.2003 12:51:54;"2.A.74";"ch02A.html#Heading460";0;0
"ST";7;"String Data";"Zeichenkette";"ST";0;1;26.10.2007 18:06:25;"2.A.74";"ch02a.html#Heading451";1;0
"ST";8;"String Data";"Zeichenkette";"ST";0;1;6.3.2011 21:49:42;"2.A.75";"ch02a.html#Heading489";0;0
"ST";9;"String Data";"Zeichenkette";"ST";0;1;17.3.2014 23:01:47;"2.A.75";"ch02a.html#Heading462";0;0
"ST";10;"String Data";"Zeichenkette";"ST";0;1;17.6.2020 22:29:23;"2A.3.76";"ch02A.html#Heading729";0;0
"ST";20;"String";"Zeichenkette";"ST";0;0;21.11.2007 20:56:33;;;0;0
"ST";60;"String Data";"Zeichenkette";"ST";0;1;22.8.2003 12:51:54;"2.A.74";"ch02A.html#Heading460";0;0
"ST";61;"String Data";"Zeichenkette";"ST";0;1;8.5.2007 22:24:13;"2.A.1.74";"ch02a.html#Heading460";0;0
"ST";81;"String Data";"Zeichenkette";"ST";0;1;10.3.2013 21:57:51;"2.A.75";"ch02a.html#Heading429";0;0
"ST";91;"String Data";"Zeichenkette";"ST";0;1;2.11.2014 16:32:34;"2.A.75";"ch02a.html#Heading462";0;0
"ST";92;"String Data";"Zeichenkette";"ST";0;1;13.7.2015 12:47:55;"2.A.76";"ch02a.html#Heading467";0;0
"ST";540;"String";"Zeichenkette";"ST";0;1;6.7.2015 12:26:57;;;0;0
"TM";1;"time";"Uhrzeit";"TM";0;1;25.11.1995 17:28:32;"2.3.3.4";"kap2.html#Heading29";0;0
"TM";2;"time";"Uhrzeit";"TM";0;1;25.11.1995 17:28:32;"2.4.5.6";"hl7chp2.html#Heading20";0;0
"TM";3;"time";"Uhrzeit";"TM";0;1;20.7.1997 17:11:57;"2.8.39";;0;0
"TM";4;"time";"Uhrzeit";"TM";0;1;14.4.1999 21:48:20;"2.8.41";"ch2.html#Heading226";0;0
"TM";5;"time";"Uhrzeit";"TM";0;1;25.3.2000 17:40:30;"2.9.44";"ch02.htm#Heading256";0;0
"TM";6;"Time";"Uhrzeit";"TM";0;1;22.8.2003 12:51:54;"2.A.75";"ch02A.html#Heading461";0;0
"TM";7;"Time";"Uhrzeit";"TM";0;1;26.10.2007 18:06:25;"2.A.75";"ch02a.html#Heading452";0;0
"TM";8;"Time";"Uhrzeit";"TM";0;1;6.3.2011 21:49:42;"2.A.76";"ch02a.html#Heading490";0;0
"TM";9;"Time";"Uhrzeit";"TM";0;1;17.3.2014 23:01:47;"2.A.76";"ch02a.html#Heading463";0;0
"TM";10;"Time";"Uhrzeit";"TM";0;1;17.6.2020 22:28:55;"2A.3.77";"ch02A.html#Heading730";0;0
"TM";60;"Time";"Uhrzeit";"TM";0;1;22.8.2003 12:51:54;"2.A.75";"ch02A.html#Heading461";0;0
"TM";61;"Time";"Uhrzeit";"TM";0;1;8.5.2007 22:24:13;"2.A.1.75";"ch02a.html#Heading461";0;0
"TM";81;"Time";"Uhrzeit";"TM";0;1;10.3.2013 21:57:51;"2.A.76";"ch02a.html#Heading430";0;0
"TM";91;"Time";"Uhrzeit";"TM";0;1;2.11.2014 16:32:34;"2.A.76";"ch02a.html#Heading463";0;0
"TM";92;"Time";"Uhrzeit";"TM";0;1;13.7.2015 12:47:55;"2.A.77";"ch02a.html#Heading468";0;0
"TN";1;"telephone number";"Telefonnummer";"TN";0;1;25.11.1995 17:28:32;"2.3.3.7";"kap2.html#Heading32";0;0
"TN";2;"telephone number";"Telefonnummer";"TN";0;1;25.11.1995 17:28:32;"2.4.5.9";"hl7chp2.html#Heading23";0;0
"TN";3;"telephone number";"Telefonnummer";"TN";0;1;27.5.1996 00:00:00;"2.8.40";;0;0
"TN";4;"telephone number";"Telefonnummer";"TN";0;1;14.4.1999 21:48:20;"2.8.42";"ch2.html#Heading227";0;0
"TN";5;"telephone number";"Telefonnummer";"TN";0;1;25.3.2000 17:40:30;"2.9.45";"ch02.htm#Heading257";0;0
"TQ";2;"timing quantity";"Zeit / Menge / Häufigkeit / Priorität";"TQ";0;0;25.11.1995 17:28:32;"2.4.5.20";"hl7chp2.html#Heading34";0;0
"TQ";3;"timing quantity";"Zeit / Menge / Häufigkeit / Priorität";"TQ";0;0;27.5.1996 00:00:00;"2.8.41";;0;0
"TQ";4;"timing quantity";"Zeit / Menge / Häufigkeit / Priorität";"TQ";0;0;23.7.2003 22:25:42;"2.8.43";"ch2.html#Heading228";0;0
"TQ";5;"timing quantity";"Zeit / Menge / Häufigkeit / Priorität";"TQ";0;0;25.3.2000 17:40:30;"2.9.46";"ch02.htm#Heading258";0;0
"TQ";6;"Timing Quantity";"Zeit / Menge / Häufigkeit / Priorität";"TQ";0;0;22.8.2003 12:51:54;"2.A.76";"ch02A.html#Heading462";0;0
"TQ";7;"Timing Quantity";"Zeit / Menge / Häufigkeit / Priorität";"TQ";0;0;26.10.2007 18:06:25;"2.A.76";"ch02a.html#Heading453";0;0
"TQ";60;"Timing Quantity";"Zeit / Menge / Häufigkeit / Priorität";"TQ";0;0;22.8.2003 12:51:54;"2.A.76";"ch02A.html#Heading462";0;0
"TQ";61;"Timing Quantity";"Zeit / Menge / Häufigkeit / Priorität";"TQ";0;0;8.5.2007 22:24:13;"2.A.1.76";"ch02a.html#Heading462";0;0
"TS";1;"time stamp";"Zeitpunkt";"TS";0;1;25.11.1995 17:28:32;"2.3.3.5";"kap2.html#Heading30";0;0
"TS";2;"time stamp";"Zeitpunkt";"TS";0;0;29.9.2001 00:00:00;"2.4.5.7";"hl7chp2.html#Heading21";0;0
"TS";3;"time stamp";"Zeitpunkt";"TS";0;0;29.9.2001 00:00:00;"2.8.42";;0;0
"TS";4;"time stamp";"Zeitpunkt";"TS";0;0;29.9.2001 00:00:00;"2.8.44";"ch2.html#Heading229";0;0
"TS";5;"time stamp";"Zeitpunkt";"TS";0;0;29.9.2001 00:00:00;"2.9.47";"ch02.htm#Heading259";0;0
"TS";6;"Time Stamp";"Zeitpunkt";"TS";0;0;22.8.2003 12:51:54;"2.A.77";"ch02A.html#Heading476";0;0
"TS";7;"Time Stamp";"Zeitpunkt";"TS";0;0;26.10.2007 18:06:25;"2.A.77";"ch02a.html#Heading467";0;0
"TS";20;"Timestamp";"Zeitpunkt";"TS";0;0;21.11.2007 20:56:29;;;0;0
"TS";60;"Time Stamp";"Zeitpunkt";"TS";0;0;22.8.2003 12:51:54;"2.A.77";"ch02A.html#Heading476";0;0
"TS";61;"Time Stamp";"Zeitpunkt";"TS";0;0;8.5.2007 22:24:13;"2.A.1.77";"ch02a.html#Heading476";0;0
"TS";540;"Time Stamp";"Zeitpunkt";"TS";0;0;6.7.2015 12:19:41;;;0;0
"TS";630;"Time Stamp";"Zeitpunkt";"TS";0;0;6.7.2015 13:54:42;;;0;0
"TX";1;"text data";"Text";"TX";0;1;25.11.1995 17:28:32;;;0;1
"TX";2;"text data";"Text";"TX";0;1;25.11.1995 17:28:32;"2.4.5.2";"hl7chp2.html#Heading16";0;1
"TX";3;"text data";"Text";"TX";0;1;27.5.1996 00:00:00;"2.8.43";;0;1
"TX";4;"text data";"Text";"TX";0;1;14.4.1999 21:48:20;"2.8.45";"ch2.html#Heading230";0;1
"TX";5;"text data";"Text";"TX";0;1;25.3.2000 17:40:30;"2.9.48";"ch02.htm#Heading260";0;1
"TX";6;"Text Data";"Text";"TX";0;1;22.8.2003 12:51:54;"2.A.78";"ch02A.html#Heading480";0;1
"TX";7;"Text Data";"Text";"TX";0;1;26.10.2007 18:06:25;"2.A.78";"ch02a.html#Heading468";0;1
"TX";8;"Text Data";"Text";"TX";0;1;6.3.2011 21:49:42;"2.A.79";"ch02a.html#Heading493";0;1
"TX";9;"Text Data";"Text";"TX";0;1;17.3.2014 23:01:47;"2.A.79";"ch02a.html#Heading466";0;1
"TX";10;"Text Data";"Text";"TX";0;1;17.6.2020 22:29:04;"2A.3.80";"ch02A.html#Heading733";0;0
"TX";60;"Text Data";"Text";"TX";0;1;22.8.2003 12:51:54;"2.A.78";"ch02A.html#Heading480";0;1
"TX";61;"Text Data";"Text";"TX";0;1;8.5.2007 22:24:13;"2.A.1.78";"ch02a.html#Heading480";0;1
"TX";81;"Text Data";"Text";"TX";0;1;10.3.2013 21:57:51;"2.A.79";"ch02a.html#Heading433";0;1
"TX";91;"Text Data";"Text";"TX";0;1;2.11.2014 16:32:34;"2.A.79";"ch02a.html#Heading466";0;1
"TX";92;"Text Data";"Text";"TX";0;1;13.7.2015 12:47:55;"2.A.80";"ch02a.html#Heading471";0;1
"TX_CHALLENGE";4;"challenge information";;"TX";0;0;14.4.1999 21:48:20;"8.7.3.44";;0;0
"TX_CHALLENGE";5;"challenge information";;"TX";0;0;25.3.2000 17:40:30;"8.7.3.44";;0;0
"UVC";4;"Value code and amount";"nicht verwendet";"UVC";0;0;30.12.2001 18:27:59;;;0;0
"UVC";5;"Value code and amount";"nicht verwendet";"UVC";0;0;29.11.2001 00:00:00;;;0;0
"UVC";6;"UB Value Code and Amount";"nicht verwendet";"UVC";0;0;22.8.2003 12:51:54;"2.A.79";"ch02A.html#Heading481";0;0
"UVC";7;"UB Value Code and Amount";"nicht verwendet";"UVC";0;0;26.10.2007 18:06:25;"2.A.79";"ch02a.html#Heading469";0;0
"UVC";8;"UB Value Code and Amount";"nicht verwendet";"UVC";0;0;6.3.2011 21:49:42;"2.A.80";"ch02a.html#Heading494";0;0
"UVC";9;"UB Value Code and Amount";"nicht verwendet";"UVC";0;0;17.3.2014 23:01:47;"2.A.80";"ch02a.html#Heading467";0;0
"UVC";10;"UB Value Code and Amount";;"UVC";0;0;6.1.2020 11:24:21;"2A.3.81";"ch02A.html#Heading734";0;0
"UVC";60;"UB Value Code and Amount";"nicht verwendet";"UVC";0;0;22.8.2003 12:51:54;"2.A.79";"ch02A.html#Heading481";0;0
"UVC";61;"UB Value Code and Amount";"nicht verwendet";"UVC";0;0;8.5.2007 22:24:13;"2.A.1.79";"ch02a.html#Heading481";0;0
"UVC";81;"UB Value Code and Amount";"nicht verwendet";"UVC";0;0;10.3.2013 21:57:51;"2.A.80";"ch02a.html#Heading434";0;0
"UVC";91;"UB Value Code and Amount";"nicht verwendet";"UVC";0;0;2.11.2014 16:32:34;"2.A.80";"ch02a.html#Heading467";0;0
"UVC";92;"UB Value Code and Amount";"nicht verwendet";"UVC";0;0;13.7.2015 12:47:55;"2.A.81";"ch02a.html#Heading472";0;0
"varies";2;"variable data type";"jeder Datentyp ist einsetzbar";"var";0;1;25.11.1995 17:28:32;;;0;0
"varies";3;"variable data type";"jeder Datentyp ist einsetzbar";"var";0;1;10.8.1996 20:04:33;;;0;0
"varies";4;"variable data type";"jeder Datentyp ist einsetzbar";"var";0;1;27.2.2008 22:33:54;;;0;0
"varies";5;"variable data type";"jeder Datentyp ist einsetzbar";"var";0;1;27.2.2008 22:33:43;;;0;0
"varies";6;"variable data type";"jeder Datentyp ist einsetzbar";"var";0;1;27.2.2008 22:33:28;"some";;0;0
"varies";7;"variable data type";"jeder Datentyp ist einsetzbar";"var";0;1;27.2.2008 22:33:13;"some";;0;0
"varies";8;"variable data type";"jeder Datentyp ist einsetzbar";"var";0;1;6.3.2011 23:29:40;;;0;0
"varies";9;"variable data type";"jeder Datentyp ist einsetzbar";"var";0;1;17.3.2014 23:15:44;;;0;0
"varies";10;"variable data type";"jeder Datentyp ist einsetzbar";"var";0;1;17.3.2014 23:15:44;;;0;0
"varies";60;"variable data type";"jeder Datentyp ist einsetzbar";"var";0;1;26.2.2008 00:00:00;"some";;0;0
"varies";61;"variable data type";"jeder Datentyp ist einsetzbar";"var";0;1;27.2.2008 22:33:22;"some";;0;0
"varies";81;"variable data type";"jeder Datentyp ist einsetzbar";"var";0;1;10.3.2013 21:59:00;;;0;0
"varies";91;"variable data type";"jeder Datentyp ist einsetzbar";"var";0;1;;;;0;0
"varies";92;"variable data type";"jeder Datentyp ist einsetzbar";"var";0;1;13.7.2015 12:48:08;;;0;0
"VH";3;"visiting hours";"Besuchszeit";"VH";0;0;20.7.1997 17:29:02;"2.8.44";;0;0
"VH";4;"visiting hours";"Besuchszeit";"VH";0;0;14.4.1999 21:48:20;"2.8.46";"ch2.html#Heading231";0;0
"VH";5;"visiting hours";"Besuchszeit";"VH";0;0;25.3.2000 17:40:30;"2.9.49";"ch02.htm#Heading261";0;0
"VH";6;"Visiting Hours";"Besuchszeit";"VH";0;0;22.8.2003 12:51:54;"2.A.80";"ch02A.html#Heading485";0;0
"VH";7;"Visiting Hours";"Besuchszeit";"VH";0;0;26.10.2007 18:06:25;"2.A.80";"ch02a.html#Heading473";0;0
"VH";8;"Visiting Hours";"Besuchszeit";"VH";0;0;6.3.2011 21:49:42;"2.A.81";"ch02a.html#Heading500";0;0
"VH";9;"Visiting Hours";"Besuchszeit";"VH";0;0;17.3.2014 23:01:47;"2.A.81";"ch02a.html#Heading473";0;0
"VH";10;"Visiting Hours";"Besuchszeit";"VH";0;0;6.1.2020 11:24:21;"2A.3.82";"ch02A.html#Heading739";0;0
"VH";60;"Visiting Hours";"Besuchszeit";"VH";0;0;22.8.2003 12:51:54;"2.A.80";"ch02A.html#Heading485";0;0
"VH";61;"Visiting Hours";"Besuchszeit";"VH";0;0;8.5.2007 22:24:13;"2.A.1.80";"ch02a.html#Heading485";0;0
"VH";81;"Visiting Hours";"Besuchszeit";"VH";0;0;10.3.2013 21:57:51;"2.A.81";"ch02a.html#Heading439";0;0
"VH";91;"Visiting Hours";"Besuchszeit";"VH";0;0;2.11.2014 16:32:34;"2.A.81";"ch02a.html#Heading473";0;0
"VH";92;"Visiting Hours";"Besuchszeit";"VH";0;0;13.7.2015 12:47:55;"2.A.82";"ch02a.html#Heading478";0;0
"VID";4;"version identifier";"Versionsidentifikation";"VID";0;0;14.4.1999 21:48:20;"2.8.47";"ch2.html#Heading237";0;0
"VID";5;"version identifier";"Versionsidentifikation";"VID";0;0;25.3.2000 17:40:30;"2.9.50";"ch02.htm#Heading267";0;0
"VID";6;"Version Identifier";"Versionsidentifikation";"VID";0;0;22.8.2003 12:51:54;"2.A.81";"ch02A.html#Heading491";0;0
"VID";7;"Version Identifier";"Versionsidentifikation";"VID";0;0;26.10.2007 18:06:25;"2.A.81";"ch02a.html#Heading479";1;0
"VID";8;"Version Identifier";"Versionsidentifikation";"VID";0;0;6.3.2011 21:49:42;"2.A.82";"ch02a.html#Heading506";0;0
"VID";9;"Version Identifier";"Versionsidentifikation";"VID";0;0;17.3.2014 23:01:47;"2.A.82";"ch02a.html#Heading479";0;0
"VID";10;"Version Identifier";"Versionsidentifikation";"VID";0;0;6.1.2020 11:24:21;"2A.3.83";"ch02A.html#Heading744";0;0
"VID";60;"Version Identifier";"Versionsidentifikation";"VID";0;0;22.8.2003 12:51:54;"2.A.81";"ch02A.html#Heading491";0;0
"VID";61;"Version Identifier";"Versionsidentifikation";"VID";0;0;8.5.2007 22:24:13;"2.A.1.81";"ch02a.html#Heading491";0;0
"VID";81;"Version Identifier";"Versionsidentifikation";"VID";0;0;10.3.2013 21:57:51;"2.A.82";"ch02a.html#Heading444";0;0
"VID";91;"Version Identifier";"Versionsidentifikation";"VID";0;0;2.11.2014 16:32:34;"2.A.82";"ch02a.html#Heading479";0;0
"VID";92;"Version Identifier";"Versionsidentifikation";"VID";0;0;13.7.2015 12:47:55;"2.A.83";"ch02a.html#Heading484";0;0
"VR";4;"value qualifier";"-";"VR";0;0;30.12.2001 18:28:23;;;0;0
"VR";5;"value qualifier";"-";"VR";0;0;29.11.2001 00:00:00;;;0;0
"VR";6;"Value Range";"Wertebereich";"VR";0;0;22.8.2003 12:51:54;"2.A.82";"ch02A.html#Heading496";0;0
"VR";7;"Value Range";"Wertebereich";"VR";0;0;26.10.2007 18:06:25;"2.A.82";"ch02a.html#Heading484";0;0
"VR";8;"Value Range";"Wertebereich";"VR";0;0;6.3.2011 21:49:42;"2.A.83";"ch02a.html#Heading511";0;0
"VR";9;"Value Range";"Wertebereich";"VR";0;0;17.3.2014 23:01:47;"2.A.83";"ch02a.html#Heading484";0;0
"VR";10;"Value Range";"Wertebereich";"VR";0;0;6.1.2020 11:24:21;"2A.3.84";"ch02A.html#Heading748";0;0
"VR";60;"Value Range";"Wertebereich";"VR";0;0;22.8.2003 12:51:54;"2.A.82";"ch02A.html#Heading496";0;0
"VR";61;"Value Range";"Wertebereich";"VR";0;0;8.5.2007 22:24:13;"2.A.1.82";"ch02a.html#Heading496";0;0
"VR";81;"Value Range";"Wertebereich";"VR";0;0;10.3.2013 21:57:51;"2.A.83";"ch02a.html#Heading448";0;0
"VR";91;"Value Range";"Wertebereich";"VR";0;0;2.11.2014 16:32:34;"2.A.83";"ch02a.html#Heading484";0;0
"VR";92;"Value Range";"Wertebereich";"VR";0;0;13.7.2015 12:47:55;"2.A.84";"ch02a.html#Heading489";0;0
"WVI";4;"channel identifier";"Kanalidentifikation";"WVI";0;0;30.12.2001 18:28:44;;;0;0
"WVI";5;"channel identifier";"Kanalidentifikation";"WVI";0;0;29.11.2001 00:00:00;"7.13.1.3";;0;0
"WVI";6;"Channel Identifier";"Kanalidentifikation";"WVI";0;0;22.8.2003 12:51:54;"2.A.83";"ch02A.html#Heading500";0;0
"WVI";7;"Channel Identifier";"Kanalidentifikation";"WVI";0;0;26.10.2007 18:06:25;"2.A.83";"ch02a.html#Heading488";0;0
"WVI";8;"Channel Identifier";"Kanalidentifikation";"WVI";0;0;6.3.2011 21:49:42;"2.A.84";"ch02a.html#Heading515";0;0
"WVI";9;"Channel Identifier";"Kanalidentifikation";"WVI";0;0;17.3.2014 23:01:47;"2.A.84";"ch02a.html#Heading488";0;0
"WVI";10;"Channel Identifier";"Kanalidentifikation";"WVI";0;0;6.1.2020 11:24:21;"2A.3.85";"ch02A.html#Heading751";0;0
"WVI";60;"Channel Identifier";"Kanalidentifikation";"WVI";0;0;22.8.2003 12:51:54;"2.A.83";"ch02A.html#Heading500";0;0
"WVI";61;"Channel Identifier";"Kanalidentifikation";"WVI";0;0;8.5.2007 22:24:13;"2.A.1.83";"ch02a.html#Heading500";0;0
"WVI";81;"Channel Identifier";"Kanalidentifikation";"WVI";0;0;10.3.2013 21:57:51;"2.A.84";"ch02a.html#Heading451";0;0
"WVI";91;"Channel Identifier";"Kanalidentifikation";"WVI";0;0;2.11.2014 16:32:34;"2.A.84";"ch02a.html#Heading488";0;0
"WVI";92;"Channel Identifier";"Kanalidentifikation";"WVI";0;0;13.7.2015 12:47:55;"2.A.85";"ch02a.html#Heading493";0;0
"WVS";4;"wavefrom source";"Signalquelle";"WVS";0;0;30.12.2001 18:51:21;;;0;0
"WVS";5;"waveform source";"Signalquelle";"WVS";0;0;29.11.2001 00:00:00;"7.13.1.3";;0;0
"WVS";6;"Waveform Source";"Signalquelle";"WVS";0;0;22.8.2003 12:51:54;"2.A.84";"ch02A.html#Heading504";0;0
"WVS";7;"Waveform Source";"Signalquelle";"WVS";0;0;26.10.2007 18:06:25;"2.A.84";"ch02a.html#Heading492";0;0
"WVS";8;"Waveform Source";"Signalquelle";"WVS";0;0;6.3.2011 21:49:42;"2.A.85";"ch02a.html#Heading519";0;0
"WVS";9;"Waveform Source";"Signalquelle";"WVS";0;0;17.3.2014 23:01:47;"2.A.85";"ch02a.html#Heading492";0;0
"WVS";10;"Waveform Source";"Signalquelle";"WVS";0;0;6.1.2020 11:24:21;"2A.3.86";"ch02A.html#Heading754";0;0
"WVS";60;"Waveform Source";"Signalquelle";"WVS";0;0;22.8.2003 12:51:54;"2.A.84";"ch02A.html#Heading504";0;0
"WVS";61;"Waveform Source";"Signalquelle";"WVS";0;0;8.5.2007 22:24:13;"2.A.1.84";"ch02a.html#Heading504";0;0
"WVS";81;"Waveform Source";"Signalquelle";"WVS";0;0;10.3.2013 21:57:51;"2.A.85";"ch02a.html#Heading454";0;0
"WVS";91;"Waveform Source";"Signalquelle";"WVS";0;0;2.11.2014 16:32:34;"2.A.85";"ch02a.html#Heading492";0;0
"WVS";92;"Waveform Source";"Signalquelle";"WVS";0;0;13.7.2015 12:47:55;"2.A.86";"ch02a.html#Heading497";0;0
"XAD";3;"extended address";"Adresse, erweiterte Form";"XAD";0;0;27.5.1996 22:17:47;"2.8.45";;0;0
"XAD";4;"extended address";"Adresse, erweiterte Form";"XAD";0;0;14.4.1999 21:48:20;"2.8.48";"ch2.html#Heading242";0;0
"XAD";5;"extended address";"Adresse, erweiterte Form";"XAD";0;0;25.3.2000 17:40:30;"2.9.51";"ch02.htm#Heading272";0;0
"XAD";6;"Extended Address";"Adresse, erweiterte Form";"XAD";0;0;22.8.2003 12:51:54;"2.A.85";"ch02A.html#Heading508";0;0
"XAD";7;"Extended Address";"Adresse, erweiterte Form";"XAD";0;0;26.10.2007 18:06:25;"2.A.85";"ch02a.html#Heading496";1;0
"XAD";8;"Extended Address";"Adresse, erweiterte Form";"XAD";0;0;6.3.2011 21:49:42;"2.A.86";"ch02a.html#Heading523";0;0
"XAD";9;"Extended Address";"Adresse, erweiterte Form";"XAD";0;0;17.3.2014 23:01:47;"2.A.86";"ch02a.html#Heading496";0;0
"XAD";10;"Extended Address";"Adresse, erweiterte Form";"XAD";0;0;6.1.2020 11:24:21;"2A.3.87";"ch02A.html#Heading757";0;0
"XAD";20;"Address";"Adresse";"XAD";0;0;21.11.2007 21:52:07;;;0;0
"XAD";60;"Extended Address";"Adresse, erweiterte Form";"XAD";0;0;22.8.2003 12:51:54;"2.A.85";"ch02A.html#Heading508";0;0
"XAD";61;"Extended Address";"Adresse, erweiterte Form";"XAD";0;0;8.5.2007 22:24:13;"2.A.1.85";"ch02a.html#Heading508";0;0
"XAD";81;"Extended Address";"Adresse, erweiterte Form";"XAD";0;0;10.3.2013 21:57:51;"2.A.86";"ch02a.html#Heading457";0;0
"XAD";91;"Extended Address";"Adresse, erweiterte Form";"XAD";0;0;2.11.2014 16:32:34;"2.A.86";"ch02a.html#Heading496";0;0
"XAD";92;"Extended Address";"Adresse, erweiterte Form";"XAD";0;0;13.7.2015 12:47:55;"2.A.87";"ch02a.html#Heading501";0;0
"XAD";630;"Extended Address";"Adresse, erweiterte Form";"XAD";0;0;6.7.2015 13:49:22;;;0;0
"XCN";3;"Extended Composite ID number and name (2.8.46)";"Person (ID-Nr und Name), erweiterte Form";"XCN";0;0;27.5.1996 22:18:15;;;0;0
"XCN";4;"extended composite ID number and name for persons";"Person (ID-Nr und Name), erweiterte Form";"XCN";0;0;14.4.1999 21:48:20;"2.8.49";"ch2.html#Heading255";0;0
"XCN";5;"extended composite ID number and name for persons";"Person (ID-Nr und Name), erweiterte Form";"XCN";0;0;8.7.2000 00:00:00;"2.9.52";"ch02.htm#Heading288";0;0
"XCN";6;"Extended Composite ID Number and Name for Persons";"Person (ID-Nr und Name), erweiterte Form";"XCN";0;0;22.8.2003 12:51:54;"2.A.86";"ch02A.html#Heading524";0;0
"XCN";7;"Extended Composite ID Number and Name for Persons";"Person (ID-Nr und Name), erweiterte Form";"XCN";0;0;26.10.2007 18:06:25;"2.A.86";"ch02a.html#Heading521";1;0
"XCN";8;"Extended Composite ID Number and Name for Persons";"Person (ID-Nr und Name), erweiterte Form";"XCN";0;0;6.3.2011 21:49:42;"2.A.87";"ch02a.html#Heading548";0;0
"XCN";9;"Extended Composite ID Number and Name for Persons";"Person (ID-Nr und Name), erweiterte Form";"XCN";0;0;17.3.2014 23:01:47;"2.A.87";"ch02a.html#Heading521";0;0
"XCN";10;"Extended Composite ID Number and Name for Persons";"Person (ID-Nr und Name), erweiterte Form";"XCN";0;0;6.1.2020 11:24:21;"2A.3.88";"ch02A.html#Heading781";0;0
"XCN";60;"Extended Composite ID Number and Name for Persons";"Person (ID-Nr und Name), erweiterte Form";"XCN";0;0;22.8.2003 12:51:54;"2.A.86";"ch02A.html#Heading524";0;0
"XCN";61;"Extended Composite ID Number and Name for Persons";"Person (ID-Nr und Name), erweiterte Form";"XCN";0;0;8.5.2007 22:24:13;"2.A.1.86";"ch02a.html#Heading524";0;0
"XCN";81;"Extended Composite ID Number and Name for Persons";"Person (ID-Nr und Name), erweiterte Form";"XCN";0;0;10.3.2013 21:57:51;"2.A.87";"ch02a.html#Heading481";0;0
"XCN";91;"Extended Composite ID Number and Name for Persons";"Person (ID-Nr und Name), erweiterte Form";"XCN";0;0;2.11.2014 16:32:34;"2.A.87";"ch02a.html#Heading521";0;0
"XCN";92;"Extended Composite ID Number and Name for Persons";"Person (ID-Nr und Name), erweiterte Form";"XCN";0;0;13.7.2015 12:47:55;"2.A.88";"ch02a.html#Heading526";0;0
"XCN";540;"Extended Composite ID Number and Name for Persons";"Person (ID-Nr und Name), erweiterte Form";"XCN";0;0;6.7.2015 12:19:48;;;0;0
"XON";3;"Extended Composite Name and ID for organizations (2.8.47)";"Organisation (ID-Nr und Name), erweiterte Form";"XON";0;0;27.5.1996 22:17:01;;;0;0
"XON";4;"extended composite name and identification number for organizations";"Organisation (ID-Nr und Name), erweiterte Form";"XON";0;0;14.4.1999 21:48:20;"2.8.50";"ch2.html#Heading274";0;0
"XON";5;"extended composite name and identification number for organizations";"Organisation (ID-Nr und Name), erweiterte Form";"XON";0;0;25.3.2000 17:40:30;"2.9.53";"ch02.htm#Heading308";0;0
"XON";6;"Extended Composite Name and Identification Number for Organizations";"Organisation (ID-Nr und Name), erweiterte Form";"XON";0;0;22.8.2003 12:51:54;"2.A.87";"ch02A.html#Heading549";0;0
"XON";7;"Extended Composite Name and Identification Number for Organizations";"Organisation (ID-Nr und Name), erweiterte Form";"XON";0;0;26.10.2007 18:06:25;"2.A.87";"ch02a.html#Heading546";0;0
"XON";8;"Extended Composite Name and Identification Number for Organizations";"Organisation (ID-Nr und Name), erweiterte Form";"XON";0;0;6.3.2011 21:49:42;"2.A.88";"ch02a.html#Heading575";0;0
"XON";9;"Extended Composite Name and Identification Number for Organizations";"Organisation (ID-Nr und Name), erweiterte Form";"XON";0;0;17.3.2014 23:01:47;"2.A.88";"ch02a.html#Heading548";0;0
"XON";10;"Extended Composite Name and Identification Number for Organizations";"Organisation (ID-Nr und Name), erweiterte Form";"XON";0;0;6.1.2020 11:24:21;"2A.3.89";"ch02A.html#Heading807";0;0
"XON";60;"Extended Composite Name and Identification Number for Organizations";"Organisation (ID-Nr und Name), erweiterte Form";"XON";0;0;22.8.2003 12:51:54;"2.A.87";"ch02A.html#Heading549";0;0
"XON";61;"Extended Composite Name and Identification Number for Organizations";"Organisation (ID-Nr und Name), erweiterte Form";"XON";0;0;8.5.2007 22:24:13;"2.A.1.87";"ch02a.html#Heading549";0;0
"XON";81;"Extended Composite Name and Identification Number for Organizations";"Organisation (ID-Nr und Name), erweiterte Form";"XON";0;0;10.3.2013 21:57:51;"2.A.88";"ch02a.html#Heading507";0;0
"XON";91;"Extended Composite Name and Identification Number for Organizations";"Organisation (ID-Nr und Name), erweiterte Form";"XON";0;0;2.11.2014 16:32:34;"2.A.88";"ch02a.html#Heading548";0;0
"XON";92;"Extended Composite Name and Identification Number for Organizations";"Organisation (ID-Nr und Name), erweiterte Form";"XON";0;0;13.7.2015 12:47:55;"2.A.89";"ch02a.html#Heading553";0;0
"XON";630;"Extended Composite Name and Identification Number for Organizations";"Organisation (ID-Nr und Name), erweiterte Form";"XON";0;0;6.7.2015 16:59:30;;;0;0
"XPN";3;"extended person name";"Personenname, erweiterte Form";"XPN";0;0;27.5.1996 22:16:32;"2.8.48";;0;0
"XPN";4;"extended person name";"Personenname, erweiterte Form";"XPN";0;0;14.4.1999 21:48:20;"2.8.51";"ch2.html#Heading285";0;0
"XPN";5;"extended person name";"Personenname, erweiterte Form";"XPN";0;0;25.3.2000 17:40:30;"2.9.54";"ch02.htm#Heading319";0;0
"XPN";6;"Extended Person Name";"Personenname, erweiterte Form";"XPN";0;0;22.8.2003 12:51:54;"2.A.88";"ch02A.html#Heading561";0;0
"XPN";7;"Extended Person Name";"Personenname, erweiterte Form";"XPN";0;0;26.10.2007 18:06:25;"2.A.88";"ch02a.html#Heading558";1;0
"XPN";8;"Extended Person Name";"Personenname, erweiterte Form";"XPN";0;0;6.3.2011 21:49:42;"2.A.89";"ch02a.html#Heading587";0;0
"XPN";9;"Extended Person Name";"Personenname, erweiterte Form";"XPN";0;0;17.3.2014 23:01:47;"2.A.89";"ch02a.html#Heading560";0;0
"XPN";10;"Extended Person Name";"Personenname, erweiterte Form";"XPN";0;0;6.1.2020 11:24:21;"2A.3.90";"ch02A.html#Heading818";0;0
"XPN";60;"Extended Person Name";"Personenname, erweiterte Form";"XPN";0;0;22.8.2003 12:51:54;"2.A.88";"ch02A.html#Heading561";0;0
"XPN";61;"Extended Person Name";"Personenname, erweiterte Form";"XPN";0;0;8.5.2007 22:24:13;"2.A.1.88";"ch02a.html#Heading561";0;0
"XPN";81;"Extended Person Name";"Personenname, erweiterte Form";"XPN";0;0;10.3.2013 21:57:51;"2.A.89";"ch02a.html#Heading518";0;0
"XPN";91;"Extended Person Name";"Personenname, erweiterte Form";"XPN";0;0;2.11.2014 16:32:34;"2.A.89";"ch02a.html#Heading560";0;0
"XPN";92;"Extended Person Name";"Personenname, erweiterte Form";"XPN";0;0;13.7.2015 12:47:55;"2.A.90";"ch02a.html#Heading565";0;0
"XTN";3;"extended telecommunication number";"Telekommunikationsadresse, erweiterte Form";"XTN";0;0;27.5.1996 22:15:41;"2.8.49";;0;0
"XTN";4;"extended telecommunication number";"Telekommunikationsadresse, erweiterte Form";"XTN";0;0;23.7.2003 22:25:27;"2.8.52";"ch2.html#Heading296";0;0
"XTN";5;"extended telecommunication number";"Telekommunikationsadresse, erweiterte Form";"XTN";0;0;25.3.2000 17:40:30;"2.9.55";"ch02.htm#Heading332";0;0
"XTN";6;"Extended Telecommunication Number";"Telekommunikationsadresse, erweiterte Form";"XTN";0;0;22.8.2003 12:51:54;"2.A.89";"ch02A.html#Heading577";0;0
"XTN";7;"Extended Telecommunication Number";"Telekommunikationsadresse, erweiterte Form";"XTN";0;0;26.10.2007 18:06:25;"2.A.89";"ch02a.html#Heading574";1;0
"XTN";8;"Extended Telecommunication Number";"Telekommunikationsadresse, erweiterte Form";"XTN";0;0;6.3.2011 21:49:42;"2.A.90";"ch02a.html#Heading604";0;0
"XTN";9;"Extended Telecommunication Number";"Telekommunikationsadresse, erweiterte Form";"XTN";0;0;17.3.2014 23:01:47;"2.A.90";"ch02a.html#Heading577";0;0
"XTN";10;"Extended Telecommunication Number";"Telekommunikationsadresse, erweiterte Form";"XTN";0;0;6.1.2020 11:24:21;"2A.3.91";"ch02A.html#Heading834";0;0
"XTN";20;"Telefon";"Telefon";"XTN";0;0;21.11.2007 21:52:01;;;0;0
"XTN";60;"Extended Telecommunication Number";"Telekommunikationsadresse, erweiterte Form";"XTN";0;0;22.8.2003 12:51:54;"2.A.89";"ch02A.html#Heading577";0;0
"XTN";61;"Extended Telecommunication Number";"Telekommunikationsadresse, erweiterte Form";"XTN";0;0;8.5.2007 22:24:13;"2.A.1.89";"ch02a.html#Heading577";0;0
"XTN";81;"Extended Telecommunication Number";"Telekommunikationsadresse, erweiterte Form";"XTN";0;0;10.3.2013 21:57:51;"2.A.90";"ch02a.html#Heading534";0;0
"XTN";91;"Extended Telecommunication Number";"Telekommunikationsadresse, erweiterte Form";"XTN";0;0;2.11.2014 16:32:34;"2.A.90";"ch02a.html#Heading577";0;0
"XTN";92;"Extended Telecommunication Number";"Telekommunikationsadresse, erweiterte Form";"XTN";0;0;13.7.2015 12:47:55;"2.A.91";"ch02a.html#Heading582";0;0
