"event_code";"version_id";"message_type";"seq_no";"seg_code";"groupname";"modification";"repetitional";"optional";"status"
"A01";1;"ACK";1;"MSH";;"O";0;0;
"A01";1;"ACK";2;"MSA";;"O";0;0;
"A01";1;"ACK";4;"ERR";;"O";0;1;
"A01";1;"ADT";1;"MSH";;"O";0;0;
"A01";1;"ADT";2;"EVN";;"O";0;0;
"A01";1;"ADT";3;"PID";;"O";0;0;
"A01";1;"ADT";4;"NK1";;"O";0;0;
"A01";1;"ADT";5;"PV1";;"O";0;0;
"A01";1;"ADT";7;"DG1";;"O";0;1;
"A01";2;"ACK";1;"MSH";;"O";0;0;
"A01";2;"ACK";2;"MSA";;"O";0;0;
"A01";2;"ACK";4;"ERR";;"O";0;1;
"A01";2;"ADT";1;"MSH";;"O";0;0;
"A01";2;"ADT";2;"EVN";;"O";0;0;
"A01";2;"ADT";3;"PID";;"O";0;0;
"A01";2;"ADT";6;"NK1";;"O";1;1;
"A01";2;"ADT";9;"PV1";;"O";0;0;
"A01";2;"ADT";11;"PV2";;"O";0;1;
"A01";2;"ADT";15;"OBX";;"O";1;1;
"A01";2;"ADT";20;"AL1";;"O";1;1;
"A01";2;"ADT";25;"DG1";;"O";1;1;
"A01";2;"ADT";30;"PR1";;"O";1;1;
"A01";2;"ADT";35;"GT1";;"O";1;1;
"A01";2;"ADT";38;"[";"INSURANCE";"O";0;0;
"A01";2;"ADT";39;"{";"";"O";0;0;
"A01";2;"ADT";40;"IN1";;"O";0;0;
"A01";2;"ADT";42;"IN2";;"O";0;1;
"A01";2;"ADT";45;"IN3";;"O";0;1;
"A01";2;"ADT";47;"}";;"O";0;0;
"A01";2;"ADT";48;"]";;"O";0;0;
"A01";2;"ADT";50;"ACC";;"O";0;1;
"A01";2;"ADT";53;"UB1";;"O";0;1;
"A01";2;"ADT";56;"UB2";;"O";0;1;
"A01";3;"ACK";1;"MSH";;"O";0;0;
"A01";3;"ACK";2;"MSA";;"O";0;0;
"A01";3;"ACK";4;"ERR";;"O";0;1;
"A01";3;"ADT";1;"MSH";;"O";0;0;
"A01";3;"ADT";2;"EVN";;"O";0;0;
"A01";3;"ADT";3;"PID";;"O";0;0;
"A01";3;"ADT";5;"PD1";;"O";0;1;
"A01";3;"ADT";9;"NK1";;"O";1;1;
"A01";3;"ADT";12;"PV1";;"O";0;0;
"A01";3;"ADT";14;"PV2";;"O";0;1;
"A01";3;"ADT";18;"DB1";;"O";1;1;
"A01";3;"ADT";23;"OBX";;"O";1;1;
"A01";3;"ADT";28;"AL1";;"O";1;1;
"A01";3;"ADT";33;"DG1";;"O";1;1;
"A01";3;"ADT";37;"DRG";;"O";0;1;
"A01";3;"ADT";39;"[";"PROCEDURE";"O";0;0;
"A01";3;"ADT";40;"{";"";"O";0;0;
"A01";3;"ADT";41;"PR1";;"O";0;0;
"A01";3;"ADT";44;"ROL";;"O";1;1;
"A01";3;"ADT";47;"}";;"O";0;0;
"A01";3;"ADT";48;"]";"PROCEDURE";"O";0;0;
"A01";3;"ADT";51;"GT1";;"O";1;1;
"A01";3;"ADT";54;"[";"INSURANCE";"O";0;0;
"A01";3;"ADT";55;"{";"";"O";0;0;
"A01";3;"ADT";56;"IN1";;"O";0;0;
"A01";3;"ADT";58;"IN2";;"O";0;1;
"A01";3;"ADT";61;"IN3";;"O";0;1;
"A01";3;"ADT";63;"}";;"O";0;0;
"A01";3;"ADT";64;"]";"INSURANCE";"O";0;0;
"A01";3;"ADT";66;"ACC";;"O";0;1;
"A01";3;"ADT";69;"UB1";;"O";0;1;
"A01";3;"ADT";72;"UB2";;"O";0;1;
"A01";4;"ACK";1;"MSH";;"O";0;0;
"A01";4;"ACK";2;"MSA";;"O";0;0;
"A01";4;"ACK";4;"ERR";;"O";0;1;
"A01";4;"ADT";1;"MSH";;"O";0;0;
"A01";4;"ADT";2;"EVN";;"O";0;0;
"A01";4;"ADT";3;"PID";;"O";0;0;
"A01";4;"ADT";5;"PD1";;"O";0;1;
"A01";4;"ADT";9;"NK1";;"O";1;1;
"A01";4;"ADT";12;"PV1";;"O";0;0;
"A01";4;"ADT";14;"PV2";;"O";0;1;
"A01";4;"ADT";18;"DB1";;"O";1;1;
"A01";4;"ADT";23;"OBX";;"O";1;1;
"A01";4;"ADT";28;"AL1";;"O";1;1;
"A01";4;"ADT";33;"DG1";;"O";1;1;
"A01";4;"ADT";37;"DRG";;"O";0;1;
"A01";4;"ADT";39;"[";"PROCEDURE";"O";0;0;
"A01";4;"ADT";40;"{";"";"O";0;0;
"A01";4;"ADT";41;"PR1";;"O";0;0;
"A01";4;"ADT";44;"ROL";;"O";1;1;
"A01";4;"ADT";47;"}";;"O";0;0;
"A01";4;"ADT";48;"]";"PROCEDURE";"O";0;0;
"A01";4;"ADT";51;"GT1";;"O";1;1;
"A01";4;"ADT";54;"[";"INSURANCE";"O";0;0;
"A01";4;"ADT";55;"{";"";"O";0;0;
"A01";4;"ADT";56;"IN1";;"O";0;0;
"A01";4;"ADT";58;"IN2";;"O";0;1;
"A01";4;"ADT";62;"IN3";;"O";1;1;
"A01";4;"ADT";65;"}";;"O";0;0;
"A01";4;"ADT";66;"]";"INSURANCE";"O";0;0;
"A01";4;"ADT";68;"ACC";;"O";0;1;
"A01";4;"ADT";71;"UB1";;"O";0;1;
"A01";4;"ADT";74;"UB2";;"O";0;1;
"A01";32;"ADT";1;"MSH";;"O";0;0;
"A01";32;"ADT";2;"EVN";;"O";0;0;
"A01";32;"ADT";3;"PID";;"O";0;0;
"A01";32;"ADT";4;"NK1";;"O";1;1;
"A01";32;"ADT";5;"PV1";;"O";0;0;
"A01";32;"ADT";6;"PV2";;"O";0;1;
"A01";32;"ADT";7;"DG1";;"O";1;1;
"A01";32;"ADT";8;"[{";"INSURANCE";"O";0;0;
"A01";32;"ADT";9;"IN1";;"O";0;0;
"A01";32;"ADT";10;"IN2";;"O";0;1;
"A01";32;"ADT";11;"}]";"INSURANCE";"O";0;0;
"A01";32;"ADT";12;"ACC";;"O";0;1;
"A01";32;"ADT";13;"ZBE";;"O";0;1;
"A01";32;"ADT";14;"ZNG";;"O";0;1;
"A02";1;"ACK";1;"MSH";;"O";0;0;
"A02";1;"ACK";2;"MSA";;"O";0;0;
"A02";1;"ACK";4;"ERR";;"O";0;1;
"A02";1;"ADT";1;"MSH";;"O";0;0;
"A02";1;"ADT";2;"EVN";;"O";0;0;
"A02";1;"ADT";3;"PID";;"O";0;0;
"A02";1;"ADT";4;"PV1";;"O";0;0;
"A02";2;"ACK";1;"MSH";;"O";0;0;
"A02";2;"ACK";2;"MSA";;"O";0;0;
"A02";2;"ACK";4;"ERR";;"O";0;1;
"A02";2;"ADT";1;"MSH";;"O";0;0;
"A02";2;"ADT";2;"EVN";;"O";0;0;
"A02";2;"ADT";3;"PID";;"O";0;0;
"A02";2;"ADT";4;"PV1";;"O";0;0;
"A02";2;"ADT";6;"PV2";;"O";0;1;
"A02";2;"ADT";10;"OBX";;"O";1;1;
"A02";3;"ACK";1;"MSH";;"O";0;0;
"A02";3;"ACK";2;"MSA";;"O";0;0;
"A02";3;"ACK";4;"ERR";;"O";0;1;
"A02";3;"ADT";1;"MSH";;"O";0;0;
"A02";3;"ADT";2;"EVN";;"O";0;0;
"A02";3;"ADT";3;"PID";;"O";0;0;
"A02";3;"ADT";5;"PD1";;"O";0;1;
"A02";3;"ADT";7;"PV1";;"O";0;0;
"A02";3;"ADT";9;"PV2";;"O";0;1;
"A02";3;"ADT";13;"DB1";;"O";1;1;
"A02";3;"ADT";18;"OBX";;"O";1;1;
"A02";4;"ACK";1;"MSH";;"O";0;0;
"A02";4;"ACK";2;"MSA";;"O";0;0;
"A02";4;"ACK";4;"ERR";;"O";0;1;
"A02";4;"ADT";1;"MSH";;"O";0;0;
"A02";4;"ADT";2;"EVN";;"O";0;0;
"A02";4;"ADT";3;"PID";;"O";0;0;
"A02";4;"ADT";5;"PD1";;"O";0;1;
"A02";4;"ADT";7;"PV1";;"O";0;0;
"A02";4;"ADT";9;"PV2";;"O";0;1;
"A02";4;"ADT";13;"DB1";;"O";1;1;
"A02";4;"ADT";18;"OBX";;"O";1;1;
"A02";32;"ADT";1;"MSH";;"O";0;0;
"A02";32;"ADT";2;"EVN";;"O";0;0;
"A02";32;"ADT";3;"PID";;"O";0;0;
"A02";32;"ADT";4;"PV1";;"O";0;0;
"A02";32;"ADT";5;"PV2";;"O";0;1;
"A02";32;"ADT";6;"ZNG";;"O";0;1;
"A02";32;"ADT";7;"ZBE";;"O";0;1;
"A03";1;"ACK";1;"MSH";;"O";0;0;
"A03";1;"ACK";2;"MSA";;"O";0;0;
"A03";1;"ACK";4;"ERR";;"O";0;1;
"A03";1;"ADT";1;"MSH";;"O";0;0;
"A03";1;"ADT";2;"EVN";;"O";0;0;
"A03";1;"ADT";3;"PID";;"O";0;0;
"A03";1;"ADT";4;"PV1";;"O";0;0;
"A03";2;"ACK";1;"MSH";;"O";0;0;
"A03";2;"ACK";2;"MSA";;"O";0;0;
"A03";2;"ACK";4;"ERR";;"O";0;1;
"A03";2;"ADT";1;"MSH";;"O";0;0;
"A03";2;"ADT";2;"EVN";;"O";0;0;
"A03";2;"ADT";3;"PID";;"O";0;0;
"A03";2;"ADT";4;"PV1";;"O";0;0;
"A03";2;"ADT";6;"PV2";;"O";0;1;
"A03";2;"ADT";10;"OBX";;"O";1;1;
"A03";3;"ACK";1;"MSH";;"O";0;0;
"A03";3;"ACK";2;"MSA";;"O";0;0;
"A03";3;"ACK";4;"ERR";;"O";0;1;
"A03";3;"ADT";1;"MSH";;"O";0;0;
"A03";3;"ADT";2;"EVN";;"O";0;0;
"A03";3;"ADT";3;"PID";;"O";0;0;
"A03";3;"ADT";5;"PD1";;"O";0;1;
"A03";3;"ADT";7;"PV1";;"O";0;0;
"A03";3;"ADT";9;"PV2";;"O";0;1;
"A03";3;"ADT";13;"DB1";;"O";1;1;
"A03";3;"ADT";18;"DG1";;"O";1;1;
"A03";3;"ADT";22;"DRG";;"O";0;1;
"A03";3;"ADT";24;"[";"PROCEDURE";"O";0;0;
"A03";3;"ADT";25;"{";"";"O";0;0;
"A03";3;"ADT";26;"PR1";;"O";0;0;
"A03";3;"ADT";29;"ROL";;"O";1;1;
"A03";3;"ADT";32;"}";;"O";0;0;
"A03";3;"ADT";33;"]";"PROCEDURE";"O";0;0;
"A03";3;"ADT";36;"OBX";;"O";1;1;
"A03";4;"ACK";1;"MSH";;"O";0;0;
"A03";4;"ACK";2;"MSA";;"O";0;0;
"A03";4;"ACK";4;"ERR";;"O";0;1;
"A03";4;"ADT";1;"MSH";;"O";0;0;
"A03";4;"ADT";2;"EVN";;"O";0;0;
"A03";4;"ADT";3;"PID";;"O";0;0;
"A03";4;"ADT";5;"PD1";;"O";0;1;
"A03";4;"ADT";7;"PV1";;"O";0;0;
"A03";4;"ADT";9;"PV2";;"O";0;1;
"A03";4;"ADT";13;"DB1";;"O";1;1;
"A03";4;"ADT";18;"DG1";;"O";1;1;
"A03";4;"ADT";22;"DRG";;"O";0;1;
"A03";4;"ADT";24;"[";"PROCEDURE";"O";0;0;
"A03";4;"ADT";25;"{";"";"O";0;0;
"A03";4;"ADT";26;"PR1";;"O";0;0;
"A03";4;"ADT";29;"ROL";;"O";1;1;
"A03";4;"ADT";32;"}";;"O";0;0;
"A03";4;"ADT";33;"]";;"O";0;0;
"A03";4;"ADT";36;"OBX";;"O";1;1;
"A04";1;"ACK";1;"MSH";;"O";0;0;
"A04";1;"ACK";2;"MSA";;"O";0;0;
"A04";1;"ACK";4;"ERR";;"O";0;1;
"A04";1;"ADT";1;"MSH";;"O";0;0;
"A04";1;"ADT";2;"EVN";;"O";0;0;
"A04";1;"ADT";3;"PID";;"O";0;0;
"A04";1;"ADT";4;"NK1";;"O";0;0;
"A04";1;"ADT";5;"PV1";;"O";0;0;
"A04";1;"ADT";7;"DG1";;"O";0;1;
"A04";2;"ACK";1;"MSH";;"O";0;0;
"A04";2;"ACK";2;"MSA";;"O";0;0;
"A04";2;"ACK";4;"ERR";;"O";0;1;
"A04";2;"ADT";1;"MSH";;"O";0;0;
"A04";2;"ADT";2;"EVN";;"O";0;0;
"A04";2;"ADT";3;"PID";;"O";0;0;
"A04";2;"ADT";6;"NK1";;"O";1;1;
"A04";2;"ADT";9;"PV1";;"O";0;0;
"A04";2;"ADT";11;"PV2";;"O";0;1;
"A04";2;"ADT";15;"OBX";;"O";1;1;
"A04";2;"ADT";20;"AL1";;"O";1;1;
"A04";2;"ADT";29;"DG1";;"O";1;1;
"A04";2;"ADT";34;"PR1";;"O";1;1;
"A04";2;"ADT";39;"GT1";;"O";1;1;
"A04";2;"ADT";42;"[";"INSURANCE";"O";0;0;
"A04";2;"ADT";43;"{";"";"O";0;0;
"A04";2;"ADT";44;"IN1";;"O";0;0;
"A04";2;"ADT";46;"IN2";;"O";0;1;
"A04";2;"ADT";49;"IN3";;"O";0;1;
"A04";2;"ADT";51;"}";;"O";0;0;
"A04";2;"ADT";52;"]";;"O";0;0;
"A04";2;"ADT";54;"ACC";;"O";0;1;
"A04";2;"ADT";57;"UB1";;"O";0;1;
"A04";2;"ADT";60;"UB2";;"O";0;1;
"A04";3;"ACK";1;"MSH";;"O";0;0;
"A04";3;"ACK";2;"MSA";;"O";0;0;
"A04";3;"ACK";4;"ERR";;"O";0;1;
"A04";3;"ADT";1;"MSH";;"O";0;0;
"A04";3;"ADT";2;"EVN";;"O";0;0;
"A04";3;"ADT";3;"PID";;"O";0;0;
"A04";3;"ADT";5;"PD1";;"O";0;1;
"A04";3;"ADT";9;"NK1";;"O";1;1;
"A04";3;"ADT";12;"PV1";;"O";0;0;
"A04";3;"ADT";14;"PV2";;"O";0;1;
"A04";3;"ADT";18;"DB1";;"O";1;1;
"A04";3;"ADT";23;"OBX";;"O";1;1;
"A04";3;"ADT";28;"AL1";;"O";1;1;
"A04";3;"ADT";33;"DG1";;"O";1;1;
"A04";3;"ADT";37;"DRG";;"O";0;1;
"A04";3;"ADT";39;"[";"PROCEDURE";"O";0;0;
"A04";3;"ADT";40;"{";"";"O";0;0;
"A04";3;"ADT";41;"PR1";;"O";0;0;
"A04";3;"ADT";44;"ROL";;"O";1;1;
"A04";3;"ADT";47;"}";;"O";0;0;
"A04";3;"ADT";48;"]";"PROCEDURE";"O";0;0;
"A04";3;"ADT";51;"GT1";;"O";1;1;
"A04";3;"ADT";54;"[";"INSURANCE";"O";0;0;
"A04";3;"ADT";55;"{";"";"O";0;0;
"A04";3;"ADT";56;"IN1";;"O";0;0;
"A04";3;"ADT";58;"IN2";;"O";0;1;
"A04";3;"ADT";61;"IN3";;"O";0;1;
"A04";3;"ADT";63;"}";;"O";0;0;
"A04";3;"ADT";64;"]";"INSURANCE";"O";0;0;
"A04";3;"ADT";66;"ACC";;"O";0;1;
"A04";3;"ADT";69;"UB1";;"O";0;1;
"A04";3;"ADT";72;"UB2";;"O";0;1;
"A04";4;"ACK";1;"MSH";;"O";0;0;
"A04";4;"ACK";2;"MSA";;"O";0;0;
"A04";4;"ACK";4;"ERR";;"O";0;1;
"A04";4;"ADT";1;"MSH";;"O";0;0;
"A04";4;"ADT";2;"EVN";;"O";0;0;
"A04";4;"ADT";3;"PID";;"O";0;0;
"A04";4;"ADT";5;"PD1";;"O";0;1;
"A04";4;"ADT";9;"NK1";;"O";1;1;
"A04";4;"ADT";12;"PV1";;"O";0;0;
"A04";4;"ADT";14;"PV2";;"O";0;1;
"A04";4;"ADT";18;"DB1";;"O";1;1;
"A04";4;"ADT";23;"OBX";;"O";1;1;
"A04";4;"ADT";28;"AL1";;"O";1;1;
"A04";4;"ADT";33;"DG1";;"O";1;1;
"A04";4;"ADT";37;"DRG";;"O";0;1;
"A04";4;"ADT";39;"[";"PROCEDURE";"O";0;0;
"A04";4;"ADT";40;"{";"";"O";0;0;
"A04";4;"ADT";41;"PR1";;"O";0;0;
"A04";4;"ADT";44;"ROL";;"O";1;1;
"A04";4;"ADT";47;"}";;"O";0;0;
"A04";4;"ADT";48;"]";"PROCEDURE";"O";0;0;
"A04";4;"ADT";51;"GT1";;"O";1;1;
"A04";4;"ADT";54;"[";"INSURANCE";"O";0;0;
"A04";4;"ADT";55;"{";"";"O";0;0;
"A04";4;"ADT";56;"IN1";;"O";0;0;
"A04";4;"ADT";58;"IN2";;"O";0;1;
"A04";4;"ADT";62;"IN3";;"O";1;1;
"A04";4;"ADT";65;"}";;"O";0;0;
"A04";4;"ADT";66;"]";"INSURANCE";"O";0;0;
"A04";4;"ADT";68;"ACC";;"O";0;1;
"A04";4;"ADT";71;"UB1";;"O";0;1;
"A04";4;"ADT";74;"UB2";;"O";0;1;
"A05";1;"ACK";1;"MSH";;"O";0;0;
"A05";1;"ACK";2;"MSA";;"O";0;0;
"A05";1;"ACK";4;"ERR";;"O";0;1;
"A05";1;"ADT";1;"MSH";;"O";0;0;
"A05";1;"ADT";2;"EVN";;"O";0;0;
"A05";1;"ADT";3;"PID";;"O";0;0;
"A05";1;"ADT";4;"NK1";;"O";0;0;
"A05";1;"ADT";5;"PV1";;"O";0;0;
"A05";1;"ADT";7;"DG1";;"O";0;1;
"A05";2;"ACK";1;"MSH";;"O";0;0;
"A05";2;"ACK";2;"MSA";;"O";0;0;
"A05";2;"ACK";4;"ERR";;"O";0;1;
"A05";2;"ADT";1;"MSH";;"O";0;0;
"A05";2;"ADT";2;"EVN";;"O";0;0;
"A05";2;"ADT";3;"PID";;"O";0;0;
"A05";2;"ADT";6;"NK1";;"O";1;1;
"A05";2;"ADT";9;"PV1";;"O";0;0;
"A05";2;"ADT";11;"PV2";;"O";0;1;
"A05";2;"ADT";15;"OBX";;"O";1;1;
"A05";2;"ADT";20;"AL1";;"O";1;1;
"A05";2;"ADT";25;"DG1";;"O";1;1;
"A05";2;"ADT";30;"PR1";;"O";1;1;
"A05";2;"ADT";35;"GT1";;"O";1;1;
"A05";2;"ADT";38;"[";"INSURANCE";"O";0;0;
"A05";2;"ADT";39;"{";"";"O";0;0;
"A05";2;"ADT";40;"IN1";;"O";0;0;
"A05";2;"ADT";42;"IN2";;"O";0;1;
"A05";2;"ADT";45;"IN3";;"O";0;1;
"A05";2;"ADT";47;"}";;"O";0;0;
"A05";2;"ADT";48;"]";;"O";0;0;
"A05";2;"ADT";50;"ACC";;"O";0;1;
"A05";2;"ADT";53;"UB1";;"O";0;1;
"A05";2;"ADT";56;"UB2";;"O";0;1;
"A05";3;"ACK";1;"MSH";;"O";0;0;
"A05";3;"ACK";2;"MSA";;"O";0;0;
"A05";3;"ACK";4;"ERR";;"O";0;1;
"A05";3;"ADT";1;"MSH";;"O";0;0;
"A05";3;"ADT";2;"EVN";;"O";0;0;
"A05";3;"ADT";3;"PID";;"O";0;0;
"A05";3;"ADT";5;"PD1";;"O";0;1;
"A05";3;"ADT";9;"NK1";;"O";1;1;
"A05";3;"ADT";12;"PV1";;"O";0;0;
"A05";3;"ADT";14;"PV2";;"O";0;1;
"A05";3;"ADT";18;"DB1";;"O";1;1;
"A05";3;"ADT";23;"OBX";;"O";1;1;
"A05";3;"ADT";28;"AL1";;"O";1;1;
"A05";3;"ADT";33;"DG1";;"O";1;1;
"A05";3;"ADT";37;"DRG";;"O";0;1;
"A05";3;"ADT";39;"[";"PROCEDURE";"O";0;0;
"A05";3;"ADT";40;"{";"";"O";0;0;
"A05";3;"ADT";41;"PR1";;"O";0;0;
"A05";3;"ADT";44;"ROL";;"O";1;1;
"A05";3;"ADT";47;"}";;"O";0;0;
"A05";3;"ADT";48;"]";"PROCEDURE";"O";0;0;
"A05";3;"ADT";51;"GT1";;"O";1;1;
"A05";3;"ADT";54;"[";"INSURANCE";"O";0;0;
"A05";3;"ADT";55;"{";"";"O";0;0;
"A05";3;"ADT";56;"IN1";;"O";0;0;
"A05";3;"ADT";58;"IN2";;"O";0;1;
"A05";3;"ADT";61;"IN3";;"O";0;1;
"A05";3;"ADT";63;"}";;"O";0;0;
"A05";3;"ADT";64;"]";"INSURANCE";"O";0;0;
"A05";3;"ADT";66;"ACC";;"O";0;1;
"A05";3;"ADT";69;"UB1";;"O";0;1;
"A05";3;"ADT";72;"UB2";;"O";0;1;
"A05";4;"ACK";1;"MSH";;"O";0;0;
"A05";4;"ACK";2;"MSA";;"O";0;0;
"A05";4;"ACK";4;"ERR";;"O";0;1;
"A05";4;"ADT";1;"MSH";;"O";0;0;
"A05";4;"ADT";2;"EVN";;"O";0;0;
"A05";4;"ADT";3;"PID";;"O";0;0;
"A05";4;"ADT";5;"PD1";;"O";0;1;
"A05";4;"ADT";9;"NK1";;"O";1;1;
"A05";4;"ADT";12;"PV1";;"O";0;0;
"A05";4;"ADT";14;"PV2";;"O";0;1;
"A05";4;"ADT";18;"DB1";;"O";1;1;
"A05";4;"ADT";23;"OBX";;"O";1;1;
"A05";4;"ADT";28;"AL1";;"O";1;1;
"A05";4;"ADT";33;"DG1";;"O";1;1;
"A05";4;"ADT";37;"DRG";;"O";0;1;
"A05";4;"ADT";39;"[";"PROCEDURE";"O";0;0;
"A05";4;"ADT";40;"{";"";"O";0;0;
"A05";4;"ADT";41;"PR1";;"O";0;0;
"A05";4;"ADT";44;"ROL";;"O";1;1;
"A05";4;"ADT";47;"}";;"O";0;0;
"A05";4;"ADT";48;"]";;"O";0;0;
"A05";4;"ADT";51;"GT1";;"O";1;1;
"A05";4;"ADT";54;"[";"INSURANCE";"O";0;0;
"A05";4;"ADT";55;"{";"";"O";0;0;
"A05";4;"ADT";56;"IN1";;"O";0;0;
"A05";4;"ADT";58;"IN2";;"O";0;1;
"A05";4;"ADT";62;"IN3";;"O";1;1;
"A05";4;"ADT";65;"}";;"O";0;0;
"A05";4;"ADT";66;"]";;"O";0;0;
"A05";4;"ADT";68;"ACC";;"O";0;1;
"A05";4;"ADT";71;"UB1";;"O";0;1;
"A05";4;"ADT";74;"UB2";;"O";0;1;
"A06";1;"ACK";1;"MSH";;"O";0;0;
"A06";1;"ACK";2;"MSA";;"O";0;0;
"A06";1;"ACK";4;"ERR";;"O";0;1;
"A06";1;"ADT";1;"MSH";;"O";0;0;
"A06";1;"ADT";2;"EVN";;"O";0;0;
"A06";1;"ADT";3;"PID";;"O";0;0;
"A06";1;"ADT";4;"PV1";;"O";0;0;
"A06";2;"ACK";1;"MSH";;"O";0;0;
"A06";2;"ACK";2;"MSA";;"O";0;0;
"A06";2;"ACK";4;"ERR";;"O";0;1;
"A06";2;"ADT";1;"MSH";;"O";0;0;
"A06";2;"ADT";2;"EVN";;"O";0;0;
"A06";2;"ADT";3;"PID";;"O";0;0;
"A06";2;"ADT";5;"MRG";;"O";0;1;
"A06";2;"ADT";9;"NK1";;"O";1;1;
"A06";2;"ADT";12;"PV1";;"O";0;0;
"A06";2;"ADT";14;"PV2";;"O";0;1;
"A06";2;"ADT";18;"OBX";;"O";1;1;
"A06";2;"ADT";23;"AL1";;"O";1;1;
"A06";2;"ADT";28;"DG1";;"O";1;1;
"A06";2;"ADT";33;"PR1";;"O";1;1;
"A06";2;"ADT";38;"GT1";;"O";1;1;
"A06";2;"ADT";41;"[";"INSURANCE";"O";0;0;
"A06";2;"ADT";42;"{";"";"O";0;0;
"A06";2;"ADT";43;"IN1";;"O";0;0;
"A06";2;"ADT";45;"IN2";;"O";0;1;
"A06";2;"ADT";48;"IN3";;"O";0;1;
"A06";2;"ADT";50;"}";;"O";0;0;
"A06";2;"ADT";51;"]";;"O";0;0;
"A06";2;"ADT";53;"ACC";;"O";0;1;
"A06";2;"ADT";56;"UB1";;"O";0;1;
"A06";2;"ADT";59;"UB2";;"O";0;1;
"A06";3;"ACK";1;"MSH";;"O";0;0;
"A06";3;"ACK";2;"MSA";;"O";0;0;
"A06";3;"ACK";4;"ERR";;"O";0;1;
"A06";3;"ADT";1;"MSH";;"O";0;0;
"A06";3;"ADT";2;"EVN";;"O";0;0;
"A06";3;"ADT";3;"PID";;"O";0;0;
"A06";3;"ADT";5;"PD1";;"O";0;1;
"A06";3;"ADT";8;"MRG";;"O";0;1;
"A06";3;"ADT";12;"NK1";;"O";1;1;
"A06";3;"ADT";15;"PV1";;"O";0;0;
"A06";3;"ADT";17;"PV2";;"O";0;1;
"A06";3;"ADT";21;"DB1";;"O";1;1;
"A06";3;"ADT";25;"DRG";;"O";0;1;
"A06";3;"ADT";29;"OBX";;"O";1;1;
"A06";3;"ADT";34;"AL1";;"O";1;1;
"A06";3;"ADT";39;"DG1";;"O";1;1;
"A06";3;"ADT";43;"DRG";;"O";0;1;
"A06";3;"ADT";45;"[";"PROCEDURE";"O";0;0;
"A06";3;"ADT";46;"{";"";"O";0;0;
"A06";3;"ADT";47;"PR1";;"O";0;0;
"A06";3;"ADT";50;"ROL";;"O";1;1;
"A06";3;"ADT";53;"}";;"O";0;0;
"A06";3;"ADT";54;"]";"PROCEDURE";"O";0;0;
"A06";3;"ADT";57;"GT1";;"O";1;1;
"A06";3;"ADT";60;"[";"INSURANCE";"O";0;0;
"A06";3;"ADT";61;"{";"";"O";0;0;
"A06";3;"ADT";62;"IN1";;"O";0;0;
"A06";3;"ADT";64;"IN2";;"O";0;1;
"A06";3;"ADT";67;"IN3";;"O";0;1;
"A06";3;"ADT";69;"}";;"O";0;0;
"A06";3;"ADT";70;"]";"INSURANCE";"O";0;0;
"A06";3;"ADT";72;"ACC";;"O";0;1;
"A06";3;"ADT";75;"UB1";;"O";0;1;
"A06";3;"ADT";78;"UB2";;"O";0;1;
"A06";4;"ACK";1;"MSH";;"O";0;0;
"A06";4;"ACK";2;"MSA";;"O";0;0;
"A06";4;"ACK";4;"ERR";;"O";0;1;
"A06";4;"ADT";1;"MSH";;"O";0;0;
"A06";4;"ADT";2;"EVN";;"O";0;0;
"A06";4;"ADT";3;"PID";;"O";0;0;
"A06";4;"ADT";5;"PD1";;"O";0;1;
"A06";4;"ADT";8;"MRG";;"O";0;1;
"A06";4;"ADT";12;"NK1";;"O";1;1;
"A06";4;"ADT";15;"PV1";;"O";0;0;
"A06";4;"ADT";17;"PV2";;"O";0;1;
"A06";4;"ADT";21;"DB1";;"O";1;1;
"A06";4;"ADT";26;"OBX";;"O";1;1;
"A06";4;"ADT";31;"AL1";;"O";1;1;
"A06";4;"ADT";36;"DG1";;"O";1;1;
"A06";4;"ADT";40;"DRG";;"O";0;1;
"A06";4;"ADT";42;"[";"PROCEDURE";"O";0;0;
"A06";4;"ADT";43;"{";"";"O";0;0;
"A06";4;"ADT";44;"PR1";;"O";0;0;
"A06";4;"ADT";47;"ROL";;"O";1;1;
"A06";4;"ADT";50;"}";;"O";0;0;
"A06";4;"ADT";51;"]";;"O";0;0;
"A06";4;"ADT";54;"GT1";;"O";1;1;
"A06";4;"ADT";57;"[";"INSURANCE";"O";0;0;
"A06";4;"ADT";58;"{";"";"O";0;0;
"A06";4;"ADT";59;"IN1";;"O";0;0;
"A06";4;"ADT";61;"IN2";;"O";0;1;
"A06";4;"ADT";65;"IN3";;"O";1;1;
"A06";4;"ADT";68;"}";;"O";0;0;
"A06";4;"ADT";69;"]";;"O";0;0;
"A06";4;"ADT";71;"ACC";;"O";0;1;
"A06";4;"ADT";74;"UB1";;"O";0;1;
"A06";4;"ADT";77;"UB2";;"O";0;1;
"A07";1;"ACK";1;"MSH";;"O";0;0;
"A07";1;"ACK";2;"MSA";;"O";0;0;
"A07";1;"ACK";4;"ERR";;"O";0;1;
"A07";1;"ADT";1;"MSH";;"O";0;0;
"A07";1;"ADT";2;"EVN";;"O";0;0;
"A07";1;"ADT";3;"PID";;"O";0;0;
"A07";1;"ADT";4;"PV1";;"O";0;0;
"A07";2;"ACK";1;"MSH";;"O";0;0;
"A07";2;"ACK";2;"MSA";;"O";0;0;
"A07";2;"ACK";4;"ERR";;"O";0;1;
"A07";2;"ADT";1;"MSH";;"O";0;0;
"A07";2;"ADT";2;"EVN";;"O";0;0;
"A07";2;"ADT";3;"PID";;"O";0;0;
"A07";2;"ADT";5;"MRG";;"O";0;1;
"A07";2;"ADT";9;"NK1";;"O";1;1;
"A07";2;"ADT";12;"PV1";;"O";0;0;
"A07";2;"ADT";14;"PV2";;"O";0;1;
"A07";2;"ADT";18;"OBX";;"O";1;1;
"A07";2;"ADT";23;"AL1";;"O";1;1;
"A07";2;"ADT";28;"DG1";;"O";1;1;
"A07";2;"ADT";33;"PR1";;"O";1;1;
"A07";2;"ADT";38;"GT1";;"O";1;1;
"A07";2;"ADT";41;"[";"INSURANCE";"O";0;0;
"A07";2;"ADT";42;"{";"";"O";0;0;
"A07";2;"ADT";43;"IN1";;"O";0;0;
"A07";2;"ADT";45;"IN2";;"O";0;1;
"A07";2;"ADT";48;"IN3";;"O";0;1;
"A07";2;"ADT";50;"}";;"O";0;0;
"A07";2;"ADT";51;"]";;"O";0;0;
"A07";2;"ADT";53;"ACC";;"O";0;1;
"A07";2;"ADT";56;"UB1";;"O";0;1;
"A07";2;"ADT";59;"UB2";;"O";0;1;
"A07";3;"ACK";1;"MSH";;"O";0;0;
"A07";3;"ACK";2;"MSA";;"O";0;0;
"A07";3;"ACK";4;"ERR";;"O";0;1;
"A07";3;"ADT";1;"MSH";;"O";0;0;
"A07";3;"ADT";2;"EVN";;"O";0;0;
"A07";3;"ADT";3;"PID";;"O";0;0;
"A07";3;"ADT";5;"PD1";;"O";0;1;
"A07";3;"ADT";8;"MRG";;"O";0;1;
"A07";3;"ADT";12;"NK1";;"O";1;1;
"A07";3;"ADT";15;"PV1";;"O";0;0;
"A07";3;"ADT";17;"PV2";;"O";0;1;
"A07";3;"ADT";21;"DB1";;"O";1;1;
"A07";3;"ADT";25;"DRG";;"O";0;1;
"A07";3;"ADT";29;"OBX";;"O";1;1;
"A07";3;"ADT";34;"AL1";;"O";1;1;
"A07";3;"ADT";39;"DG1";;"O";1;1;
"A07";3;"ADT";43;"DRG";;"O";0;1;
"A07";3;"ADT";45;"[";"PROCEDURE";"O";0;0;
"A07";3;"ADT";46;"{";"";"O";0;0;
"A07";3;"ADT";47;"PR1";;"O";0;0;
"A07";3;"ADT";50;"ROL";;"O";1;1;
"A07";3;"ADT";53;"}";;"O";0;0;
"A07";3;"ADT";54;"]";"PROCEDURE";"O";0;0;
"A07";3;"ADT";57;"GT1";;"O";1;1;
"A07";3;"ADT";60;"[";"INSURANCE";"O";0;0;
"A07";3;"ADT";61;"{";"";"O";0;0;
"A07";3;"ADT";62;"IN1";;"O";0;0;
"A07";3;"ADT";64;"IN2";;"O";0;1;
"A07";3;"ADT";67;"IN3";;"O";0;1;
"A07";3;"ADT";69;"}";;"O";0;0;
"A07";3;"ADT";70;"]";"INSURANCE";"O";0;0;
"A07";3;"ADT";72;"ACC";;"O";0;1;
"A07";3;"ADT";75;"UB1";;"O";0;1;
"A07";3;"ADT";78;"UB2";;"O";0;1;
"A07";4;"ACK";1;"MSH";;"O";0;0;
"A07";4;"ACK";2;"MSA";;"O";0;0;
"A07";4;"ACK";4;"ERR";;"O";0;1;
"A07";4;"ADT";1;"MSH";;"O";0;0;
"A07";4;"ADT";2;"EVN";;"O";0;0;
"A07";4;"ADT";3;"PID";;"O";0;0;
"A07";4;"ADT";5;"PD1";;"O";0;1;
"A07";4;"ADT";8;"MRG";;"O";0;1;
"A07";4;"ADT";12;"NK1";;"O";1;1;
"A07";4;"ADT";15;"PV1";;"O";0;0;
"A07";4;"ADT";17;"PV2";;"O";0;1;
"A07";4;"ADT";21;"DB1";;"O";1;1;
"A07";4;"ADT";26;"OBX";;"O";1;1;
"A07";4;"ADT";31;"AL1";;"O";1;1;
"A07";4;"ADT";36;"DG1";;"O";1;1;
"A07";4;"ADT";40;"DRG";;"O";0;1;
"A07";4;"ADT";42;"[";"PROCEDURE";"O";0;0;
"A07";4;"ADT";43;"{";"";"O";0;0;
"A07";4;"ADT";44;"PR1";;"O";0;0;
"A07";4;"ADT";47;"ROL";;"O";1;1;
"A07";4;"ADT";50;"}";;"O";0;0;
"A07";4;"ADT";51;"]";;"O";0;0;
"A07";4;"ADT";54;"GT1";;"O";1;1;
"A07";4;"ADT";57;"[";"INSURANCE";"O";0;0;
"A07";4;"ADT";58;"{";"";"O";0;0;
"A07";4;"ADT";59;"IN1";;"O";0;0;
"A07";4;"ADT";61;"IN2";;"O";0;1;
"A07";4;"ADT";65;"IN3";;"O";1;1;
"A07";4;"ADT";68;"}";;"O";0;0;
"A07";4;"ADT";69;"]";;"O";0;0;
"A07";4;"ADT";71;"ACC";;"O";0;1;
"A07";4;"ADT";74;"UB1";;"O";0;1;
"A07";4;"ADT";77;"UB2";;"O";0;1;
"A08";1;"ACK";1;"MSH";;"O";0;0;
"A08";1;"ACK";2;"MSA";;"O";0;0;
"A08";1;"ACK";4;"ERR";;"O";0;1;
"A08";1;"ADT";1;"MSH";;"O";0;0;
"A08";1;"ADT";2;"EVN";;"O";0;0;
"A08";1;"ADT";3;"PID";;"O";0;0;
"A08";1;"ADT";4;"NK1";;"O";0;0;
"A08";1;"ADT";5;"PV1";;"O";0;0;
"A08";1;"ADT";7;"DG1";;"O";0;1;
"A08";2;"ACK";1;"MSH";;"O";0;0;
"A08";2;"ACK";2;"MSA";;"O";0;0;
"A08";2;"ACK";4;"ERR";;"O";0;1;
"A08";2;"ADT";1;"MSH";;"O";0;0;
"A08";2;"ADT";2;"EVN";;"O";0;0;
"A08";2;"ADT";3;"PID";;"O";0;0;
"A08";2;"ADT";6;"NK1";;"O";1;1;
"A08";2;"ADT";9;"PV1";;"O";0;0;
"A08";2;"ADT";11;"PV2";;"O";0;1;
"A08";2;"ADT";15;"OBX";;"O";1;1;
"A08";2;"ADT";20;"AL1";;"O";1;1;
"A08";2;"ADT";25;"DG1";;"O";1;1;
"A08";2;"ADT";30;"PR1";;"O";1;1;
"A08";2;"ADT";35;"GT1";;"O";1;1;
"A08";2;"ADT";38;"[";"INSURANCE";"O";0;0;
"A08";2;"ADT";39;"{";"";"O";0;0;
"A08";2;"ADT";40;"IN1";;"O";0;0;
"A08";2;"ADT";42;"IN2";;"O";0;1;
"A08";2;"ADT";45;"IN3";;"O";0;1;
"A08";2;"ADT";47;"}";;"O";0;0;
"A08";2;"ADT";48;"]";;"O";0;0;
"A08";2;"ADT";50;"ACC";;"O";0;1;
"A08";2;"ADT";53;"UB1";;"O";0;1;
"A08";2;"ADT";56;"UB2";;"O";0;1;
"A08";3;"ACK";1;"MSH";;"O";0;0;
"A08";3;"ACK";2;"MSA";;"O";0;0;
"A08";3;"ACK";4;"ERR";;"O";0;1;
"A08";3;"ADT";1;"MSH";;"O";0;0;
"A08";3;"ADT";2;"EVN";;"O";0;0;
"A08";3;"ADT";3;"PID";;"O";0;0;
"A08";3;"ADT";5;"PD1";;"O";0;1;
"A08";3;"ADT";9;"NK1";;"O";1;1;
"A08";3;"ADT";12;"PV1";;"O";0;0;
"A08";3;"ADT";14;"PV2";;"O";0;1;
"A08";3;"ADT";18;"DB1";;"O";1;1;
"A08";3;"ADT";23;"OBX";;"O";1;1;
"A08";3;"ADT";28;"AL1";;"O";1;1;
"A08";3;"ADT";33;"DG1";;"O";1;1;
"A08";3;"ADT";37;"DRG";;"O";0;1;
"A08";3;"ADT";39;"[";"PROCEDURE";"O";0;0;
"A08";3;"ADT";40;"{";"";"O";0;0;
"A08";3;"ADT";41;"PR1";;"O";0;0;
"A08";3;"ADT";44;"ROL";;"O";1;1;
"A08";3;"ADT";47;"}";;"O";0;0;
"A08";3;"ADT";48;"]";"PROCEDURE";"O";0;0;
"A08";3;"ADT";51;"GT1";;"O";1;1;
"A08";3;"ADT";54;"[";"INSURANCE";"O";0;0;
"A08";3;"ADT";55;"{";"";"O";0;0;
"A08";3;"ADT";56;"IN1";;"O";0;0;
"A08";3;"ADT";58;"IN2";;"O";0;1;
"A08";3;"ADT";61;"IN3";;"O";0;1;
"A08";3;"ADT";63;"}";;"O";0;0;
"A08";3;"ADT";64;"]";"INSURANCE";"O";0;0;
"A08";3;"ADT";66;"ACC";;"O";0;1;
"A08";3;"ADT";69;"UB1";;"O";0;1;
"A08";3;"ADT";72;"UB2";;"O";0;1;
"A08";4;"ACK";1;"MSH";;"O";0;0;
"A08";4;"ACK";2;"MSA";;"O";0;0;
"A08";4;"ACK";4;"ERR";;"O";0;1;
"A08";4;"ADT";1;"MSH";;"O";0;0;
"A08";4;"ADT";2;"EVN";;"O";0;0;
"A08";4;"ADT";3;"PID";;"O";0;0;
"A08";4;"ADT";5;"PD1";;"O";0;1;
"A08";4;"ADT";9;"NK1";;"O";1;1;
"A08";4;"ADT";12;"PV1";;"O";0;0;
"A08";4;"ADT";14;"PV2";;"O";0;1;
"A08";4;"ADT";18;"DB1";;"O";1;1;
"A08";4;"ADT";23;"OBX";;"O";1;1;
"A08";4;"ADT";28;"AL1";;"O";1;1;
"A08";4;"ADT";33;"DG1";;"O";1;1;
"A08";4;"ADT";37;"DRG";;"O";0;1;
"A08";4;"ADT";39;"[";"PROCEDURE";"O";0;0;
"A08";4;"ADT";40;"{";"";"O";0;0;
"A08";4;"ADT";41;"PR1";;"O";0;0;
"A08";4;"ADT";44;"ROL";;"O";1;1;
"A08";4;"ADT";47;"}";;"O";0;0;
"A08";4;"ADT";48;"]";;"O";0;0;
"A08";4;"ADT";51;"GT1";;"O";1;1;
"A08";4;"ADT";54;"[";"INSURANCE";"O";0;0;
"A08";4;"ADT";55;"{";"";"O";0;0;
"A08";4;"ADT";56;"IN1";;"O";0;0;
"A08";4;"ADT";58;"IN2";;"O";0;1;
"A08";4;"ADT";62;"IN3";;"O";1;1;
"A08";4;"ADT";65;"}";;"O";0;0;
"A08";4;"ADT";66;"]";;"O";0;0;
"A08";4;"ADT";68;"ACC";;"O";0;1;
"A08";4;"ADT";71;"UB1";;"O";0;1;
"A08";4;"ADT";74;"UB2";;"O";0;1;
"A09";1;"ACK";1;"MSH";;"O";0;0;
"A09";1;"ACK";2;"MSA";;"O";0;0;
"A09";1;"ACK";4;"ERR";;"O";0;1;
"A09";1;"ADT";1;"MSH";;"O";0;0;
"A09";1;"ADT";2;"EVN";;"O";0;0;
"A09";1;"ADT";3;"PID";;"O";0;0;
"A09";1;"ADT";4;"PV1";;"O";0;0;
"A09";1;"ADT";6;"DG1";;"O";0;1;
"A09";2;"ACK";1;"MSH";;"O";0;0;
"A09";2;"ACK";2;"MSA";;"O";0;0;
"A09";2;"ACK";4;"ERR";;"O";0;1;
"A09";2;"ADT";1;"MSH";;"O";0;0;
"A09";2;"ADT";2;"EVN";;"O";0;0;
"A09";2;"ADT";3;"PID";;"O";0;0;
"A09";2;"ADT";4;"PV1";;"O";0;0;
"A09";2;"ADT";6;"PV2";;"O";0;1;
"A09";2;"ADT";10;"OBX";;"O";1;1;
"A09";2;"ADT";15;"DG1";;"O";1;1;
"A09";3;"ACK";1;"MSH";;"O";0;0;
"A09";3;"ACK";2;"MSA";;"O";0;0;
"A09";3;"ACK";4;"ERR";;"O";0;1;
"A09";3;"ADT";1;"MSH";;"O";0;0;
"A09";3;"ADT";2;"EVN";;"O";0;0;
"A09";3;"ADT";3;"PID";;"O";0;0;
"A09";3;"ADT";5;"PD1";;"O";0;1;
"A09";3;"ADT";7;"PV1";;"O";0;0;
"A09";3;"ADT";9;"PV2";;"O";0;1;
"A09";3;"ADT";13;"DB1";;"O";1;1;
"A09";3;"ADT";18;"OBX";;"O";1;1;
"A09";3;"ADT";23;"DG1";;"O";1;1;
"A09";4;"ACK";1;"MSH";;"O";0;0;
"A09";4;"ACK";2;"MSA";;"O";0;0;
"A09";4;"ACK";4;"ERR";;"O";0;1;
"A09";4;"ADT";1;"MSH";;"O";0;0;
"A09";4;"ADT";2;"EVN";;"O";0;0;
"A09";4;"ADT";3;"PID";;"O";0;0;
"A09";4;"ADT";5;"PD1";;"O";0;1;
"A09";4;"ADT";7;"PV1";;"O";0;0;
"A09";4;"ADT";9;"PV2";;"O";0;1;
"A09";4;"ADT";13;"DB1";;"O";1;1;
"A09";4;"ADT";18;"OBX";;"O";1;1;
"A09";4;"ADT";23;"DG1";;"O";1;1;
"A10";1;"ACK";1;"MSH";;"O";0;0;
"A10";1;"ACK";2;"MSA";;"O";0;0;
"A10";1;"ACK";4;"ERR";;"O";0;1;
"A10";1;"ADT";1;"MSH";;"O";0;0;
"A10";1;"ADT";2;"EVN";;"O";0;0;
"A10";1;"ADT";3;"PID";;"O";0;0;
"A10";1;"ADT";4;"PV1";;"O";0;0;
"A10";1;"ADT";6;"DG1";;"O";0;1;
"A10";2;"ACK";1;"MSH";;"O";0;0;
"A10";2;"ACK";2;"MSA";;"O";0;0;
"A10";2;"ACK";4;"ERR";;"O";0;1;
"A10";2;"ADT";1;"MSH";;"O";0;0;
"A10";2;"ADT";2;"EVN";;"O";0;0;
"A10";2;"ADT";3;"PID";;"O";0;0;
"A10";2;"ADT";4;"PV1";;"O";0;0;
"A10";2;"ADT";6;"PV2";;"O";0;1;
"A10";2;"ADT";10;"OBX";;"O";1;1;
"A10";2;"ADT";15;"DG1";;"O";1;1;
"A10";3;"ACK";1;"MSH";;"O";0;0;
"A10";3;"ACK";2;"MSA";;"O";0;0;
"A10";3;"ACK";4;"ERR";;"O";0;1;
"A10";3;"ADT";1;"MSH";;"O";0;0;
"A10";3;"ADT";2;"EVN";;"O";0;0;
"A10";3;"ADT";3;"PID";;"O";0;0;
"A10";3;"ADT";5;"PD1";;"O";0;1;
"A10";3;"ADT";7;"PV1";;"O";0;0;
"A10";3;"ADT";9;"PV2";;"O";0;1;
"A10";3;"ADT";13;"DB1";;"O";1;1;
"A10";3;"ADT";18;"OBX";;"O";1;1;
"A10";3;"ADT";23;"DG1";;"O";1;1;
"A10";4;"ACK";1;"MSH";;"O";0;0;
"A10";4;"ACK";2;"MSA";;"O";0;0;
"A10";4;"ACK";4;"ERR";;"O";0;1;
"A10";4;"ADT";1;"MSH";;"O";0;0;
"A10";4;"ADT";2;"EVN";;"O";0;0;
"A10";4;"ADT";3;"PID";;"O";0;0;
"A10";4;"ADT";5;"PD1";;"O";0;1;
"A10";4;"ADT";7;"PV1";;"O";0;0;
"A10";4;"ADT";9;"PV2";;"O";0;1;
"A10";4;"ADT";13;"DB1";;"O";1;1;
"A10";4;"ADT";18;"OBX";;"O";1;1;
"A10";4;"ADT";23;"DG1";;"O";1;1;
"A11";1;"ACK";1;"MSH";;"O";0;0;
"A11";1;"ACK";2;"MSA";;"O";0;0;
"A11";1;"ACK";4;"ERR";;"O";0;1;
"A11";1;"ADT";1;"MSH";;"O";0;0;
"A11";1;"ADT";2;"EVN";;"O";0;0;
"A11";1;"ADT";3;"PID";;"O";0;0;
"A11";1;"ADT";4;"PV1";;"O";0;0;
"A11";1;"ADT";6;"DG1";;"O";0;1;
"A11";2;"ACK";1;"MSH";;"O";0;0;
"A11";2;"ACK";2;"MSA";;"O";0;0;
"A11";2;"ACK";4;"ERR";;"O";0;1;
"A11";2;"ADT";1;"MSH";;"O";0;0;
"A11";2;"ADT";2;"EVN";;"O";0;0;
"A11";2;"ADT";3;"PID";;"O";0;0;
"A11";2;"ADT";4;"PV1";;"O";0;0;
"A11";2;"ADT";6;"PV2";;"O";0;1;
"A11";2;"ADT";10;"OBX";;"O";1;1;
"A11";2;"ADT";15;"DG1";;"O";1;1;
"A11";3;"ACK";1;"MSH";;"O";0;0;
"A11";3;"ACK";2;"MSA";;"O";0;0;
"A11";3;"ACK";4;"ERR";;"O";0;1;
"A11";3;"ADT";1;"MSH";;"O";0;0;
"A11";3;"ADT";2;"EVN";;"O";0;0;
"A11";3;"ADT";3;"PID";;"O";0;0;
"A11";3;"ADT";5;"PD1";;"O";0;1;
"A11";3;"ADT";7;"PV1";;"O";0;0;
"A11";3;"ADT";9;"PV2";;"O";0;1;
"A11";3;"ADT";13;"DB1";;"O";1;1;
"A11";3;"ADT";18;"OBX";;"O";1;1;
"A11";3;"ADT";23;"DG1";;"O";1;1;
"A11";4;"ACK";1;"MSH";;"O";0;0;
"A11";4;"ACK";2;"MSA";;"O";0;0;
"A11";4;"ACK";4;"ERR";;"O";0;1;
"A11";4;"ADT";1;"MSH";;"O";0;0;
"A11";4;"ADT";2;"EVN";;"O";0;0;
"A11";4;"ADT";3;"PID";;"O";0;0;
"A11";4;"ADT";5;"PD1";;"O";0;1;
"A11";4;"ADT";7;"PV1";;"O";0;0;
"A11";4;"ADT";9;"PV2";;"O";0;1;
"A11";4;"ADT";13;"DB1";;"O";1;1;
"A11";4;"ADT";18;"OBX";;"O";1;1;
"A11";4;"ADT";23;"DG1";;"O";1;1;
"A12";1;"ACK";1;"MSH";;"O";0;0;
"A12";1;"ACK";2;"MSA";;"O";0;0;
"A12";1;"ACK";4;"ERR";;"O";0;1;
"A12";1;"ADT";1;"MSH";;"O";0;0;
"A12";1;"ADT";2;"EVN";;"O";0;0;
"A12";1;"ADT";3;"PID";;"O";0;0;
"A12";1;"ADT";4;"PV1";;"O";0;0;
"A12";1;"ADT";6;"DG1";;"O";0;1;
"A12";2;"ACK";1;"MSH";;"O";0;0;
"A12";2;"ACK";2;"MSA";;"O";0;0;
"A12";2;"ACK";4;"ERR";;"O";0;1;
"A12";2;"ADT";1;"MSH";;"O";0;0;
"A12";2;"ADT";2;"EVN";;"O";0;0;
"A12";2;"ADT";3;"PID";;"O";0;0;
"A12";2;"ADT";4;"PV1";;"O";0;0;
"A12";2;"ADT";6;"PV2";;"O";0;1;
"A12";2;"ADT";10;"OBX";;"O";1;1;
"A12";2;"ADT";15;"DG1";;"O";1;1;
"A12";3;"ACK";1;"MSH";;"O";0;0;
"A12";3;"ACK";2;"MSA";;"O";0;0;
"A12";3;"ACK";4;"ERR";;"O";0;1;
"A12";3;"ADT";1;"MSH";;"O";0;0;
"A12";3;"ADT";2;"EVN";;"O";0;0;
"A12";3;"ADT";3;"PID";;"O";0;0;
"A12";3;"ADT";5;"PD1";;"O";0;1;
"A12";3;"ADT";7;"PV1";;"O";0;0;
"A12";3;"ADT";9;"PV2";;"O";0;1;
"A12";3;"ADT";13;"DB1";;"O";1;1;
"A12";3;"ADT";18;"OBX";;"O";1;1;
"A12";3;"ADT";22;"DG1";;"O";0;1;
"A12";4;"ACK";1;"MSH";;"O";0;0;
"A12";4;"ACK";2;"MSA";;"O";0;0;
"A12";4;"ACK";4;"ERR";;"O";0;1;
"A12";4;"ADT";1;"MSH";;"O";0;0;
"A12";4;"ADT";2;"EVN";;"O";0;0;
"A12";4;"ADT";3;"PID";;"O";0;0;
"A12";4;"ADT";5;"PD1";;"O";0;1;
"A12";4;"ADT";7;"PV1";;"O";0;0;
"A12";4;"ADT";9;"PV2";;"O";0;1;
"A12";4;"ADT";13;"DB1";;"O";1;1;
"A12";4;"ADT";18;"OBX";;"O";1;1;
"A12";4;"ADT";22;"DG1";;"O";0;1;
"A13";1;"ACK";1;"MSH";;"O";0;0;
"A13";1;"ACK";2;"MSA";;"O";0;0;
"A13";1;"ACK";4;"ERR";;"O";0;1;
"A13";1;"ADT";1;"MSH";;"O";0;0;
"A13";1;"ADT";2;"EVN";;"O";0;0;
"A13";1;"ADT";3;"PID";;"O";0;0;
"A13";1;"ADT";4;"PV1";;"O";0;0;
"A13";1;"ADT";6;"DG1";;"O";0;1;
"A13";2;"ACK";1;"MSH";;"O";0;0;
"A13";2;"ACK";2;"MSA";;"O";0;0;
"A13";2;"ACK";4;"ERR";;"O";0;1;
"A13";2;"ADT";1;"MSH";;"O";0;0;
"A13";2;"ADT";2;"EVN";;"O";0;0;
"A13";2;"ADT";3;"PID";;"O";0;0;
"A13";2;"ADT";6;"NK1";;"O";1;1;
"A13";2;"ADT";9;"PV1";;"O";0;0;
"A13";2;"ADT";11;"PV2";;"O";0;1;
"A13";2;"ADT";15;"OBX";;"O";1;1;
"A13";2;"ADT";20;"AL1";;"O";1;1;
"A13";2;"ADT";25;"DG1";;"O";1;1;
"A13";2;"ADT";30;"PR1";;"O";1;1;
"A13";2;"ADT";35;"GT1";;"O";1;1;
"A13";2;"ADT";38;"[";"INSURANCE";"O";0;0;
"A13";2;"ADT";39;"{";"";"O";0;0;
"A13";2;"ADT";40;"IN1";;"O";0;0;
"A13";2;"ADT";42;"IN2";;"O";0;1;
"A13";2;"ADT";45;"IN3";;"O";0;1;
"A13";2;"ADT";47;"}";;"O";0;0;
"A13";2;"ADT";48;"]";;"O";0;0;
"A13";2;"ADT";50;"ACC";;"O";0;1;
"A13";2;"ADT";53;"UB1";;"O";0;1;
"A13";2;"ADT";56;"UB2";;"O";0;1;
"A13";3;"ACK";1;"MSH";;"O";0;0;
"A13";3;"ACK";2;"MSA";;"O";0;0;
"A13";3;"ACK";4;"ERR";;"O";0;1;
"A13";3;"ADT";1;"MSH";;"O";0;0;
"A13";3;"ADT";2;"EVN";;"O";0;0;
"A13";3;"ADT";3;"PID";;"O";0;0;
"A13";3;"ADT";5;"PD1";;"O";0;1;
"A13";3;"ADT";9;"NK1";;"O";1;1;
"A13";3;"ADT";12;"PV1";;"O";0;0;
"A13";3;"ADT";14;"PV2";;"O";0;1;
"A13";3;"ADT";18;"DB1";;"O";1;1;
"A13";3;"ADT";23;"OBX";;"O";1;1;
"A13";3;"ADT";28;"AL1";;"O";1;1;
"A13";3;"ADT";33;"DG1";;"O";1;1;
"A13";3;"ADT";37;"DRG";;"O";0;1;
"A13";3;"ADT";39;"[";"PROCEDURE";"O";0;0;
"A13";3;"ADT";40;"{";"";"O";0;0;
"A13";3;"ADT";41;"PR1";;"O";0;0;
"A13";3;"ADT";44;"ROL";;"O";1;1;
"A13";3;"ADT";47;"}";;"O";0;0;
"A13";3;"ADT";48;"]";;"O";0;0;
"A13";3;"ADT";51;"GT1";;"O";1;1;
"A13";3;"ADT";54;"[";"INSURANCE";"O";0;0;
"A13";3;"ADT";55;"{";"";"O";0;0;
"A13";3;"ADT";56;"IN1";;"O";0;0;
"A13";3;"ADT";58;"IN2";;"O";0;1;
"A13";3;"ADT";61;"IN3";;"O";0;1;
"A13";3;"ADT";63;"}";;"O";0;0;
"A13";3;"ADT";64;"]";;"O";0;0;
"A13";3;"ADT";66;"ACC";;"O";0;1;
"A13";3;"ADT";69;"UB1";;"O";0;1;
"A13";3;"ADT";72;"UB2";;"O";0;1;
"A13";4;"ACK";1;"MSH";;"O";0;0;
"A13";4;"ACK";2;"MSA";;"O";0;0;
"A13";4;"ACK";4;"ERR";;"O";0;1;
"A13";4;"ADT";1;"MSH";;"O";0;0;
"A13";4;"ADT";2;"EVN";;"O";0;0;
"A13";4;"ADT";3;"PID";;"O";0;0;
"A13";4;"ADT";5;"PD1";;"O";0;1;
"A13";4;"ADT";9;"NK1";;"O";1;1;
"A13";4;"ADT";12;"PV1";;"O";0;0;
"A13";4;"ADT";14;"PV2";;"O";0;1;
"A13";4;"ADT";18;"DB1";;"O";1;1;
"A13";4;"ADT";23;"OBX";;"O";1;1;
"A13";4;"ADT";28;"AL1";;"O";1;1;
"A13";4;"ADT";33;"DG1";;"O";1;1;
"A13";4;"ADT";37;"DRG";;"O";0;1;
"A13";4;"ADT";39;"[";"PROCEDURE";"O";0;0;
"A13";4;"ADT";40;"{";"";"O";0;0;
"A13";4;"ADT";41;"PR1";;"O";0;0;
"A13";4;"ADT";44;"ROL";;"O";1;1;
"A13";4;"ADT";47;"}";;"O";0;0;
"A13";4;"ADT";48;"]";;"O";0;0;
"A13";4;"ADT";51;"GT1";;"O";1;1;
"A13";4;"ADT";54;"[";"INSURANCE";"O";0;0;
"A13";4;"ADT";55;"{";"";"O";0;0;
"A13";4;"ADT";56;"IN1";;"O";0;0;
"A13";4;"ADT";58;"IN2";;"O";0;1;
"A13";4;"ADT";62;"IN3";;"O";1;1;
"A13";4;"ADT";65;"}";;"O";0;0;
"A13";4;"ADT";66;"]";;"O";0;0;
"A13";4;"ADT";68;"ACC";;"O";0;1;
"A13";4;"ADT";71;"UB1";;"O";0;1;
"A13";4;"ADT";74;"UB2";;"O";0;1;
"A14";1;"ACK";1;"MSH";;"O";0;0;
"A14";1;"ACK";2;"MSA";;"O";0;0;
"A14";1;"ACK";4;"ERR";;"O";0;1;
"A14";1;"ADT";1;"MSH";;"O";0;0;
"A14";1;"ADT";2;"EVN";;"O";0;0;
"A14";1;"ADT";3;"PID";;"O";0;0;
"A14";1;"ADT";4;"PD1";;"O";0;0;
"A14";1;"ADT";5;"NK1";;"O";0;0;
"A14";1;"ADT";6;"PV1";;"O";0;0;
"A14";1;"ADT";8;"DG1";;"O";0;1;
"A14";2;"ACK";1;"MSH";;"O";0;0;
"A14";2;"ACK";2;"MSA";;"O";0;0;
"A14";2;"ACK";4;"ERR";;"O";0;1;
"A14";2;"ADT";1;"MSH";;"O";0;0;
"A14";2;"ADT";2;"EVN";;"O";0;0;
"A14";2;"ADT";3;"PID";;"O";0;0;
"A14";2;"ADT";6;"NK1";;"O";1;1;
"A14";2;"ADT";9;"PV1";;"O";0;0;
"A14";2;"ADT";11;"PV2";;"O";0;1;
"A14";2;"ADT";15;"OBX";;"O";1;1;
"A14";2;"ADT";20;"AL1";;"O";1;1;
"A14";2;"ADT";25;"DG1";;"O";1;1;
"A14";2;"ADT";30;"PR1";;"O";1;1;
"A14";2;"ADT";35;"GT1";;"O";1;1;
"A14";2;"ADT";38;"[";"INSURANCE";"O";0;0;
"A14";2;"ADT";39;"{";"";"O";0;0;
"A14";2;"ADT";40;"IN1";;"O";0;0;
"A14";2;"ADT";42;"IN2";;"O";0;1;
"A14";2;"ADT";45;"IN3";;"O";0;1;
"A14";2;"ADT";47;"}";;"O";0;0;
"A14";2;"ADT";48;"]";;"O";0;0;
"A14";2;"ADT";50;"ACC";;"O";0;1;
"A14";2;"ADT";53;"UB1";;"O";0;1;
"A14";2;"ADT";56;"UB2";;"O";0;1;
"A14";3;"ACK";1;"MSH";;"O";0;0;
"A14";3;"ACK";2;"MSA";;"O";0;0;
"A14";3;"ACK";4;"ERR";;"O";0;1;
"A14";3;"ADT";1;"MSH";;"O";0;0;
"A14";3;"ADT";2;"EVN";;"O";0;0;
"A14";3;"ADT";3;"PID";;"O";0;0;
"A14";3;"ADT";5;"PD1";;"O";0;1;
"A14";3;"ADT";9;"NK1";;"O";1;1;
"A14";3;"ADT";12;"PV1";;"O";0;0;
"A14";3;"ADT";14;"PV2";;"O";0;1;
"A14";3;"ADT";18;"DB1";;"O";1;1;
"A14";3;"ADT";23;"OBX";;"O";1;1;
"A14";3;"ADT";28;"AL1";;"O";1;1;
"A14";3;"ADT";33;"DG1";;"O";1;1;
"A14";3;"ADT";37;"DRG";;"O";0;1;
"A14";3;"ADT";39;"[";"PROCEDURE";"O";0;0;
"A14";3;"ADT";40;"{";"";"O";0;0;
"A14";3;"ADT";41;"PR1";;"O";0;0;
"A14";3;"ADT";44;"ROL";;"O";1;1;
"A14";3;"ADT";47;"}";;"O";0;0;
"A14";3;"ADT";48;"]";"PROCEDURE";"O";0;0;
"A14";3;"ADT";51;"GT1";;"O";1;1;
"A14";3;"ADT";54;"[";"INSURANCE";"O";0;0;
"A14";3;"ADT";55;"{";"";"O";0;0;
"A14";3;"ADT";56;"IN1";;"O";0;0;
"A14";3;"ADT";58;"IN2";;"O";0;1;
"A14";3;"ADT";61;"IN3";;"O";0;1;
"A14";3;"ADT";63;"}";;"O";0;0;
"A14";3;"ADT";64;"]";"INSURANCE";"O";0;0;
"A14";3;"ADT";66;"ACC";;"O";0;1;
"A14";3;"ADT";69;"UB1";;"O";0;1;
"A14";3;"ADT";72;"UB2";;"O";0;1;
"A14";4;"ACK";1;"MSH";;"O";0;0;
"A14";4;"ACK";2;"MSA";;"O";0;0;
"A14";4;"ACK";4;"ERR";;"O";0;1;
"A14";4;"ADT";1;"MSH";;"O";0;0;
"A14";4;"ADT";2;"EVN";;"O";0;0;
"A14";4;"ADT";3;"PID";;"O";0;0;
"A14";4;"ADT";5;"PD1";;"O";0;1;
"A14";4;"ADT";9;"NK1";;"O";1;1;
"A14";4;"ADT";12;"PV1";;"O";0;0;
"A14";4;"ADT";14;"PV2";;"O";0;1;
"A14";4;"ADT";18;"DB1";;"O";1;1;
"A14";4;"ADT";23;"OBX";;"O";1;1;
"A14";4;"ADT";28;"AL1";;"O";1;1;
"A14";4;"ADT";33;"DG1";;"O";1;1;
"A14";4;"ADT";37;"DRG";;"O";0;1;
"A14";4;"ADT";39;"[";"PROCEDURE";"O";0;0;
"A14";4;"ADT";40;"{";"";"O";0;0;
"A14";4;"ADT";41;"PR1";;"O";0;0;
"A14";4;"ADT";44;"ROL";;"O";1;1;
"A14";4;"ADT";47;"}";;"O";0;0;
"A14";4;"ADT";48;"]";;"O";0;0;
"A14";4;"ADT";51;"GT1";;"O";1;1;
"A14";4;"ADT";54;"[";"INSURANCE";"O";0;0;
"A14";4;"ADT";55;"{";"";"O";0;0;
"A14";4;"ADT";56;"IN1";;"O";0;0;
"A14";4;"ADT";58;"IN2";;"O";0;1;
"A14";4;"ADT";62;"IN3";;"O";1;1;
"A14";4;"ADT";65;"}";;"O";0;0;
"A14";4;"ADT";66;"]";;"O";0;0;
"A14";4;"ADT";68;"ACC";;"O";0;1;
"A14";4;"ADT";71;"UB1";;"O";0;1;
"A14";4;"ADT";74;"UB2";;"O";0;1;
"A15";1;"ACK";1;"MSH";;"O";0;0;
"A15";1;"ACK";2;"MSA";;"O";0;0;
"A15";1;"ACK";4;"ERR";;"O";0;1;
"A15";1;"ADT";1;"MSH";;"O";0;0;
"A15";1;"ADT";2;"EVN";;"O";0;0;
"A15";1;"ADT";3;"PID";;"O";0;0;
"A15";1;"ADT";4;"PV1";;"O";0;0;
"A15";1;"ADT";6;"DG1";;"O";0;1;
"A15";2;"ACK";1;"MSH";;"O";0;0;
"A15";2;"ACK";2;"MSA";;"O";0;0;
"A15";2;"ACK";4;"ERR";;"O";0;1;
"A15";2;"ADT";1;"MSH";;"O";0;0;
"A15";2;"ADT";2;"EVN";;"O";0;0;
"A15";2;"ADT";3;"PID";;"O";0;0;
"A15";2;"ADT";4;"PV1";;"O";0;0;
"A15";2;"ADT";6;"PV2";;"O";0;1;
"A15";2;"ADT";10;"OBX";;"O";1;1;
"A15";2;"ADT";15;"DG1";;"O";1;1;
"A15";3;"ACK";1;"MSH";;"O";0;0;
"A15";3;"ACK";2;"MSA";;"O";0;0;
"A15";3;"ACK";4;"ERR";;"O";0;1;
"A15";3;"ADT";1;"MSH";;"O";0;0;
"A15";3;"ADT";2;"EVN";;"O";0;0;
"A15";3;"ADT";3;"PID";;"O";0;0;
"A15";3;"ADT";5;"PD1";;"O";0;1;
"A15";3;"ADT";7;"PV1";;"O";0;0;
"A15";3;"ADT";9;"PV2";;"O";0;1;
"A15";3;"ADT";13;"DB1";;"O";1;1;
"A15";3;"ADT";18;"OBX";;"O";1;1;
"A15";3;"ADT";23;"DG1";;"O";1;1;
"A15";4;"ACK";1;"MSH";;"O";0;0;
"A15";4;"ACK";2;"MSA";;"O";0;0;
"A15";4;"ACK";4;"ERR";;"O";0;1;
"A15";4;"ADT";1;"MSH";;"O";0;0;
"A15";4;"ADT";2;"EVN";;"O";0;0;
"A15";4;"ADT";3;"PID";;"O";0;0;
"A15";4;"ADT";5;"PD1";;"O";0;1;
"A15";4;"ADT";7;"PV1";;"O";0;0;
"A15";4;"ADT";9;"PV2";;"O";0;1;
"A15";4;"ADT";13;"DB1";;"O";1;1;
"A15";4;"ADT";18;"OBX";;"O";1;1;
"A15";4;"ADT";23;"DG1";;"O";1;1;
"A16";1;"ACK";1;"MSH";;"O";0;0;
"A16";1;"ACK";2;"MSA";;"O";0;0;
"A16";1;"ACK";4;"ERR";;"O";0;1;
"A16";1;"ADT";1;"MSH";;"O";0;0;
"A16";1;"ADT";2;"EVN";;"O";0;0;
"A16";1;"ADT";3;"PID";;"O";0;0;
"A16";1;"ADT";4;"PV1";;"O";0;0;
"A16";1;"ADT";6;"DG1";;"O";0;1;
"A16";2;"ACK";1;"MSH";;"O";0;0;
"A16";2;"ACK";2;"MSA";;"O";0;0;
"A16";2;"ACK";4;"ERR";;"O";0;1;
"A16";2;"ADT";1;"MSH";;"O";0;0;
"A16";2;"ADT";2;"EVN";;"O";0;0;
"A16";2;"ADT";3;"PID";;"O";0;0;
"A16";2;"ADT";4;"PV1";;"O";0;0;
"A16";2;"ADT";6;"PV2";;"O";0;1;
"A16";2;"ADT";10;"OBX";;"O";1;1;
"A16";2;"ADT";15;"DG1";;"O";1;1;
"A16";3;"ACK";1;"MSH";;"O";0;0;
"A16";3;"ACK";2;"MSA";;"O";0;0;
"A16";3;"ACK";4;"ERR";;"O";0;1;
"A16";3;"ADT";1;"MSH";;"O";0;0;
"A16";3;"ADT";2;"EVN";;"O";0;0;
"A16";3;"ADT";3;"PID";;"O";0;0;
"A16";3;"ADT";5;"PD1";;"O";0;1;
"A16";3;"ADT";7;"PV1";;"O";0;0;
"A16";3;"ADT";9;"PV2";;"O";0;1;
"A16";3;"ADT";13;"DB1";;"O";1;1;
"A16";3;"ADT";18;"OBX";;"O";1;1;
"A16";3;"ADT";22;"DG1";;"O";0;1;
"A16";3;"ADT";25;"DRG";;"O";0;1;
"A16";4;"ACK";1;"MSH";;"O";0;0;
"A16";4;"ACK";2;"MSA";;"O";0;0;
"A16";4;"ACK";4;"ERR";;"O";0;1;
"A16";4;"ADT";1;"MSH";;"O";0;0;
"A16";4;"ADT";2;"EVN";;"O";0;0;
"A16";4;"ADT";3;"PID";;"O";0;0;
"A16";4;"ADT";5;"PD1";;"O";0;1;
"A16";4;"ADT";7;"PV1";;"O";0;0;
"A16";4;"ADT";9;"PV2";;"O";0;1;
"A16";4;"ADT";13;"DB1";;"O";1;1;
"A16";4;"ADT";18;"OBX";;"O";1;1;
"A16";4;"ADT";23;"DG1";;"O";1;1;
"A16";4;"ADT";27;"DRG";;"O";0;1;
"A17";1;"ACK";1;"MSH";;"O";0;0;
"A17";1;"ACK";2;"MSA";;"O";0;0;
"A17";1;"ACK";4;"ERR";;"O";0;1;
"A17";1;"ADT";1;"MSH";;"O";0;0;
"A17";1;"ADT";2;"EVN";;"O";0;0;
"A17";1;"ADT";3;"{";"PATIENT";"O";0;0;
"A17";1;"ADT";4;"PID";;"O";0;0;
"A17";1;"ADT";5;"PV1";;"O";0;0;
"A17";1;"ADT";6;"}";;"O";0;0;
"A17";2;"ACK";1;"MSH";;"O";0;0;
"A17";2;"ACK";2;"MSA";;"O";0;0;
"A17";2;"ACK";4;"ERR";;"O";0;1;
"A17";2;"ADT";1;"MSH";;"O";0;0;
"A17";2;"ADT";2;"EVN";;"O";0;0;
"A17";2;"ADT";3;"PID";;"O";0;0;
"A17";2;"ADT";4;"PV1";;"O";0;0;
"A17";2;"ADT";6;"PV2";;"O";0;1;
"A17";2;"ADT";10;"OBX";;"O";1;1;
"A17";2;"ADT";13;"PID";;"O";0;0;
"A17";2;"ADT";14;"PV1";;"O";0;0;
"A17";2;"ADT";16;"PV2";;"O";0;1;
"A17";2;"ADT";20;"OBX";;"O";1;1;
"A17";3;"ACK";1;"MSH";;"O";0;0;
"A17";3;"ACK";2;"MSA";;"O";0;0;
"A17";3;"ACK";4;"ERR";;"O";0;1;
"A17";3;"ADT";1;"MSH";;"O";0;0;
"A17";3;"ADT";2;"EVN";;"O";0;0;
"A17";3;"ADT";3;"PID";;"O";0;0;
"A17";3;"ADT";5;"PD1";;"O";0;1;
"A17";3;"ADT";7;"PV1";;"O";0;0;
"A17";3;"ADT";9;"PV2";;"O";0;1;
"A17";3;"ADT";13;"DB1";;"O";1;1;
"A17";3;"ADT";18;"OBX";;"O";1;1;
"A17";3;"ADT";21;"PID";;"O";0;0;
"A17";3;"ADT";23;"PD1";;"O";0;1;
"A17";3;"ADT";25;"PV1";;"O";0;0;
"A17";3;"ADT";28;"PV2";;"O";0;1;
"A17";3;"ADT";33;"DB1";;"O";1;1;
"A17";3;"ADT";38;"OBX";;"O";1;1;
"A17";4;"ACK";1;"MSH";;"O";0;0;
"A17";4;"ACK";2;"MSA";;"O";0;0;
"A17";4;"ACK";4;"ERR";;"O";0;1;
"A17";4;"ADT";1;"MSH";;"O";0;0;
"A17";4;"ADT";2;"EVN";;"O";0;0;
"A17";4;"ADT";3;"PID";;"O";0;0;
"A17";4;"ADT";5;"PD1";;"O";0;1;
"A17";4;"ADT";7;"PV1";;"O";0;0;
"A17";4;"ADT";9;"PV2";;"O";0;1;
"A17";4;"ADT";13;"DB1";;"O";1;1;
"A17";4;"ADT";18;"OBX";;"O";1;1;
"A17";4;"ADT";21;"PID";;"O";0;0;
"A17";4;"ADT";23;"PD1";;"O";0;1;
"A17";4;"ADT";25;"PV1";;"O";0;0;
"A17";4;"ADT";27;"PV2";;"O";0;1;
"A17";4;"ADT";31;"DB1";;"O";1;1;
"A17";4;"ADT";36;"OBX";;"O";1;1;
"A18";1;"ACK";1;"MSH";;"O";0;0;
"A18";1;"ACK";2;"MSA";;"O";0;0;
"A18";1;"ACK";4;"ERR";;"O";0;1;
"A18";1;"ADT";1;"MSH";;"O";0;0;
"A18";1;"ADT";2;"EVN";;"O";0;0;
"A18";1;"ADT";3;"PID";;"O";0;0;
"A18";1;"ADT";4;"MRG";;"O";0;0;
"A18";1;"ADT";6;"PV1";;"O";0;1;
"A18";2;"ACK";1;"MSH";;"O";0;0;
"A18";2;"ACK";2;"MSA";;"O";0;0;
"A18";2;"ACK";4;"ERR";;"O";0;1;
"A18";2;"ADT";1;"MSH";;"O";0;0;
"A18";2;"ADT";2;"EVN";;"O";0;0;
"A18";2;"ADT";3;"PID";;"O";0;0;
"A18";2;"ADT";5;"MRG";;"O";0;1;
"A18";2;"ADT";7;"PV1";;"O";0;0;
"A18";3;"ACK";1;"MSH";;"O";0;0;
"A18";3;"ACK";2;"MSA";;"O";0;0;
"A18";3;"ACK";4;"ERR";;"O";0;1;
"A18";3;"ADT";1;"MSH";;"O";0;0;
"A18";3;"ADT";2;"EVN";;"O";0;0;
"A18";3;"ADT";3;"PID";;"O";0;0;
"A18";3;"ADT";5;"PD1";;"O";0;1;
"A18";3;"ADT";8;"MRG";;"O";0;1;
"A18";3;"ADT";10;"PV1";;"O";0;0;
"A18";4;"ACK";1;"MSH";;"O";0;0;
"A18";4;"ACK";2;"MSA";;"O";0;0;
"A18";4;"ACK";4;"ERR";;"O";0;1;
"A18";4;"ADT";1;"MSH";;"O";0;0;
"A18";4;"ADT";2;"EVN";;"O";0;0;
"A18";4;"ADT";3;"PID";;"O";0;0;
"A18";4;"ADT";5;"PD1";;"O";0;1;
"A18";4;"ADT";7;"MRG";;"O";0;1;
"A18";4;"ADT";8;"PV1";;"O";0;0;
"A19";1;"ADR";1;"MSH";;"O";0;0;
"A19";1;"ADR";2;"MSA";;"O";0;0;
"A19";1;"ADR";3;"QRD";;"O";0;0;
"A19";1;"ADR";4;"{";"QUERY_RESPONSE";"O";0;0;
"A19";1;"ADR";6;"EVN";;"O";0;1;
"A19";1;"ADR";8;"PID";;"O";0;0;
"A19";1;"ADR";9;"PV1";;"O";0;0;
"A19";1;"ADR";10;"}";;"O";0;0;
"A19";1;"ADR";12;"DSC";;"O";0;1;
"A19";1;"QRY";1;"MSH";;"O";0;0;
"A19";1;"QRY";2;"QRD";;"O";0;0;
"A19";2;"ADR";1;"MSH";;"O";0;0;
"A19";2;"ADR";2;"MSA";;"O";0;0;
"A19";2;"ADR";4;"ERR";;"O";0;1;
"A19";2;"ADR";6;"QRD";;"O";0;0;
"A19";2;"ADR";7;"{";"QUERY_RESPONSE";"O";0;0;
"A19";2;"ADR";9;"EVN";;"O";0;1;
"A19";2;"ADR";11;"PID";;"O";0;0;
"A19";2;"ADR";14;"NK1";;"O";1;1;
"A19";2;"ADR";17;"PV1";;"O";0;0;
"A19";2;"ADR";19;"PV2";;"O";0;1;
"A19";2;"ADR";23;"OBX";;"O";1;1;
"A19";2;"ADR";28;"AL1";;"O";1;1;
"A19";2;"ADR";33;"DG1";;"O";1;1;
"A19";2;"ADR";38;"PR1";;"O";1;1;
"A19";2;"ADR";43;"GT1";;"O";1;1;
"A19";2;"ADR";46;"[";"INSURANCE";"O";0;0;
"A19";2;"ADR";47;"{";"";"O";0;0;
"A19";2;"ADR";48;"IN1";;"O";0;0;
"A19";2;"ADR";50;"IN2";;"O";0;1;
"A19";2;"ADR";53;"IN3";;"O";0;1;
"A19";2;"ADR";55;"}";;"O";0;0;
"A19";2;"ADR";56;"]";;"O";0;0;
"A19";2;"ADR";58;"ACC";;"O";0;1;
"A19";2;"ADR";61;"UB1";;"O";0;1;
"A19";2;"ADR";64;"UB2";;"O";0;1;
"A19";2;"ADR";66;"}";;"O";0;0;
"A19";2;"ADR";68;"DSC";;"O";0;1;
"A19";2;"QRY";1;"MSH";;"O";0;0;
"A19";2;"QRY";2;"QRD";;"O";0;0;
"A19";2;"QRY";4;"QRF";;"O";0;1;
"A19";3;"ADR";1;"MSH";;"O";0;0;
"A19";3;"ADR";2;"MSA";;"O";0;0;
"A19";3;"ADR";4;"ERR";;"O";0;1;
"A19";3;"ADR";6;"QRD";;"O";0;0;
"A19";3;"ADR";8;"QRF";;"O";0;1;
"A19";3;"ADR";10;"{";"QUERY_RESPONSE";"O";0;0;
"A19";3;"ADR";12;"EVN";;"O";0;1;
"A19";3;"ADR";14;"PID";;"O";0;0;
"A19";3;"ADR";16;"PD1";;"O";0;1;
"A19";3;"ADR";20;"NK1";;"O";1;1;
"A19";3;"ADR";23;"PV1";;"O";0;0;
"A19";3;"ADR";25;"PV2";;"O";0;1;
"A19";3;"ADR";29;"DB1";;"O";1;1;
"A19";3;"ADR";34;"OBX";;"O";1;1;
"A19";3;"ADR";39;"AL1";;"O";1;1;
"A19";3;"ADR";44;"DG1";;"O";1;1;
"A19";3;"ADR";48;"DRG";;"O";0;1;
"A19";3;"ADR";50;"[";"PROCEDURE";"O";0;0;
"A19";3;"ADR";51;"{";"";"O";0;0;
"A19";3;"ADR";52;"PR1";;"O";0;0;
"A19";3;"ADR";55;"ROL";;"O";1;1;
"A19";3;"ADR";58;"}";;"O";0;0;
"A19";3;"ADR";59;"]";;"O";0;0;
"A19";3;"ADR";62;"GT1";;"O";1;1;
"A19";3;"ADR";65;"[";"INSURANCE";"O";0;0;
"A19";3;"ADR";66;"{";"";"O";0;0;
"A19";3;"ADR";67;"IN1";;"O";0;0;
"A19";3;"ADR";69;"IN2";;"O";0;1;
"A19";3;"ADR";72;"IN3";;"O";0;1;
"A19";3;"ADR";74;"}";;"O";0;0;
"A19";3;"ADR";75;"]";;"O";0;0;
"A19";3;"ADR";77;"ACC";;"O";0;1;
"A19";3;"ADR";80;"UB1";;"O";0;1;
"A19";3;"ADR";83;"UB2";;"O";0;1;
"A19";3;"ADR";85;"}";;"O";0;0;
"A19";3;"ADR";87;"DSC";;"O";0;1;
"A19";3;"QRY";1;"MSH";;"O";0;0;
"A19";3;"QRY";2;"QRD";;"O";0;0;
"A19";3;"QRY";4;"QRF";;"O";0;1;
"A19";4;"ADR";1;"MSH";;"O";0;0;
"A19";4;"ADR";2;"MSA";;"O";0;0;
"A19";4;"ADR";4;"ERR";;"O";0;1;
"A19";4;"ADR";7;"QAK";;"O";0;1;
"A19";4;"ADR";9;"QRD";;"O";0;0;
"A19";4;"ADR";11;"QRF";;"O";0;1;
"A19";4;"ADR";13;"{";"QUERY_RESPONSE";"O";0;0;
"A19";4;"ADR";15;"EVN";;"O";0;1;
"A19";4;"ADR";17;"PID";;"O";0;0;
"A19";4;"ADR";19;"PD1";;"O";0;1;
"A19";4;"ADR";23;"NK1";;"O";1;1;
"A19";4;"ADR";26;"PV1";;"O";0;0;
"A19";4;"ADR";28;"PV2";;"O";0;1;
"A19";4;"ADR";32;"DB1";;"O";1;1;
"A19";4;"ADR";37;"OBX";;"O";1;1;
"A19";4;"ADR";42;"AL1";;"O";1;1;
"A19";4;"ADR";47;"DG1";;"O";1;1;
"A19";4;"ADR";51;"DRG";;"O";0;1;
"A19";4;"ADR";53;"[";"PROCEDURE";"O";0;0;
"A19";4;"ADR";54;"{";"";"O";0;0;
"A19";4;"ADR";55;"PR1";;"O";0;0;
"A19";4;"ADR";58;"ROL";;"O";1;1;
"A19";4;"ADR";61;"}";;"O";0;0;
"A19";4;"ADR";62;"]";;"O";0;0;
"A19";4;"ADR";65;"GT1";;"O";1;1;
"A19";4;"ADR";68;"[";"INSURANCE";"O";0;0;
"A19";4;"ADR";69;"{";"";"O";0;0;
"A19";4;"ADR";70;"IN1";;"O";0;0;
"A19";4;"ADR";72;"IN2";;"O";0;1;
"A19";4;"ADR";76;"IN3";;"O";1;1;
"A19";4;"ADR";79;"}";;"O";0;0;
"A19";4;"ADR";80;"]";;"O";0;0;
"A19";4;"ADR";82;"ACC";;"O";0;1;
"A19";4;"ADR";85;"UB1";;"O";0;1;
"A19";4;"ADR";88;"UB2";;"O";0;1;
"A19";4;"ADR";90;"}";;"O";0;0;
"A19";4;"ADR";92;"DSC";;"O";0;1;
"A19";4;"QRY";1;"MSH";;"O";0;0;
"A19";4;"QRY";2;"QRD";;"O";0;0;
"A19";4;"QRY";4;"QRF";;"O";0;1;
"A20";1;"ACK";1;"MSH";;"O";0;0;
"A20";1;"ACK";2;"MSA";;"O";0;0;
"A20";1;"ACK";4;"ERR";;"O";0;1;
"A20";1;"ADT";1;"MSH";;"O";0;0;
"A20";1;"ADT";2;"EVN";;"O";0;0;
"A20";1;"ADT";3;"NPU";;"O";0;0;
"A20";2;"ACK";1;"MSH";;"O";0;0;
"A20";2;"ACK";2;"MSA";;"O";0;0;
"A20";2;"ACK";4;"ERR";;"O";0;1;
"A20";2;"ADT";1;"MSH";;"O";0;0;
"A20";2;"ADT";2;"EVN";;"O";0;0;
"A20";2;"ADT";3;"NPU";;"O";0;0;
"A20";3;"ACK";1;"MSH";;"O";0;0;
"A20";3;"ACK";2;"MSA";;"O";0;0;
"A20";3;"ACK";4;"ERR";;"O";0;1;
"A20";3;"ADT";1;"MSH";;"O";0;0;
"A20";3;"ADT";2;"EVN";;"O";0;0;
"A20";3;"ADT";3;"NPU";;"O";0;0;
"A20";4;"ACK";1;"MSH";;"O";0;0;
"A20";4;"ACK";2;"MSA";;"O";0;0;
"A20";4;"ACK";4;"ERR";;"O";0;1;
"A20";4;"ADT";1;"MSH";;"O";0;0;
"A20";4;"ADT";2;"EVN";;"O";0;0;
"A20";4;"ADT";3;"NPU";;"O";0;0;
"A21";1;"ACK";1;"MSH";;"O";0;0;
"A21";1;"ACK";2;"MSA";;"O";0;0;
"A21";1;"ACK";4;"ERR";;"O";0;1;
"A21";1;"ADT";1;"MSH";;"O";0;0;
"A21";1;"ADT";2;"EVN";;"O";0;0;
"A21";1;"ADT";3;"PID";;"O";0;0;
"A21";1;"ADT";4;"PV1";;"O";0;0;
"A21";2;"ACK";1;"MSH";;"O";0;0;
"A21";2;"ACK";2;"MSA";;"O";0;0;
"A21";2;"ACK";4;"ERR";;"O";0;1;
"A21";2;"ADT";1;"MSH";;"O";0;0;
"A21";2;"ADT";2;"EVN";;"O";0;0;
"A21";2;"ADT";3;"PID";;"O";0;0;
"A21";2;"ADT";4;"PV1";;"O";0;0;
"A21";2;"ADT";6;"PV2";;"O";0;1;
"A21";2;"ADT";10;"OBX";;"O";1;1;
"A21";3;"ACK";1;"MSH";;"O";0;0;
"A21";3;"ACK";2;"MSA";;"O";0;0;
"A21";3;"ACK";4;"ERR";;"O";0;1;
"A21";3;"ADT";1;"MSH";;"O";0;0;
"A21";3;"ADT";2;"EVN";;"O";0;0;
"A21";3;"ADT";3;"PID";;"O";0;0;
"A21";3;"ADT";5;"PD1";;"O";0;1;
"A21";3;"ADT";7;"PV1";;"O";0;0;
"A21";3;"ADT";9;"PV2";;"O";0;1;
"A21";3;"ADT";13;"DB1";;"O";1;1;
"A21";3;"ADT";18;"OBX";;"O";1;1;
"A21";4;"ACK";1;"MSH";;"O";0;0;
"A21";4;"ACK";2;"MSA";;"O";0;0;
"A21";4;"ACK";4;"ERR";;"O";0;1;
"A21";4;"ADT";1;"MSH";;"O";0;0;
"A21";4;"ADT";2;"EVN";;"O";0;0;
"A21";4;"ADT";3;"PID";;"O";0;0;
"A21";4;"ADT";5;"PD1";;"O";0;1;
"A21";4;"ADT";7;"PV1";;"O";0;0;
"A21";4;"ADT";9;"PV2";;"O";0;1;
"A21";4;"ADT";13;"DB1";;"O";1;1;
"A21";4;"ADT";18;"OBX";;"O";1;1;
"A22";1;"ACK";1;"MSH";;"O";0;0;
"A22";1;"ACK";2;"MSA";;"O";0;0;
"A22";1;"ACK";4;"ERR";;"O";0;1;
"A22";1;"ADT";1;"MSH";;"O";0;0;
"A22";1;"ADT";2;"EVN";;"O";0;0;
"A22";1;"ADT";3;"PID";;"O";0;0;
"A22";1;"ADT";4;"PV1";;"O";0;0;
"A22";2;"ACK";1;"MSH";;"O";0;0;
"A22";2;"ACK";2;"MSA";;"O";0;0;
"A22";2;"ACK";4;"ERR";;"O";0;1;
"A22";2;"ADT";1;"MSH";;"O";0;0;
"A22";2;"ADT";2;"EVN";;"O";0;0;
"A22";2;"ADT";3;"PID";;"O";0;0;
"A22";2;"ADT";4;"PV1";;"O";0;0;
"A22";2;"ADT";6;"PV2";;"O";0;1;
"A22";2;"ADT";10;"OBX";;"O";1;1;
"A22";3;"ACK";1;"MSH";;"O";0;0;
"A22";3;"ACK";2;"MSA";;"O";0;0;
"A22";3;"ACK";4;"ERR";;"O";0;1;
"A22";3;"ADT";1;"MSH";;"O";0;0;
"A22";3;"ADT";2;"EVN";;"O";0;0;
"A22";3;"ADT";3;"PID";;"O";0;0;
"A22";3;"ADT";5;"PD1";;"O";0;1;
"A22";3;"ADT";7;"PV1";;"O";0;0;
"A22";3;"ADT";9;"PV2";;"O";0;1;
"A22";3;"ADT";13;"DB1";;"O";1;1;
"A22";3;"ADT";18;"OBX";;"O";1;1;
"A22";4;"ACK";1;"MSH";;"O";0;0;
"A22";4;"ACK";2;"MSA";;"O";0;0;
"A22";4;"ACK";4;"ERR";;"O";0;1;
"A22";4;"ADT";1;"MSH";;"O";0;0;
"A22";4;"ADT";2;"EVN";;"O";0;0;
"A22";4;"ADT";3;"PID";;"O";0;0;
"A22";4;"ADT";5;"PD1";;"O";0;1;
"A22";4;"ADT";7;"PV1";;"O";0;0;
"A22";4;"ADT";9;"PV2";;"O";0;1;
"A22";4;"ADT";13;"DB1";;"O";1;1;
"A22";4;"ADT";18;"OBX";;"O";1;1;
"A23";1;"ACK";1;"MSH";;"O";0;0;
"A23";1;"ACK";2;"MSA";;"O";0;0;
"A23";1;"ACK";4;"ERR";;"O";0;1;
"A23";1;"ADT";1;"MSH";;"O";0;0;
"A23";1;"ADT";2;"EVN";;"O";0;0;
"A23";1;"ADT";3;"PID";;"O";0;0;
"A23";1;"ADT";4;"PV1";;"O";0;0;
"A23";2;"ACK";1;"MSH";;"O";0;0;
"A23";2;"ACK";2;"MSA";;"O";0;0;
"A23";2;"ACK";4;"ERR";;"O";0;1;
"A23";2;"ADT";1;"MSH";;"O";0;0;
"A23";2;"ADT";2;"EVN";;"O";0;0;
"A23";2;"ADT";3;"PID";;"O";0;0;
"A23";2;"ADT";4;"PV1";;"O";0;0;
"A23";2;"ADT";6;"PV2";;"O";0;1;
"A23";2;"ADT";10;"OBX";;"O";1;1;
"A23";3;"ACK";1;"MSH";;"O";0;0;
"A23";3;"ACK";2;"MSA";;"O";0;0;
"A23";3;"ACK";4;"ERR";;"O";0;1;
"A23";3;"ADT";1;"MSH";;"O";0;0;
"A23";3;"ADT";2;"EVN";;"O";0;0;
"A23";3;"ADT";3;"PID";;"O";0;0;
"A23";3;"ADT";5;"PD1";;"O";0;1;
"A23";3;"ADT";7;"PV1";;"O";0;0;
"A23";3;"ADT";9;"PV2";;"O";0;1;
"A23";3;"ADT";13;"DB1";;"O";1;1;
"A23";3;"ADT";18;"OBX";;"O";1;1;
"A23";4;"ACK";1;"MSH";;"O";0;0;
"A23";4;"ACK";2;"MSA";;"O";0;0;
"A23";4;"ACK";4;"ERR";;"O";0;1;
"A23";4;"ADT";1;"MSH";;"O";0;0;
"A23";4;"ADT";2;"EVN";;"O";0;0;
"A23";4;"ADT";3;"PID";;"O";0;0;
"A23";4;"ADT";5;"PD1";;"O";0;1;
"A23";4;"ADT";7;"PV1";;"O";0;0;
"A23";4;"ADT";9;"PV2";;"O";0;1;
"A23";4;"ADT";13;"DB1";;"O";1;1;
"A23";4;"ADT";18;"OBX";;"O";1;1;
"A24";1;"ACK";1;"MSH";;"O";0;0;
"A24";1;"ACK";2;"MSA";;"O";0;0;
"A24";1;"ACK";4;"ERR";;"O";0;1;
"A24";1;"ADT";1;"MSH";;"O";0;0;
"A24";1;"ADT";2;"EVN";;"O";0;0;
"A24";1;"ADT";3;"PID";;"O";0;0;
"A24";1;"ADT";4;"PV1";;"O";0;0;
"A24";1;"ADT";5;"PID";;"O";0;0;
"A24";2;"ACK";1;"MSH";;"O";0;0;
"A24";2;"ACK";2;"MSA";;"O";0;0;
"A24";2;"ACK";4;"ERR";;"O";0;1;
"A24";2;"ADT";1;"MSH";;"O";0;0;
"A24";2;"ADT";2;"EVN";;"O";0;0;
"A24";2;"ADT";3;"PID";;"O";0;0;
"A24";2;"ADT";5;"PV1";;"O";0;1;
"A24";2;"ADT";7;"PID";;"O";0;0;
"A24";2;"ADT";9;"PV1";;"O";0;1;
"A24";3;"ACK";1;"MSH";;"O";0;0;
"A24";3;"ACK";2;"MSA";;"O";0;0;
"A24";3;"ACK";4;"ERR";;"O";0;1;
"A24";3;"ADT";1;"MSH";;"O";0;0;
"A24";3;"ADT";2;"EVN";;"O";0;0;
"A24";3;"ADT";3;"PID";;"O";0;0;
"A24";3;"ADT";5;"PD1";;"O";0;1;
"A24";3;"ADT";8;"PV1";;"O";0;1;
"A24";3;"ADT";12;"DB1";;"O";1;1;
"A24";3;"ADT";15;"PID";;"O";0;0;
"A24";3;"ADT";17;"PD1";;"O";0;1;
"A24";3;"ADT";20;"PV1";;"O";0;1;
"A24";3;"ADT";24;"DB1";;"O";1;1;
"A24";4;"ACK";1;"MSH";;"O";0;0;
"A24";4;"ACK";2;"MSA";;"O";0;0;
"A24";4;"ACK";4;"ERR";;"O";0;1;
"A24";4;"ADT";1;"MSH";;"O";0;0;
"A24";4;"ADT";2;"EVN";;"O";0;0;
"A24";4;"ADT";3;"PID";;"O";0;0;
"A24";4;"ADT";5;"PD1";;"O";0;1;
"A24";4;"ADT";8;"PV1";;"O";0;1;
"A24";4;"ADT";12;"DB1";;"O";1;1;
"A24";4;"ADT";15;"PID";;"O";0;0;
"A24";4;"ADT";17;"PD1";;"O";0;1;
"A24";4;"ADT";20;"PV1";;"O";0;1;
"A24";4;"ADT";24;"DB1";;"O";1;1;
"A25";2;"ACK";1;"MSH";;"O";0;0;
"A25";2;"ACK";2;"MSA";;"O";0;0;
"A25";2;"ACK";4;"ERR";;"O";0;1;
"A25";2;"ADT";1;"MSH";;"O";0;0;
"A25";2;"ADT";2;"EVN";;"O";0;0;
"A25";2;"ADT";3;"PID";;"O";0;0;
"A25";2;"ADT";4;"PV1";;"O";0;0;
"A25";2;"ADT";6;"PV2";;"O";0;1;
"A25";2;"ADT";10;"OBX";;"O";1;1;
"A25";3;"ACK";1;"MSH";;"O";0;0;
"A25";3;"ACK";2;"MSA";;"O";0;0;
"A25";3;"ACK";4;"ERR";;"O";0;1;
"A25";3;"ADT";1;"MSH";;"O";0;0;
"A25";3;"ADT";2;"EVN";;"O";0;0;
"A25";3;"ADT";3;"PID";;"O";0;0;
"A25";3;"ADT";5;"PD1";;"O";0;1;
"A25";3;"ADT";7;"PV1";;"O";0;0;
"A25";3;"ADT";9;"PV2";;"O";0;1;
"A25";3;"ADT";13;"DB1";;"O";1;1;
"A25";3;"ADT";18;"OBX";;"O";1;1;
"A25";4;"ACK";1;"MSH";;"O";0;0;
"A25";4;"ACK";2;"MSA";;"O";0;0;
"A25";4;"ACK";4;"ERR";;"O";0;1;
"A25";4;"ADT";1;"MSH";;"O";0;0;
"A25";4;"ADT";2;"EVN";;"O";0;0;
"A25";4;"ADT";3;"PID";;"O";0;0;
"A25";4;"ADT";5;"PD1";;"O";0;1;
"A25";4;"ADT";7;"PV1";;"O";0;0;
"A25";4;"ADT";9;"PV2";;"O";0;1;
"A25";4;"ADT";13;"DB1";;"O";1;1;
"A25";4;"ADT";18;"OBX";;"O";1;1;
"A26";2;"ACK";1;"MSH";;"O";0;0;
"A26";2;"ACK";2;"MSA";;"O";0;0;
"A26";2;"ACK";4;"ERR";;"O";0;1;
"A26";2;"ADT";1;"MSH";;"O";0;0;
"A26";2;"ADT";2;"EVN";;"O";0;0;
"A26";2;"ADT";3;"PID";;"O";0;0;
"A26";2;"ADT";4;"PV1";;"O";0;0;
"A26";2;"ADT";6;"PV2";;"O";0;1;
"A26";2;"ADT";10;"OBX";;"O";1;1;
"A26";3;"ACK";1;"MSH";;"O";0;0;
"A26";3;"ACK";2;"MSA";;"O";0;0;
"A26";3;"ACK";4;"ERR";;"O";0;1;
"A26";3;"ADT";1;"MSH";;"O";0;0;
"A26";3;"ADT";2;"EVN";;"O";0;0;
"A26";3;"ADT";3;"PID";;"O";0;0;
"A26";3;"ADT";5;"PD1";;"O";0;1;
"A26";3;"ADT";7;"PV1";;"O";0;0;
"A26";3;"ADT";9;"PV2";;"O";0;1;
"A26";3;"ADT";13;"DB1";;"O";1;1;
"A26";3;"ADT";18;"OBX";;"O";1;1;
"A26";4;"ACK";1;"MSH";;"O";0;0;
"A26";4;"ACK";2;"MSA";;"O";0;0;
"A26";4;"ACK";4;"ERR";;"O";0;1;
"A26";4;"ADT";1;"MSH";;"O";0;0;
"A26";4;"ADT";2;"EVN";;"O";0;0;
"A26";4;"ADT";3;"PID";;"O";0;0;
"A26";4;"ADT";5;"PD1";;"O";0;1;
"A26";4;"ADT";7;"PV1";;"O";0;0;
"A26";4;"ADT";9;"PV2";;"O";0;1;
"A26";4;"ADT";13;"DB1";;"O";1;1;
"A26";4;"ADT";18;"OBX";;"O";1;1;
"A27";2;"ACK";1;"MSH";;"O";0;0;
"A27";2;"ACK";2;"MSA";;"O";0;0;
"A27";2;"ACK";4;"ERR";;"O";0;1;
"A27";2;"ADT";1;"MSH";;"O";0;0;
"A27";2;"ADT";2;"EVN";;"O";0;0;
"A27";2;"ADT";3;"PID";;"O";0;0;
"A27";2;"ADT";4;"PV1";;"O";0;0;
"A27";2;"ADT";6;"PV2";;"O";0;1;
"A27";2;"ADT";10;"OBX";;"O";1;1;
"A27";3;"ACK";1;"MSH";;"O";0;0;
"A27";3;"ACK";2;"MSA";;"O";0;0;
"A27";3;"ACK";4;"ERR";;"O";0;1;
"A27";3;"ADT";1;"MSH";;"O";0;0;
"A27";3;"ADT";2;"EVN";;"O";0;0;
"A27";3;"ADT";3;"PID";;"O";0;0;
"A27";3;"ADT";5;"PD1";;"O";0;1;
"A27";3;"ADT";7;"PV1";;"O";0;0;
"A27";3;"ADT";9;"PV2";;"O";0;1;
"A27";3;"ADT";13;"DB1";;"O";1;1;
"A27";3;"ADT";18;"OBX";;"O";1;1;
"A27";4;"ACK";1;"MSH";;"O";0;0;
"A27";4;"ACK";2;"MSA";;"O";0;0;
"A27";4;"ACK";4;"ERR";;"O";0;1;
"A27";4;"ADT";1;"MSH";;"O";0;0;
"A27";4;"ADT";2;"EVN";;"O";0;0;
"A27";4;"ADT";3;"PID";;"O";0;0;
"A27";4;"ADT";5;"PD1";;"O";0;1;
"A27";4;"ADT";7;"PV1";;"O";0;0;
"A27";4;"ADT";9;"PV2";;"O";0;1;
"A27";4;"ADT";13;"DB1";;"O";1;1;
"A27";4;"ADT";18;"OBX";;"O";1;1;
"A28";2;"ACK";1;"MSH";;"O";0;0;
"A28";2;"ACK";2;"MSA";;"O";0;0;
"A28";2;"ACK";4;"ERR";;"O";0;1;
"A28";2;"ADT";1;"MSH";;"O";0;0;
"A28";2;"ADT";2;"EVN";;"O";0;0;
"A28";2;"ADT";3;"PID";;"O";0;0;
"A28";2;"ADT";6;"NK1";;"O";1;1;
"A28";2;"ADT";9;"PV1";;"O";0;0;
"A28";2;"ADT";11;"PV2";;"O";0;1;
"A28";2;"ADT";15;"OBX";;"O";1;1;
"A28";2;"ADT";20;"AL1";;"O";1;1;
"A28";2;"ADT";25;"DG1";;"O";1;1;
"A28";2;"ADT";30;"PR1";;"O";1;1;
"A28";2;"ADT";35;"GT1";;"O";1;1;
"A28";2;"ADT";38;"[";"INSURANCE";"O";0;0;
"A28";2;"ADT";39;"{";"";"O";0;0;
"A28";2;"ADT";40;"IN1";;"O";0;0;
"A28";2;"ADT";42;"IN2";;"O";0;1;
"A28";2;"ADT";45;"IN3";;"O";0;1;
"A28";2;"ADT";47;"}";;"O";0;0;
"A28";2;"ADT";48;"]";;"O";0;0;
"A28";2;"ADT";50;"ACC";;"O";0;1;
"A28";2;"ADT";53;"UB1";;"O";0;1;
"A28";2;"ADT";56;"UB2";;"O";0;1;
"A28";3;"ACK";1;"MSH";;"O";0;0;
"A28";3;"ACK";2;"MSA";;"O";0;0;
"A28";3;"ACK";4;"ERR";;"O";0;1;
"A28";3;"ADT";1;"MSH";;"O";0;0;
"A28";3;"ADT";2;"EVN";;"O";0;0;
"A28";3;"ADT";3;"PID";;"O";0;0;
"A28";3;"ADT";5;"PD1";;"O";0;1;
"A28";3;"ADT";9;"NK1";;"O";1;1;
"A28";3;"ADT";12;"PV1";;"O";0;0;
"A28";3;"ADT";14;"PV2";;"O";0;1;
"A28";3;"ADT";18;"DB1";;"O";1;1;
"A28";3;"ADT";23;"OBX";;"O";1;1;
"A28";3;"ADT";28;"AL1";;"O";1;1;
"A28";3;"ADT";33;"DG1";;"O";1;1;
"A28";3;"ADT";37;"DRG";;"O";0;1;
"A28";3;"ADT";39;"[";"PROCEDURE";"O";0;0;
"A28";3;"ADT";40;"{";"";"O";0;0;
"A28";3;"ADT";41;"PR1";;"O";0;0;
"A28";3;"ADT";44;"ROL";;"O";1;1;
"A28";3;"ADT";47;"}";;"O";0;0;
"A28";3;"ADT";48;"]";;"O";0;0;
"A28";3;"ADT";51;"GT1";;"O";1;1;
"A28";3;"ADT";54;"[";"INSURANCE";"O";0;0;
"A28";3;"ADT";55;"{";"";"O";0;0;
"A28";3;"ADT";56;"IN1";;"O";0;0;
"A28";3;"ADT";58;"IN2";;"O";0;1;
"A28";3;"ADT";61;"IN3";;"O";0;1;
"A28";3;"ADT";63;"}";;"O";0;0;
"A28";3;"ADT";64;"]";;"O";0;0;
"A28";3;"ADT";66;"ACC";;"O";0;1;
"A28";3;"ADT";69;"UB1";;"O";0;1;
"A28";3;"ADT";72;"UB2";;"O";0;1;
"A28";4;"ACK";1;"MSH";;"O";0;0;
"A28";4;"ACK";2;"MSA";;"O";0;0;
"A28";4;"ACK";4;"ERR";;"O";0;1;
"A28";4;"ADT";1;"MSH";;"O";0;0;
"A28";4;"ADT";2;"EVN";;"O";0;0;
"A28";4;"ADT";3;"PID";;"O";0;0;
"A28";4;"ADT";5;"PD1";;"O";0;1;
"A28";4;"ADT";9;"NK1";;"O";1;1;
"A28";4;"ADT";12;"PV1";;"O";0;0;
"A28";4;"ADT";14;"PV2";;"O";0;1;
"A28";4;"ADT";18;"DB1";;"O";1;1;
"A28";4;"ADT";23;"OBX";;"O";1;1;
"A28";4;"ADT";28;"AL1";;"O";1;1;
"A28";4;"ADT";33;"DG1";;"O";1;1;
"A28";4;"ADT";37;"DRG";;"O";0;1;
"A28";4;"ADT";39;"[";"PROCEDURE";"O";0;0;
"A28";4;"ADT";40;"{";"";"O";0;0;
"A28";4;"ADT";41;"PR1";;"O";0;0;
"A28";4;"ADT";44;"ROL";;"O";1;1;
"A28";4;"ADT";47;"}";;"O";0;0;
"A28";4;"ADT";48;"]";;"O";0;0;
"A28";4;"ADT";51;"GT1";;"O";1;1;
"A28";4;"ADT";54;"[";"INSURANCE";"O";0;0;
"A28";4;"ADT";55;"{";"";"O";0;0;
"A28";4;"ADT";56;"IN1";;"O";0;0;
"A28";4;"ADT";58;"IN2";;"O";0;1;
"A28";4;"ADT";62;"IN3";;"O";1;1;
"A28";4;"ADT";65;"}";;"O";0;0;
"A28";4;"ADT";66;"]";;"O";0;0;
"A28";4;"ADT";68;"ACC";;"O";0;1;
"A28";4;"ADT";71;"UB1";;"O";0;1;
"A28";4;"ADT";74;"UB2";;"O";0;1;
"A29";2;"ACK";1;"MSH";;"O";0;0;
"A29";2;"ACK";2;"MSA";;"O";0;0;
"A29";2;"ACK";4;"ERR";;"O";0;1;
"A29";2;"ADT";1;"MSH";;"O";0;0;
"A29";2;"ADT";2;"EVN";;"O";0;0;
"A29";2;"ADT";3;"PID";;"O";0;0;
"A29";2;"ADT";4;"PV1";;"O";0;0;
"A29";2;"ADT";6;"PV2";;"O";0;1;
"A29";2;"ADT";10;"OBX";;"O";1;1;
"A29";3;"ACK";1;"MSH";;"O";0;0;
"A29";3;"ACK";2;"MSA";;"O";0;0;
"A29";3;"ACK";4;"ERR";;"O";0;1;
"A29";3;"ADT";1;"MSH";;"O";0;0;
"A29";3;"ADT";2;"EVN";;"O";0;0;
"A29";3;"ADT";3;"PID";;"O";0;0;
"A29";3;"ADT";5;"PD1";;"O";0;1;
"A29";3;"ADT";7;"PV1";;"O";0;0;
"A29";3;"ADT";9;"PV2";;"O";0;1;
"A29";3;"ADT";13;"DB1";;"O";1;1;
"A29";3;"ADT";18;"OBX";;"O";1;1;
"A29";4;"ACK";1;"MSH";;"O";0;0;
"A29";4;"ACK";2;"MSA";;"O";0;0;
"A29";4;"ACK";4;"ERR";;"O";0;1;
"A29";4;"ADT";1;"MSH";;"O";0;0;
"A29";4;"ADT";2;"EVN";;"O";0;0;
"A29";4;"ADT";3;"PID";;"O";0;0;
"A29";4;"ADT";5;"PD1";;"O";0;1;
"A29";4;"ADT";7;"PV1";;"O";0;0;
"A29";4;"ADT";9;"PV2";;"O";0;1;
"A29";4;"ADT";13;"DB1";;"O";1;1;
"A29";4;"ADT";18;"OBX";;"O";1;1;
"A30";2;"ACK";1;"MSH";;"O";0;0;
"A30";2;"ACK";2;"MSA";;"O";0;0;
"A30";2;"ACK";4;"ERR";;"O";0;1;
"A30";2;"ADT";1;"MSH";;"O";0;0;
"A30";2;"ADT";2;"EVN";;"O";0;0;
"A30";2;"ADT";3;"PID";;"O";0;0;
"A30";2;"ADT";4;"MRG";;"O";0;0;
"A30";3;"ACK";1;"MSH";;"O";0;0;
"A30";3;"ACK";2;"MSA";;"O";0;0;
"A30";3;"ACK";4;"ERR";;"O";0;1;
"A30";3;"ADT";1;"MSH";;"O";0;0;
"A30";3;"ADT";2;"EVN";;"O";0;0;
"A30";3;"ADT";3;"PID";;"O";0;0;
"A30";3;"ADT";5;"PD1";;"O";0;1;
"A30";3;"ADT";7;"MRG";;"O";0;0;
"A30";4;"ACK";1;"MSH";;"O";0;0;
"A30";4;"ACK";2;"MSA";;"O";0;0;
"A30";4;"ACK";4;"ERR";;"O";0;1;
"A30";4;"ADT";1;"MSH";;"O";0;0;
"A30";4;"ADT";2;"EVN";;"O";0;0;
"A30";4;"ADT";3;"PID";;"O";0;0;
"A30";4;"ADT";5;"PD1";;"O";0;1;
"A30";4;"ADT";7;"MRG";;"O";0;0;
"A31";2;"ACK";1;"MSH";;"O";0;0;
"A31";2;"ACK";2;"MSA";;"O";0;0;
"A31";2;"ACK";4;"ERR";;"O";0;1;
"A31";2;"ADT";1;"MSH";;"O";0;0;
"A31";2;"ADT";2;"EVN";;"O";0;0;
"A31";2;"ADT";3;"PID";;"O";0;0;
"A31";2;"ADT";6;"NK1";;"O";1;1;
"A31";2;"ADT";9;"PV1";;"O";0;0;
"A31";2;"ADT";11;"PV2";;"O";0;1;
"A31";2;"ADT";15;"OBX";;"O";1;1;
"A31";2;"ADT";20;"AL1";;"O";1;1;
"A31";2;"ADT";25;"DG1";;"O";1;1;
"A31";2;"ADT";30;"PR1";;"O";1;1;
"A31";2;"ADT";35;"GT1";;"O";1;1;
"A31";2;"ADT";38;"[";"INSURANCE";"O";0;0;
"A31";2;"ADT";39;"{";"";"O";0;0;
"A31";2;"ADT";40;"IN1";;"O";0;0;
"A31";2;"ADT";42;"IN2";;"O";0;1;
"A31";2;"ADT";45;"IN3";;"O";0;1;
"A31";2;"ADT";47;"}";;"O";0;0;
"A31";2;"ADT";48;"]";;"O";0;0;
"A31";2;"ADT";50;"ACC";;"O";0;1;
"A31";2;"ADT";53;"UB1";;"O";0;1;
"A31";2;"ADT";56;"UB2";;"O";0;1;
"A31";3;"ACK";1;"MSH";;"O";0;0;
"A31";3;"ACK";2;"MSA";;"O";0;0;
"A31";3;"ACK";4;"ERR";;"O";0;1;
"A31";3;"ADT";1;"MSH";;"O";0;0;
"A31";3;"ADT";2;"EVN";;"O";0;0;
"A31";3;"ADT";3;"PID";;"O";0;0;
"A31";3;"ADT";5;"PD1";;"O";0;1;
"A31";3;"ADT";9;"NK1";;"O";1;1;
"A31";3;"ADT";12;"PV1";;"O";0;0;
"A31";3;"ADT";14;"PV2";;"O";0;1;
"A31";3;"ADT";18;"DB1";;"O";1;1;
"A31";3;"ADT";23;"OBX";;"O";1;1;
"A31";3;"ADT";28;"AL1";;"O";1;1;
"A31";3;"ADT";33;"DG1";;"O";1;1;
"A31";3;"ADT";37;"DRG";;"O";0;1;
"A31";3;"ADT";39;"[";"PROCEDURE";"O";0;0;
"A31";3;"ADT";40;"{";"";"O";0;0;
"A31";3;"ADT";41;"PR1";;"O";0;0;
"A31";3;"ADT";44;"ROL";;"O";1;1;
"A31";3;"ADT";47;"}";;"O";0;0;
"A31";3;"ADT";48;"]";;"O";0;0;
"A31";3;"ADT";51;"GT1";;"O";1;1;
"A31";3;"ADT";54;"[";"INSURANCE";"O";0;0;
"A31";3;"ADT";55;"{";"";"O";0;0;
"A31";3;"ADT";56;"IN1";;"O";0;0;
"A31";3;"ADT";58;"IN2";;"O";0;1;
"A31";3;"ADT";61;"IN3";;"O";0;1;
"A31";3;"ADT";63;"}";;"O";0;0;
"A31";3;"ADT";64;"]";;"O";0;0;
"A31";3;"ADT";66;"ACC";;"O";0;1;
"A31";3;"ADT";69;"UB1";;"O";0;1;
"A31";3;"ADT";72;"UB2";;"O";0;1;
"A31";4;"ACK";1;"MSH";;"O";0;0;
"A31";4;"ACK";2;"MSA";;"O";0;0;
"A31";4;"ACK";4;"ERR";;"O";0;1;
"A31";4;"ADT";1;"MSH";;"O";0;0;
"A31";4;"ADT";2;"EVN";;"O";0;0;
"A31";4;"ADT";3;"PID";;"O";0;0;
"A31";4;"ADT";5;"PD1";;"O";0;1;
"A31";4;"ADT";9;"NK1";;"O";1;1;
"A31";4;"ADT";12;"PV1";;"O";0;0;
"A31";4;"ADT";14;"PV2";;"O";0;1;
"A31";4;"ADT";18;"DB1";;"O";1;1;
"A31";4;"ADT";23;"OBX";;"O";1;1;
"A31";4;"ADT";28;"AL1";;"O";1;1;
"A31";4;"ADT";33;"DG1";;"O";1;1;
"A31";4;"ADT";37;"DRG";;"O";0;1;
"A31";4;"ADT";39;"[";"PROCEDURE";"O";0;0;
"A31";4;"ADT";40;"{";"";"O";0;0;
"A31";4;"ADT";41;"PR1";;"O";0;0;
"A31";4;"ADT";44;"ROL";;"O";1;1;
"A31";4;"ADT";47;"}";;"O";0;0;
"A31";4;"ADT";48;"]";;"O";0;0;
"A31";4;"ADT";51;"GT1";;"O";1;1;
"A31";4;"ADT";54;"[";"INSURANCE";"O";0;0;
"A31";4;"ADT";55;"{";"";"O";0;0;
"A31";4;"ADT";56;"IN1";;"O";0;0;
"A31";4;"ADT";58;"IN2";;"O";0;1;
"A31";4;"ADT";62;"IN3";;"O";1;1;
"A31";4;"ADT";65;"}";;"O";0;0;
"A31";4;"ADT";66;"]";;"O";0;0;
"A31";4;"ADT";68;"ACC";;"O";0;1;
"A31";4;"ADT";71;"UB1";;"O";0;1;
"A31";4;"ADT";74;"UB2";;"O";0;1;
"A32";2;"ACK";1;"MSH";;"O";0;0;
"A32";2;"ACK";2;"MSA";;"O";0;0;
"A32";2;"ACK";4;"ERR";;"O";0;1;
"A32";2;"ADT";1;"MSH";;"O";0;0;
"A32";2;"ADT";2;"EVN";;"O";0;0;
"A32";2;"ADT";3;"PID";;"O";0;0;
"A32";2;"ADT";4;"PV1";;"O";0;0;
"A32";2;"ADT";6;"PV2";;"O";0;1;
"A32";2;"ADT";10;"OBX";;"O";1;1;
"A32";3;"ACK";1;"MSH";;"O";0;0;
"A32";3;"ACK";2;"MSA";;"O";0;0;
"A32";3;"ACK";4;"ERR";;"O";0;1;
"A32";3;"ADT";1;"MSH";;"O";0;0;
"A32";3;"ADT";2;"EVN";;"O";0;0;
"A32";3;"ADT";3;"PID";;"O";0;0;
"A32";3;"ADT";5;"PD1";;"O";0;1;
"A32";3;"ADT";7;"PV1";;"O";0;0;
"A32";3;"ADT";9;"PV2";;"O";0;1;
"A32";3;"ADT";13;"DB1";;"O";1;1;
"A32";3;"ADT";18;"OBX";;"O";1;1;
"A32";4;"ACK";1;"MSH";;"O";0;0;
"A32";4;"ACK";2;"MSA";;"O";0;0;
"A32";4;"ACK";4;"ERR";;"O";0;1;
"A32";4;"ADT";1;"MSH";;"O";0;0;
"A32";4;"ADT";2;"EVN";;"O";0;0;
"A32";4;"ADT";3;"PID";;"O";0;0;
"A32";4;"ADT";5;"PD1";;"O";0;1;
"A32";4;"ADT";7;"PV1";;"O";0;0;
"A32";4;"ADT";9;"PV2";;"O";0;1;
"A32";4;"ADT";13;"DB1";;"O";1;1;
"A32";4;"ADT";18;"OBX";;"O";1;1;
"A33";2;"ACK";1;"MSH";;"O";0;0;
"A33";2;"ACK";2;"MSA";;"O";0;0;
"A33";2;"ACK";4;"ERR";;"O";0;1;
"A33";2;"ADT";1;"MSH";;"O";0;0;
"A33";2;"ADT";2;"EVN";;"O";0;0;
"A33";2;"ADT";3;"PID";;"O";0;0;
"A33";2;"ADT";4;"PV1";;"O";0;0;
"A33";2;"ADT";6;"PV2";;"O";0;1;
"A33";2;"ADT";10;"OBX";;"O";1;1;
"A33";3;"ACK";1;"MSH";;"O";0;0;
"A33";3;"ACK";2;"MSA";;"O";0;0;
"A33";3;"ACK";4;"ERR";;"O";0;1;
"A33";3;"ADT";1;"MSH";;"O";0;0;
"A33";3;"ADT";2;"EVN";;"O";0;0;
"A33";3;"ADT";3;"PID";;"O";0;0;
"A33";3;"ADT";5;"PD1";;"O";0;1;
"A33";3;"ADT";7;"PV1";;"O";0;0;
"A33";3;"ADT";9;"PV2";;"O";0;1;
"A33";3;"ADT";13;"DB1";;"O";1;1;
"A33";3;"ADT";18;"OBX";;"O";1;1;
"A33";4;"ACK";1;"MSH";;"O";0;0;
"A33";4;"ACK";2;"MSA";;"O";0;0;
"A33";4;"ACK";4;"ERR";;"O";0;1;
"A33";4;"ADT";1;"MSH";;"O";0;0;
"A33";4;"ADT";2;"EVN";;"O";0;0;
"A33";4;"ADT";3;"PID";;"O";0;0;
"A33";4;"ADT";5;"PD1";;"O";0;1;
"A33";4;"ADT";7;"PV1";;"O";0;0;
"A33";4;"ADT";9;"PV2";;"O";0;1;
"A33";4;"ADT";13;"DB1";;"O";1;1;
"A33";4;"ADT";18;"OBX";;"O";1;1;
"A34";2;"ACK";1;"MSH";;"O";0;0;
"A34";2;"ACK";2;"MSA";;"O";0;0;
"A34";2;"ACK";4;"ERR";;"O";0;1;
"A34";2;"ADT";1;"MSH";;"O";0;0;
"A34";2;"ADT";2;"EVN";;"O";0;0;
"A34";2;"ADT";3;"PID";;"O";0;0;
"A34";2;"ADT";4;"MRG";;"O";0;0;
"A34";3;"ACK";1;"MSH";;"O";0;0;
"A34";3;"ACK";2;"MSA";;"O";0;0;
"A34";3;"ACK";4;"ERR";;"O";0;1;
"A34";3;"ADT";1;"MSH";;"O";0;0;
"A34";3;"ADT";2;"EVN";;"O";0;0;
"A34";3;"ADT";3;"PID";;"O";0;0;
"A34";3;"ADT";5;"PD1";;"O";0;1;
"A34";3;"ADT";7;"MRG";;"O";0;0;
"A34";4;"ACK";1;"MSH";;"O";0;0;
"A34";4;"ACK";2;"MSA";;"O";0;0;
"A34";4;"ACK";4;"ERR";;"O";0;1;
"A34";4;"ADT";1;"MSH";;"O";0;0;
"A34";4;"ADT";2;"EVN";;"O";0;0;
"A34";4;"ADT";3;"PID";;"O";0;0;
"A34";4;"ADT";5;"PD1";;"O";0;1;
"A34";4;"ADT";7;"MRG";;"O";0;0;
"A35";2;"ACK";1;"MSH";;"O";0;0;
"A35";2;"ACK";2;"MSA";;"O";0;0;
"A35";2;"ACK";4;"ERR";;"O";0;1;
"A35";2;"ADT";1;"MSH";;"O";0;0;
"A35";2;"ADT";2;"EVN";;"O";0;0;
"A35";2;"ADT";3;"PID";;"O";0;0;
"A35";2;"ADT";4;"MRG";;"O";0;0;
"A35";3;"ACK";1;"MSH";;"O";0;0;
"A35";3;"ACK";2;"MSA";;"O";0;0;
"A35";3;"ACK";4;"ERR";;"O";0;1;
"A35";3;"ADT";1;"MSH";;"O";0;0;
"A35";3;"ADT";2;"EVN";;"O";0;0;
"A35";3;"ADT";3;"PID";;"O";0;0;
"A35";3;"ADT";5;"PD1";;"O";0;1;
"A35";3;"ADT";7;"MRG";;"O";0;0;
"A35";4;"ACK";1;"MSH";;"O";0;0;
"A35";4;"ACK";2;"MSA";;"O";0;0;
"A35";4;"ACK";4;"ERR";;"O";0;1;
"A35";4;"ADT";1;"MSH";;"O";0;0;
"A35";4;"ADT";2;"EVN";;"O";0;0;
"A35";4;"ADT";3;"PID";;"O";0;0;
"A35";4;"ADT";5;"PD1";;"O";0;1;
"A35";4;"ADT";7;"MRG";;"O";0;0;
"A36";2;"ACK";1;"MSH";;"O";0;0;
"A36";2;"ACK";2;"MSA";;"O";0;0;
"A36";2;"ACK";4;"ERR";;"O";0;1;
"A36";2;"ADT";1;"MSH";;"O";0;0;
"A36";2;"ADT";2;"EVN";;"O";0;0;
"A36";2;"ADT";3;"PID";;"O";0;0;
"A36";2;"ADT";4;"MRG";;"O";0;0;
"A36";3;"ACK";1;"MSH";;"O";0;0;
"A36";3;"ACK";2;"MSA";;"O";0;0;
"A36";3;"ACK";4;"ERR";;"O";0;1;
"A36";3;"ADT";1;"MSH";;"O";0;0;
"A36";3;"ADT";2;"EVN";;"O";0;0;
"A36";3;"ADT";3;"PID";;"O";0;0;
"A36";3;"ADT";5;"PD1";;"O";0;1;
"A36";3;"ADT";7;"MRG";;"O";0;0;
"A36";4;"ACK";1;"MSH";;"O";0;0;
"A36";4;"ACK";2;"MSA";;"O";0;0;
"A36";4;"ACK";4;"ERR";;"O";0;1;
"A36";4;"ADT";1;"MSH";;"O";0;0;
"A36";4;"ADT";2;"EVN";;"O";0;0;
"A36";4;"ADT";3;"PID";;"O";0;0;
"A36";4;"ADT";5;"PD1";;"O";0;1;
"A36";4;"ADT";7;"MRG";;"O";0;0;
"A37";2;"ACK";1;"MSH";;"O";0;0;
"A37";2;"ACK";2;"MSA";;"O";0;0;
"A37";2;"ACK";4;"ERR";;"O";0;1;
"A37";2;"ADT";1;"MSH";;"O";0;0;
"A37";2;"ADT";2;"EVN";;"O";0;0;
"A37";2;"ADT";3;"PID";;"O";0;0;
"A37";2;"ADT";5;"PV1";;"O";0;1;
"A37";2;"ADT";7;"PID";;"O";0;0;
"A37";2;"ADT";9;"PV1";;"O";0;1;
"A37";3;"ACK";1;"MSH";;"O";0;0;
"A37";3;"ACK";2;"MSA";;"O";0;0;
"A37";3;"ACK";4;"ERR";;"O";0;1;
"A37";3;"ADT";1;"MSH";;"O";0;0;
"A37";3;"ADT";2;"EVN";;"O";0;0;
"A37";3;"ADT";3;"PID";;"O";0;0;
"A37";3;"ADT";5;"PD1";;"O";0;1;
"A37";3;"ADT";8;"PV1";;"O";0;1;
"A37";3;"ADT";12;"DB1";;"O";1;1;
"A37";3;"ADT";15;"PID";;"O";0;0;
"A37";3;"ADT";17;"PV1";;"O";0;1;
"A37";3;"ADT";21;"DB1";;"O";1;1;
"A37";4;"ACK";1;"MSH";;"O";0;0;
"A37";4;"ACK";2;"MSA";;"O";0;0;
"A37";4;"ACK";4;"ERR";;"O";0;1;
"A37";4;"ADT";1;"MSH";;"O";0;0;
"A37";4;"ADT";2;"EVN";;"O";0;0;
"A37";4;"ADT";3;"PID";;"O";0;0;
"A37";4;"ADT";5;"PD1";;"O";0;1;
"A37";4;"ADT";8;"PV1";;"O";0;1;
"A37";4;"ADT";12;"DB1";;"O";1;1;
"A37";4;"ADT";15;"PID";;"O";0;0;
"A37";4;"ADT";17;"PD1";;"O";0;1;
"A37";4;"ADT";20;"PV1";;"O";0;1;
"A37";4;"ADT";24;"DB1";;"O";1;1;
"A38";3;"ACK";1;"MSH";;"O";0;0;
"A38";3;"ACK";2;"MSA";;"O";0;0;
"A38";3;"ACK";4;"ERR";;"O";0;1;
"A38";3;"ADT";1;"MSH";;"O";0;0;
"A38";3;"ADT";2;"EVN";;"O";0;0;
"A38";3;"ADT";3;"PID";;"O";0;0;
"A38";3;"ADT";5;"PD1";;"O";0;1;
"A38";3;"ADT";7;"PV1";;"O";0;0;
"A38";3;"ADT";9;"PV2";;"O";0;1;
"A38";3;"ADT";13;"DB1";;"O";1;1;
"A38";3;"ADT";18;"OBX";;"O";1;1;
"A38";3;"ADT";23;"DG1";;"O";1;1;
"A38";3;"ADT";27;"DRG";;"O";0;1;
"A38";4;"ACK";1;"MSH";;"O";0;0;
"A38";4;"ACK";2;"MSA";;"O";0;0;
"A38";4;"ACK";4;"ERR";;"O";0;1;
"A38";4;"ADT";1;"MSH";;"O";0;0;
"A38";4;"ADT";2;"EVN";;"O";0;0;
"A38";4;"ADT";3;"PID";;"O";0;0;
"A38";4;"ADT";5;"PD1";;"O";0;1;
"A38";4;"ADT";7;"PV1";;"O";0;0;
"A38";4;"ADT";9;"PV2";;"O";0;1;
"A38";4;"ADT";13;"DB1";;"O";1;1;
"A38";4;"ADT";18;"OBX";;"O";1;1;
"A38";4;"ADT";23;"DG1";;"O";1;1;
"A38";4;"ADT";27;"DRG";;"O";0;0;
"A39";3;"ACK";1;"MSH";;"O";0;0;
"A39";3;"ACK";2;"MSA";;"O";0;0;
"A39";3;"ACK";4;"ERR";;"O";0;1;
"A39";3;"ADT";1;"MSH";;"O";0;0;
"A39";3;"ADT";2;"EVN";;"O";0;0;
"A39";3;"ADT";3;"{";"PATIENT";"O";0;0;
"A39";3;"ADT";4;"PID";;"O";0;0;
"A39";3;"ADT";6;"PD1";;"O";0;1;
"A39";3;"ADT";8;"MRG";;"O";0;0;
"A39";3;"ADT";10;"PV1";;"O";0;1;
"A39";3;"ADT";12;"}";;"O";0;0;
"A39";4;"ACK";1;"MSH";;"O";0;0;
"A39";4;"ACK";2;"MSA";;"O";0;0;
"A39";4;"ACK";4;"ERR";;"O";0;1;
"A39";4;"ADT";1;"MSH";;"O";0;0;
"A39";4;"ADT";2;"EVN";;"O";0;0;
"A39";4;"ADT";3;"{";"PATIENT";"O";0;0;
"A39";4;"ADT";4;"PID";;"O";0;0;
"A39";4;"ADT";6;"PD1";;"O";0;1;
"A39";4;"ADT";8;"MRG";;"O";0;0;
"A39";4;"ADT";10;"PV1";;"O";0;1;
"A39";4;"ADT";12;"}";;"O";0;0;
"A40";3;"ACK";1;"MSH";;"O";0;0;
"A40";3;"ACK";2;"MSA";;"O";0;0;
"A40";3;"ACK";4;"ERR";;"O";0;1;
"A40";3;"ADT";1;"MSH";;"O";0;0;
"A40";3;"ADT";2;"EVN";;"O";0;0;
"A40";3;"ADT";3;"{";"PATIENT";"O";0;0;
"A40";3;"ADT";4;"PID";;"O";0;0;
"A40";3;"ADT";6;"PD1";;"O";0;1;
"A40";3;"ADT";8;"MRG";;"O";0;0;
"A40";3;"ADT";10;"PV1";;"O";0;1;
"A40";3;"ADT";12;"}";;"O";0;0;
"A40";4;"ACK";1;"MSH";;"O";0;0;
"A40";4;"ACK";2;"MSA";;"O";0;0;
"A40";4;"ACK";4;"ERR";;"O";0;1;
"A40";4;"ADT";1;"MSH";;"O";0;0;
"A40";4;"ADT";2;"EVN";;"O";0;0;
"A40";4;"ADT";3;"{";"PATIENT";"O";0;0;
"A40";4;"ADT";4;"PID";;"O";0;0;
"A40";4;"ADT";6;"PD1";;"O";0;1;
"A40";4;"ADT";8;"MRG";;"O";0;0;
"A40";4;"ADT";10;"PV1";;"O";0;1;
"A40";4;"ADT";12;"}";;"O";0;0;
"A41";3;"ACK";1;"MSH";;"O";0;0;
"A41";3;"ACK";2;"MSA";;"O";0;0;
"A41";3;"ACK";4;"ERR";;"O";0;1;
"A41";3;"ADT";1;"MSH";;"O";0;0;
"A41";3;"ADT";2;"EVN";;"O";0;0;
"A41";3;"ADT";3;"{";"PATIENT";"O";0;0;
"A41";3;"ADT";4;"PID";;"O";0;0;
"A41";3;"ADT";6;"PD1";;"O";0;1;
"A41";3;"ADT";8;"MRG";;"O";0;0;
"A41";3;"ADT";10;"PV1";;"O";0;1;
"A41";3;"ADT";12;"}";;"O";0;0;
"A41";4;"ACK";1;"MSH";;"O";0;0;
"A41";4;"ACK";2;"MSA";;"O";0;0;
"A41";4;"ACK";4;"ERR";;"O";0;1;
"A41";4;"ADT";1;"MSH";;"O";0;0;
"A41";4;"ADT";2;"EVN";;"O";0;0;
"A41";4;"ADT";3;"{";"PATIENT";"O";0;0;
"A41";4;"ADT";4;"PID";;"O";0;0;
"A41";4;"ADT";6;"PD1";;"O";0;1;
"A41";4;"ADT";8;"MRG";;"O";0;0;
"A41";4;"ADT";10;"PV1";;"O";0;1;
"A41";4;"ADT";12;"}";;"O";0;0;
"A42";3;"ACK";1;"MSH";;"O";0;0;
"A42";3;"ACK";2;"MSA";;"O";0;0;
"A42";3;"ACK";4;"ERR";;"O";0;1;
"A42";3;"ADT";1;"MSH";;"O";0;0;
"A42";3;"ADT";2;"EVN";;"O";0;0;
"A42";3;"ADT";3;"{";"PATIENT";"O";0;0;
"A42";3;"ADT";4;"PID";;"O";0;0;
"A42";3;"ADT";6;"PD1";;"O";0;1;
"A42";3;"ADT";8;"MRG";;"O";0;0;
"A42";3;"ADT";10;"PV1";;"O";0;1;
"A42";3;"ADT";12;"}";;"O";0;0;
"A42";4;"ACK";1;"MSH";;"O";0;0;
"A42";4;"ACK";2;"MSA";;"O";0;0;
"A42";4;"ACK";4;"ERR";;"O";0;1;
"A42";4;"ADT";1;"MSH";;"O";0;0;
"A42";4;"ADT";2;"EVN";;"O";0;0;
"A42";4;"ADT";3;"{";"PATIENT";"O";0;0;
"A42";4;"ADT";4;"PID";;"O";0;0;
"A42";4;"ADT";6;"PD1";;"O";0;1;
"A42";4;"ADT";8;"MRG";;"O";0;0;
"A42";4;"ADT";10;"PV1";;"O";0;1;
"A42";4;"ADT";12;"}";;"O";0;0;
"A43";3;"ACK";1;"MSH";;"O";0;0;
"A43";3;"ACK";2;"MSA";;"O";0;0;
"A43";3;"ACK";4;"ERR";;"O";0;1;
"A43";3;"ADT";1;"MSH";;"O";0;0;
"A43";3;"ADT";2;"EVN";;"O";0;0;
"A43";3;"ADT";3;"{";"PATIENT";"O";0;0;
"A43";3;"ADT";4;"PID";;"O";0;0;
"A43";3;"ADT";6;"PD1";;"O";0;1;
"A43";3;"ADT";8;"MRG";;"O";0;0;
"A43";3;"ADT";9;"}";;"O";0;0;
"A43";4;"ACK";1;"MSH";;"O";0;0;
"A43";4;"ACK";2;"MSA";;"O";0;0;
"A43";4;"ACK";4;"ERR";;"O";0;1;
"A43";4;"ADT";1;"MSH";;"O";0;0;
"A43";4;"ADT";2;"EVN";;"O";0;0;
"A43";4;"ADT";3;"{";"PATIENT";"O";0;0;
"A43";4;"ADT";4;"PID";;"O";0;0;
"A43";4;"ADT";6;"PD1";;"O";0;1;
"A43";4;"ADT";8;"MRG";;"O";0;0;
"A43";4;"ADT";9;"}";;"O";0;0;
"A44";3;"ACK";1;"MSH";;"O";0;0;
"A44";3;"ACK";2;"MSA";;"O";0;0;
"A44";3;"ACK";4;"ERR";;"O";0;1;
"A44";3;"ADT";1;"MSH";;"O";0;0;
"A44";3;"ADT";2;"EVN";;"O";0;0;
"A44";3;"ADT";3;"{";"PATIENT";"O";0;0;
"A44";3;"ADT";4;"PID";;"O";0;0;
"A44";3;"ADT";6;"PD1";;"O";0;1;
"A44";3;"ADT";8;"MRG";;"O";0;0;
"A44";3;"ADT";9;"}";;"O";0;0;
"A44";4;"ACK";1;"MSH";;"O";0;0;
"A44";4;"ACK";2;"MSA";;"O";0;0;
"A44";4;"ACK";4;"ERR";;"O";0;1;
"A44";4;"ADT";1;"MSH";;"O";0;0;
"A44";4;"ADT";2;"EVN";;"O";0;0;
"A44";4;"ADT";3;"{";"PATIENT";"O";0;0;
"A44";4;"ADT";4;"PID";;"O";0;0;
"A44";4;"ADT";6;"PD1";;"O";0;1;
"A44";4;"ADT";8;"MRG";;"O";0;0;
"A44";4;"ADT";9;"}";;"O";0;0;
"A45";3;"ACK";1;"MSH";;"O";0;0;
"A45";3;"ACK";2;"MSA";;"O";0;0;
"A45";3;"ACK";4;"ERR";;"O";0;1;
"A45";3;"ADT";1;"MSH";;"O";0;0;
"A45";3;"ADT";2;"EVN";;"O";0;0;
"A45";3;"ADT";3;"PID";;"O";0;0;
"A45";3;"ADT";5;"PD1";;"O";0;1;
"A45";3;"ADT";7;"{";"MERGE_INFO";"O";0;0;
"A45";3;"ADT";8;"MRG";;"O";0;0;
"A45";3;"ADT";9;"PV1";;"O";0;0;
"A45";3;"ADT";10;"}";;"O";0;0;
"A45";4;"ACK";1;"MSH";;"O";0;0;
"A45";4;"ACK";2;"MSA";;"O";0;0;
"A45";4;"ACK";4;"ERR";;"O";0;1;
"A45";4;"ADT";1;"MSH";;"O";0;0;
"A45";4;"ADT";2;"EVN";;"O";0;0;
"A45";4;"ADT";3;"PID";;"O";0;0;
"A45";4;"ADT";5;"PD1";;"O";0;1;
"A45";4;"ADT";7;"{";"MERGE_INFO";"O";0;0;
"A45";4;"ADT";8;"MRG";;"O";0;0;
"A45";4;"ADT";9;"PV1";;"O";0;0;
"A45";4;"ADT";10;"}";;"O";0;0;
"A46";3;"ACK";1;"MSH";;"O";0;0;
"A46";3;"ACK";2;"MSA";;"O";0;0;
"A46";3;"ACK";4;"ERR";;"O";0;1;
"A46";3;"ADT";1;"MSH";;"O";0;0;
"A46";3;"ADT";2;"EVN";;"O";0;0;
"A46";3;"ADT";3;"PID";;"O";0;0;
"A46";3;"ADT";5;"PD1";;"O";0;1;
"A46";3;"ADT";7;"MRG";;"O";0;0;
"A46";4;"ACK";1;"MSH";;"O";0;0;
"A46";4;"ACK";2;"MSA";;"O";0;0;
"A46";4;"ACK";4;"ERR";;"O";0;1;
"A46";4;"ADT";1;"MSH";;"O";0;0;
"A46";4;"ADT";2;"EVN";;"O";0;0;
"A46";4;"ADT";3;"PID";;"O";0;0;
"A46";4;"ADT";5;"PD1";;"O";0;1;
"A46";4;"ADT";7;"MRG";;"O";0;0;
"A47";3;"ACK";1;"MSH";;"O";0;0;
"A47";3;"ACK";2;"MSA";;"O";0;0;
"A47";3;"ACK";4;"ERR";;"O";0;1;
"A47";3;"ADT";1;"MSH";;"O";0;0;
"A47";3;"ADT";2;"EVN";;"O";0;0;
"A47";3;"ADT";3;"PID";;"O";0;0;
"A47";3;"ADT";5;"PD1";;"O";0;1;
"A47";3;"ADT";7;"MRG";;"O";0;0;
"A47";4;"ACK";1;"MSH";;"O";0;0;
"A47";4;"ACK";2;"MSA";;"O";0;0;
"A47";4;"ACK";4;"ERR";;"O";0;1;
"A47";4;"ADT";1;"MSH";;"O";0;0;
"A47";4;"ADT";2;"EVN";;"O";0;0;
"A47";4;"ADT";3;"PID";;"O";0;0;
"A47";4;"ADT";5;"PD1";;"O";0;1;
"A47";4;"ADT";7;"MRG";;"O";0;0;
"A48";3;"ACK";1;"MSH";;"O";0;0;
"A48";3;"ACK";2;"MSA";;"O";0;0;
"A48";3;"ACK";4;"ERR";;"O";0;1;
"A48";3;"ADT";1;"MSH";;"O";0;0;
"A48";3;"ADT";2;"EVN";;"O";0;0;
"A48";3;"ADT";3;"PID";;"O";0;0;
"A48";3;"ADT";5;"PD1";;"O";0;1;
"A48";3;"ADT";7;"MRG";;"O";0;0;
"A48";4;"ACK";1;"MSH";;"O";0;0;
"A48";4;"ACK";2;"MSA";;"O";0;0;
"A48";4;"ACK";4;"ERR";;"O";0;1;
"A48";4;"ADT";1;"MSH";;"O";0;0;
"A48";4;"ADT";2;"EVN";;"O";0;0;
"A48";4;"ADT";3;"PID";;"O";0;0;
"A48";4;"ADT";5;"PD1";;"O";0;1;
"A48";4;"ADT";7;"MRG";;"O";0;0;
"A49";3;"ACK";1;"MSH";;"O";0;0;
"A49";3;"ACK";2;"MSA";;"O";0;0;
"A49";3;"ACK";4;"ERR";;"O";0;1;
"A49";3;"ADT";1;"MSH";;"O";0;0;
"A49";3;"ADT";2;"EVN";;"O";0;0;
"A49";3;"ADT";3;"PID";;"O";0;0;
"A49";3;"ADT";5;"PD1";;"O";0;1;
"A49";3;"ADT";7;"MRG";;"O";0;0;
"A49";4;"ACK";1;"MSH";;"O";0;0;
"A49";4;"ACK";2;"MSA";;"O";0;0;
"A49";4;"ACK";4;"ERR";;"O";0;1;
"A49";4;"ADT";1;"MSH";;"O";0;0;
"A49";4;"ADT";2;"EVN";;"O";0;0;
"A49";4;"ADT";3;"PID";;"O";0;0;
"A49";4;"ADT";5;"PD1";;"O";0;1;
"A49";4;"ADT";7;"MRG";;"O";0;0;
"A50";3;"ACK";1;"MSH";;"O";0;0;
"A50";3;"ACK";2;"MSA";;"O";0;0;
"A50";3;"ACK";4;"ERR";;"O";0;1;
"A50";3;"ADT";1;"MSH";;"O";0;0;
"A50";3;"ADT";2;"EVN";;"O";0;0;
"A50";3;"ADT";3;"PID";;"O";0;0;
"A50";3;"ADT";5;"PD1";;"O";0;1;
"A50";3;"ADT";7;"MRG";;"O";0;0;
"A50";3;"ADT";8;"PV1";;"O";0;0;
"A50";4;"ACK";1;"MSH";;"O";0;0;
"A50";4;"ACK";2;"MSA";;"O";0;0;
"A50";4;"ACK";4;"ERR";;"O";0;1;
"A50";4;"ADT";1;"MSH";;"O";0;0;
"A50";4;"ADT";2;"EVN";;"O";0;0;
"A50";4;"ADT";3;"PID";;"O";0;0;
"A50";4;"ADT";5;"PD1";;"O";0;1;
"A50";4;"ADT";7;"MRG";;"O";0;0;
"A50";4;"ADT";8;"PV1";;"O";0;0;
"A51";3;"ACK";1;"MSH";;"O";0;0;
"A51";3;"ACK";2;"MSA";;"O";0;0;
"A51";3;"ACK";4;"ERR";;"O";0;1;
"A51";3;"ADT";1;"MSH";;"O";0;0;
"A51";3;"ADT";2;"EVN";;"O";0;0;
"A51";3;"ADT";3;"PID";;"O";0;0;
"A51";3;"ADT";5;"PD1";;"O";0;1;
"A51";3;"ADT";7;"MRG";;"O";0;0;
"A51";3;"ADT";8;"PV1";;"O";0;0;
"A51";4;"ACK";1;"MSH";;"O";0;0;
"A51";4;"ACK";2;"MSA";;"O";0;0;
"A51";4;"ACK";4;"ERR";;"O";0;1;
"A51";4;"ADT";1;"MSH";;"O";0;0;
"A51";4;"ADT";2;"EVN";;"O";0;0;
"A51";4;"ADT";3;"PID";;"O";0;0;
"A51";4;"ADT";5;"PD1";;"O";0;1;
"A51";4;"ADT";7;"MRG";;"O";0;0;
"A51";4;"ADT";8;"PV1";;"O";0;0;
"C01";3;"CRM";1;"MSH";;"O";0;0;
"C01";3;"CRM";2;"{";"PATIENT";"O";0;0;
"C01";3;"CRM";3;"PID";;"O";0;0;
"C01";3;"CRM";5;"PV1";;"O";0;1;
"C01";3;"CRM";7;"CSR";;"O";0;0;
"C01";3;"CRM";10;"CSP";;"O";1;1;
"C01";3;"CRM";13;"}";;"O";0;0;
"C02";3;"CRM";1;"MSH";;"O";0;0;
"C02";3;"CRM";2;"{";"PATIENT";"O";0;0;
"C02";3;"CRM";3;"PID";;"O";0;0;
"C02";3;"CRM";5;"PV1";;"O";0;1;
"C02";3;"CRM";7;"CSR";;"O";0;0;
"C02";3;"CRM";10;"CSP";;"O";1;1;
"C02";3;"CRM";13;"}";;"O";0;0;
"C03";3;"CRM";1;"MSH";;"O";0;0;
"C03";3;"CRM";2;"{";"PATIENT";"O";0;0;
"C03";3;"CRM";3;"PID";;"O";0;0;
"C03";3;"CRM";5;"PV1";;"O";0;1;
"C03";3;"CRM";7;"CSR";;"O";0;0;
"C03";3;"CRM";10;"CSP";;"O";1;1;
"C03";3;"CRM";13;"}";;"O";0;0;
"C04";3;"CRM";1;"MSH";;"O";0;0;
"C04";3;"CRM";2;"{";"PATIENT";"O";0;0;
"C04";3;"CRM";3;"PID";;"O";0;0;
"C04";3;"CRM";5;"PV1";;"O";0;1;
"C04";3;"CRM";7;"CSR";;"O";0;0;
"C04";3;"CRM";10;"CSP";;"O";1;1;
"C04";3;"CRM";13;"}";;"O";0;0;
"C05";3;"CRM";1;"MSH";;"O";0;0;
"C05";3;"CRM";2;"{";"PATIENT";"O";0;0;
"C05";3;"CRM";3;"PID";;"O";0;0;
"C05";3;"CRM";5;"PV1";;"O";0;1;
"C05";3;"CRM";7;"CSR";;"O";0;0;
"C05";3;"CRM";10;"CSP";;"O";1;1;
"C05";3;"CRM";13;"}";;"O";0;0;
"C06";3;"CRM";1;"MSH";;"O";0;0;
"C06";3;"CRM";2;"{";"PATIENT";"O";0;0;
"C06";3;"CRM";3;"PID";;"O";0;0;
"C06";3;"CRM";5;"PV1";;"O";0;1;
"C06";3;"CRM";7;"CSR";;"O";0;0;
"C06";3;"CRM";10;"CSP";;"O";1;1;
"C06";3;"CRM";13;"}";;"O";0;0;
"C07";3;"CRM";1;"MSH";;"O";0;0;
"C07";3;"CRM";2;"{";"PATIENT";"O";0;0;
"C07";3;"CRM";3;"PID";;"O";0;0;
"C07";3;"CRM";5;"PV1";;"O";0;1;
"C07";3;"CRM";7;"CSR";;"O";0;0;
"C07";3;"CRM";10;"CSP";;"O";1;1;
"C07";3;"CRM";13;"}";;"O";0;0;
"C08";3;"CRM";1;"MSH";;"O";0;0;
"C08";3;"CRM";2;"{";"PATIENT";"O";0;0;
"C08";3;"CRM";3;"PID";;"O";0;0;
"C08";3;"CRM";5;"PV1";;"O";0;1;
"C08";3;"CRM";7;"CSR";;"O";0;0;
"C08";3;"CRM";10;"CSP";;"O";1;1;
"C08";3;"CRM";13;"}";;"O";0;0;
"C09";3;"CSU";1;"MSH";;"O";0;0;
"C09";3;"CSU";2;"{";"PATIENT";"O";0;0;
"C09";3;"CSU";3;"PID";;"O";0;0;
"C09";3;"CSU";5;"PD1";;"O";0;1;
"C09";3;"CSU";9;"NTE";;"O";1;1;
"C09";3;"CSU";12;"[";"VISIT";"O";0;0;
"C09";3;"CSU";13;"PV1";;"O";0;0;
"C09";3;"CSU";15;"PV2";;"O";0;1;
"C09";3;"CSU";17;"]";;"O";0;0;
"C09";3;"CSU";18;"CSR";;"O";0;0;
"C09";3;"CSU";19;"{";"STUDY_PHASE";"O";0;0;
"C09";3;"CSU";21;"CSP";;"O";0;1;
"C09";3;"CSU";23;"{";"STUDY_SCHEDULE";"O";0;0;
"C09";3;"CSU";25;"CSS";;"O";0;1;
"C09";3;"CSU";27;"[";"STUDY_OBSERVATION";"O";0;0;
"C09";3;"CSU";28;"{";"";"O";0;0;
"C09";3;"CSU";30;"ORC";;"O";0;1;
"C09";3;"CSU";32;"OBR";;"O";0;0;
"C09";3;"CSU";34;"OBX";;"O";1;0;
"C09";3;"CSU";36;"}";;"O";0;0;
"C09";3;"CSU";37;"]";;"O";0;0;
"C09";3;"CSU";38;"{";"STUDY_PHARM";"O";0;0;
"C09";3;"CSU";40;"ORC";;"O";0;1;
"C09";3;"CSU";42;"{";"RX_ADMIN";"O";0;0;
"C09";3;"CSU";43;"RXA";;"O";0;0;
"C09";3;"CSU";44;"RXR";;"O";0;0;
"C09";3;"CSU";45;"}";;"O";0;0;
"C09";3;"CSU";46;"}";;"O";0;0;
"C09";3;"CSU";47;"}";;"O";0;0;
"C09";3;"CSU";48;"}";;"O";0;0;
"C09";3;"CSU";49;"}";;"O";0;0;
"C10";3;"CSU";1;"MSH";;"O";0;0;
"C10";3;"CSU";2;"{";"PATIENT";"O";0;0;
"C10";3;"CSU";3;"PID";;"O";0;0;
"C10";3;"CSU";5;"PD1";;"O";0;1;
"C10";3;"CSU";9;"NTE";;"O";1;1;
"C10";3;"CSU";12;"[";"VISIT";"O";0;0;
"C10";3;"CSU";13;"PV1";;"O";0;0;
"C10";3;"CSU";15;"PV2";;"O";0;1;
"C10";3;"CSU";17;"]";;"O";0;0;
"C10";3;"CSU";18;"CSR";;"O";0;0;
"C10";3;"CSU";19;"{";"STUDY_PHASE";"O";0;0;
"C10";3;"CSU";21;"CSP";;"O";0;1;
"C10";3;"CSU";23;"{";"STUDY_SCHEDULE";"O";0;0;
"C10";3;"CSU";25;"CSS";;"O";0;1;
"C10";3;"CSU";27;"[";"STUDY_OBSERVATION";"O";0;0;
"C10";3;"CSU";28;"{";"";"O";0;0;
"C10";3;"CSU";30;"ORC";;"O";0;1;
"C10";3;"CSU";32;"OBR";;"O";0;0;
"C10";3;"CSU";34;"OBX";;"O";1;0;
"C10";3;"CSU";36;"}";;"O";0;0;
"C10";3;"CSU";37;"]";;"O";0;0;
"C10";3;"CSU";38;"{";"STUDY_PHARM";"O";0;0;
"C10";3;"CSU";40;"ORC";;"O";0;1;
"C10";3;"CSU";42;"{";"RX_ADMIN";"O";0;0;
"C10";3;"CSU";43;"RXA";;"O";0;0;
"C10";3;"CSU";44;"RXR";;"O";0;0;
"C10";3;"CSU";45;"}";;"O";0;0;
"C10";3;"CSU";46;"}";;"O";0;0;
"C10";3;"CSU";47;"}";;"O";0;0;
"C10";3;"CSU";48;"}";;"O";0;0;
"C10";3;"CSU";49;"}";;"O";0;0;
"C11";3;"CSU";1;"MSH";;"O";0;0;
"C11";3;"CSU";2;"{";"PATIENT";"O";0;0;
"C11";3;"CSU";3;"PID";;"O";0;0;
"C11";3;"CSU";5;"PD1";;"O";0;1;
"C11";3;"CSU";9;"NTE";;"O";1;1;
"C11";3;"CSU";12;"[";"VISIT";"O";0;0;
"C11";3;"CSU";13;"PV1";;"O";0;0;
"C11";3;"CSU";15;"PV2";;"O";0;1;
"C11";3;"CSU";17;"]";;"O";0;0;
"C11";3;"CSU";18;"CSR";;"O";0;0;
"C11";3;"CSU";19;"{";"STUDY_PHASE";"O";0;0;
"C11";3;"CSU";21;"CSP";;"O";0;1;
"C11";3;"CSU";23;"{";"STUDY_SCHEDULE";"O";0;0;
"C11";3;"CSU";25;"CSS";;"O";0;1;
"C11";3;"CSU";27;"[";"STUDY_OBSERVATION";"O";0;0;
"C11";3;"CSU";28;"{";"";"O";0;0;
"C11";3;"CSU";30;"ORC";;"O";0;1;
"C11";3;"CSU";32;"OBR";;"O";0;0;
"C11";3;"CSU";34;"OBX";;"O";1;0;
"C11";3;"CSU";36;"}";;"O";0;0;
"C11";3;"CSU";37;"]";;"O";0;0;
"C11";3;"CSU";38;"{";"STUDY_PHARM";"O";0;0;
"C11";3;"CSU";40;"ORC";;"O";0;1;
"C11";3;"CSU";42;"{";"RX_ADMIN";"O";0;0;
"C11";3;"CSU";43;"RXA";;"O";0;0;
"C11";3;"CSU";44;"RXR";;"O";0;0;
"C11";3;"CSU";45;"}";;"O";0;0;
"C11";3;"CSU";46;"}";;"O";0;0;
"C11";3;"CSU";47;"}";;"O";0;0;
"C11";3;"CSU";48;"}";;"O";0;0;
"C11";3;"CSU";49;"}";;"O";0;0;
"C12";3;"CSU";1;"MSH";;"O";0;0;
"C12";3;"CSU";2;"{";"PATIENT";"O";0;0;
"C12";3;"CSU";3;"PID";;"O";0;0;
"C12";3;"CSU";5;"PD1";;"O";0;1;
"C12";3;"CSU";9;"NTE";;"O";1;1;
"C12";3;"CSU";12;"[";"VISIT";"O";0;0;
"C12";3;"CSU";13;"PV1";;"O";0;0;
"C12";3;"CSU";15;"PV2";;"O";0;1;
"C12";3;"CSU";17;"]";;"O";0;0;
"C12";3;"CSU";18;"CSR";;"O";0;0;
"C12";3;"CSU";19;"{";"STUDY_PHASE";"O";0;0;
"C12";3;"CSU";21;"CSP";;"O";0;1;
"C12";3;"CSU";23;"{";"STUDY_SCHEDULE";"O";0;0;
"C12";3;"CSU";25;"CSS";;"O";0;1;
"C12";3;"CSU";27;"[";"STUDY_OBSERVATION";"O";0;0;
"C12";3;"CSU";28;"{";"";"O";0;0;
"C12";3;"CSU";30;"ORC";;"O";0;1;
"C12";3;"CSU";32;"OBR";;"O";0;0;
"C12";3;"CSU";34;"OBX";;"O";1;0;
"C12";3;"CSU";36;"}";;"O";0;0;
"C12";3;"CSU";37;"]";;"O";0;0;
"C12";3;"CSU";38;"{";"STUDY_PHARM";"O";0;0;
"C12";3;"CSU";40;"ORC";;"O";0;1;
"C12";3;"CSU";42;"{";"RX_ADMIN";"O";0;0;
"C12";3;"CSU";43;"RXA";;"O";0;0;
"C12";3;"CSU";44;"RXR";;"O";0;0;
"C12";3;"CSU";45;"}";;"O";0;0;
"C12";3;"CSU";46;"}";;"O";0;0;
"C12";3;"CSU";47;"}";;"O";0;0;
"C12";3;"CSU";48;"}";;"O";0;0;
"C12";3;"CSU";49;"}";;"O";0;0;
"I01";3;"RPI";1;"MSH";;"O";0;0;
"I01";3;"RPI";2;"MSA";;"O";0;0;
"I01";3;"RPI";3;"{";"PROVIDER";"O";0;0;
"I01";3;"RPI";4;"PRD";;"O";0;0;
"I01";3;"RPI";7;"CTD";;"O";1;1;
"I01";3;"RPI";10;"}";;"O";0;0;
"I01";3;"RPI";11;"PID";;"O";0;0;
"I01";3;"RPI";14;"NK1";;"O";1;1;
"I01";3;"RPI";17;"[";"GUARANTOR_INSURANCE";"O";0;0;
"I01";3;"RPI";20;"GT1";;"O";1;1;
"I01";3;"RPI";23;"{";"INSURANCE";"O";0;0;
"I01";3;"RPI";24;"IN1";;"O";0;0;
"I01";3;"RPI";26;"IN2";;"O";0;1;
"I01";3;"RPI";29;"IN3";;"O";0;1;
"I01";3;"RPI";31;"}";;"O";0;0;
"I01";3;"RPI";32;"]";;"O";0;0;
"I01";3;"RPI";35;"NTE";;"O";1;1;
"I01";3;"RQI";1;"MSH";;"O";0;0;
"I01";3;"RQI";2;"{";"PROVIDER";"O";0;0;
"I01";3;"RQI";3;"PRD";;"O";0;0;
"I01";3;"RQI";6;"CTD";;"O";1;1;
"I01";3;"RQI";9;"}";;"O";0;0;
"I01";3;"RQI";10;"PID";;"O";0;0;
"I01";3;"RQI";13;"NK1";;"O";1;1;
"I01";3;"RQI";16;"[";"GUARANTOR_INSURANCE";"O";0;0;
"I01";3;"RQI";19;"GT1";;"O";1;1;
"I01";3;"RQI";22;"{";"INSURANCE";"O";0;0;
"I01";3;"RQI";23;"IN1";;"O";0;0;
"I01";3;"RQI";25;"IN2";;"O";0;1;
"I01";3;"RQI";28;"IN3";;"O";0;1;
"I01";3;"RQI";30;"}";;"O";0;0;
"I01";3;"RQI";31;"]";;"O";0;0;
"I01";3;"RQI";34;"NTE";;"O";1;1;
"I01";4;"RPI";1;"MSH";;"O";0;0;
"I01";4;"RPI";2;"MSA";;"O";0;0;
"I01";4;"RPI";3;"{";"PROVIDER";"O";0;0;
"I01";4;"RPI";4;"PRD";;"O";0;0;
"I01";4;"RPI";7;"CTD";;"O";1;1;
"I01";4;"RPI";10;"}";;"O";0;0;
"I01";4;"RPI";11;"PID";;"O";0;0;
"I01";4;"RPI";14;"NK1";;"O";1;1;
"I01";4;"RPI";17;"[";"GUARANTOR_INSURANCE";"O";0;0;
"I01";4;"RPI";20;"GT1";;"O";1;1;
"I01";4;"RPI";23;"{";"INSURANCE";"O";0;0;
"I01";4;"RPI";24;"IN1";;"O";0;0;
"I01";4;"RPI";26;"IN2";;"O";0;1;
"I01";4;"RPI";29;"IN3";;"O";0;1;
"I01";4;"RPI";31;"}";;"O";0;0;
"I01";4;"RPI";32;"]";;"O";0;0;
"I01";4;"RPI";35;"NTE";;"O";1;1;
"I01";4;"RQI";1;"MSH";;"O";0;0;
"I01";4;"RQI";2;"{";"PROVIDER";"O";0;0;
"I01";4;"RQI";3;"PRD";;"O";0;0;
"I01";4;"RQI";6;"CTD";;"O";1;1;
"I01";4;"RQI";9;"}";;"O";0;0;
"I01";4;"RQI";10;"PID";;"O";0;0;
"I01";4;"RQI";13;"NK1";;"O";1;1;
"I01";4;"RQI";16;"[";"GUARANTOR_INSURANCE";"O";0;0;
"I01";4;"RQI";19;"GT1";;"O";1;1;
"I01";4;"RQI";22;"{";"INSURANCE";"O";0;0;
"I01";4;"RQI";23;"IN1";;"O";0;0;
"I01";4;"RQI";25;"IN2";;"O";0;1;
"I01";4;"RQI";28;"IN3";;"O";0;1;
"I01";4;"RQI";30;"}";;"O";0;0;
"I01";4;"RQI";31;"]";;"O";0;0;
"I01";4;"RQI";34;"NTE";;"O";1;1;
"I02";3;"RPL";1;"MSH";;"O";0;0;
"I02";3;"RPL";2;"MSA";;"O";0;0;
"I02";3;"RPL";3;"{";"PROVIDER";"O";0;0;
"I02";3;"RPL";4;"PRD";;"O";0;0;
"I02";3;"RPL";7;"CTD";;"O";1;1;
"I02";3;"RPL";10;"}";;"O";0;0;
"I02";3;"RPL";13;"NTE";;"O";1;1;
"I02";3;"RPL";18;"DSP";;"O";1;1;
"I02";3;"RPL";22;"DSC";;"O";0;1;
"I02";3;"RQI";1;"MSH";;"O";0;0;
"I02";3;"RQI";2;"{";"PROVIDER";"O";0;0;
"I02";3;"RQI";3;"PRD";;"O";0;0;
"I02";3;"RQI";6;"CTD";;"O";1;1;
"I02";3;"RQI";9;"}";;"O";0;0;
"I02";3;"RQI";10;"PID";;"O";0;0;
"I02";3;"RQI";13;"NK1";;"O";1;1;
"I02";3;"RQI";16;"[";"GUARANTOR_INSURANCE";"O";0;0;
"I02";3;"RQI";19;"GT1";;"O";1;1;
"I02";3;"RQI";22;"{";"INSURANCE";"O";0;0;
"I02";3;"RQI";23;"IN1";;"O";0;0;
"I02";3;"RQI";25;"IN2";;"O";0;1;
"I02";3;"RQI";28;"IN3";;"O";0;1;
"I02";3;"RQI";30;"}";;"O";0;0;
"I02";3;"RQI";31;"]";;"O";0;0;
"I02";3;"RQI";34;"NTE";;"O";1;1;
"I02";4;"RPL";1;"MSH";;"O";0;0;
"I02";4;"RPL";2;"MSA";;"O";0;0;
"I02";4;"RPL";3;"{";"PROVIDER";"O";0;0;
"I02";4;"RPL";4;"PRD";;"O";0;0;
"I02";4;"RPL";7;"CTD";;"O";1;1;
"I02";4;"RPL";10;"}";;"O";0;0;
"I02";4;"RPL";13;"NTE";;"O";1;1;
"I02";4;"RPL";18;"DSP";;"O";1;1;
"I02";4;"RPL";22;"DSC";;"O";0;1;
"I02";4;"RQI";1;"MSH";;"O";0;0;
"I02";4;"RQI";2;"{";"PROVIDER";"O";0;0;
"I02";4;"RQI";3;"PRD";;"O";0;0;
"I02";4;"RQI";6;"CTD";;"O";1;1;
"I02";4;"RQI";9;"}";;"O";0;0;
"I02";4;"RQI";10;"PID";;"O";0;0;
"I02";4;"RQI";13;"NK1";;"O";1;1;
"I02";4;"RQI";16;"[";"GUARANTOR_INSURANCE";"O";0;0;
"I02";4;"RQI";19;"GT1";;"O";1;1;
"I02";4;"RQI";22;"{";"INSURANCE";"O";0;0;
"I02";4;"RQI";23;"IN1";;"O";0;0;
"I02";4;"RQI";25;"IN2";;"O";0;1;
"I02";4;"RQI";28;"IN3";;"O";0;1;
"I02";4;"RQI";30;"}";;"O";0;0;
"I02";4;"RQI";31;"]";;"O";0;0;
"I02";4;"RQI";34;"NTE";;"O";1;1;
"I03";3;"RPR";1;"MSH";;"O";0;0;
"I03";3;"RPR";2;"MSA";;"O";0;0;
"I03";3;"RPR";3;"{";"PROVIDER";"O";0;0;
"I03";3;"RPR";4;"PRD";;"O";0;0;
"I03";3;"RPR";7;"CTD";;"O";1;1;
"I03";3;"RPR";10;"}";;"O";0;0;
"I03";3;"RPR";13;"PID";;"O";1;1;
"I03";3;"RPR";18;"NTE";;"O";1;1;
"I03";3;"RQI";1;"MSH";;"O";0;0;
"I03";3;"RQI";2;"{";"PROVIDER";"O";0;0;
"I03";3;"RQI";3;"PRD";;"O";0;0;
"I03";3;"RQI";6;"CTD";;"O";1;1;
"I03";3;"RQI";9;"}";;"O";0;0;
"I03";3;"RQI";10;"PID";;"O";0;0;
"I03";3;"RQI";13;"NK1";;"O";1;1;
"I03";3;"RQI";16;"[";"GUARANTOR_INSURANCE";"O";0;0;
"I03";3;"RQI";19;"GT1";;"O";1;1;
"I03";3;"RQI";22;"{";"INSURANCE";"O";0;0;
"I03";3;"RQI";23;"IN1";;"O";0;0;
"I03";3;"RQI";25;"IN2";;"O";0;1;
"I03";3;"RQI";28;"IN3";;"O";0;1;
"I03";3;"RQI";30;"}";;"O";0;0;
"I03";3;"RQI";31;"]";;"O";0;0;
"I03";3;"RQI";34;"NTE";;"O";1;1;
"I03";4;"RPR";1;"MSH";;"O";0;0;
"I03";4;"RPR";2;"MSA";;"O";0;0;
"I03";4;"RPR";3;"{";"PROVIDER";"O";0;0;
"I03";4;"RPR";4;"PRD";;"O";0;0;
"I03";4;"RPR";7;"CTD";;"O";1;1;
"I03";4;"RPR";10;"}";;"O";0;0;
"I03";4;"RPR";13;"PID";;"O";1;1;
"I03";4;"RPR";18;"NTE";;"O";1;1;
"I03";4;"RQI";1;"MSH";;"O";0;0;
"I03";4;"RQI";2;"{";"PROVIDER";"O";0;0;
"I03";4;"RQI";3;"PRD";;"O";0;0;
"I03";4;"RQI";6;"CTD";;"O";1;1;
"I03";4;"RQI";9;"}";;"O";0;0;
"I03";4;"RQI";10;"PID";;"O";0;0;
"I03";4;"RQI";13;"NK1";;"O";1;1;
"I03";4;"RQI";16;"[";"GUARANTOR_INSURANCE";"O";0;0;
"I03";4;"RQI";19;"GT1";;"O";1;1;
"I03";4;"RQI";22;"{";"INSURANCE";"O";0;0;
"I03";4;"RQI";23;"IN1";;"O";0;0;
"I03";4;"RQI";25;"IN2";;"O";0;1;
"I03";4;"RQI";28;"IN3";;"O";0;1;
"I03";4;"RQI";30;"}";;"O";0;0;
"I03";4;"RQI";31;"]";;"O";0;0;
"I03";4;"RQI";34;"NTE";;"O";1;1;
"I04";3;"RPI";1;"MSH";;"O";0;0;
"I04";3;"RPI";2;"MSA";;"O";0;0;
"I04";3;"RPI";3;"{";"PROVIDER";"O";0;0;
"I04";3;"RPI";4;"PRD";;"O";0;0;
"I04";3;"RPI";7;"CTD";;"O";1;1;
"I04";3;"RPI";10;"}";;"O";0;0;
"I04";3;"RPI";11;"PID";;"O";0;0;
"I04";3;"RPI";14;"NK1";;"O";1;1;
"I04";3;"RPI";17;"[";"GUARANTOR_INSURANCE";"O";0;0;
"I04";3;"RPI";20;"GT1";;"O";1;1;
"I04";3;"RPI";23;"{";"INSURANCE";"O";0;0;
"I04";3;"RPI";24;"IN1";;"O";0;0;
"I04";3;"RPI";26;"IN2";;"O";0;1;
"I04";3;"RPI";29;"IN3";;"O";0;1;
"I04";3;"RPI";31;"}";;"O";0;0;
"I04";3;"RPI";32;"]";;"O";0;0;
"I04";3;"RPI";35;"NTE";;"O";1;1;
"I04";3;"RQP";1;"MSH";;"O";0;0;
"I04";3;"RQP";2;"{";"PROVIDER";"O";0;0;
"I04";3;"RQP";3;"PRD";;"O";0;0;
"I04";3;"RQP";6;"CTD";;"O";1;1;
"I04";3;"RQP";9;"}";;"O";0;0;
"I04";3;"RQP";10;"PID";;"O";0;0;
"I04";3;"RQP";13;"NK1";;"O";1;1;
"I04";3;"RQP";18;"GT1";;"O";1;1;
"I04";3;"RQP";23;"NTE";;"O";1;1;
"I04";4;"RPI";1;"MSH";;"O";0;0;
"I04";4;"RPI";2;"MSA";;"O";0;0;
"I04";4;"RPI";3;"{";"PROVIDER";"O";0;0;
"I04";4;"RPI";4;"PRD";;"O";0;0;
"I04";4;"RPI";7;"CTD";;"O";1;1;
"I04";4;"RPI";10;"}";;"O";0;0;
"I04";4;"RPI";11;"PID";;"O";0;0;
"I04";4;"RPI";14;"NK1";;"O";1;1;
"I04";4;"RPI";17;"[";"GUARANTOR_INSURANCE";"O";0;0;
"I04";4;"RPI";20;"GT1";;"O";1;1;
"I04";4;"RPI";23;"{";"INSURANCE";"O";0;0;
"I04";4;"RPI";24;"IN1";;"O";0;0;
"I04";4;"RPI";26;"IN2";;"O";0;1;
"I04";4;"RPI";29;"IN3";;"O";0;1;
"I04";4;"RPI";31;"}";;"O";0;0;
"I04";4;"RPI";32;"]";;"O";0;0;
"I04";4;"RPI";35;"NTE";;"O";1;1;
"I04";4;"RQP";1;"MSH";;"O";0;0;
"I04";4;"RQP";2;"{";"PROVIDER";"O";0;0;
"I04";4;"RQP";3;"PRD";;"O";0;0;
"I04";4;"RQP";6;"CTD";;"O";1;1;
"I04";4;"RQP";9;"}";;"O";0;0;
"I04";4;"RQP";10;"PID";;"O";0;0;
"I04";4;"RQP";13;"NK1";;"O";1;1;
"I04";4;"RQP";18;"GT1";;"O";1;1;
"I04";4;"RQP";23;"NTE";;"O";1;1;
"I05";3;"RCI";1;"MSH";;"O";0;0;
"I05";3;"RCI";2;"MSA";;"O";0;0;
"I05";3;"RCI";3;"QRD";;"O";0;0;
"I05";3;"RCI";5;"QRF";;"O";0;1;
"I05";3;"RCI";7;"{";"PROVIDER";"O";0;0;
"I05";3;"RCI";8;"PRD";;"O";0;0;
"I05";3;"RCI";11;"CTD";;"O";1;1;
"I05";3;"RCI";14;"}";;"O";0;0;
"I05";3;"RCI";15;"PID";;"O";0;0;
"I05";3;"RCI";18;"DG1";;"O";1;1;
"I05";3;"RCI";23;"DRG";;"O";1;1;
"I05";3;"RCI";28;"AL1";;"O";1;1;
"I05";3;"RCI";31;"[";"OBSERVATION";"O";0;0;
"I05";3;"RCI";32;"{";"";"O";0;0;
"I05";3;"RCI";33;"OBR";;"O";0;0;
"I05";3;"RCI";36;"NTE";;"O";1;1;
"I05";3;"RCI";39;"[";"RESULTS";"O";0;0;
"I05";3;"RCI";40;"{";"";"O";0;0;
"I05";3;"RCI";41;"OBX";;"O";0;0;
"I05";3;"RCI";44;"NTE";;"O";1;1;
"I05";3;"RCI";47;"}";;"O";0;0;
"I05";3;"RCI";48;"]";;"O";0;0;
"I05";3;"RCI";49;"}";;"O";0;0;
"I05";3;"RCI";50;"]";;"O";0;0;
"I05";3;"RCI";53;"NTE";;"O";1;1;
"I05";3;"RQC";1;"MSH";;"O";0;0;
"I05";3;"RQC";2;"QRD";;"O";0;0;
"I05";3;"RQC";4;"QRF";;"O";0;1;
"I05";3;"RQC";6;"{";"PROVIDER";"O";0;0;
"I05";3;"RQC";7;"PRD";;"O";0;0;
"I05";3;"RQC";10;"CTD";;"O";1;1;
"I05";3;"RQC";13;"}";;"O";0;0;
"I05";3;"RQC";14;"PID";;"O";0;0;
"I05";3;"RQC";17;"NK1";;"O";1;1;
"I05";3;"RQC";22;"GT1";;"O";1;1;
"I05";3;"RQC";27;"NTE";;"O";1;1;
"I05";4;"RCI";1;"MSH";;"O";0;0;
"I05";4;"RCI";2;"MSA";;"O";0;0;
"I05";4;"RCI";3;"QRD";;"O";0;0;
"I05";4;"RCI";5;"QRF";;"O";0;1;
"I05";4;"RCI";7;"{";"PROVIDER";"O";0;0;
"I05";4;"RCI";8;"PRD";;"O";0;0;
"I05";4;"RCI";11;"CTD";;"O";1;1;
"I05";4;"RCI";14;"}";;"O";0;0;
"I05";4;"RCI";15;"PID";;"O";0;0;
"I05";4;"RCI";18;"DG1";;"O";1;1;
"I05";4;"RCI";23;"DRG";;"O";1;1;
"I05";4;"RCI";28;"AL1";;"O";1;1;
"I05";4;"RCI";31;"[";"OBSERVATION";"O";0;0;
"I05";4;"RCI";32;"{";"";"O";0;0;
"I05";4;"RCI";33;"OBR";;"O";0;0;
"I05";4;"RCI";36;"NTE";;"O";1;1;
"I05";4;"RCI";39;"[";"RESULTS";"O";0;0;
"I05";4;"RCI";40;"{";"";"O";0;0;
"I05";4;"RCI";41;"OBX";;"O";0;0;
"I05";4;"RCI";44;"NTE";;"O";1;1;
"I05";4;"RCI";47;"}";;"O";0;0;
"I05";4;"RCI";48;"]";;"O";0;0;
"I05";4;"RCI";49;"}";;"O";0;0;
"I05";4;"RCI";50;"]";;"O";0;0;
"I05";4;"RCI";53;"NTE";;"O";1;1;
"I05";4;"RQC";1;"MSH";;"O";0;0;
"I05";4;"RQC";2;"QRD";;"O";0;0;
"I05";4;"RQC";4;"QRF";;"O";0;1;
"I05";4;"RQC";6;"{";"PROVIDER";"O";0;0;
"I05";4;"RQC";7;"PRD";;"O";0;0;
"I05";4;"RQC";10;"CTD";;"O";1;1;
"I05";4;"RQC";13;"}";;"O";0;0;
"I05";4;"RQC";14;"PID";;"O";0;0;
"I05";4;"RQC";17;"NK1";;"O";1;1;
"I05";4;"RQC";22;"GT1";;"O";1;1;
"I05";4;"RQC";27;"NTE";;"O";1;1;
"I06";3;"RCL";1;"MSH";;"O";0;0;
"I06";3;"RCL";2;"MSA";;"O";0;0;
"I06";3;"RCL";3;"QRD";;"O";0;0;
"I06";3;"RCL";5;"QRF";;"O";0;1;
"I06";3;"RCL";7;"{";"PROVIDER";"O";0;0;
"I06";3;"RCL";8;"PRD";;"O";0;0;
"I06";3;"RCL";11;"CTD";;"O";1;1;
"I06";3;"RCL";14;"}";;"O";0;0;
"I06";3;"RCL";15;"PID";;"O";0;0;
"I06";3;"RCL";18;"DG1";;"O";1;1;
"I06";3;"RCL";23;"DRG";;"O";1;1;
"I06";3;"RCL";28;"AL1";;"O";1;1;
"I06";3;"RCL";33;"NTE";;"O";1;1;
"I06";3;"RCL";38;"DSP";;"O";1;1;
"I06";3;"RCL";42;"DSC";;"O";0;1;
"I06";3;"RQC";1;"MSH";;"O";0;0;
"I06";3;"RQC";2;"QRD";;"O";0;0;
"I06";3;"RQC";4;"QRF";;"O";0;1;
"I06";3;"RQC";6;"{";"PROVIDER";"O";0;0;
"I06";3;"RQC";7;"PRD";;"O";0;0;
"I06";3;"RQC";10;"CTD";;"O";1;1;
"I06";3;"RQC";13;"}";;"O";0;0;
"I06";3;"RQC";14;"PID";;"O";0;0;
"I06";3;"RQC";17;"NK1";;"O";1;1;
"I06";3;"RQC";21;"GT1";;"O";0;1;
"I06";3;"RQC";25;"NTE";;"O";1;1;
"I06";4;"RCL";1;"MSH";;"O";0;0;
"I06";4;"RCL";2;"MSA";;"O";0;0;
"I06";4;"RCL";3;"QRD";;"O";0;0;
"I06";4;"RCL";5;"QRF";;"O";0;1;
"I06";4;"RCL";7;"{";"PROVIDER";"O";0;0;
"I06";4;"RCL";8;"PRD";;"O";0;0;
"I06";4;"RCL";11;"CTD";;"O";1;1;
"I06";4;"RCL";14;"}";;"O";0;0;
"I06";4;"RCL";15;"PID";;"O";0;0;
"I06";4;"RCL";18;"DG1";;"O";1;1;
"I06";4;"RCL";23;"DRG";;"O";1;1;
"I06";4;"RCL";28;"AL1";;"O";1;1;
"I06";4;"RCL";33;"NTE";;"O";1;1;
"I06";4;"RCL";38;"DSP";;"O";1;1;
"I06";4;"RCL";42;"DSC";;"O";0;1;
"I06";4;"RQC";1;"MSH";;"O";0;0;
"I06";4;"RQC";2;"QRD";;"O";0;0;
"I06";4;"RQC";4;"QRF";;"O";0;1;
"I06";4;"RQC";6;"{";"PROVIDER";"O";0;0;
"I06";4;"RQC";7;"PRD";;"O";0;0;
"I06";4;"RQC";10;"CTD";;"O";1;1;
"I06";4;"RQC";13;"}";;"O";0;0;
"I06";4;"RQC";14;"PID";;"O";0;0;
"I06";4;"RQC";17;"NK1";;"O";1;1;
"I06";4;"RQC";21;"GT1";;"O";0;1;
"I06";4;"RQC";25;"NTE";;"O";1;1;
"I07";3;"ACK";1;"MSH";;"O";0;0;
"I07";3;"ACK";2;"MSA";;"O";0;0;
"I07";3;"ACK";4;"ERR";;"O";0;1;
"I07";3;"PIN";1;"MSH";;"O";0;0;
"I07";3;"PIN";2;"{";"PROVIDER";"O";0;0;
"I07";3;"PIN";3;"PRD";;"O";0;0;
"I07";3;"PIN";6;"CTD";;"O";1;1;
"I07";3;"PIN";9;"}";;"O";0;0;
"I07";3;"PIN";10;"PID";;"O";0;0;
"I07";3;"PIN";13;"NK1";;"O";1;1;
"I07";3;"PIN";16;"[";"GUARANTOR_INSURANCE";"O";0;0;
"I07";3;"PIN";19;"GT1";;"O";1;1;
"I07";3;"PIN";22;"{";"INSURANCE";"O";0;0;
"I07";3;"PIN";23;"IN1";;"O";0;0;
"I07";3;"PIN";25;"IN2";;"O";0;1;
"I07";3;"PIN";28;"IN3";;"O";0;1;
"I07";3;"PIN";30;"}";;"O";0;0;
"I07";3;"PIN";31;"]";;"O";0;0;
"I07";3;"PIN";34;"NTE";;"O";1;1;
"I07";4;"ACK";1;"MSH";;"O";0;0;
"I07";4;"ACK";2;"MSA";;"O";0;0;
"I07";4;"ACK";4;"ERR";;"O";0;1;
"I07";4;"PIN";1;"MSH";;"O";0;0;
"I07";4;"PIN";2;"{";"PROVIDER";"O";0;0;
"I07";4;"PIN";3;"PRD";;"O";0;0;
"I07";4;"PIN";6;"CTD";;"O";1;1;
"I07";4;"PIN";9;"}";;"O";0;0;
"I07";4;"PIN";10;"PID";;"O";0;0;
"I07";4;"PIN";13;"NK1";;"O";1;1;
"I07";4;"PIN";16;"[";"GUARANTOR_INSURANCE";"O";0;0;
"I07";4;"PIN";19;"GT1";;"O";1;1;
"I07";4;"PIN";22;"{";"INSURANCE";"O";0;0;
"I07";4;"PIN";23;"IN1";;"O";0;0;
"I07";4;"PIN";25;"IN2";;"O";0;1;
"I07";4;"PIN";28;"IN3";;"O";0;1;
"I07";4;"PIN";30;"}";;"O";0;0;
"I07";4;"PIN";31;"]";;"O";0;0;
"I07";4;"PIN";34;"NTE";;"O";1;1;
"I08";3;"RPA";1;"MSH";;"O";0;0;
"I08";3;"RPA";2;"MSA";;"O";0;0;
"I08";3;"RPA";4;"RF1";;"O";0;1;
"I08";3;"RPA";6;"[";"AUTHORIZATION";"O";0;0;
"I08";3;"RPA";7;"AUT";;"O";0;0;
"I08";3;"RPA";9;"CTD";;"O";0;1;
"I08";3;"RPA";11;"]";;"O";0;0;
"I08";3;"RPA";12;"{";"PROVIDER";"O";0;0;
"I08";3;"RPA";13;"PRD";;"O";0;0;
"I08";3;"RPA";16;"CTD";;"O";1;1;
"I08";3;"RPA";19;"}";;"O";0;0;
"I08";3;"RPA";20;"PID";;"O";0;0;
"I08";3;"RPA";23;"NK1";;"O";1;1;
"I08";3;"RPA";28;"GT1";;"O";1;1;
"I08";3;"RPA";31;"[";"INSURANCE";"O";0;0;
"I08";3;"RPA";32;"{";"";"O";0;0;
"I08";3;"RPA";33;"IN1";;"O";0;0;
"I08";3;"RPA";35;"IN2";;"O";0;1;
"I08";3;"RPA";38;"IN3";;"O";0;1;
"I08";3;"RPA";40;"}";;"O";0;0;
"I08";3;"RPA";41;"]";;"O";0;0;
"I08";3;"RPA";43;"ACC";;"O";0;1;
"I08";3;"RPA";47;"DG1";;"O";1;1;
"I08";3;"RPA";52;"DRG";;"O";1;1;
"I08";3;"RPA";57;"AL1";;"O";1;1;
"I08";3;"RPA";60;"{";"PROCEDURE";"O";0;0;
"I08";3;"RPA";61;"PR1";;"O";0;0;
"I08";3;"RPA";62;"[";"AUTHORIZATION";"O";0;0;
"I08";3;"RPA";63;"AUT";;"O";0;0;
"I08";3;"RPA";65;"CTD";;"O";0;1;
"I08";3;"RPA";67;"]";;"O";0;0;
"I08";3;"RPA";68;"}";;"O";0;0;
"I08";3;"RPA";69;"[";"OBSERVATION";"O";0;0;
"I08";3;"RPA";70;"{";"";"O";0;0;
"I08";3;"RPA";71;"OBR";;"O";0;0;
"I08";3;"RPA";74;"NTE";;"O";1;1;
"I08";3;"RPA";77;"[";"RESULTS";"O";0;0;
"I08";3;"RPA";78;"{";"";"O";0;0;
"I08";3;"RPA";79;"OBX";;"O";0;0;
"I08";3;"RPA";82;"NTE";;"O";1;1;
"I08";3;"RPA";85;"}";;"O";0;0;
"I08";3;"RPA";86;"]";;"O";0;0;
"I08";3;"RPA";87;"}";;"O";0;0;
"I08";3;"RPA";88;"]";;"O";0;0;
"I08";3;"RPA";89;"[";"VISIT";"O";0;0;
"I08";3;"RPA";90;"PV1";;"O";0;0;
"I08";3;"RPA";92;"PV2";;"O";0;1;
"I08";3;"RPA";96;"NTE";;"O";1;1;
"I08";3;"RPA";99;"]";;"O";0;0;
"I08";3;"RQA";1;"MSH";;"O";0;0;
"I08";3;"RQA";3;"RF1";;"O";0;1;
"I08";3;"RQA";5;"[";"AUTHORIZATION";"O";0;0;
"I08";3;"RQA";6;"AUT";;"O";0;0;
"I08";3;"RQA";8;"CTD";;"O";0;1;
"I08";3;"RQA";10;"]";;"O";0;0;
"I08";3;"RQA";11;"{";"PROVIDER";"O";0;0;
"I08";3;"RQA";12;"PRD";;"O";0;0;
"I08";3;"RQA";15;"CTD";;"O";1;1;
"I08";3;"RQA";18;"}";;"O";0;0;
"I08";3;"RQA";19;"PID";;"O";0;0;
"I08";3;"RQA";22;"NK1";;"O";1;1;
"I08";3;"RQA";25;"[";"GUARANTOR_INSURANCE";"O";0;0;
"I08";3;"RQA";28;"GT1";;"O";1;1;
"I08";3;"RQA";31;"{";"INSURANCE";"O";0;0;
"I08";3;"RQA";32;"IN1";;"O";0;0;
"I08";3;"RQA";34;"IN2";;"O";0;1;
"I08";3;"RQA";37;"IN3";;"O";0;1;
"I08";3;"RQA";39;"}";;"O";0;0;
"I08";3;"RQA";40;"]";;"O";0;0;
"I08";3;"RQA";42;"ACC";;"O";0;1;
"I08";3;"RQA";46;"DG1";;"O";1;1;
"I08";3;"RQA";51;"DRG";;"O";1;1;
"I08";3;"RQA";56;"AL1";;"O";1;1;
"I08";3;"RQA";59;"[";"PROCEDURE";"O";0;0;
"I08";3;"RQA";60;"{";"";"O";0;0;
"I08";3;"RQA";61;"PR1";;"O";0;0;
"I08";3;"RQA";62;"[";"AUTHORIZATION";"O";0;0;
"I08";3;"RQA";63;"AUT";;"O";0;0;
"I08";3;"RQA";65;"CTD";;"O";0;1;
"I08";3;"RQA";67;"]";;"O";0;0;
"I08";3;"RQA";68;"}";;"O";0;0;
"I08";3;"RQA";69;"]";;"O";0;0;
"I08";3;"RQA";70;"[";"OBSERVATION";"O";0;0;
"I08";3;"RQA";71;"{";"";"O";0;0;
"I08";3;"RQA";72;"OBR";;"O";0;0;
"I08";3;"RQA";75;"NTE";;"O";1;1;
"I08";3;"RQA";78;"[";"RESULTS";"O";0;0;
"I08";3;"RQA";79;"{";"";"O";0;0;
"I08";3;"RQA";80;"OBX";;"O";0;0;
"I08";3;"RQA";83;"NTE";;"O";1;1;
"I08";3;"RQA";86;"}";;"O";0;0;
"I08";3;"RQA";87;"]";;"O";0;0;
"I08";3;"RQA";88;"}";;"O";0;0;
"I08";3;"RQA";89;"]";;"O";0;0;
"I08";3;"RQA";90;"[";"VISIT";"O";0;0;
"I08";3;"RQA";91;"PV1";;"O";0;0;
"I08";3;"RQA";93;"PV2";;"O";0;1;
"I08";3;"RQA";95;"]";;"O";0;0;
"I08";3;"RQA";98;"NTE";;"O";1;1;
"I09";3;"RPA";1;"MSH";;"O";0;0;
"I09";3;"RPA";2;"MSA";;"O";0;0;
"I09";3;"RPA";4;"RF1";;"O";0;1;
"I09";3;"RPA";6;"[";"AUTHORIZATION";"O";0;0;
"I09";3;"RPA";7;"AUT";;"O";0;0;
"I09";3;"RPA";9;"CTD";;"O";0;1;
"I09";3;"RPA";11;"]";;"O";0;0;
"I09";3;"RPA";12;"{";"PROVIDER";"O";0;0;
"I09";3;"RPA";13;"PRD";;"O";0;0;
"I09";3;"RPA";16;"CTD";;"O";1;1;
"I09";3;"RPA";19;"}";;"O";0;0;
"I09";3;"RPA";20;"PID";;"O";0;0;
"I09";3;"RPA";23;"NK1";;"O";1;1;
"I09";3;"RPA";28;"GT1";;"O";1;1;
"I09";3;"RPA";31;"[";"INSURANCE";"O";0;0;
"I09";3;"RPA";32;"{";"";"O";0;0;
"I09";3;"RPA";33;"IN1";;"O";0;0;
"I09";3;"RPA";35;"IN2";;"O";0;1;
"I09";3;"RPA";38;"IN3";;"O";0;1;
"I09";3;"RPA";40;"}";;"O";0;0;
"I09";3;"RPA";41;"]";;"O";0;0;
"I09";3;"RPA";43;"ACC";;"O";0;1;
"I09";3;"RPA";47;"DG1";;"O";1;1;
"I09";3;"RPA";52;"DRG";;"O";1;1;
"I09";3;"RPA";57;"AL1";;"O";1;1;
"I09";3;"RPA";60;"{";"PROCEDURE";"O";0;0;
"I09";3;"RPA";61;"PR1";;"O";0;0;
"I09";3;"RPA";62;"[";"AUTHORIZATION";"O";0;0;
"I09";3;"RPA";63;"AUT";;"O";0;0;
"I09";3;"RPA";65;"CTD";;"O";0;1;
"I09";3;"RPA";67;"]";;"O";0;0;
"I09";3;"RPA";68;"}";;"O";0;0;
"I09";3;"RPA";69;"[";"RESULTS";"O";0;0;
"I09";3;"RPA";70;"{";"";"O";0;0;
"I09";3;"RPA";71;"OBR";;"O";0;0;
"I09";3;"RPA";74;"NTE";;"O";1;1;
"I09";3;"RPA";77;"[";"OBSERVATION";"O";0;0;
"I09";3;"RPA";78;"{";"";"O";0;0;
"I09";3;"RPA";79;"OBX";;"O";0;0;
"I09";3;"RPA";82;"NTE";;"O";1;1;
"I09";3;"RPA";85;"}";;"O";0;0;
"I09";3;"RPA";86;"]";;"O";0;0;
"I09";3;"RPA";87;"}";;"O";0;0;
"I09";3;"RPA";88;"]";;"O";0;0;
"I09";3;"RPA";89;"[";"VISIT";"O";0;0;
"I09";3;"RPA";90;"PV1";;"O";0;0;
"I09";3;"RPA";92;"PV2";;"O";0;1;
"I09";3;"RPA";96;"NTE";;"O";1;1;
"I09";3;"RPA";99;"]";;"O";0;0;
"I09";3;"RQA";1;"MSH";;"O";0;0;
"I09";3;"RQA";3;"RF1";;"O";0;1;
"I09";3;"RQA";5;"[";"AUTHORIZATION";"O";0;0;
"I09";3;"RQA";6;"AUT";;"O";0;0;
"I09";3;"RQA";8;"CTD";;"O";0;1;
"I09";3;"RQA";10;"]";;"O";0;0;
"I09";3;"RQA";11;"{";"PROVIDER";"O";0;0;
"I09";3;"RQA";12;"PRD";;"O";0;0;
"I09";3;"RQA";15;"CTD";;"O";1;1;
"I09";3;"RQA";18;"}";;"O";0;0;
"I09";3;"RQA";19;"PID";;"O";0;0;
"I09";3;"RQA";22;"NK1";;"O";1;1;
"I09";3;"RQA";25;"[";"GUARANTOR_INSURANCE";"O";0;0;
"I09";3;"RQA";28;"GT1";;"O";1;1;
"I09";3;"RQA";31;"{";"INSURANCE";"O";0;0;
"I09";3;"RQA";32;"IN1";;"O";0;0;
"I09";3;"RQA";34;"IN2";;"O";0;1;
"I09";3;"RQA";37;"IN3";;"O";0;1;
"I09";3;"RQA";39;"}";;"O";0;0;
"I09";3;"RQA";40;"]";;"O";0;0;
"I09";3;"RQA";42;"ACC";;"O";0;1;
"I09";3;"RQA";46;"DG1";;"O";1;1;
"I09";3;"RQA";51;"DRG";;"O";1;1;
"I09";3;"RQA";56;"AL1";;"O";1;1;
"I09";3;"RQA";59;"[";"PROCEDURE";"O";0;0;
"I09";3;"RQA";60;"{";"";"O";0;0;
"I09";3;"RQA";61;"PR1";;"O";0;0;
"I09";3;"RQA";62;"[";"AUTHORIZATION";"O";0;0;
"I09";3;"RQA";63;"AUT";;"O";0;0;
"I09";3;"RQA";65;"CTD";;"O";0;1;
"I09";3;"RQA";67;"]";;"O";0;0;
"I09";3;"RQA";68;"}";;"O";0;0;
"I09";3;"RQA";69;"]";;"O";0;0;
"I09";3;"RQA";70;"[";"RESULTS";"O";0;0;
"I09";3;"RQA";71;"{";"";"O";0;0;
"I09";3;"RQA";72;"OBR";;"O";0;0;
"I09";3;"RQA";75;"NTE";;"O";1;1;
"I09";3;"RQA";78;"[";"OBSERVATION";"O";0;0;
"I09";3;"RQA";79;"{";"";"O";0;0;
"I09";3;"RQA";80;"OBX";;"O";0;0;
"I09";3;"RQA";83;"NTE";;"O";1;1;
"I09";3;"RQA";86;"}";;"O";0;0;
"I09";3;"RQA";87;"]";;"O";0;0;
"I09";3;"RQA";88;"}";;"O";0;0;
"I09";3;"RQA";89;"]";;"O";0;0;
"I09";3;"RQA";90;"[";"VISIT";"O";0;0;
"I09";3;"RQA";91;"PV1";;"O";0;0;
"I09";3;"RQA";93;"PV2";;"O";0;1;
"I09";3;"RQA";95;"]";;"O";0;0;
"I09";3;"RQA";98;"NTE";;"O";1;1;
"I10";3;"RPA";1;"MSH";;"O";0;0;
"I10";3;"RPA";2;"MSA";;"O";0;0;
"I10";3;"RPA";4;"RF1";;"O";0;1;
"I10";3;"RPA";6;"[";"AUTHORIZATION";"O";0;0;
"I10";3;"RPA";7;"AUT";;"O";0;0;
"I10";3;"RPA";9;"CTD";;"O";0;1;
"I10";3;"RPA";11;"]";;"O";0;0;
"I10";3;"RPA";12;"{";"PROVIDER";"O";0;0;
"I10";3;"RPA";13;"PRD";;"O";0;0;
"I10";3;"RPA";16;"CTD";;"O";1;1;
"I10";3;"RPA";19;"}";;"O";0;0;
"I10";3;"RPA";20;"PID";;"O";0;0;
"I10";3;"RPA";23;"NK1";;"O";1;1;
"I10";3;"RPA";28;"GT1";;"O";1;1;
"I10";3;"RPA";31;"[";"INSURANCE";"O";0;0;
"I10";3;"RPA";32;"{";"";"O";0;0;
"I10";3;"RPA";33;"IN1";;"O";0;0;
"I10";3;"RPA";35;"IN2";;"O";0;1;
"I10";3;"RPA";38;"IN3";;"O";0;1;
"I10";3;"RPA";40;"}";;"O";0;0;
"I10";3;"RPA";41;"]";;"O";0;0;
"I10";3;"RPA";43;"ACC";;"O";0;1;
"I10";3;"RPA";47;"DG1";;"O";1;1;
"I10";3;"RPA";52;"DRG";;"O";1;1;
"I10";3;"RPA";57;"AL1";;"O";1;1;
"I10";3;"RPA";60;"{";"PROCEDURE";"O";0;0;
"I10";3;"RPA";61;"PR1";;"O";0;0;
"I10";3;"RPA";62;"[";"AUTHORIZATION";"O";0;0;
"I10";3;"RPA";63;"AUT";;"O";0;0;
"I10";3;"RPA";65;"CTD";;"O";0;1;
"I10";3;"RPA";67;"]";;"O";0;0;
"I10";3;"RPA";68;"}";;"O";0;0;
"I10";3;"RPA";69;"[";"RESULTS";"O";0;0;
"I10";3;"RPA";70;"{";"";"O";0;0;
"I10";3;"RPA";71;"OBR";;"O";0;0;
"I10";3;"RPA";74;"NTE";;"O";1;1;
"I10";3;"RPA";77;"[";"OBSERVATION";"O";0;0;
"I10";3;"RPA";78;"{";"";"O";0;0;
"I10";3;"RPA";79;"OBX";;"O";0;0;
"I10";3;"RPA";82;"NTE";;"O";1;1;
"I10";3;"RPA";85;"}";;"O";0;0;
"I10";3;"RPA";86;"]";;"O";0;0;
"I10";3;"RPA";87;"}";;"O";0;0;
"I10";3;"RPA";88;"]";;"O";0;0;
"I10";3;"RPA";89;"[";"VISIT";"O";0;0;
"I10";3;"RPA";90;"PV1";;"O";0;0;
"I10";3;"RPA";92;"PV2";;"O";0;1;
"I10";3;"RPA";96;"NTE";;"O";1;1;
"I10";3;"RPA";99;"]";;"O";0;0;
"I10";3;"RQA";1;"MSH";;"O";0;0;
"I10";3;"RQA";3;"RF1";;"O";0;1;
"I10";3;"RQA";5;"[";"AUTHORIZATION";"O";0;0;
"I10";3;"RQA";6;"AUT";;"O";0;0;
"I10";3;"RQA";8;"CTD";;"O";0;1;
"I10";3;"RQA";10;"]";;"O";0;0;
"I10";3;"RQA";11;"{";"PROVIDER";"O";0;0;
"I10";3;"RQA";12;"PRD";;"O";0;0;
"I10";3;"RQA";15;"CTD";;"O";1;1;
"I10";3;"RQA";18;"}";;"O";0;0;
"I10";3;"RQA";19;"PID";;"O";0;0;
"I10";3;"RQA";22;"NK1";;"O";1;1;
"I10";3;"RQA";25;"[";"GUARANTOR_INSURANCE";"O";0;0;
"I10";3;"RQA";28;"GT1";;"O";1;1;
"I10";3;"RQA";31;"{";"INSURANCE";"O";0;0;
"I10";3;"RQA";32;"IN1";;"O";0;0;
"I10";3;"RQA";34;"IN2";;"O";0;1;
"I10";3;"RQA";37;"IN3";;"O";0;1;
"I10";3;"RQA";39;"}";;"O";0;0;
"I10";3;"RQA";40;"]";;"O";0;0;
"I10";3;"RQA";42;"ACC";;"O";0;1;
"I10";3;"RQA";46;"DG1";;"O";1;1;
"I10";3;"RQA";51;"DRG";;"O";1;1;
"I10";3;"RQA";56;"AL1";;"O";1;1;
"I10";3;"RQA";59;"[";"PROCEDURE";"O";0;0;
"I10";3;"RQA";60;"{";"";"O";0;0;
"I10";3;"RQA";61;"PR1";;"O";0;0;
"I10";3;"RQA";62;"[";"AUTHORIZATION";"O";0;0;
"I10";3;"RQA";63;"AUT";;"O";0;0;
"I10";3;"RQA";65;"CTD";;"O";0;1;
"I10";3;"RQA";67;"]";;"O";0;0;
"I10";3;"RQA";68;"}";;"O";0;0;
"I10";3;"RQA";69;"]";;"O";0;0;
"I10";3;"RQA";70;"[";"RESULTS";"O";0;0;
"I10";3;"RQA";71;"{";"";"O";0;0;
"I10";3;"RQA";72;"OBR";;"O";0;0;
"I10";3;"RQA";75;"NTE";;"O";1;1;
"I10";3;"RQA";78;"[";"OBSERVATION";"O";0;0;
"I10";3;"RQA";79;"{";"";"O";0;0;
"I10";3;"RQA";80;"OBX";;"O";0;0;
"I10";3;"RQA";83;"NTE";;"O";1;1;
"I10";3;"RQA";86;"}";;"O";0;0;
"I10";3;"RQA";87;"]";;"O";0;0;
"I10";3;"RQA";88;"}";;"O";0;0;
"I10";3;"RQA";89;"]";;"O";0;0;
"I10";3;"RQA";90;"[";"VISIT";"O";0;0;
"I10";3;"RQA";91;"PV1";;"O";0;0;
"I10";3;"RQA";93;"PV2";;"O";0;1;
"I10";3;"RQA";95;"]";;"O";0;0;
"I10";3;"RQA";98;"NTE";;"O";1;1;
"I11";3;"RPA";1;"MSH";;"O";0;0;
"I11";3;"RPA";2;"MSA";;"O";0;0;
"I11";3;"RPA";4;"RF1";;"O";0;1;
"I11";3;"RPA";6;"[";"AUTHORIZATION";"O";0;0;
"I11";3;"RPA";7;"AUT";;"O";0;0;
"I11";3;"RPA";9;"CTD";;"O";0;1;
"I11";3;"RPA";11;"]";;"O";0;0;
"I11";3;"RPA";12;"{";"PROVIDER";"O";0;0;
"I11";3;"RPA";13;"PRD";;"O";0;0;
"I11";3;"RPA";16;"CTD";;"O";1;1;
"I11";3;"RPA";19;"}";;"O";0;0;
"I11";3;"RPA";20;"PID";;"O";0;0;
"I11";3;"RPA";23;"NK1";;"O";1;1;
"I11";3;"RPA";28;"GT1";;"O";1;1;
"I11";3;"RPA";31;"[";"INSURANCE";"O";0;0;
"I11";3;"RPA";32;"{";"";"O";0;0;
"I11";3;"RPA";33;"IN1";;"O";0;0;
"I11";3;"RPA";35;"IN2";;"O";0;1;
"I11";3;"RPA";38;"IN3";;"O";0;1;
"I11";3;"RPA";40;"}";;"O";0;0;
"I11";3;"RPA";41;"]";;"O";0;0;
"I11";3;"RPA";43;"ACC";;"O";0;1;
"I11";3;"RPA";47;"DG1";;"O";1;1;
"I11";3;"RPA";52;"DRG";;"O";1;1;
"I11";3;"RPA";57;"AL1";;"O";1;1;
"I11";3;"RPA";60;"{";"PROCEDURE";"O";0;0;
"I11";3;"RPA";61;"PR1";;"O";0;0;
"I11";3;"RPA";62;"[";"AUTHORIZATION";"O";0;0;
"I11";3;"RPA";63;"AUT";;"O";0;0;
"I11";3;"RPA";65;"CTD";;"O";0;1;
"I11";3;"RPA";67;"]";;"O";0;0;
"I11";3;"RPA";68;"}";;"O";0;0;
"I11";3;"RPA";69;"[";"RESULTS";"O";0;0;
"I11";3;"RPA";70;"{";"";"O";0;0;
"I11";3;"RPA";71;"OBR";;"O";0;0;
"I11";3;"RPA";74;"NTE";;"O";1;1;
"I11";3;"RPA";77;"[";"OBSERVATION";"O";0;0;
"I11";3;"RPA";78;"{";"";"O";0;0;
"I11";3;"RPA";79;"OBX";;"O";0;0;
"I11";3;"RPA";82;"NTE";;"O";1;1;
"I11";3;"RPA";85;"}";;"O";0;0;
"I11";3;"RPA";86;"]";;"O";0;0;
"I11";3;"RPA";87;"}";;"O";0;0;
"I11";3;"RPA";88;"]";;"O";0;0;
"I11";3;"RPA";89;"[";"VISIT";"O";0;0;
"I11";3;"RPA";90;"PV1";;"O";0;0;
"I11";3;"RPA";92;"PV2";;"O";0;1;
"I11";3;"RPA";96;"NTE";;"O";1;1;
"I11";3;"RPA";99;"]";;"O";0;0;
"I11";3;"RQA";1;"MSH";;"O";0;0;
"I11";3;"RQA";3;"RF1";;"O";0;1;
"I11";3;"RQA";5;"[";"AUTHORIZATION";"O";0;0;
"I11";3;"RQA";6;"AUT";;"O";0;0;
"I11";3;"RQA";8;"CTD";;"O";0;1;
"I11";3;"RQA";10;"]";;"O";0;0;
"I11";3;"RQA";11;"{";"PROVIDER";"O";0;0;
"I11";3;"RQA";12;"PRD";;"O";0;0;
"I11";3;"RQA";15;"CTD";;"O";1;1;
"I11";3;"RQA";18;"}";;"O";0;0;
"I11";3;"RQA";19;"PID";;"O";0;0;
"I11";3;"RQA";22;"NK1";;"O";1;1;
"I11";3;"RQA";25;"[";"GUARANTOR_INSURANCE";"O";0;0;
"I11";3;"RQA";28;"GT1";;"O";1;1;
"I11";3;"RQA";31;"{";"INSURANCE";"O";0;0;
"I11";3;"RQA";32;"IN1";;"O";0;0;
"I11";3;"RQA";34;"IN2";;"O";0;1;
"I11";3;"RQA";37;"IN3";;"O";0;1;
"I11";3;"RQA";39;"}";;"O";0;0;
"I11";3;"RQA";40;"]";;"O";0;0;
"I11";3;"RQA";42;"ACC";;"O";0;1;
"I11";3;"RQA";46;"DG1";;"O";1;1;
"I11";3;"RQA";51;"DRG";;"O";1;1;
"I11";3;"RQA";56;"AL1";;"O";1;1;
"I11";3;"RQA";59;"[";"PROCEDURE";"O";0;0;
"I11";3;"RQA";60;"{";"";"O";0;0;
"I11";3;"RQA";61;"PR1";;"O";0;0;
"I11";3;"RQA";62;"[";"AUTHORIZATION";"O";0;0;
"I11";3;"RQA";63;"AUT";;"O";0;0;
"I11";3;"RQA";65;"CTD";;"O";0;1;
"I11";3;"RQA";67;"]";;"O";0;0;
"I11";3;"RQA";68;"}";;"O";0;0;
"I11";3;"RQA";69;"]";;"O";0;0;
"I11";3;"RQA";70;"[";"RESULTS";"O";0;0;
"I11";3;"RQA";71;"{";"";"O";0;0;
"I11";3;"RQA";72;"OBR";;"O";0;0;
"I11";3;"RQA";75;"NTE";;"O";1;1;
"I11";3;"RQA";78;"[";"OBSERVATION";"O";0;0;
"I11";3;"RQA";79;"{";"";"O";0;0;
"I11";3;"RQA";80;"OBX";;"O";0;0;
"I11";3;"RQA";83;"NTE";;"O";1;1;
"I11";3;"RQA";86;"}";;"O";0;0;
"I11";3;"RQA";87;"]";;"O";0;0;
"I11";3;"RQA";88;"}";;"O";0;0;
"I11";3;"RQA";89;"]";;"O";0;0;
"I11";3;"RQA";90;"[";"VISIT";"O";0;0;
"I11";3;"RQA";91;"PV1";;"O";0;0;
"I11";3;"RQA";93;"PV2";;"O";0;1;
"I11";3;"RQA";95;"]";;"O";0;0;
"I11";3;"RQA";98;"NTE";;"O";1;1;
"I12";3;"REF";1;"MSH";;"O";0;0;
"I12";3;"REF";3;"RF1";;"O";0;1;
"I12";3;"REF";5;"[";"AUTHORIZATION";"O";0;0;
"I12";3;"REF";6;"AUT";;"O";0;0;
"I12";3;"REF";8;"CTD";;"O";0;1;
"I12";3;"REF";10;"]";;"O";0;0;
"I12";3;"REF";11;"{";"PROVIDER";"O";0;0;
"I12";3;"REF";12;"PRD";;"O";0;0;
"I12";3;"REF";15;"CTD";;"O";1;1;
"I12";3;"REF";18;"}";;"O";0;0;
"I12";3;"REF";19;"PID";;"O";0;0;
"I12";3;"REF";22;"NK1";;"O";1;1;
"I12";3;"REF";27;"GT1";;"O";1;1;
"I12";3;"REF";30;"[";"INSURANCE";"O";0;0;
"I12";3;"REF";31;"{";"";"O";0;0;
"I12";3;"REF";32;"IN1";;"O";0;0;
"I12";3;"REF";34;"IN2";;"O";0;1;
"I12";3;"REF";37;"IN3";;"O";0;1;
"I12";3;"REF";39;"}";;"O";0;0;
"I12";3;"REF";40;"]";;"O";0;0;
"I12";3;"REF";42;"ACC";;"O";0;1;
"I12";3;"REF";46;"DG1";;"O";1;1;
"I12";3;"REF";51;"DRG";;"O";1;1;
"I12";3;"REF";56;"AL1";;"O";1;1;
"I12";3;"REF";59;"[";"PROCEDURE";"O";0;0;
"I12";3;"REF";60;"{";"";"O";0;0;
"I12";3;"REF";61;"PR1";;"O";0;0;
"I12";3;"REF";62;"[";"AUTHORIZATION";"O";0;0;
"I12";3;"REF";63;"AUT";;"O";0;0;
"I12";3;"REF";65;"CTD";;"O";0;1;
"I12";3;"REF";67;"]";;"O";0;0;
"I12";3;"REF";68;"}";;"O";0;0;
"I12";3;"REF";69;"]";;"O";0;0;
"I12";3;"REF";70;"[";"RESULTS";"O";0;0;
"I12";3;"REF";71;"{";"";"O";0;0;
"I12";3;"REF";72;"OBR";;"O";0;0;
"I12";3;"REF";75;"NTE";;"O";1;1;
"I12";3;"REF";78;"[";"OBSERVATION";"O";0;0;
"I12";3;"REF";79;"{";"";"O";0;0;
"I12";3;"REF";80;"OBX";;"O";0;0;
"I12";3;"REF";83;"NTE";;"O";1;1;
"I12";3;"REF";86;"}";;"O";0;0;
"I12";3;"REF";87;"]";;"O";0;0;
"I12";3;"REF";88;"}";;"O";0;0;
"I12";3;"REF";89;"]";;"O";0;0;
"I12";3;"REF";90;"[";"VISIT";"O";0;0;
"I12";3;"REF";91;"PV1";;"O";0;0;
"I12";3;"REF";93;"PV2";;"O";0;1;
"I12";3;"REF";95;"]";;"O";0;0;
"I12";3;"REF";104;"NTE";;"O";1;1;
"I12";3;"RRI";1;"MSH";;"O";0;0;
"I12";3;"RRI";3;"MSA";;"O";0;1;
"I12";3;"RRI";6;"RF1";;"O";0;1;
"I12";3;"RRI";8;"[";"AUTHORIZATION";"O";0;0;
"I12";3;"RRI";9;"AUT";;"O";0;0;
"I12";3;"RRI";11;"CTD";;"O";0;1;
"I12";3;"RRI";13;"]";;"O";0;0;
"I12";3;"RRI";14;"{";"PROVIDER";"O";0;0;
"I12";3;"RRI";15;"PRD";;"O";0;0;
"I12";3;"RRI";18;"CTD";;"O";1;1;
"I12";3;"RRI";21;"}";;"O";0;0;
"I12";3;"RRI";22;"PID";;"O";0;0;
"I12";3;"RRI";24;"ACC";;"O";0;1;
"I12";3;"RRI";28;"DG1";;"O";1;1;
"I12";3;"RRI";33;"DRG";;"O";1;1;
"I12";3;"RRI";38;"AL1";;"O";1;1;
"I12";3;"RRI";41;"[";"PROCEDURE";"O";0;0;
"I12";3;"RRI";42;"{";"";"O";0;0;
"I12";3;"RRI";43;"PR1";;"O";0;0;
"I12";3;"RRI";44;"[";"AUTHORIZATION";"O";0;0;
"I12";3;"RRI";45;"AUT";;"O";0;0;
"I12";3;"RRI";47;"CTD";;"O";0;1;
"I12";3;"RRI";49;"]";;"O";0;0;
"I12";3;"RRI";50;"}";;"O";0;0;
"I12";3;"RRI";51;"]";;"O";0;0;
"I12";3;"RRI";52;"[";"RESULTS";"O";0;0;
"I12";3;"RRI";53;"{";"";"O";0;0;
"I12";3;"RRI";54;"OBR";;"O";0;0;
"I12";3;"RRI";57;"NTE";;"O";1;1;
"I12";3;"RRI";60;"[";"OBSERVATION";"O";0;0;
"I12";3;"RRI";61;"{";"";"O";0;0;
"I12";3;"RRI";62;"OBX";;"O";0;0;
"I12";3;"RRI";65;"NTE";;"O";1;1;
"I12";3;"RRI";68;"}";;"O";0;0;
"I12";3;"RRI";69;"]";;"O";0;0;
"I12";3;"RRI";70;"}";;"O";0;0;
"I12";3;"RRI";71;"]";;"O";0;0;
"I12";3;"RRI";72;"[";"VISIT";"O";0;0;
"I12";3;"RRI";73;"PV1";;"O";0;0;
"I12";3;"RRI";75;"PV2";;"O";0;1;
"I12";3;"RRI";77;"]";;"O";0;0;
"I12";3;"RRI";80;"NTE";;"O";1;1;
"I13";3;"REF";1;"MSH";;"O";0;0;
"I13";3;"REF";3;"RF1";;"O";0;1;
"I13";3;"REF";5;"[";"AUTHORIZATION";"O";0;0;
"I13";3;"REF";6;"AUT";;"O";0;0;
"I13";3;"REF";8;"CTD";;"O";0;1;
"I13";3;"REF";10;"]";;"O";0;0;
"I13";3;"REF";11;"{";"PROVIDER";"O";0;0;
"I13";3;"REF";12;"PRD";;"O";0;0;
"I13";3;"REF";15;"CTD";;"O";1;1;
"I13";3;"REF";18;"}";;"O";0;0;
"I13";3;"REF";19;"PID";;"O";0;0;
"I13";3;"REF";22;"NK1";;"O";1;1;
"I13";3;"REF";27;"GT1";;"O";1;1;
"I13";3;"REF";30;"[";"INSURANCE";"O";0;0;
"I13";3;"REF";31;"{";"";"O";0;0;
"I13";3;"REF";32;"IN1";;"O";0;0;
"I13";3;"REF";34;"IN2";;"O";0;1;
"I13";3;"REF";37;"IN3";;"O";0;1;
"I13";3;"REF";39;"}";;"O";0;0;
"I13";3;"REF";40;"]";;"O";0;0;
"I13";3;"REF";42;"ACC";;"O";0;1;
"I13";3;"REF";46;"DG1";;"O";1;1;
"I13";3;"REF";51;"DRG";;"O";1;1;
"I13";3;"REF";56;"AL1";;"O";1;1;
"I13";3;"REF";59;"[";"PROCEDURE";"O";0;0;
"I13";3;"REF";60;"{";"";"O";0;0;
"I13";3;"REF";61;"PR1";;"O";0;0;
"I13";3;"REF";62;"[";"AUTHORIZATION";"O";0;0;
"I13";3;"REF";63;"AUT";;"O";0;0;
"I13";3;"REF";65;"CTD";;"O";0;1;
"I13";3;"REF";67;"]";;"O";0;0;
"I13";3;"REF";68;"}";;"O";0;0;
"I13";3;"REF";69;"]";;"O";0;0;
"I13";3;"REF";70;"[";"RESULTS";"O";0;0;
"I13";3;"REF";71;"{";"";"O";0;0;
"I13";3;"REF";72;"OBR";;"O";0;0;
"I13";3;"REF";75;"NTE";;"O";1;1;
"I13";3;"REF";78;"[";"OBSERVATION";"O";0;0;
"I13";3;"REF";79;"{";"";"O";0;0;
"I13";3;"REF";80;"OBX";;"O";0;0;
"I13";3;"REF";83;"NTE";;"O";1;1;
"I13";3;"REF";86;"}";;"O";0;0;
"I13";3;"REF";87;"]";;"O";0;0;
"I13";3;"REF";88;"}";;"O";0;0;
"I13";3;"REF";89;"]";;"O";0;0;
"I13";3;"REF";90;"[";"VISIT";"O";0;0;
"I13";3;"REF";91;"PV1";;"O";0;0;
"I13";3;"REF";93;"PV2";;"O";0;1;
"I13";3;"REF";95;"]";;"O";0;0;
"I13";3;"REF";104;"NTE";;"O";1;1;
"I13";3;"RRI";1;"MSH";;"O";0;0;
"I13";3;"RRI";3;"MSA";;"O";0;1;
"I13";3;"RRI";6;"RF1";;"O";0;1;
"I13";3;"RRI";8;"[";"AUTHORIZATION";"O";0;0;
"I13";3;"RRI";9;"AUT";;"O";0;0;
"I13";3;"RRI";11;"CTD";;"O";0;1;
"I13";3;"RRI";13;"]";;"O";0;0;
"I13";3;"RRI";14;"{";"PROVIDER";"O";0;0;
"I13";3;"RRI";15;"PRD";;"O";0;0;
"I13";3;"RRI";18;"CTD";;"O";1;1;
"I13";3;"RRI";21;"}";;"O";0;0;
"I13";3;"RRI";22;"PID";;"O";0;0;
"I13";3;"RRI";24;"ACC";;"O";0;1;
"I13";3;"RRI";28;"DG1";;"O";1;1;
"I13";3;"RRI";33;"DRG";;"O";1;1;
"I13";3;"RRI";38;"AL1";;"O";1;1;
"I13";3;"RRI";41;"[";"PROCEDURE";"O";0;0;
"I13";3;"RRI";42;"{";"";"O";0;0;
"I13";3;"RRI";43;"PR1";;"O";0;0;
"I13";3;"RRI";44;"[";"AUTHORIZATION";"O";0;0;
"I13";3;"RRI";45;"AUT";;"O";0;0;
"I13";3;"RRI";47;"CTD";;"O";0;1;
"I13";3;"RRI";49;"]";;"O";0;0;
"I13";3;"RRI";50;"}";;"O";0;0;
"I13";3;"RRI";51;"]";;"O";0;0;
"I13";3;"RRI";52;"[";"RESULTS";"O";0;0;
"I13";3;"RRI";53;"{";"";"O";0;0;
"I13";3;"RRI";54;"OBR";;"O";0;0;
"I13";3;"RRI";57;"NTE";;"O";1;1;
"I13";3;"RRI";60;"[";"OBSERVATION";"O";0;0;
"I13";3;"RRI";61;"{";"";"O";0;0;
"I13";3;"RRI";62;"OBX";;"O";0;0;
"I13";3;"RRI";65;"NTE";;"O";1;1;
"I13";3;"RRI";68;"}";;"O";0;0;
"I13";3;"RRI";69;"]";;"O";0;0;
"I13";3;"RRI";70;"}";;"O";0;0;
"I13";3;"RRI";71;"]";;"O";0;0;
"I13";3;"RRI";72;"[";"VISIT";"O";0;0;
"I13";3;"RRI";73;"PV1";;"O";0;0;
"I13";3;"RRI";75;"PV2";;"O";0;1;
"I13";3;"RRI";77;"]";;"O";0;0;
"I13";3;"RRI";80;"NTE";;"O";1;1;
"I14";3;"REF";1;"MSH";;"O";0;0;
"I14";3;"REF";3;"RF1";;"O";0;1;
"I14";3;"REF";5;"[";"AUTHORIZATION";"O";0;0;
"I14";3;"REF";6;"AUT";;"O";0;0;
"I14";3;"REF";8;"CTD";;"O";0;1;
"I14";3;"REF";10;"]";;"O";0;0;
"I14";3;"REF";11;"{";"PROVIDER";"O";0;0;
"I14";3;"REF";12;"PRD";;"O";0;0;
"I14";3;"REF";15;"CTD";;"O";1;1;
"I14";3;"REF";18;"}";;"O";0;0;
"I14";3;"REF";19;"PID";;"O";0;0;
"I14";3;"REF";22;"NK1";;"O";1;1;
"I14";3;"REF";27;"GT1";;"O";1;1;
"I14";3;"REF";30;"[";"INSURANCE";"O";0;0;
"I14";3;"REF";31;"{";"";"O";0;0;
"I14";3;"REF";32;"IN1";;"O";0;0;
"I14";3;"REF";34;"IN2";;"O";0;1;
"I14";3;"REF";37;"IN3";;"O";0;1;
"I14";3;"REF";39;"}";;"O";0;0;
"I14";3;"REF";40;"]";;"O";0;0;
"I14";3;"REF";42;"ACC";;"O";0;1;
"I14";3;"REF";46;"DG1";;"O";1;1;
"I14";3;"REF";51;"DRG";;"O";1;1;
"I14";3;"REF";56;"AL1";;"O";1;1;
"I14";3;"REF";59;"[";"PROCEDURE";"O";0;0;
"I14";3;"REF";60;"{";"";"O";0;0;
"I14";3;"REF";61;"PR1";;"O";0;0;
"I14";3;"REF";62;"[";"AUTHORIZATION";"O";0;0;
"I14";3;"REF";63;"AUT";;"O";0;0;
"I14";3;"REF";65;"CTD";;"O";0;1;
"I14";3;"REF";67;"]";;"O";0;0;
"I14";3;"REF";68;"}";;"O";0;0;
"I14";3;"REF";69;"]";;"O";0;0;
"I14";3;"REF";70;"[";"RESULTS";"O";0;0;
"I14";3;"REF";71;"{";"";"O";0;0;
"I14";3;"REF";72;"OBR";;"O";0;0;
"I14";3;"REF";75;"NTE";;"O";1;1;
"I14";3;"REF";78;"[";"OBSERVATION";"O";0;0;
"I14";3;"REF";79;"{";"";"O";0;0;
"I14";3;"REF";80;"OBX";;"O";0;0;
"I14";3;"REF";83;"NTE";;"O";1;1;
"I14";3;"REF";86;"}";;"O";0;0;
"I14";3;"REF";87;"]";;"O";0;0;
"I14";3;"REF";88;"}";;"O";0;0;
"I14";3;"REF";89;"]";;"O";0;0;
"I14";3;"REF";90;"[";"VISIT";"O";0;0;
"I14";3;"REF";91;"PV1";;"O";0;0;
"I14";3;"REF";93;"PV2";;"O";0;1;
"I14";3;"REF";95;"]";;"O";0;0;
"I14";3;"REF";104;"NTE";;"O";1;1;
"I14";3;"RRI";1;"MSH";;"O";0;0;
"I14";3;"RRI";3;"MSA";;"O";0;1;
"I14";3;"RRI";6;"RF1";;"O";0;1;
"I14";3;"RRI";8;"[";"AUTHORIZATION";"O";0;0;
"I14";3;"RRI";9;"AUT";;"O";0;0;
"I14";3;"RRI";11;"CTD";;"O";0;1;
"I14";3;"RRI";13;"]";;"O";0;0;
"I14";3;"RRI";14;"{";"PROVIDER";"O";0;0;
"I14";3;"RRI";15;"PRD";;"O";0;0;
"I14";3;"RRI";18;"CTD";;"O";1;1;
"I14";3;"RRI";21;"}";;"O";0;0;
"I14";3;"RRI";22;"PID";;"O";0;0;
"I14";3;"RRI";24;"ACC";;"O";0;1;
"I14";3;"RRI";28;"DG1";;"O";1;1;
"I14";3;"RRI";33;"DRG";;"O";1;1;
"I14";3;"RRI";38;"AL1";;"O";1;1;
"I14";3;"RRI";41;"[";"PROCEDURE";"O";0;0;
"I14";3;"RRI";42;"{";"";"O";0;0;
"I14";3;"RRI";43;"PR1";;"O";0;0;
"I14";3;"RRI";44;"[";"AUTHORIZATION";"O";0;0;
"I14";3;"RRI";45;"AUT";;"O";0;0;
"I14";3;"RRI";47;"CTD";;"O";0;1;
"I14";3;"RRI";49;"]";;"O";0;0;
"I14";3;"RRI";50;"}";;"O";0;0;
"I14";3;"RRI";51;"]";;"O";0;0;
"I14";3;"RRI";52;"[";"RESULTS";"O";0;0;
"I14";3;"RRI";53;"{";"";"O";0;0;
"I14";3;"RRI";54;"OBR";;"O";0;0;
"I14";3;"RRI";57;"NTE";;"O";1;1;
"I14";3;"RRI";60;"[";"OBSERVATION";"O";0;0;
"I14";3;"RRI";61;"{";"";"O";0;0;
"I14";3;"RRI";62;"OBX";;"O";0;0;
"I14";3;"RRI";65;"NTE";;"O";1;1;
"I14";3;"RRI";68;"}";;"O";0;0;
"I14";3;"RRI";69;"]";;"O";0;0;
"I14";3;"RRI";70;"}";;"O";0;0;
"I14";3;"RRI";71;"]";;"O";0;0;
"I14";3;"RRI";72;"[";"VISIT";"O";0;0;
"I14";3;"RRI";73;"PV1";;"O";0;0;
"I14";3;"RRI";75;"PV2";;"O";0;1;
"I14";3;"RRI";77;"]";;"O";0;0;
"I14";3;"RRI";80;"NTE";;"O";1;1;
"I15";3;"REF";1;"MSH";;"O";0;0;
"I15";3;"REF";3;"RF1";;"O";0;1;
"I15";3;"REF";5;"[";"AUTHORIZATION";"O";0;0;
"I15";3;"REF";6;"AUT";;"O";0;0;
"I15";3;"REF";8;"CTD";;"O";0;1;
"I15";3;"REF";10;"]";;"O";0;0;
"I15";3;"REF";11;"{";"PROVIDER";"O";0;0;
"I15";3;"REF";12;"PRD";;"O";0;0;
"I15";3;"REF";15;"CTD";;"O";1;1;
"I15";3;"REF";18;"}";;"O";0;0;
"I15";3;"REF";19;"PID";;"O";0;0;
"I15";3;"REF";22;"NK1";;"O";1;1;
"I15";3;"REF";27;"GT1";;"O";1;1;
"I15";3;"REF";30;"[";"INSURANCE";"O";0;0;
"I15";3;"REF";31;"{";"";"O";0;0;
"I15";3;"REF";32;"IN1";;"O";0;0;
"I15";3;"REF";34;"IN2";;"O";0;1;
"I15";3;"REF";37;"IN3";;"O";0;1;
"I15";3;"REF";39;"}";;"O";0;0;
"I15";3;"REF";40;"]";;"O";0;0;
"I15";3;"REF";42;"ACC";;"O";0;1;
"I15";3;"REF";46;"DG1";;"O";1;1;
"I15";3;"REF";51;"DRG";;"O";1;1;
"I15";3;"REF";56;"AL1";;"O";1;1;
"I15";3;"REF";59;"[";"PROCEDURE";"O";0;0;
"I15";3;"REF";60;"{";"";"O";0;0;
"I15";3;"REF";61;"PR1";;"O";0;0;
"I15";3;"REF";62;"[";"AUTHORIZATION";"O";0;0;
"I15";3;"REF";63;"AUT";;"O";0;0;
"I15";3;"REF";65;"CTD";;"O";0;1;
"I15";3;"REF";67;"]";;"O";0;0;
"I15";3;"REF";68;"}";;"O";0;0;
"I15";3;"REF";69;"]";;"O";0;0;
"I15";3;"REF";70;"[";"RESULTS";"O";0;0;
"I15";3;"REF";71;"{";"";"O";0;0;
"I15";3;"REF";72;"OBR";;"O";0;0;
"I15";3;"REF";75;"NTE";;"O";1;1;
"I15";3;"REF";78;"[";"OBSERVATION";"O";0;0;
"I15";3;"REF";79;"{";"";"O";0;0;
"I15";3;"REF";80;"OBX";;"O";0;0;
"I15";3;"REF";83;"NTE";;"O";1;1;
"I15";3;"REF";86;"}";;"O";0;0;
"I15";3;"REF";87;"]";;"O";0;0;
"I15";3;"REF";88;"}";;"O";0;0;
"I15";3;"REF";89;"]";;"O";0;0;
"I15";3;"REF";90;"[";"VISIT";"O";0;0;
"I15";3;"REF";91;"PV1";;"O";0;0;
"I15";3;"REF";93;"PV2";;"O";0;1;
"I15";3;"REF";95;"]";;"O";0;0;
"I15";3;"REF";104;"NTE";;"O";1;1;
"I15";3;"RRI";1;"MSH";;"O";0;0;
"I15";3;"RRI";3;"MSA";;"O";0;1;
"I15";3;"RRI";6;"RF1";;"O";0;1;
"I15";3;"RRI";8;"[";"AUTHORIZATION";"O";0;0;
"I15";3;"RRI";9;"AUT";;"O";0;0;
"I15";3;"RRI";11;"CTD";;"O";0;1;
"I15";3;"RRI";13;"]";;"O";0;0;
"I15";3;"RRI";14;"{";"PROVIDER";"O";0;0;
"I15";3;"RRI";15;"PRD";;"O";0;0;
"I15";3;"RRI";18;"CTD";;"O";1;1;
"I15";3;"RRI";21;"}";;"O";0;0;
"I15";3;"RRI";22;"PID";;"O";0;0;
"I15";3;"RRI";24;"ACC";;"O";0;1;
"I15";3;"RRI";28;"DG1";;"O";1;1;
"I15";3;"RRI";33;"DRG";;"O";1;1;
"I15";3;"RRI";38;"AL1";;"O";1;1;
"I15";3;"RRI";41;"[";"PROCEDURE";"O";0;0;
"I15";3;"RRI";42;"{";"";"O";0;0;
"I15";3;"RRI";43;"PR1";;"O";0;0;
"I15";3;"RRI";44;"[";"AUTHORIZATION";"O";0;0;
"I15";3;"RRI";45;"AUT";;"O";0;0;
"I15";3;"RRI";47;"CTD";;"O";0;1;
"I15";3;"RRI";49;"]";;"O";0;0;
"I15";3;"RRI";50;"}";;"O";0;0;
"I15";3;"RRI";51;"]";;"O";0;0;
"I15";3;"RRI";52;"[";"RESULTS";"O";0;0;
"I15";3;"RRI";53;"{";"";"O";0;0;
"I15";3;"RRI";54;"OBR";;"O";0;0;
"I15";3;"RRI";57;"NTE";;"O";1;1;
"I15";3;"RRI";60;"[";"OBSERVATION";"O";0;0;
"I15";3;"RRI";61;"{";"";"O";0;0;
"I15";3;"RRI";62;"OBX";;"O";0;0;
"I15";3;"RRI";65;"NTE";;"O";1;1;
"I15";3;"RRI";68;"}";;"O";0;0;
"I15";3;"RRI";69;"]";;"O";0;0;
"I15";3;"RRI";70;"}";;"O";0;0;
"I15";3;"RRI";71;"]";;"O";0;0;
"I15";3;"RRI";72;"[";"VISIT";"O";0;0;
"I15";3;"RRI";73;"PV1";;"O";0;0;
"I15";3;"RRI";75;"PV2";;"O";0;1;
"I15";3;"RRI";77;"]";;"O";0;0;
"I15";3;"RRI";80;"NTE";;"O";1;1;
"M01";2;"ACK";1;"MSH";;"O";0;0;
"M01";2;"ACK";2;"MSA";;"O";0;0;
"M01";2;"ACK";4;"ERR";;"O";0;1;
"M01";2;"MFD";1;"MSH";;"O";0;0;
"M01";2;"MFD";2;"MFI";;"O";0;0;
"M01";2;"MFD";5;"MFA";;"O";1;1;
"M01";2;"MFK";1;"MSH";;"O";0;0;
"M01";2;"MFK";2;"MSA";;"O";0;0;
"M01";2;"MFK";4;"ERR";;"O";0;1;
"M01";2;"MFK";6;"MFI";;"O";0;0;
"M01";2;"MFK";9;"MFA";;"O";1;1;
"M01";2;"MFN";1;"MSH";;"O";0;0;
"M01";2;"MFN";2;"MFI";;"O";0;0;
"M01";2;"MFN";3;"{";"MF";"O";0;0;
"M01";2;"MFN";4;"MFE";;"O";0;0;
"M01";2;"MFN";6;"Zxx";;"O";0;1;
"M01";2;"MFN";8;"}";;"O";0;0;
"M01";2;"MFQ";1;"MSH";;"O";0;0;
"M01";2;"MFQ";2;"QRD";;"O";0;0;
"M01";2;"MFQ";4;"QRF";;"O";0;1;
"M01";2;"MFQ";7;"DSC";;"O";0;1;
"M01";2;"MFR";1;"MSH";;"O";0;0;
"M01";2;"MFR";2;"MSA";;"O";0;0;
"M01";2;"MFR";4;"ERR";;"O";0;1;
"M01";2;"MFR";6;"QRD";;"O";0;0;
"M01";2;"MFR";8;"QRF";;"O";0;1;
"M01";2;"MFR";10;"MFI";;"O";0;0;
"M01";2;"MFR";11;"{";"MF";"O";0;0;
"M01";2;"MFR";12;"MFE";;"O";0;0;
"M01";2;"MFR";14;"Zxx";;"O";0;1;
"M01";2;"MFR";16;"}";;"O";0;0;
"M01";2;"MFR";18;"DSC";;"O";0;1;
"M01";3;"MFK";1;"MSH";;"O";0;0;
"M01";3;"MFK";2;"MSA";;"O";0;0;
"M01";3;"MFK";4;"ERR";;"O";0;1;
"M01";3;"MFK";6;"MFI";;"O";0;0;
"M01";3;"MFK";7;"{";"MF";"O";0;0;
"M01";3;"MFK";9;"MFA";;"O";0;1;
"M01";3;"MFK";11;"}";;"O";0;0;
"M01";3;"MFN";1;"MSH";;"O";0;0;
"M01";3;"MFN";2;"MFI";;"O";0;0;
"M01";3;"MFN";3;"{";"MF";"O";0;0;
"M01";3;"MFN";4;"MFE";;"O";0;0;
"M01";3;"MFN";6;"Hxx";;"O";0;1;
"M01";3;"MFN";8;"}";;"O";0;0;
"M02";2;"ACK";1;"MSH";;"O";0;0;
"M02";2;"ACK";2;"MSA";;"O";0;0;
"M02";2;"ACK";4;"ERR";;"O";0;1;
"M02";2;"MFD";1;"MSH";;"O";0;0;
"M02";2;"MFD";2;"MFI";;"O";0;0;
"M02";2;"MFD";5;"MFA";;"O";1;1;
"M02";2;"MFK";1;"MSH";;"O";0;0;
"M02";2;"MFK";2;"MSA";;"O";0;0;
"M02";2;"MFK";4;"ERR";;"O";0;1;
"M02";2;"MFK";6;"MFI";;"O";0;0;
"M02";2;"MFK";9;"MFA";;"O";1;1;
"M02";2;"MFN";1;"MSH";;"O";0;0;
"M02";2;"MFN";2;"MFI";;"O";0;0;
"M02";2;"MFN";3;"{";"MF_STAFF";"O";0;0;
"M02";2;"MFN";4;"MFE";;"O";0;0;
"M02";2;"MFN";6;"Zxx";;"O";0;1;
"M02";2;"MFN";8;"}";;"O";0;0;
"M02";2;"MFQ";1;"MSH";;"O";0;0;
"M02";2;"MFQ";2;"QRD";;"O";0;0;
"M02";2;"MFQ";4;"QRF";;"O";0;1;
"M02";2;"MFQ";7;"DSC";;"O";0;1;
"M02";2;"MFR";1;"MSH";;"O";0;0;
"M02";2;"MFR";2;"MSA";;"O";0;0;
"M02";2;"MFR";4;"ERR";;"O";0;1;
"M02";2;"MFR";6;"QRD";;"O";0;0;
"M02";2;"MFR";8;"QRF";;"O";0;1;
"M02";2;"MFR";10;"MFI";;"O";0;0;
"M02";2;"MFR";11;"{";"MF_STAFF";"O";0;0;
"M02";2;"MFR";12;"MFE";;"O";0;0;
"M02";2;"MFR";14;"Zxx";;"O";0;1;
"M02";2;"MFR";16;"}";;"O";0;0;
"M02";2;"MFR";18;"DSC";;"O";0;1;
"M02";3;"MFK";1;"MSH";;"O";0;0;
"M02";3;"MFK";2;"MSA";;"O";0;0;
"M02";3;"MFK";3;"MFI";;"O";0;0;
"M02";3;"MFK";6;"MFA";;"O";1;1;
"M02";3;"MFN";1;"MSH";;"O";0;0;
"M02";3;"MFN";2;"MFI";;"O";0;0;
"M02";3;"MFN";3;"{";"MF_STAFF";"O";0;0;
"M02";3;"MFN";4;"MFE";;"O";0;0;
"M02";3;"MFN";5;"STF";;"O";0;0;
"M02";3;"MFN";7;"PRA";;"O";0;1;
"M02";3;"MFN";9;"}";;"O";0;0;
"M03";2;"ACK";1;"MSH";;"O";0;0;
"M03";2;"ACK";2;"MSA";;"O";0;0;
"M03";2;"ACK";4;"ERR";;"O";0;1;
"M03";2;"MFD";1;"MSH";;"O";0;0;
"M03";2;"MFD";2;"MFI";;"O";0;0;
"M03";2;"MFD";5;"MFA";;"O";1;1;
"M03";2;"MFK";1;"MSH";;"O";0;0;
"M03";2;"MFK";2;"MSA";;"O";0;0;
"M03";2;"MFK";4;"ERR";;"O";0;1;
"M03";2;"MFK";6;"MFI";;"O";0;0;
"M03";2;"MFK";9;"MFA";;"O";1;1;
"M03";2;"MFN";1;"MSH";;"O";0;0;
"M03";2;"MFN";2;"MFI";;"O";0;0;
"M03";2;"MFN";3;"{";"MF_TEST";"O";0;0;
"M03";2;"MFN";4;"MFE";;"O";0;0;
"M03";2;"MFN";6;"Zxx";;"O";0;1;
"M03";2;"MFN";8;"}";;"O";0;0;
"M03";2;"MFQ";1;"MSH";;"O";0;0;
"M03";2;"MFQ";2;"QRD";;"O";0;0;
"M03";2;"MFQ";4;"QRF";;"O";0;1;
"M03";2;"MFQ";7;"DSC";;"O";0;1;
"M03";2;"MFR";1;"MSH";;"O";0;0;
"M03";2;"MFR";2;"MSA";;"O";0;0;
"M03";2;"MFR";4;"ERR";;"O";0;1;
"M03";2;"MFR";6;"QRD";;"O";0;0;
"M03";2;"MFR";8;"QRF";;"O";0;1;
"M03";2;"MFR";10;"MFI";;"O";0;0;
"M03";2;"MFR";11;"{";"MF_TEST";"O";0;0;
"M03";2;"MFR";12;"MFE";;"O";0;0;
"M03";2;"MFR";14;"Zxx";;"O";0;1;
"M03";2;"MFR";16;"}";;"O";0;0;
"M03";2;"MFR";18;"DSC";;"O";0;1;
"M03";3;"MFK";1;"MSH";;"O";0;0;
"M03";3;"MFK";2;"MSA";;"O";0;0;
"M03";3;"MFK";4;"ERR";;"O";0;1;
"M03";3;"MFK";6;"MFI";;"O";0;0;
"M03";3;"MFK";9;"MFA";;"O";1;1;
"M03";3;"MFN";1;"MSH";;"O";0;0;
"M03";3;"MFN";2;"MFI";;"O";0;0;
"M03";3;"MFN";3;"{";"MF_TEST";"O";0;0;
"M03";3;"MFN";4;"MFE";;"O";0;0;
"M03";3;"MFN";5;"OM1";;"O";0;0;
"M03";3;"MFN";17;"Hxx";;"O";0;0;
"M03";3;"MFN";38;"}";;"O";0;0;
"M03";4;"MFN";1;"MSH";;"O";0;0;
"M03";4;"MFN";2;"MFI";;"O";0;0;
"M03";4;"MFN";3;"{";"MF_TEST";"O";0;0;
"M03";4;"MFN";4;"MFE";;"O";0;0;
"M03";4;"MFN";5;"OM1";;"O";0;0;
"M03";4;"MFN";7;"Hxx";;"O";0;1;
"M03";4;"MFN";12;"}";;"O";0;0;
"M04";3;"MFK";1;"MSH";;"O";0;0;
"M04";3;"MFK";2;"MSA";;"O";0;0;
"M04";3;"MFK";3;"MFI";;"O";0;0;
"M04";3;"MFK";6;"MFA";;"O";1;1;
"M04";3;"MFN";1;"MSH";;"O";0;0;
"M04";3;"MFN";2;"MFI";;"O";0;0;
"M04";3;"MFN";3;"{";"MF_CDM";"O";0;0;
"M04";3;"MFN";4;"MFE";;"O";0;0;
"M04";3;"MFN";5;"CDM";;"O";0;0;
"M04";3;"MFN";8;"PRC";;"O";1;1;
"M04";3;"MFN";11;"}";;"O";0;0;
"M04";4;"MFK";1;"MSH";;"O";0;0;
"M04";4;"MFK";2;"MSA";;"O";0;0;
"M04";4;"MFK";3;"MFI";;"O";0;0;
"M04";4;"MFK";6;"MFA";;"O";1;1;
"M04";4;"MFN";1;"MSH";;"O";0;0;
"M04";4;"MFN";2;"MFI";;"O";0;0;
"M04";4;"MFN";3;"{";"MF_CDM";"O";0;0;
"M04";4;"MFN";4;"MFE";;"O";0;0;
"M04";4;"MFN";5;"CDM";;"O";0;0;
"M04";4;"MFN";8;"PRC";;"O";1;1;
"M04";4;"MFN";11;"}";;"O";0;0;
"M05";3;"MFK";1;"MSH";;"O";0;0;
"M05";3;"MFK";2;"MSA";;"O";0;0;
"M05";3;"MFK";3;"MFI";;"O";0;0;
"M05";3;"MFK";6;"MFA";;"O";1;1;
"M05";3;"MFN";1;"MSH";;"O";0;0;
"M05";3;"MFN";2;"MFI";;"O";0;0;
"M05";3;"MFN";3;"{";"MF_LOCATION";"O";0;0;
"M05";3;"MFN";4;"MFE";;"O";0;0;
"M05";3;"MFN";5;"LOC";;"O";0;0;
"M05";3;"MFN";8;"LCH";;"O";1;1;
"M05";3;"MFN";13;"LRL";;"O";1;1;
"M05";3;"MFN";16;"{";"MF_LOC_DEPT";"O";0;0;
"M05";3;"MFN";17;"LDP";;"O";0;0;
"M05";3;"MFN";20;"LCH";;"O";1;1;
"M05";3;"MFN";25;"LCC";;"O";1;1;
"M05";3;"MFN";28;"}";;"O";0;0;
"M05";3;"MFN";29;"}";;"O";0;0;
"M05";4;"MFK";1;"MSH";;"O";0;0;
"M05";4;"MFK";2;"MSA";;"O";0;0;
"M05";4;"MFK";3;"MFI";;"O";0;0;
"M05";4;"MFK";6;"MFA";;"O";1;1;
"M05";4;"MFN";1;"MSH";;"O";0;0;
"M05";4;"MFN";2;"MFI";;"O";0;0;
"M05";4;"MFN";3;"{";"MF_LOCATION";"O";0;0;
"M05";4;"MFN";4;"MFE";;"O";0;0;
"M05";4;"MFN";5;"LOC";;"O";0;0;
"M05";4;"MFN";8;"LCH";;"O";1;1;
"M05";4;"MFN";13;"LRL";;"O";1;1;
"M05";4;"MFN";16;"{";"MF_LOC_DEPT";"O";0;0;
"M05";4;"MFN";17;"LDP";;"O";0;0;
"M05";4;"MFN";20;"LCH";;"O";1;1;
"M05";4;"MFN";25;"LCC";;"O";1;1;
"M05";4;"MFN";28;"}";;"O";0;0;
"M05";4;"MFN";29;"}";;"O";0;0;
"M06";3;"MFN";1;"MSH";;"O";0;0;
"M06";3;"MFN";2;"MFI";;"O";0;0;
"M06";3;"MFN";3;"{";"MF_CLIN_STUDY";"O";0;0;
"M06";3;"MFN";4;"MFE";;"O";0;0;
"M06";3;"MFN";5;"CM0";;"O";0;0;
"M06";3;"MFN";6;"[";"MF_PHASE_SCHED_DETAIL";"O";0;0;
"M06";3;"MFN";7;"{";"";"O";0;0;
"M06";3;"MFN";8;"CM1";;"O";0;0;
"M06";3;"MFN";9;"CM2";;"O";1;1;
"M06";3;"MFN";10;"}";;"O";0;0;
"M06";3;"MFN";11;"]";;"O";0;0;
"M06";3;"MFN";12;"}";;"O";0;0;
"M06";4;"MFK";1;"MSH";;"O";0;0;
"M06";4;"MFK";2;"MSA";;"O";0;0;
"M06";4;"MFK";3;"MFI";;"O";0;0;
"M06";4;"MFK";6;"MFA";;"O";1;1;
"M06";4;"MFN";1;"MSH";;"O";0;0;
"M06";4;"MFN";2;"MFI";;"O";0;0;
"M06";4;"MFN";3;"{";"MF_CLIN_STUDY";"O";0;0;
"M06";4;"MFN";4;"MFE";;"O";0;0;
"M06";4;"MFN";5;"CM0";;"O";0;0;
"M06";4;"MFN";6;"[";"MF_PHASE_SCHED_DETAIL";"O";0;0;
"M06";4;"MFN";7;"{";"";"O";0;0;
"M06";4;"MFN";8;"CM1";;"O";0;0;
"M06";4;"MFN";11;"CM2";;"O";1;1;
"M06";4;"MFN";14;"}";;"O";0;0;
"M06";4;"MFN";15;"]";;"O";0;0;
"M06";4;"MFN";16;"}";;"O";0;0;
"M07";3;"MFK";1;"MSH";;"O";0;0;
"M07";3;"MFK";2;"MSA";;"O";0;0;
"M07";3;"MFK";3;"MFI";;"O";0;0;
"M07";3;"MFK";6;"MFA";;"O";1;1;
"M07";3;"MFN";1;"MSH";;"O";0;0;
"M07";3;"MFN";2;"MFI";;"O";0;0;
"M07";3;"MFN";3;"{";"MF_CLIN_STUDY";"O";0;0;
"M07";3;"MFN";4;"MFE";;"O";0;0;
"M07";3;"MFN";5;"CM0";;"O";0;0;
"M07";3;"MFN";6;"[";"MF_PHASE_SCHED_DETAIL";"O";0;0;
"M07";3;"MFN";7;"{";"";"O";0;0;
"M07";3;"MFN";8;"CM1";;"O";0;0;
"M07";3;"MFN";11;"CM2";;"O";1;1;
"M07";3;"MFN";14;"}";;"O";0;0;
"M07";3;"MFN";15;"]";;"O";0;0;
"M07";3;"MFN";16;"}";;"O";0;0;
"M08";3;"MFN";1;"MSH";;"O";0;0;
"M08";3;"MFN";2;"MFI";;"O";0;0;
"M08";3;"MFN";3;"{";"MF_TEST_NUMERIC";"O";0;0;
"M08";3;"MFN";4;"MFE";;"O";0;0;
"M08";3;"MFN";5;"OM1";;"O";0;0;
"M08";3;"MFN";6;"[";"xx";"O";0;0;
"M08";3;"MFN";7;"OM2";;"O";0;1;
"M08";3;"MFN";10;"OM3";;"O";0;1;
"M08";3;"MFN";13;"OM4";;"O";0;1;
"M08";3;"MFN";15;"]";;"O";0;0;
"M08";3;"MFN";16;"}";;"O";0;0;
"M08";4;"MFN";1;"MSH";;"O";0;0;
"M08";4;"MFN";2;"MFI";;"O";0;0;
"M08";4;"MFN";3;"{";"MF_TEST_NUMERIC";"O";0;0;
"M08";4;"MFN";4;"MFE";;"O";0;0;
"M08";4;"MFN";5;"OM1";;"O";0;1;
"M08";4;"MFN";6;"[";"MF_NUMERIC_OBSERVATION";"O";0;0;
"M08";4;"MFN";7;"OM2";;"O";0;1;
"M08";4;"MFN";8;"OM3";;"O";0;1;
"M08";4;"MFN";9;"OM4";;"O";0;1;
"M08";4;"MFN";10;"]";;"O";0;0;
"M08";4;"MFN";11;"}";;"O";0;0;
"M09";3;"MFN";1;"MSH";;"O";0;0;
"M09";3;"MFN";2;"MFI";;"O";0;0;
"M09";3;"MFN";3;"{";"MF_TEST_CATEGORICAL";"O";0;0;
"M09";3;"MFN";4;"MFE";;"O";0;0;
"M09";3;"MFN";5;"OM1";;"O";0;0;"added by hand"
"M09";3;"MFN";6;"[";"MF_TEST_CAT_DETAIL";"O";0;0;
"M09";3;"MFN";7;"OM3";;"O";0;0;
"M09";3;"MFN";9;"OM4";;"O";1;1;
"M09";3;"MFN";12;"]";;"O";0;0;
"M09";3;"MFN";13;"}";;"O";0;0;
"M09";4;"MFN";1;"MSH";;"O";0;0;
"M09";4;"MFN";2;"MFI";;"O";0;0;
"M09";4;"MFN";3;"{";"MF_TEST_CATEGORICAL";"O";0;0;
"M09";4;"MFN";4;"MFE";;"O";0;0;
"M09";4;"MFN";5;"OM1";;"O";0;0;
"M09";4;"MFN";6;"[";"MF_TEST_CAT_DETAIL";"O";0;0;
"M09";4;"MFN";7;"OM3";;"O";0;0;
"M09";4;"MFN";8;"OM4";;"O";1;1;
"M09";4;"MFN";9;"]";;"O";0;0;
"M09";4;"MFN";10;"}";;"O";0;0;
"M10";3;"MFN";1;"MSH";;"O";0;0;
"M10";3;"MFN";2;"MFI";;"O";0;0;
"M10";3;"MFN";3;"{";"MF_TEST_BATTERIES";"O";0;0;
"M10";3;"MFN";4;"MFE";;"O";0;0;"added by hand"
"M10";3;"MFN";5;"OM1";;"O";0;0;"added by hand"
"M10";3;"MFN";6;"[";"MF_TEST_BATT_DETAIL";"O";0;0;
"M10";3;"MFN";7;"OM5";;"O";0;0;
"M10";3;"MFN";8;"OM4";;"O";1;1;
"M10";3;"MFN";11;"]";;"O";0;0;
"M10";3;"MFN";12;"}";;"O";0;0;
"M10";4;"MFN";1;"MSH";;"O";0;0;
"M10";4;"MFN";2;"MFI";;"O";0;0;
"M10";4;"MFN";3;"{";"MF_TEST_BATTERIES";"O";0;0;
"M10";4;"MFN";4;"MFE";;"O";0;0;
"M10";4;"MFN";5;"OM1";;"O";0;0;
"M10";4;"MFN";6;"[";"MF_TEST_BATT_DETAIL";"O";0;0;
"M10";4;"MFN";7;"OM5";;"O";0;0;
"M10";4;"MFN";8;"OM4";;"O";1;1;
"M10";4;"MFN";9;"]";;"O";0;0;
"M10";4;"MFN";10;"}";;"O";0;0;
"M11";3;"MFN";1;"MSH";;"O";0;0;
"M11";3;"MFN";2;"MFI";;"O";0;0;
"M11";3;"MFN";3;"{";"MF_TEST_CALCULATED";"O";0;0;
"M11";3;"MFN";4;"MFE";;"O";0;0;
"M11";3;"MFN";5;"OM1";;"O";0;0;
"M11";3;"MFN";6;"[";"MF_TEST_CALC_DETAIL";"O";0;0;
"M11";3;"MFN";8;"OM6";;"O";0;0;
"M11";3;"MFN";9;"OM2";;"O";0;0;
"M11";3;"MFN";10;"]";;"O";0;0;
"M11";3;"MFN";11;"}";;"O";0;0;
"M11";4;"MFN";1;"MSH";;"O";0;0;
"M11";4;"MFN";2;"MFI";;"O";0;0;
"M11";4;"MFN";3;"{";"MF_TEST_CALCULATED";"O";0;0;
"M11";4;"MFN";4;"MFE";;"O";0;0;
"M11";4;"MFN";5;"OM1";;"O";0;0;
"M11";4;"MFN";6;"[";"MF_TEST_CALC_DETAIL";"O";0;0;
"M11";4;"MFN";7;"OM6";;"O";0;0;
"M11";4;"MFN";8;"OM2";;"O";0;0;
"M11";4;"MFN";9;"]";;"O";0;0;
"M11";4;"MFN";10;"}";;"O";0;0;
"N01";2;"ACK";1;"MSH";;"O";0;0;
"N01";2;"ACK";2;"MSA";;"O";0;0;
"N01";2;"NMD";1;"MSH";;"O";0;0;
"N01";2;"NMD";2;"{";"CLOCK_AND_STATS_WITH_NOTES";"O";0;0;
"N01";2;"NMD";3;"[";"CLOCK";"O";0;0;
"N01";2;"NMD";4;"NCK";;"O";0;0;
"N01";2;"NMD";7;"NTE";;"O";1;1;
"N01";2;"NMD";10;"]";;"O";0;0;
"N01";2;"NMD";11;"[";"APP_STATS";"O";0;0;
"N01";2;"NMD";12;"NST";;"O";0;0;
"N01";2;"NMD";15;"NTE";;"O";1;1;
"N01";2;"NMD";18;"]";;"O";0;0;
"N01";2;"NMD";19;"[";"APP_STATUS";"O";0;0;
"N01";2;"NMD";20;"NSC";;"O";0;0;
"N01";2;"NMD";23;"NTE";;"O";1;1;
"N01";2;"NMD";26;"]";;"O";0;0;
"N01";2;"NMD";27;"}";;"O";0;0;
"N02";2;"NMQ";1;"MSH";;"O";0;0;
"N02";2;"NMQ";2;"[";"QRY_WITH_DETAIL";"O";0;0;
"N02";2;"NMQ";3;"QRD";;"O";0;0;
"N02";2;"NMQ";5;"QRF";;"O";0;1;
"N02";2;"NMQ";7;"]";;"O";0;0;
"N02";2;"NMQ";8;"{";"CLOCK_AND_STATISTICS";"O";0;0;
"N02";2;"NMQ";10;"NCK";;"O";0;1;
"N02";2;"NMQ";13;"NST";;"O";0;1;
"N02";2;"NMQ";16;"NSC";;"O";0;1;
"N02";2;"NMQ";18;"}";;"O";0;0;
"N02";2;"NMR";1;"MSH";;"O";0;0;
"N02";2;"NMR";2;"MSA";;"O";0;0;
"N02";2;"NMR";4;"ERR";;"O";0;1;
"N02";2;"NMR";7;"QRD";;"O";0;1;
"N02";2;"NMR";9;"{";"CLOCK_AND_STATS_WITH_NOTES_ALT";"O";0;0;
"N02";2;"NMR";11;"NCK";;"O";0;1;
"N02";2;"NMR";15;"NTE";;"O";1;1;
"N02";2;"NMR";19;"NST";;"O";0;1;
"N02";2;"NMR";23;"NTE";;"O";1;1;
"N02";2;"NMR";27;"NSC";;"O";0;1;
"N02";2;"NMR";31;"NTE";;"O";1;1;
"N02";2;"NMR";34;"}";;"O";0;0;
"N02";5;"ACK";1;"MSH";;"O";0;0;
"N02";5;"ACK";2;"MSA";;"O";0;0;
"O01";1;"ORM";1;"MSH";;"O";0;0;
"O01";1;"ORM";2;"NTE";;"O";1;1;
"O01";1;"ORM";3;"[";"PATIENT";"O";0;0;
"O01";1;"ORM";4;"PID";;"O";0;0;
"O01";1;"ORM";5;"NTE";;"O";1;1;
"O01";1;"ORM";6;"PV1";;"O";0;1;
"O01";1;"ORM";7;"]";;"O";0;0;
"O01";1;"ORM";8;"{";"ORDER";"O";0;0;
"O01";1;"ORM";9;"ORC";;"O";0;0;
"O01";1;"ORM";10;"[";"ORDER_DETAIL";"O";0;0;
"O01";1;"ORM";11;"<";"CHOICE";"O";0;0;
"O01";1;"ORM";12;"OBR";;"O";0;0;
"O01";1;"ORM";13;"|";;"O";0;0;
"O01";1;"ORM";14;"ORO";;"O";0;0;
"O01";1;"ORM";15;"|";;"O";0;0;
"O01";1;"ORM";16;"RX1";;"O";0;0;
"O01";1;"ORM";17;">";;"O";0;0;
"O01";1;"ORM";24;"NTE";;"O";1;1;
"O01";1;"ORM";29;"OBX";;"O";1;1;
"O01";1;"ORM";34;"NTE";;"O";1;1;
"O01";1;"ORM";37;"]";;"O";0;0;
"O01";1;"ORM";39;"BLG";;"O";0;1;
"O01";1;"ORM";41;"}";;"O";0;0;
"O01";2;"ACK";1;"MSH";;"O";0;0;
"O01";2;"ACK";2;"MSA";;"O";0;0;
"O01";2;"ACK";3;"ERR";;"O";0;1;
"O01";2;"ORM";1;"MSH";;"O";0;0;
"O01";2;"ORM";2;"NTE";;"O";1;1;
"O01";2;"ORM";3;"[";"PATIENT";"O";0;0;
"O01";2;"ORM";4;"PID";;"O";0;0;
"O01";2;"ORM";5;"NTE";;"O";1;1;
"O01";2;"ORM";6;"PV1";;"O";0;1;
"O01";2;"ORM";7;"]";;"O";0;0;
"O01";2;"ORM";8;"{";"ORDER";"O";0;0;
"O01";2;"ORM";9;"ORC";;"O";0;0;
"O01";2;"ORM";10;"[";"ORDER_DETAIL";"O";0;0;
"O01";2;"ORM";11;"<";"CHOICE";"O";0;0;
"O01";2;"ORM";12;"OBR";;"O";0;0;
"O01";2;"ORM";13;"|";;"O";0;0;
"O01";2;"ORM";14;"RQD";;"O";0;0;
"O01";2;"ORM";15;"|";;"O";0;0;
"O01";2;"ORM";16;"RQ1";;"O";0;0;
"O01";2;"ORM";17;"|";;"O";0;0;
"O01";2;"ORM";18;"RXO";;"O";0;0;
"O01";2;"ORM";19;"|";;"O";0;0;
"O01";2;"ORM";20;"ODS";;"O";0;0;
"O01";2;"ORM";21;"|";;"O";0;0;
"O01";2;"ORM";22;"ODT";;"O";0;0;
"O01";2;"ORM";23;">";;"O";0;0;
"O01";2;"ORM";24;"NTE";;"O";1;1;
"O01";2;"ORM";29;"OBX";;"O";1;1;
"O01";2;"ORM";33;"NTE";;"O";1;0;
"O01";2;"ORM";37;"]";;"O";0;0;
"O01";2;"ORM";39;"BLG";;"O";0;1;
"O01";2;"ORM";41;"}";;"O";0;0;
"O01";3;"RAS";1;"MSH";;"O";0;0;
"O01";3;"RAS";4;"NTE";;"O";1;1;
"O01";3;"RAS";7;"[";"PATIENT";"O";0;0;
"O01";3;"RAS";8;"PID";;"O";0;0;
"O01";3;"RAS";10;"PD1";;"O";0;1;
"O01";3;"RAS";14;"NTE";;"O";1;1;
"O01";3;"RAS";19;"AL1";;"O";1;1;
"O01";3;"RAS";22;"[";"PATIENT_VISIT";"O";0;0;
"O01";3;"RAS";23;"PV1";;"O";0;0;
"O01";3;"RAS";25;"PV2";;"O";0;1;
"O01";3;"RAS";27;"]";;"O";0;0;
"O01";3;"RAS";28;"]";;"O";0;0;
"O01";3;"RAS";29;"{";"ORDER";"O";0;0;
"O01";3;"RAS";30;"ORC";;"O";0;0;
"O01";3;"RAS";31;"[";"ORDER_DETAIL";"O";0;0;
"O01";3;"RAS";32;"RXO";;"O";0;0;
"O01";3;"RAS";33;"[";"ORDER_DETAIL_SUPPLEMENT";"O";0;0;
"O01";3;"RAS";35;"NTE";;"O";1;0;
"O01";3;"RAS";38;"RXR";;"O";1;0;
"O01";3;"RAS";40;"[";"COMPONENTS";"O";0;0;
"O01";3;"RAS";42;"RXC";;"O";1;0;
"O01";3;"RAS";46;"NTE";;"O";1;1;
"O01";3;"RAS";49;"]";;"O";0;0;
"O01";3;"RAS";50;"]";;"O";0;0;
"O01";3;"RAS";51;"]";;"O";0;0;
"O01";3;"RAS";52;"[";"ENCODING";"O";0;0;
"O01";3;"RAS";53;"RXE";;"O";0;0;
"O01";3;"RAS";55;"RXR";;"O";1;0;
"O01";3;"RAS";59;"RXC";;"O";1;1;
"O01";3;"RAS";62;"]";;"O";0;0;
"O01";3;"RAS";64;"RXA";;"O";1;0;
"O01";3;"RAS";66;"RXR";;"O";0;0;
"O01";3;"RAS";67;"[";"OBSERVATION";"O";0;0;
"O01";3;"RAS";68;"{";;"O";0;0;
"O01";3;"RAS";69;"OBX";;"O";0;0;
"O01";3;"RAS";72;"NTE";;"O";1;1;
"O01";3;"RAS";75;"}";;"O";0;0;
"O01";3;"RAS";76;"]";;"O";0;0;
"O01";3;"RAS";79;"CTI";;"O";1;1;
"O01";3;"RAS";82;"}";;"O";0;0;
"O01";3;"RDE";1;"MSH";;"O";0;0;
"O01";3;"RDE";4;"NTE";;"O";1;1;
"O01";3;"RDE";7;"[";"PATIENT";"O";0;0;
"O01";3;"RDE";8;"PID";;"O";0;0;
"O01";3;"RDE";10;"PD1";;"O";0;1;
"O01";3;"RDE";14;"NTE";;"O";1;1;
"O01";3;"RDE";17;"[";"PATIENT_VISIT";"O";0;0;
"O01";3;"RDE";18;"PV1";;"O";0;0;
"O01";3;"RDE";20;"PV2";;"O";0;1;
"O01";3;"RDE";22;"]";;"O";0;0;
"O01";3;"RDE";23;"[";"INSURANCE";"O";0;0;
"O01";3;"RDE";24;"{";"";"O";0;0;
"O01";3;"RDE";25;"IN1";;"O";0;0;
"O01";3;"RDE";27;"IN2";;"O";0;1;
"O01";3;"RDE";30;"IN3";;"O";0;1;
"O01";3;"RDE";32;"}";;"O";0;0;
"O01";3;"RDE";33;"]";;"O";0;0;
"O01";3;"RDE";35;"GT1";;"O";0;1;
"O01";3;"RDE";39;"AL1";;"O";1;1;
"O01";3;"RDE";42;"]";;"O";0;0;
"O01";3;"RDE";43;"{";"ORDER";"O";0;0;
"O01";3;"RDE";44;"ORC";;"O";0;0;
"O01";3;"RDE";45;"[";"ORDER_DETAIL";"O";0;0;
"O01";3;"RDE";46;"RXO";;"O";0;0;
"O01";3;"RDE";49;"NTE";;"O";1;1;
"O01";3;"RDE";53;"RXR";;"O";1;0;
"O01";3;"RDE";55;"[";"COMPONENT";"O";0;0;
"O01";3;"RDE";57;"RXC";;"O";1;0;
"O01";3;"RDE";61;"NTE";;"O";1;1;
"O01";3;"RDE";64;"]";;"O";0;0;
"O01";3;"RDE";65;"]";;"O";0;0;
"O01";3;"RDE";66;"RXE";;"O";0;0;
"O01";3;"RDE";68;"RXR";;"O";1;0;
"O01";3;"RDE";72;"RXC";;"O";1;1;
"O01";3;"RDE";75;"{";"OBSERVATION";"O";0;0;
"O01";3;"RDE";77;"OBX";;"O";0;1;
"O01";3;"RDE";81;"NTE";;"O";1;1;
"O01";3;"RDE";84;"}";;"O";0;0;
"O01";3;"RDE";86;"CTI";;"O";0;1;
"O01";3;"RDE";88;"}";;"O";0;0;
"O01";3;"RDS";1;"MSH";;"O";0;0;
"O01";3;"RDS";4;"NTE";;"O";1;1;
"O01";3;"RDS";7;"[";"PATIENT";"O";0;0;
"O01";3;"RDS";8;"PID";;"O";0;0;
"O01";3;"RDS";10;"PD1";;"O";0;1;
"O01";3;"RDS";14;"NTE";;"O";1;1;
"O01";3;"RDS";19;"AL1";;"O";1;1;
"O01";3;"RDS";22;"[";"PATIENT_VISIT";"O";0;0;
"O01";3;"RDS";23;"PV1";;"O";0;0;
"O01";3;"RDS";25;"PV2";;"O";0;1;
"O01";3;"RDS";27;"]";;"O";0;0;
"O01";3;"RDS";28;"]";;"O";0;0;
"O01";3;"RDS";29;"{";"ORDER";"O";0;0;
"O01";3;"RDS";30;"ORC";;"O";0;0;
"O01";3;"RDS";31;"[";"ORDER_DETAIL";"O";0;0;
"O01";3;"RDS";32;"RXO";;"O";0;0;
"O01";3;"RDS";33;"[";"ORDER_DETAIL_SUPPLEMENT";"O";0;0;
"O01";3;"RDS";35;"NTE";;"O";1;0;
"O01";3;"RDS";38;"RXR";;"O";1;0;
"O01";3;"RDS";40;"[";"COMPONENT";"O";0;0;
"O01";3;"RDS";42;"RXC";;"O";1;0;
"O01";3;"RDS";46;"NTE";;"O";1;1;
"O01";3;"RDS";49;"]";;"O";0;0;
"O01";3;"RDS";50;"]";;"O";0;0;
"O01";3;"RDS";51;"]";;"O";0;0;
"O01";3;"RDS";52;"[";"ENCODING";"O";0;0;
"O01";3;"RDS";53;"RXE";;"O";0;0;
"O01";3;"RDS";55;"RXR";;"O";1;0;
"O01";3;"RDS";59;"RXC";;"O";1;1;
"O01";3;"RDS";62;"]";;"O";0;0;
"O01";3;"RDS";63;"RXD";;"O";0;0;
"O01";3;"RDS";65;"RXR";;"O";1;0;
"O01";3;"RDS";69;"RXC";;"O";1;1;
"O01";3;"RDS";72;"{";"OBSERVATION";"O";0;0;
"O01";3;"RDS";73;"OBX";;"O";0;0;
"O01";3;"RDS";76;"NTE";;"O";1;1;
"O01";3;"RDS";79;"}";;"O";0;0;
"O01";3;"RDS";80;"}";;"O";0;0;
"O01";3;"RGV";1;"MSH";;"O";0;0;
"O01";3;"RGV";4;"NTE";;"O";1;1;
"O01";3;"RGV";7;"[";"PATIENT";"O";0;0;
"O01";3;"RGV";8;"PID";;"O";0;0;
"O01";3;"RGV";11;"NTE";;"O";1;1;
"O01";3;"RGV";16;"AL1";;"O";1;1;
"O01";3;"RGV";18;"[";"PATIENT_VISIT";"O";0;0;
"O01";3;"RGV";19;"PV1";;"O";0;0;
"O01";3;"RGV";21;"PV2";;"O";0;1;
"O01";3;"RGV";23;"]";"PATIENT_VISIT";"O";0;0;
"O01";3;"RGV";24;"]";"PATIENT";"O";0;0;
"O01";3;"RGV";25;"{";"ORDER";"O";0;0;
"O01";3;"RGV";26;"ORC";;"O";0;0;
"O01";3;"RGV";27;"[";"ORDER_DETAIL";"O";0;0;
"O01";3;"RGV";28;"RXO";;"O";0;0;
"O01";3;"RGV";29;"[";"ORDER_DETAIL_SUPPLEMENT";"O";0;0;
"O01";3;"RGV";31;"NTE";;"O";1;0;
"O01";3;"RGV";34;"RXR";;"O";1;0;
"O01";3;"RGV";36;"[";"COMPONENTS";"O";0;0;
"O01";3;"RGV";38;"RXC";;"O";1;0;
"O01";3;"RGV";42;"NTE";;"O";1;1;
"O01";3;"RGV";45;"]";"COMPONENTS";"O";0;0;
"O01";3;"RGV";46;"]";"ORDER_DETAIL_SUPPLEMENT";"O";0;0;
"O01";3;"RGV";47;"]";"ORDER_DETAIL";"O";0;0;
"O01";3;"RGV";48;"[";"ENCODING";"O";0;0;
"O01";3;"RGV";49;"RXE";;"O";0;0;
"O01";3;"RGV";51;"RXR";;"O";1;0;
"O01";3;"RGV";55;"RXC";;"O";1;1;
"O01";3;"RGV";58;"]";"ENCODING";"O";0;0;
"O01";3;"RGV";59;"{";"GIVE";"O";0;0;
"O01";3;"RGV";60;"RXG";;"O";0;0;
"O01";3;"RGV";62;"RXR";;"O";1;0;
"O01";3;"RGV";66;"RXC";;"O";1;1;
"O01";3;"RGV";70;"{";"OBSERVATION";"O";0;0;
"O01";3;"RGV";71;"OBX";;"O";0;1;
"O01";3;"RGV";74;"NTE";;"O";1;1;
"O01";3;"RGV";77;"}";"OBSERVATION";"O";0;0;
"O01";3;"RGV";79;"}";"GIVE";"O";0;0;
"O01";3;"RGV";80;"}";"ORDER";"O";0;0;
"O01";3;"RRE";1;"MSH";;"O";0;0;
"O01";3;"RRE";2;"MSA";;"O";0;0;
"O01";3;"RRE";4;"ERR";;"O";0;1;
"O01";3;"RRE";8;"NTE";;"O";1;1;
"O01";3;"RRE";11;"[";"RESPONSE";"O";0;0;
"O01";3;"RRE";12;"[";"PATIENT";"O";0;0;
"O01";3;"RRE";13;"PID";;"O";0;0;
"O01";3;"RRE";16;"NTE";;"O";1;1;
"O01";3;"RRE";19;"]";;"O";0;0;
"O01";3;"RRE";20;"{";"ORDER";"O";0;0;
"O01";3;"RRE";21;"ORC";;"O";0;0;
"O01";3;"RRE";22;"[";"ENCODING";"O";0;0;
"O01";3;"RRE";23;"RXE";;"O";0;0;
"O01";3;"RRE";25;"RXR";;"O";1;0;
"O01";3;"RRE";29;"RXC";;"O";1;1;
"O01";3;"RRE";32;"]";;"O";0;0;
"O01";3;"RRE";33;"}";;"O";0;0;
"O01";3;"RRE";34;"]";;"O";0;0;
"O01";4;"RAS";1;"MSH";;"O";0;0;
"O01";4;"RAS";4;"NTE";;"O";1;1;
"O01";4;"RAS";7;"[";"PATIENT";"O";0;0;
"O01";4;"RAS";8;"PID";;"O";0;0;
"O01";4;"RAS";10;"PD1";;"O";0;1;
"O01";4;"RAS";14;"NTE";;"O";1;1;
"O01";4;"RAS";19;"AL1";;"O";1;1;
"O01";4;"RAS";22;"[";"PATIENT_VISIT";"O";0;0;
"O01";4;"RAS";23;"PV1";;"O";0;0;
"O01";4;"RAS";25;"PV2";;"O";0;1;
"O01";4;"RAS";27;"]";;"O";0;0;
"O01";4;"RAS";28;"]";;"O";0;0;
"O01";4;"RAS";29;"{";"ORDER";"O";0;0;
"O01";4;"RAS";30;"ORC";;"O";0;0;
"O01";4;"RAS";31;"[";"ORDER_DETAIL";"O";0;0;
"O01";4;"RAS";32;"RXO";;"O";0;0;
"O01";4;"RAS";33;"[";"ORDER_DETAIL_SUPPLEMENT";"O";0;0;
"O01";4;"RAS";35;"NTE";;"O";1;0;
"O01";4;"RAS";38;"RXR";;"O";1;0;
"O01";4;"RAS";40;"[";"COMPONENTS";"O";0;0;
"O01";4;"RAS";42;"RXC";;"O";1;0;
"O01";4;"RAS";46;"NTE";;"O";1;1;
"O01";4;"RAS";49;"]";;"O";0;0;
"O01";4;"RAS";50;"]";;"O";0;0;
"O01";4;"RAS";51;"]";;"O";0;0;
"O01";4;"RAS";52;"[";"ENCODING";"O";0;0;
"O01";4;"RAS";53;"RXE";;"O";0;0;
"O01";4;"RAS";55;"RXR";;"O";1;0;
"O01";4;"RAS";59;"RXC";;"O";1;1;
"O01";4;"RAS";62;"]";;"O";0;0;
"O01";4;"RAS";64;"RXA";;"O";1;0;
"O01";4;"RAS";66;"RXR";;"O";0;0;
"O01";4;"RAS";67;"[";"OBSERVATION";"O";0;0;
"O01";4;"RAS";68;"{";;"O";0;0;
"O01";4;"RAS";69;"OBX";;"O";0;0;
"O01";4;"RAS";72;"NTE";;"O";1;1;
"O01";4;"RAS";75;"}";;"O";0;0;
"O01";4;"RAS";76;"]";;"O";0;0;
"O01";4;"RAS";79;"CTI";;"O";1;1;
"O01";4;"RAS";82;"}";;"O";0;0;
"O01";4;"RDE";1;"MSH";;"O";0;0;
"O01";4;"RDE";4;"NTE";;"O";1;1;
"O01";4;"RDE";7;"[";"PATIENT";"O";0;0;
"O01";4;"RDE";8;"PID";;"O";0;0;
"O01";4;"RDE";10;"PD1";;"O";0;1;
"O01";4;"RDE";14;"NTE";;"O";1;1;
"O01";4;"RDE";17;"[";"PATIENT_VISIT";"O";0;0;
"O01";4;"RDE";18;"PV1";;"O";0;0;
"O01";4;"RDE";20;"PV2";;"O";0;1;
"O01";4;"RDE";22;"]";;"O";0;0;
"O01";4;"RDE";23;"[";"INSURANCE";"O";0;0;
"O01";4;"RDE";24;"{";"";"O";0;0;
"O01";4;"RDE";25;"IN1";;"O";0;0;
"O01";4;"RDE";27;"IN2";;"O";0;1;
"O01";4;"RDE";30;"IN3";;"O";0;1;
"O01";4;"RDE";32;"}";;"O";0;0;
"O01";4;"RDE";33;"]";;"O";0;0;
"O01";4;"RDE";35;"GT1";;"O";0;1;
"O01";4;"RDE";39;"AL1";;"O";1;1;
"O01";4;"RDE";42;"]";;"O";0;0;
"O01";4;"RDE";43;"{";"ORDER";"O";0;0;
"O01";4;"RDE";44;"ORC";;"O";0;0;
"O01";4;"RDE";45;"[";"ORDER_DETAIL";"O";0;0;
"O01";4;"RDE";46;"RXO";;"O";0;0;
"O01";4;"RDE";49;"NTE";;"O";1;1;
"O01";4;"RDE";53;"RXR";;"O";1;0;
"O01";4;"RDE";55;"[";"COMPONENT";"O";0;0;
"O01";4;"RDE";57;"RXC";;"O";1;0;
"O01";4;"RDE";61;"NTE";;"O";1;1;
"O01";4;"RDE";64;"]";;"O";0;0;
"O01";4;"RDE";65;"]";;"O";0;0;
"O01";4;"RDE";66;"RXE";;"O";0;0;
"O01";4;"RDE";68;"RXR";;"O";1;0;
"O01";4;"RDE";72;"RXC";;"O";1;1;
"O01";4;"RDE";73;"[";"OBSERVATION";"O";0;0;
"O01";4;"RDE";75;"{";;"O";0;0;
"O01";4;"RDE";77;"OBX";;"O";0;0;
"O01";4;"RDE";81;"NTE";;"O";1;1;
"O01";4;"RDE";84;"}";;"O";0;0;
"O01";4;"RDE";85;"]";;"O";0;0;
"O01";4;"RDE";87;"CTI";;"O";1;1;
"O01";4;"RDE";90;"}";;"O";0;0;
"O01";4;"RDS";1;"MSH";;"O";0;0;
"O01";4;"RDS";4;"NTE";;"O";1;1;
"O01";4;"RDS";7;"[";"PATIENT";"O";0;0;
"O01";4;"RDS";8;"PID";;"O";0;0;
"O01";4;"RDS";10;"PD1";;"O";0;1;
"O01";4;"RDS";14;"NTE";;"O";1;1;
"O01";4;"RDS";19;"AL1";;"O";1;1;
"O01";4;"RDS";22;"[";"PATIENT_VISIT";"O";0;0;
"O01";4;"RDS";23;"PV1";;"O";0;0;
"O01";4;"RDS";25;"PV2";;"O";0;1;
"O01";4;"RDS";27;"]";;"O";0;0;
"O01";4;"RDS";28;"]";;"O";0;0;
"O01";4;"RDS";29;"{";"ORDER";"O";0;0;
"O01";4;"RDS";30;"ORC";;"O";0;0;
"O01";4;"RDS";31;"[";"ORDER_DETAIL";"O";0;0;
"O01";4;"RDS";32;"RXO";;"O";0;0;
"O01";4;"RDS";33;"[";"ORDER_DETAIL_SUPPLEMENT";"O";0;0;
"O01";4;"RDS";35;"NTE";;"O";1;0;
"O01";4;"RDS";38;"RXR";;"O";1;0;
"O01";4;"RDS";40;"[";"COMPONENT";"O";0;0;
"O01";4;"RDS";42;"RXC";;"O";1;0;
"O01";4;"RDS";46;"NTE";;"O";1;1;
"O01";4;"RDS";49;"]";;"O";0;0;
"O01";4;"RDS";50;"]";;"O";0;0;
"O01";4;"RDS";51;"]";;"O";0;0;
"O01";4;"RDS";52;"[";"ENCODING";"O";0;0;
"O01";4;"RDS";53;"RXE";;"O";0;0;
"O01";4;"RDS";55;"RXR";;"O";1;0;
"O01";4;"RDS";59;"RXC";;"O";1;1;
"O01";4;"RDS";62;"]";;"O";0;0;
"O01";4;"RDS";63;"RXD";;"O";0;0;
"O01";4;"RDS";65;"RXR";;"O";1;0;
"O01";4;"RDS";69;"RXC";;"O";1;1;
"O01";4;"RDS";71;"[";"OBSERVATION";"O";0;0;
"O01";4;"RDS";72;"{";;"O";0;0;
"O01";4;"RDS";74;"OBX";;"O";0;1;
"O01";4;"RDS";78;"NTE";;"O";1;1;
"O01";4;"RDS";80;"}";;"O";0;0;
"O01";4;"RDS";81;"]";;"O";0;0;
"O01";4;"RDS";82;"}";;"O";0;0;
"O01";4;"RGV";1;"MSH";;"O";0;0;
"O01";4;"RGV";4;"NTE";;"O";1;1;
"O01";4;"RGV";7;"[";"PATIENT";"O";0;0;
"O01";4;"RGV";8;"PID";;"O";0;0;
"O01";4;"RGV";11;"NTE";;"O";1;1;
"O01";4;"RGV";16;"AL1";;"O";1;1;
"O01";4;"RGV";19;"[";"PATIENT_VISIT";"O";0;0;
"O01";4;"RGV";20;"PV1";;"O";0;0;
"O01";4;"RGV";22;"PV2";;"O";0;1;
"O01";4;"RGV";24;"]";;"O";0;0;
"O01";4;"RGV";25;"]";;"O";0;0;
"O01";4;"RGV";26;"{";"ORDER";"O";0;0;
"O01";4;"RGV";27;"ORC";;"O";0;0;
"O01";4;"RGV";28;"[";"ORDER_DETAIL";"O";0;0;
"O01";4;"RGV";29;"RXO";;"O";0;0;
"O01";4;"RGV";30;"[";"ORDER_DETAIL_SUPPLEMENT";"O";0;0;
"O01";4;"RGV";32;"NTE";;"O";1;0;
"O01";4;"RGV";35;"RXR";;"O";1;0;
"O01";4;"RGV";37;"[";"COMPONENTS";"O";0;0;
"O01";4;"RGV";39;"RXC";;"O";1;0;
"O01";4;"RGV";43;"NTE";;"O";1;1;
"O01";4;"RGV";46;"]";;"O";0;0;
"O01";4;"RGV";47;"]";;"O";0;0;
"O01";4;"RGV";48;"]";;"O";0;0;
"O01";4;"RGV";49;"[";"ENCODING";"O";0;0;
"O01";4;"RGV";50;"RXE";;"O";0;0;
"O01";4;"RGV";52;"RXR";;"O";1;0;
"O01";4;"RGV";56;"RXC";;"O";1;1;
"O01";4;"RGV";59;"]";;"O";0;0;
"O01";4;"RGV";60;"{";"GIVE";"O";0;0;
"O01";4;"RGV";61;"RXG";;"O";0;0;
"O01";4;"RGV";63;"RXR";;"O";1;0;
"O01";4;"RGV";67;"RXC";;"O";1;1;
"O01";4;"RGV";70;"{";"OBSERVATION";"O";0;0;
"O01";4;"RGV";72;"OBX";;"O";0;1;
"O01";4;"RGV";76;"NTE";;"O";1;1;
"O01";4;"RGV";79;"}";;"O";0;0;
"O01";4;"RGV";80;"}";;"O";0;0;
"O01";4;"RGV";81;"}";;"O";0;0;
"O02";1;"ORR";1;"MSH";;"O";0;0;
"O02";1;"ORR";2;"MSA";;"O";0;0;
"O02";1;"ORR";3;"NTE";;"O";1;1;
"O02";1;"ORR";4;"[";"PATIENT";"O";0;0;
"O02";1;"ORR";5;"PID";;"O";0;1;
"O02";1;"ORR";6;"NTE";;"O";1;1;
"O02";1;"ORR";7;"{";"ORDER";"O";0;0;
"O02";1;"ORR";8;"ORC";;"O";0;0;
"O02";1;"ORR";9;"[";"ORDER_DETAIL";"O";0;0;
"O02";1;"ORR";10;"<";"CHOICE";"O";0;0;
"O02";1;"ORR";11;"OBR";;"O";0;0;
"O02";1;"ORR";12;"|";;"O";0;0;
"O02";1;"ORR";13;"ORO";;"O";0;0;
"O02";1;"ORR";14;"|";;"O";0;0;
"O02";1;"ORR";15;"RX1";;"O";0;0;
"O02";1;"ORR";16;">";;"O";0;0;
"O02";1;"ORR";21;"]";;"O";0;0;
"O02";1;"ORR";24;"NTE";;"O";1;1;
"O02";1;"ORR";27;"}";;"O";0;0;
"O02";1;"ORR";28;"]";;"O";0;0;
"O02";2;"ACK";1;"MSH";;"O";0;0;
"O02";2;"ACK";2;"MSA";;"O";0;0;
"O02";2;"ACK";4;"ERR";;"O";0;1;
"O02";2;"ORR";1;"MSH";;"O";0;0;
"O02";2;"ORR";2;"MSA";;"O";0;0;
"O02";2;"ORR";3;"NTE";;"O";1;1;
"O02";2;"ORR";4;"[";"PATIENT";"O";0;0;
"O02";2;"ORR";5;"PID";;"O";0;1;
"O02";2;"ORR";6;"NTE";;"O";1;1;
"O02";2;"ORR";7;"{";"ORDER";"O";0;0;
"O02";2;"ORR";8;"ORC";;"O";0;0;
"O02";2;"ORR";9;"[";"ORDER_DETAIL";"O";0;0;
"O02";2;"ORR";10;"<";"CHOICE";"O";0;0;
"O02";2;"ORR";12;"OBR";;"O";0;0;
"O02";2;"ORR";13;"|";;"O";0;0;
"O02";2;"ORR";14;"RQD";;"O";0;0;
"O02";2;"ORR";15;"|";;"O";0;0;
"O02";2;"ORR";16;"RQ1";;"O";0;0;
"O02";2;"ORR";17;"|";;"O";0;0;
"O02";2;"ORR";18;"RXO";;"O";0;0;
"O02";2;"ORR";19;"|";;"O";0;0;
"O02";2;"ORR";20;"ODS";;"O";0;0;
"O02";2;"ORR";21;"|";;"O";0;0;
"O02";2;"ORR";22;"ODT";;"O";0;0;
"O02";2;"ORR";23;">";;"O";0;0;
"O02";2;"ORR";27;"]";;"O";0;0;
"O02";2;"ORR";28;"NTE";;"O";1;1;
"O02";2;"ORR";29;"}";;"O";0;0;
"O02";2;"ORR";30;"]";;"O";0;0;
"O02";3;"RAS";1;"MSH";;"O";0;0;
"O02";3;"RAS";4;"NTE";;"O";1;1;
"O02";3;"RAS";7;"[";"PATIENT";"O";0;0;
"O02";3;"RAS";8;"PID";;"O";0;0;
"O02";3;"RAS";11;"NTE";;"O";1;1;
"O02";3;"RAS";14;"]";;"O";0;0;
"O02";3;"RRA";1;"MSH";;"O";0;0;
"O02";3;"RRA";2;"MSA";;"O";0;0;
"O02";3;"RRA";4;"ERR";;"O";0;1;
"O02";3;"RRA";8;"NTE";;"O";1;1;
"O02";3;"RRA";11;"[";"RESPONSE";"O";0;0;
"O02";3;"RRA";12;"[";"PATIENT";"O";0;0;
"O02";3;"RRA";13;"PID";;"O";0;0;
"O02";3;"RRA";16;"NTE";;"O";1;1;
"O02";3;"RRA";19;"]";;"O";0;0;
"O02";3;"RRA";20;"{";"ORDER";"O";0;0;
"O02";3;"RRA";21;"ORC";;"O";0;0;
"O02";3;"RRA";22;"[";"ADMINISTRATION";"O";0;0;
"O02";3;"RRA";23;"{";;"O";0;0;
"O02";3;"RRA";24;"RXA";;"O";0;0;
"O02";3;"RRA";25;"RXR";;"O";0;0;
"O02";3;"RRA";26;"}";;"O";0;0;
"O02";3;"RRA";27;"]";;"O";0;0;
"O02";3;"RRA";28;"}";;"O";0;0;
"O02";3;"RRA";29;"]";;"O";0;0;
"O02";3;"RRD";1;"MSH";;"O";0;0;
"O02";3;"RRD";2;"MSA";;"O";0;0;
"O02";3;"RRD";4;"ERR";;"O";0;1;
"O02";3;"RRD";8;"NTE";;"O";1;1;
"O02";3;"RRD";11;"[";"PATIENT";"O";0;0;
"O02";3;"RRD";12;"[";"RESPONSE";"O";0;0;
"O02";3;"RRD";13;"PID";;"O";0;0;
"O02";3;"RRD";16;"NTE";;"O";1;1;
"O02";3;"RRD";19;"]";;"O";0;0;
"O02";3;"RRD";20;"{";"ORDER";"O";0;0;
"O02";3;"RRD";21;"ORC";;"O";0;0;
"O02";3;"RRD";22;"[";"DISPENSE";"O";0;0;
"O02";3;"RRD";23;"RXD";;"O";0;0;
"O02";3;"RRD";25;"RXR";;"O";1;0;
"O02";3;"RRD";29;"RXC";;"O";1;1;
"O02";3;"RRD";32;"]";;"O";0;0;
"O02";3;"RRD";33;"}";;"O";0;0;
"O02";3;"RRD";34;"]";;"O";0;0;
"O02";3;"RRG";1;"MSH";;"O";0;0;
"O02";3;"RRG";2;"MSA";;"O";0;0;
"O02";3;"RRG";4;"ERR";;"O";0;1;
"O02";3;"RRG";8;"NTE";;"O";1;1;
"O02";3;"RRG";11;"[";"RESPONSE";"O";0;0;
"O02";3;"RRG";12;"[";"PATIENT";"O";0;0;
"O02";3;"RRG";13;"PID";;"O";0;0;
"O02";3;"RRG";16;"NTE";;"O";1;1;
"O02";3;"RRG";19;"]";;"O";0;0;
"O02";3;"RRG";20;"{";"ORDER";"O";0;0;
"O02";3;"RRG";21;"ORC";;"O";0;0;
"O02";3;"RRG";22;"[";"GIVE";"O";0;0;
"O02";3;"RRG";23;"RXG";;"O";0;0;
"O02";3;"RRG";25;"RXR";;"O";1;0;
"O02";3;"RRG";29;"RXC";;"O";1;1;
"O02";3;"RRG";32;"]";;"O";0;0;
"O02";3;"RRG";33;"}";;"O";0;0;
"O02";3;"RRG";34;"]";;"O";0;0;
"O02";4;"RRA";1;"MSH";;"O";0;0;
"O02";4;"RRA";2;"MSA";;"O";0;0;
"O02";4;"RRA";4;"ERR";;"O";0;1;
"O02";4;"RRA";8;"NTE";;"O";1;1;
"O02";4;"RRA";11;"[";"RESPONSE";"O";0;0;
"O02";4;"RRA";12;"[";"PATIENT";"O";0;0;
"O02";4;"RRA";13;"PID";;"O";0;0;
"O02";4;"RRA";16;"NTE";;"O";1;1;
"O02";4;"RRA";19;"]";;"O";0;0;
"O02";4;"RRA";20;"{";"ORDER";"O";0;0;
"O02";4;"RRA";21;"ORC";;"O";0;0;
"O02";4;"RRA";22;"[";"ADMINISTRATION";"O";0;0;
"O02";4;"RRA";24;"RXA";;"O";1;0;
"O02";4;"RRA";26;"RXR";;"O";0;0;
"O02";4;"RRA";27;"]";;"O";0;0;
"O02";4;"RRA";28;"}";;"O";0;0;
"O02";4;"RRA";29;"]";;"O";0;0;
"O02";4;"RRD";1;"MSH";;"O";0;0;
"O02";4;"RRD";2;"MSA";;"O";0;0;
"O02";4;"RRD";4;"ERR";;"O";0;1;
"O02";4;"RRD";8;"NTE";;"O";1;1;
"O02";4;"RRD";11;"[";"RESPONSE";"O";0;0;
"O02";4;"RRD";12;"[";"PATIENT";"O";0;0;
"O02";4;"RRD";13;"PID";;"O";0;0;
"O02";4;"RRD";16;"NTE";;"O";1;1;
"O02";4;"RRD";19;"]";;"O";0;0;
"O02";4;"RRD";20;"{";"ORDER";"O";0;0;
"O02";4;"RRD";21;"ORC";;"O";0;0;
"O02";4;"RRD";22;"[";"DISPENSE";"O";0;0;
"O02";4;"RRD";23;"RXD";;"O";0;0;
"O02";4;"RRD";25;"RXR";;"O";1;0;
"O02";4;"RRD";29;"RXC";;"O";1;1;
"O02";4;"RRD";32;"]";;"O";0;0;
"O02";4;"RRD";33;"}";;"O";0;0;
"O02";4;"RRD";34;"]";;"O";0;0;
"O02";4;"RRE";1;"MSH";;"O";0;0;
"O02";4;"RRE";2;"MSA";;"O";0;0;
"O02";4;"RRE";4;"ERR";;"O";0;1;
"O02";4;"RRE";8;"NTE";;"O";1;1;
"O02";4;"RRE";11;"[";"RESPONSE";"O";0;0;
"O02";4;"RRE";12;"[";"PATIENT";"O";0;0;
"O02";4;"RRE";13;"PID";;"O";0;0;
"O02";4;"RRE";16;"NTE";;"O";1;1;
"O02";4;"RRE";19;"]";;"O";0;0;
"O02";4;"RRE";20;"{";"ORDER";"O";0;0;
"O02";4;"RRE";21;"ORC";;"O";0;0;
"O02";4;"RRE";22;"[";"ENCODING";"O";0;0;
"O02";4;"RRE";23;"RXE";;"O";0;0;
"O02";4;"RRE";25;"RXR";;"O";1;0;
"O02";4;"RRE";29;"RXC";;"O";1;1;
"O02";4;"RRE";32;"]";;"O";0;0;
"O02";4;"RRE";33;"}";;"O";0;0;
"O02";4;"RRE";34;"]";;"O";0;0;
"O02";4;"RRG";1;"MSH";;"O";0;0;
"O02";4;"RRG";2;"MSA";;"O";0;0;
"O02";4;"RRG";4;"ERR";;"O";0;1;
"O02";4;"RRG";8;"NTE";;"O";1;1;
"O02";4;"RRG";11;"[";"RESPONSE";"O";0;0;
"O02";4;"RRG";12;"[";"PATIENT";"O";0;0;
"O02";4;"RRG";13;"PID";;"O";0;0;
"O02";4;"RRG";16;"NTE";;"O";1;1;
"O02";4;"RRG";19;"]";;"O";0;0;
"O02";4;"RRG";20;"{";"ORDER";"O";0;0;
"O02";4;"RRG";21;"ORC";;"O";0;0;
"O02";4;"RRG";22;"[";"GIVE";"O";0;0;
"O02";4;"RRG";23;"RXG";;"O";0;0;
"O02";4;"RRG";25;"RXR";;"O";1;0;
"O02";4;"RRG";29;"RXC";;"O";1;1;
"O02";4;"RRG";32;"]";;"O";0;0;
"O02";4;"RRG";33;"}";;"O";0;0;
"O02";4;"RRG";34;"]";;"O";0;0;
"P01";1;"ACK";1;"MSH";;"O";0;0;
"P01";1;"ACK";2;"MSA";;"O";0;0;
"P01";1;"ACK";4;"ERR";;"O";0;1;
"P01";1;"BAR";1;"MSH";;"O";0;0;
"P01";1;"BAR";2;"EVN";;"O";0;0;
"P01";1;"BAR";3;"PID";;"O";0;0;
"P01";1;"BAR";4;"{";"VISIT";"O";0;0;
"P01";1;"BAR";6;"PV1";;"O";0;1;
"P01";1;"BAR";10;"DG1";;"O";1;1;
"P01";1;"BAR";15;"PR1";;"O";1;1;
"P01";1;"BAR";20;"GT1";;"O";1;1;
"P01";1;"BAR";25;"NK1";;"O";1;1;
"P01";1;"BAR";30;"IN1";;"O";1;1;
"P01";1;"BAR";34;"ACC";;"O";0;1;
"P01";1;"BAR";37;"UB1";;"O";0;1;
"P01";1;"BAR";42;"}";;"O";0;0;
"P01";2;"ACK";1;"MSH";;"O";0;0;
"P01";2;"ACK";2;"MSA";;"O";0;0;
"P01";2;"ACK";4;"ERR";;"O";0;1;
"P01";2;"BAR";1;"MSH";;"O";0;0;
"P01";2;"BAR";2;"EVN";;"O";0;0;
"P01";2;"BAR";3;"PID";;"O";0;0;
"P01";2;"BAR";4;"{";"VISIT";"O";0;0;
"P01";2;"BAR";6;"PV1";;"O";0;1;
"P01";2;"BAR";9;"PV2";;"O";0;1;
"P01";2;"BAR";13;"OBX";;"O";1;1;
"P01";2;"BAR";18;"AL1";;"O";1;1;
"P01";2;"BAR";23;"DG1";;"O";1;1;
"P01";2;"BAR";28;"PR1";;"O";1;1;
"P01";2;"BAR";33;"GT1";;"O";1;1;
"P01";2;"BAR";38;"NK1";;"O";1;1;
"P01";2;"BAR";41;"[";"INSURANCE";"O";0;0;
"P01";2;"BAR";42;"{";"";"O";0;0;
"P01";2;"BAR";43;"IN1";;"O";0;0;
"P01";2;"BAR";45;"IN2";;"O";0;1;
"P01";2;"BAR";48;"IN3";;"O";0;1;
"P01";2;"BAR";50;"}";;"O";0;0;
"P01";2;"BAR";51;"]";;"O";0;0;
"P01";2;"BAR";53;"ACC";;"O";0;1;
"P01";2;"BAR";56;"UB1";;"O";0;1;
"P01";2;"BAR";59;"UB2";;"O";0;1;
"P01";2;"BAR";61;"}";;"O";0;0;
"P01";3;"ACK";1;"MSH";;"O";0;0;
"P01";3;"ACK";2;"MSA";;"O";0;0;
"P01";3;"ACK";4;"ERR";;"O";0;1;
"P01";3;"BAR";1;"MSH";;"O";0;0;
"P01";3;"BAR";2;"EVN";;"O";0;0;
"P01";3;"BAR";3;"PID";;"O";0;0;
"P01";3;"BAR";6;"PD1";;"O";0;1;
"P01";3;"BAR";8;"{";"VISIT";"O";0;0;
"P01";3;"BAR";10;"PV1";;"O";0;1;
"P01";3;"BAR";14;"PV2";;"O";0;1;
"P01";3;"BAR";18;"DB1";;"O";1;1;
"P01";3;"BAR";23;"OBX";;"O";1;1;
"P01";3;"BAR";28;"AL1";;"O";1;1;
"P01";3;"BAR";33;"DG1";;"O";1;1;
"P01";3;"BAR";37;"DRG";;"O";0;1;
"P01";3;"BAR";39;"[";"PROCEDURE";"O";0;0;
"P01";3;"BAR";40;"{";"";"O";0;0;
"P01";3;"BAR";41;"PR1";;"O";0;0;
"P01";3;"BAR";44;"ROL";;"O";1;1;
"P01";3;"BAR";47;"}";;"O";0;0;
"P01";3;"BAR";48;"]";;"O";0;0;
"P01";3;"BAR";51;"GT1";;"O";1;1;
"P01";3;"BAR";56;"NK1";;"O";1;1;
"P01";3;"BAR";59;"[";"INSURANCE";"O";0;0;
"P01";3;"BAR";60;"{";"";"O";0;0;
"P01";3;"BAR";61;"IN1";;"O";0;0;
"P01";3;"BAR";63;"IN2";;"O";0;1;
"P01";3;"BAR";66;"IN3";;"O";0;1;
"P01";3;"BAR";68;"}";;"O";0;0;
"P01";3;"BAR";69;"]";;"O";0;0;
"P01";3;"BAR";71;"ACC";;"O";0;1;
"P01";3;"BAR";74;"UB1";;"O";0;1;
"P01";3;"BAR";77;"UB2";;"O";0;1;
"P01";3;"BAR";79;"}";;"O";0;0;
"P01";4;"ACK";1;"MSH";;"O";0;0;
"P01";4;"ACK";2;"MSA";;"O";0;0;
"P01";4;"ACK";4;"ERR";;"O";0;1;
"P01";4;"BAR";1;"MSH";;"O";0;0;
"P01";4;"BAR";2;"EVN";;"O";0;0;
"P01";4;"BAR";3;"PID";;"O";0;0;
"P01";4;"BAR";5;"PD1";;"O";0;1;
"P01";4;"BAR";7;"{";"VISIT";"O";0;0;
"P01";4;"BAR";9;"PV1";;"O";0;1;
"P01";4;"BAR";12;"PV2";;"O";0;1;
"P01";4;"BAR";16;"DB1";;"O";1;1;
"P01";4;"BAR";21;"OBX";;"O";1;1;
"P01";4;"BAR";26;"AL1";;"O";1;1;
"P01";4;"BAR";31;"DG1";;"O";1;1;
"P01";4;"BAR";35;"DRG";;"O";0;1;
"P01";4;"BAR";37;"[";"PROCEDURE";"O";0;0;
"P01";4;"BAR";38;"{";"";"O";0;0;
"P01";4;"BAR";39;"PR1";;"O";0;0;
"P01";4;"BAR";42;"ROL";;"O";1;1;
"P01";4;"BAR";45;"}";;"O";0;0;
"P01";4;"BAR";46;"]";;"O";0;0;
"P01";4;"BAR";49;"GT1";;"O";1;1;
"P01";4;"BAR";54;"NK1";;"O";1;1;
"P01";4;"BAR";57;"[";"INSURANCE";"O";0;0;
"P01";4;"BAR";58;"{";"";"O";0;0;
"P01";4;"BAR";59;"IN1";;"O";0;0;
"P01";4;"BAR";61;"IN2";;"O";0;1;
"P01";4;"BAR";65;"IN3";;"O";1;1;
"P01";4;"BAR";68;"}";;"O";0;0;
"P01";4;"BAR";69;"]";;"O";0;0;
"P01";4;"BAR";71;"ACC";;"O";0;1;
"P01";4;"BAR";74;"UB1";;"O";0;1;
"P01";4;"BAR";77;"UB2";;"O";0;1;
"P01";4;"BAR";79;"}";;"O";0;0;
"P02";1;"ACK";1;"MSH";;"O";0;0;
"P02";1;"ACK";2;"MSA";;"O";0;0;
"P02";1;"ACK";4;"ERR";;"O";0;1;
"P02";1;"BAR";1;"MSH";;"O";0;0;
"P02";1;"BAR";2;"EVN";;"O";0;0;
"P02";1;"BAR";3;"{";"PATIENT";"O";0;0;
"P02";1;"BAR";4;"PID";;"O";0;0;
"P02";1;"BAR";6;"PV1";;"O";0;1;
"P02";1;"BAR";8;"}";;"O";0;0;
"P02";2;"ACK";1;"MSH";;"O";0;0;
"P02";2;"ACK";2;"MSA";;"O";0;0;
"P02";2;"ACK";4;"ERR";;"O";0;1;
"P02";2;"BAR";1;"MSH";;"O";0;0;
"P02";2;"BAR";2;"EVN";;"O";0;0;
"P02";2;"BAR";3;"{";"PATIENT";"O";0;0;
"P02";2;"BAR";4;"PID";;"O";0;0;
"P02";2;"BAR";6;"PV1";;"O";0;1;
"P02";2;"BAR";8;"}";;"O";0;0;
"P02";3;"ACK";1;"MSH";;"O";0;0;
"P02";3;"ACK";2;"MSA";;"O";0;0;
"P02";3;"ACK";4;"ERR";;"O";0;1;
"P02";3;"BAR";1;"MSH";;"O";0;0;
"P02";3;"BAR";2;"EVN";;"O";0;0;
"P02";3;"BAR";3;"{";"PATIENT";"O";0;0;
"P02";3;"BAR";4;"PID";;"O";0;0;
"P02";3;"BAR";6;"PD1";;"O";0;1;
"P02";3;"BAR";9;"PV1";;"O";0;1;
"P02";3;"BAR";13;"DB1";;"O";1;1;
"P02";3;"BAR";16;"}";;"O";0;0;
"P02";4;"ACK";1;"MSH";;"O";0;0;
"P02";4;"ACK";2;"MSA";;"O";0;0;
"P02";4;"ACK";4;"ERR";;"O";0;1;
"P02";4;"BAR";1;"MSH";;"O";0;0;
"P02";4;"BAR";2;"EVN";;"O";0;0;
"P02";4;"BAR";3;"{";"PATIENT";"O";0;0;
"P02";4;"BAR";4;"PID";;"O";0;0;
"P02";4;"BAR";6;"PD1";;"O";0;1;
"P02";4;"BAR";9;"PV1";;"O";0;1;
"P02";4;"BAR";13;"DB1";;"O";1;1;
"P02";4;"BAR";16;"}";;"O";0;0;
"P03";1;"ACK";1;"MSH";;"O";0;0;
"P03";1;"ACK";2;"MSA";;"O";0;0;
"P03";1;"ACK";4;"ERR";;"O";0;1;
"P03";1;"DFT";1;"MSH";;"O";0;0;
"P03";1;"DFT";2;"EVN";;"O";0;0;
"P03";1;"DFT";3;"PID";;"O";0;0;
"P03";1;"DFT";5;"PV1";;"O";0;1;
"P03";1;"DFT";9;"FT1";;"O";1;1;
"P03";2;"ACK";1;"MSH";;"O";0;0;
"P03";2;"ACK";2;"MSA";;"O";0;0;
"P03";2;"ACK";4;"ERR";;"O";0;1;
"P03";2;"DFT";1;"MSH";;"O";0;0;
"P03";2;"DFT";2;"EVN";;"O";0;0;
"P03";2;"DFT";3;"PID";;"O";0;0;
"P03";2;"DFT";5;"PV1";;"O";0;1;
"P03";2;"DFT";8;"PV2";;"O";0;1;
"P03";2;"DFT";12;"OBX";;"O";1;1;
"P03";2;"DFT";16;"FT1";;"O";1;0;
"P03";3;"ACK";1;"MSH";;"O";0;0;
"P03";3;"ACK";2;"MSA";;"O";0;0;
"P03";3;"ACK";4;"ERR";;"O";0;1;
"P03";3;"DFT";1;"MSH";;"O";0;0;
"P03";3;"DFT";2;"EVN";;"O";0;0;
"P03";3;"DFT";3;"PID";;"O";0;0;
"P03";3;"DFT";5;"PD1";;"O";0;1;
"P03";3;"DFT";8;"PV1";;"O";0;1;
"P03";3;"DFT";11;"PV2";;"O";0;1;
"P03";3;"DFT";15;"DB1";;"O";1;1;
"P03";3;"DFT";20;"OBX";;"O";1;1;
"P03";3;"DFT";23;"{";"FINANCIAL";"O";0;0;
"P03";3;"DFT";24;"FT1";;"O";0;0;
"P03";3;"DFT";25;"[";"FINANCIAL_PROCEDURE";"O";0;0;
"P03";3;"DFT";26;"{";"";"O";0;0;
"P03";3;"DFT";27;"PR1";;"O";0;0;
"P03";3;"DFT";30;"ROL";;"O";1;1;
"P03";3;"DFT";33;"}";;"O";0;0;
"P03";3;"DFT";34;"]";"FINANCIAL_PROCEDURE";"O";0;0;
"P03";3;"DFT";35;"}";;"O";0;0;
"P03";3;"DFT";38;"DG1";;"O";1;1;
"P03";3;"DFT";42;"DRG";;"O";0;1;
"P03";3;"DFT";46;"GT1";;"O";1;1;
"P03";3;"DFT";49;"[";"INSURANCE";"O";0;0;
"P03";3;"DFT";50;"{";"";"O";0;0;
"P03";3;"DFT";51;"IN1";;"O";0;0;
"P03";3;"DFT";53;"IN2";;"O";0;1;
"P03";3;"DFT";56;"IN3";;"O";0;1;
"P03";3;"DFT";58;"}";;"O";0;0;
"P03";3;"DFT";59;"]";"INSURANCE";"O";0;0;
"P03";3;"DFT";61;"ACC";;"O";0;1;
"P03";4;"ACK";1;"MSH";;"O";0;0;
"P03";4;"ACK";2;"MSA";;"O";0;0;
"P03";4;"ACK";4;"ERR";;"O";0;1;
"P03";4;"DFT";1;"MSH";;"O";0;0;
"P03";4;"DFT";2;"EVN";;"O";0;0;
"P03";4;"DFT";3;"PID";;"O";0;0;
"P03";4;"DFT";5;"PD1";;"O";0;1;
"P03";4;"DFT";8;"PV1";;"O";0;1;
"P03";4;"DFT";11;"PV2";;"O";0;1;
"P03";4;"DFT";15;"DB1";;"O";1;1;
"P03";4;"DFT";20;"OBX";;"O";1;1;
"P03";4;"DFT";23;"{";"FINANCIAL";"O";0;0;
"P03";4;"DFT";24;"FT1";;"O";0;0;
"P03";4;"DFT";25;"[";"FINANCIAL_PROCEDURE";"O";0;0;
"P03";4;"DFT";26;"{";"";"O";0;0;
"P03";4;"DFT";27;"PR1";;"O";0;0;
"P03";4;"DFT";30;"ROL";;"O";1;1;
"P03";4;"DFT";33;"}";;"O";0;0;
"P03";4;"DFT";34;"]";;"O";0;0;
"P03";4;"DFT";35;"}";;"O";0;0;
"P03";4;"DFT";38;"DG1";;"O";1;1;
"P03";4;"DFT";42;"DRG";;"O";0;1;
"P03";4;"DFT";46;"GT1";;"O";1;1;
"P03";4;"DFT";49;"[";"INSURANCE";"O";0;0;
"P03";4;"DFT";50;"{";"";"O";0;0;
"P03";4;"DFT";51;"IN1";;"O";0;0;
"P03";4;"DFT";53;"IN2";;"O";0;1;
"P03";4;"DFT";57;"IN3";;"O";1;1;
"P03";4;"DFT";60;"}";;"O";0;0;
"P03";4;"DFT";61;"]";;"O";0;0;
"P03";4;"DFT";63;"ACC";;"O";0;1;
"P04";2;"DSR";1;"MSH";;"O";0;0;
"P04";2;"DSR";2;"MSA";;"O";0;0;
"P04";2;"DSR";4;"ERR";;"O";0;1;
"P04";2;"DSR";6;"QRD";;"O";0;0;
"P04";2;"DSR";8;"QRF";;"O";0;1;
"P04";2;"DSR";11;"DSP";;"O";1;0;
"P04";2;"DSR";14;"DSC";;"O";0;1;
"P04";2;"QRY";1;"MSH";;"O";0;0;
"P04";2;"QRY";2;"QRD";;"O";0;0;
"P04";2;"QRY";4;"QRF";;"O";0;1;
"P04";2;"QRY";7;"DSC";;"O";0;1;
"P05";3;"ACK";1;"MSH";;"O";0;0;
"P05";3;"ACK";2;"MSA";;"O";0;0;
"P05";3;"ACK";4;"ERR";;"O";0;1;
"P05";3;"BAR";1;"MSH";;"O";0;0;
"P05";3;"BAR";2;"EVN";;"O";0;0;
"P05";3;"BAR";3;"PID";;"O";0;0;
"P05";3;"BAR";6;"PD1";;"O";0;1;
"P05";3;"BAR";8;"{";"VISIT";"O";0;0;
"P05";3;"BAR";10;"PV1";;"O";0;1;
"P05";3;"BAR";14;"PV2";;"O";0;1;
"P05";3;"BAR";18;"DB1";;"O";1;1;
"P05";3;"BAR";23;"OBX";;"O";1;1;
"P05";3;"BAR";28;"AL1";;"O";1;1;
"P05";3;"BAR";33;"DG1";;"O";1;1;
"P05";3;"BAR";37;"DRG";;"O";0;1;
"P05";3;"BAR";39;"[";"PROCEDURE";"O";0;0;
"P05";3;"BAR";40;"{";"";"O";0;0;
"P05";3;"BAR";41;"PR1";;"O";0;0;
"P05";3;"BAR";44;"ROL";;"O";1;1;
"P05";3;"BAR";47;"}";;"O";0;0;
"P05";3;"BAR";48;"]";;"O";0;0;
"P05";3;"BAR";51;"GT1";;"O";1;1;
"P05";3;"BAR";56;"NK1";;"O";1;1;
"P05";3;"BAR";59;"[";"INSURANCE";"O";0;0;
"P05";3;"BAR";60;"{";"";"O";0;0;
"P05";3;"BAR";61;"IN1";;"O";0;0;
"P05";3;"BAR";63;"IN2";;"O";0;1;
"P05";3;"BAR";66;"IN3";;"O";0;1;
"P05";3;"BAR";68;"}";;"O";0;0;
"P05";3;"BAR";69;"]";;"O";0;0;
"P05";3;"BAR";71;"ACC";;"O";0;1;
"P05";3;"BAR";74;"UB1";;"O";0;1;
"P05";3;"BAR";77;"UB2";;"O";0;1;
"P05";3;"BAR";79;"}";;"O";0;0;
"P05";4;"ACK";1;"MSH";;"O";0;0;
"P05";4;"ACK";2;"MSA";;"O";0;0;
"P05";4;"ACK";4;"ERR";;"O";0;1;
"P05";4;"BAR";1;"MSH";;"O";0;0;
"P05";4;"BAR";2;"EVN";;"O";0;0;
"P05";4;"BAR";3;"PID";;"O";0;0;
"P05";4;"BAR";5;"PD1";;"O";0;1;
"P05";4;"BAR";7;"{";"VISIT";"O";0;0;
"P05";4;"BAR";9;"PV1";;"O";0;1;
"P05";4;"BAR";12;"PV2";;"O";0;1;
"P05";4;"BAR";16;"DB1";;"O";1;1;
"P05";4;"BAR";21;"OBX";;"O";1;1;
"P05";4;"BAR";26;"AL1";;"O";1;1;
"P05";4;"BAR";31;"DG1";;"O";1;1;
"P05";4;"BAR";35;"DRG";;"O";0;1;
"P05";4;"BAR";37;"[";"PROCEDURE";"O";0;0;
"P05";4;"BAR";38;"{";"";"O";0;0;
"P05";4;"BAR";39;"PR1";;"O";0;0;
"P05";4;"BAR";42;"ROL";;"O";1;1;
"P05";4;"BAR";45;"}";;"O";0;0;
"P05";4;"BAR";46;"]";;"O";0;0;
"P05";4;"BAR";49;"GT1";;"O";1;1;
"P05";4;"BAR";54;"NK1";;"O";1;1;
"P05";4;"BAR";57;"[";"INSURANCE";"O";0;0;
"P05";4;"BAR";58;"{";"";"O";0;0;
"P05";4;"BAR";59;"IN1";;"O";0;0;
"P05";4;"BAR";61;"IN2";;"O";0;1;
"P05";4;"BAR";65;"IN3";;"O";1;1;
"P05";4;"BAR";68;"}";;"O";0;0;
"P05";4;"BAR";69;"]";;"O";0;0;
"P05";4;"BAR";71;"ACC";;"O";0;1;
"P05";4;"BAR";74;"UB1";;"O";0;1;
"P05";4;"BAR";77;"UB2";;"O";0;1;
"P05";4;"BAR";79;"}";;"O";0;0;
"P06";3;"ACK";1;"MSH";;"O";0;0;
"P06";3;"ACK";2;"MSA";;"O";0;0;
"P06";3;"ACK";4;"ERR";;"O";0;1;
"P06";3;"BAR";1;"MSH";;"O";0;0;
"P06";3;"BAR";2;"EVN";;"O";0;0;
"P06";3;"BAR";3;"{";"PATIENT";"O";0;0;
"P06";3;"BAR";4;"PID";;"O";0;0;
"P06";3;"BAR";6;"PV1";;"O";0;1;
"P06";3;"BAR";8;"}";;"O";0;0;
"P06";4;"ACK";1;"MSH";;"O";0;0;
"P06";4;"ACK";2;"MSA";;"O";0;0;
"P06";4;"ACK";4;"ERR";;"O";0;1;
"P06";4;"BAR";1;"MSH";;"O";0;0;
"P06";4;"BAR";2;"EVN";;"O";0;0;
"P06";4;"BAR";3;"{";"PATIENT";"O";0;0;
"P06";4;"BAR";4;"PID";;"O";0;0;
"P06";4;"BAR";6;"PV1";;"O";0;1;
"P06";4;"BAR";8;"}";;"O";0;0;
"P07";3;"PEX";1;"MSH";;"O";0;0;
"P07";3;"PEX";2;"EVN";;"O";0;0;
"P07";3;"PEX";3;"PID";;"O";0;0;
"P07";3;"PEX";5;"PD1";;"O";0;1;
"P07";3;"PEX";9;"NTE";;"O";1;1;
"P07";3;"PEX";12;"[";"VISIT";"O";0;0;
"P07";3;"PEX";13;"PV1";;"O";0;0;
"P07";3;"PEX";15;"PV2";;"O";0;1;
"P07";3;"PEX";17;"]";;"O";0;0;
"P07";3;"PEX";18;"{";"EXPERIENCE";"O";0;0;
"P07";3;"PEX";19;"PES";;"O";0;0;
"P07";3;"PEX";20;"{";"PEX_OBSERVATION";"O";0;0;
"P07";3;"PEX";21;"PEO";;"O";0;0;
"P07";3;"PEX";22;"{";"PEX_CAUSE";"O";0;0;
"P07";3;"PEX";23;"PCR";;"O";0;0;
"P07";3;"PEX";24;"[";"RX_ORDER";"O";0;0;
"P07";3;"PEX";25;"RXE";;"O";0;0;
"P07";3;"PEX";28;"RXR";;"O";1;1;
"P07";3;"PEX";31;"]";;"O";0;0;
"P07";3;"PEX";32;"[";"RX_ADMINISTRATION";"O";0;0;
"P07";3;"PEX";33;"{";"";"O";0;0;
"P07";3;"PEX";34;"RXA";;"O";0;0;
"P07";3;"PEX";36;"RXR";;"O";0;1;
"P07";3;"PEX";38;"}";;"O";0;0;
"P07";3;"PEX";39;"]";;"O";0;0;
"P07";3;"PEX";42;"PRB";;"O";1;1;
"P07";3;"PEX";47;"OBX";;"O";1;1;
"P07";3;"PEX";52;"NTE";;"O";1;1;
"P07";3;"PEX";55;"[";"ASSOCIATED_PERSON";"O";0;0;
"P07";3;"PEX";56;"NK1";;"O";0;0;
"P07";3;"PEX";57;"[";"ASSOCIATED_RX_ORDER";"O";0;0;
"P07";3;"PEX";58;"RXE";;"O";0;0;
"P07";3;"PEX";61;"RXR";;"O";1;1;
"P07";3;"PEX";64;"]";;"O";0;0;
"P07";3;"PEX";65;"[";"ASSOCIATED_RX_ADMIN";"O";0;0;
"P07";3;"PEX";66;"{";"";"O";0;0;
"P07";3;"PEX";67;"RXA";;"O";0;0;
"P07";3;"PEX";69;"RXR";;"O";0;1;
"P07";3;"PEX";71;"}";;"O";0;0;
"P07";3;"PEX";72;"]";;"O";0;0;
"P07";3;"PEX";75;"PRB";;"O";1;1;
"P07";3;"PEX";80;"OBX";;"O";1;1;
"P07";3;"PEX";83;"]";;"O";0;0;
"P07";3;"PEX";84;"[";"STUDY";"O";0;0;
"P07";3;"PEX";85;"{";"";"O";0;0;
"P07";3;"PEX";86;"CSR";;"O";0;0;
"P07";3;"PEX";89;"CSP";;"O";1;1;
"P07";3;"PEX";92;"}";;"O";0;0;
"P07";3;"PEX";93;"]";;"O";0;0;
"P07";3;"PEX";94;"}";;"O";0;0;
"P07";3;"PEX";95;"}";;"O";0;0;
"P07";3;"PEX";96;"}";;"O";0;0;
"P08";3;"PEX";1;"MSH";;"O";0;0;
"P08";3;"PEX";2;"EVN";;"O";0;0;
"P08";3;"PEX";3;"PID";;"O";0;0;
"P08";3;"PEX";5;"PD1";;"O";0;1;
"P08";3;"PEX";9;"NTE";;"O";1;1;
"P08";3;"PEX";12;"[";"VISIT";"O";0;0;
"P08";3;"PEX";13;"PV1";;"O";0;0;
"P08";3;"PEX";15;"PV2";;"O";0;1;
"P08";3;"PEX";17;"]";;"O";0;0;
"P08";3;"PEX";18;"{";"EXPERIENCE";"O";0;0;
"P08";3;"PEX";19;"PES";;"O";0;0;
"P08";3;"PEX";20;"{";"PEX_OBSERVATION";"O";0;0;
"P08";3;"PEX";21;"PEO";;"O";0;0;
"P08";3;"PEX";22;"{";"PEX_CAUSE";"O";0;0;
"P08";3;"PEX";23;"PCR";;"O";0;0;
"P08";3;"PEX";24;"[";"RX_ORDER";"O";0;0;
"P08";3;"PEX";25;"RXE";;"O";0;0;
"P08";3;"PEX";28;"RXR";;"O";1;1;
"P08";3;"PEX";31;"]";;"O";0;0;
"P08";3;"PEX";32;"[";"RX_ADMINISTRATION";"O";0;0;
"P08";3;"PEX";33;"{";"";"O";0;0;
"P08";3;"PEX";34;"RXA";;"O";0;0;
"P08";3;"PEX";36;"RXR";;"O";0;1;
"P08";3;"PEX";38;"}";;"O";0;0;
"P08";3;"PEX";39;"]";;"O";0;0;
"P08";3;"PEX";42;"PRB";;"O";1;1;
"P08";3;"PEX";47;"OBX";;"O";1;1;
"P08";3;"PEX";52;"NTE";;"O";1;1;
"P08";3;"PEX";55;"[";"ASSOCIATED_PERSON";"O";0;0;
"P08";3;"PEX";56;"NK1";;"O";0;0;
"P08";3;"PEX";57;"[";"ASSOCIATED_RX_ORDER";"O";0;0;
"P08";3;"PEX";58;"RXE";;"O";0;0;
"P08";3;"PEX";61;"RXR";;"O";1;1;
"P08";3;"PEX";64;"]";;"O";0;0;
"P08";3;"PEX";65;"[";"ASSOCIATED_RX_ADMIN";"O";0;0;
"P08";3;"PEX";66;"{";"";"O";0;0;
"P08";3;"PEX";67;"RXA";;"O";0;0;
"P08";3;"PEX";69;"RXR";;"O";0;1;
"P08";3;"PEX";71;"}";;"O";0;0;
"P08";3;"PEX";72;"]";;"O";0;0;
"P08";3;"PEX";75;"PRB";;"O";1;1;
"P08";3;"PEX";80;"OBX";;"O";1;1;
"P08";3;"PEX";83;"]";;"O";0;0;
"P08";3;"PEX";84;"[";"STUDY";"O";0;0;
"P08";3;"PEX";85;"{";"";"O";0;0;
"P08";3;"PEX";86;"CSR";;"O";0;0;
"P08";3;"PEX";89;"CSP";;"O";1;1;
"P08";3;"PEX";92;"}";;"O";0;0;
"P08";3;"PEX";93;"]";;"O";0;0;
"P08";3;"PEX";94;"}";;"O";0;0;
"P08";3;"PEX";95;"}";;"O";0;0;
"P08";3;"PEX";96;"}";;"O";0;0;
"P09";3;"ACK";1;"MSH";;"O";0;0;
"P09";3;"ACK";2;"MSA";;"O";0;0;
"P09";3;"ACK";4;"ERR";;"O";0;1;
"P09";3;"SUR";1;"MSH";;"O";0;0;
"P09";3;"SUR";2;"{";"FACILITY";"O";0;0;
"P09";3;"SUR";3;"FAC";;"O";0;0;
"P09";3;"SUR";4;"{";"PRODUCT";"O";0;0;
"P09";3;"SUR";5;"PSH";;"O";0;0;
"P09";3;"SUR";6;"PDC";;"O";0;0;
"P09";3;"SUR";7;"}";;"O";0;0;
"P09";3;"SUR";8;"PSH";;"O";0;0;
"P09";3;"SUR";9;"{";"FACILITY_DETAIL";"O";0;0;
"P09";3;"SUR";10;"FAC";;"O";0;0;
"P09";3;"SUR";11;"PDC";;"O";0;0;
"P09";3;"SUR";12;"NTE";;"O";0;0;
"P09";3;"SUR";13;"}";;"O";0;0;
"P09";3;"SUR";15;"}";;"O";0;0;
"P09";4;"SUR";1;"MSH";;"O";0;0;
"P09";4;"SUR";2;"{";"FACILITY";"O";0;0;
"P09";4;"SUR";3;"FAC";;"O";0;0;
"P09";4;"SUR";4;"{";"PRODUCT";"O";0;0;
"P09";4;"SUR";5;"PSH";;"O";0;0;
"P09";4;"SUR";6;"PDC";;"O";0;0;
"P09";4;"SUR";7;"}";;"O";0;0;
"P09";4;"SUR";8;"PSH";;"O";0;0;
"P09";4;"SUR";9;"{";"FACILITY_DETAIL";"O";0;0;
"P09";4;"SUR";10;"FAC";;"O";0;0;
"P09";4;"SUR";11;"PDC";;"O";0;0;
"P09";4;"SUR";12;"NTE";;"O";0;0;
"P09";4;"SUR";13;"}";;"O";0;0;
"P09";4;"SUR";14;"}";;"O";0;0;
"PC1";3;"ACK";1;"MSH";;"O";0;0;
"PC1";3;"ACK";2;"MSA";;"O";0;0;
"PC1";3;"ACK";4;"ERR";;"O";0;1;
"PC1";3;"PPR";1;"MSH";;"O";0;0;
"PC1";3;"PPR";2;"PID";;"O";0;0;
"PC1";3;"PPR";3;"[";"PATIENT_VISIT";"O";0;0;
"PC1";3;"PPR";4;"PV1";;"O";0;0;
"PC1";3;"PPR";6;"PV2";;"O";0;1;
"PC1";3;"PPR";8;"]";;"O";0;0;
"PC1";3;"PPR";9;"{";"PROBLEM";"O";0;0;
"PC1";3;"PPR";10;"PRB";;"O";0;0;
"PC1";3;"PPR";13;"NTE";;"O";1;1;
"PC1";3;"PPR";18;"VAR";;"O";1;1;
"PC1";3;"PPR";21;"[";"PROBLEM_ROLE";"O";0;0;
"PC1";3;"PPR";22;"{";"";"O";0;0;
"PC1";3;"PPR";23;"ROL";;"O";0;0;
"PC1";3;"PPR";26;"VAR";;"O";1;1;
"PC1";3;"PPR";29;"}";;"O";0;0;
"PC1";3;"PPR";30;"]";;"O";0;0;
"PC1";3;"PPR";31;"[";"PATHWAY";"O";0;0;
"PC1";3;"PPR";32;"{";"";"O";0;0;
"PC1";3;"PPR";33;"PTH";;"O";0;0;
"PC1";3;"PPR";36;"VAR";;"O";1;1;
"PC1";3;"PPR";39;"}";;"O";0;0;
"PC1";3;"PPR";40;"]";;"O";0;0;
"PC1";3;"PPR";41;"[";"PROBLEM_OBSERVATION";"O";0;0;
"PC1";3;"PPR";42;"{";"";"O";0;0;
"PC1";3;"PPR";43;"OBX";;"O";0;0;
"PC1";3;"PPR";46;"NTE";;"O";1;1;
"PC1";3;"PPR";49;"}";;"O";0;0;
"PC1";3;"PPR";50;"]";;"O";0;0;
"PC1";3;"PPR";51;"[";"GOAL";"O";0;0;
"PC1";3;"PPR";52;"{";"";"O";0;0;
"PC1";3;"PPR";53;"GOL";;"O";0;0;
"PC1";3;"PPR";56;"NTE";;"O";1;1;
"PC1";3;"PPR";61;"VAR";;"O";1;1;
"PC1";3;"PPR";64;"[";"GOAL_ROLE";"O";0;0;
"PC1";3;"PPR";65;"{";"";"O";0;0;
"PC1";3;"PPR";66;"ROL";;"O";0;0;
"PC1";3;"PPR";69;"VAR";;"O";1;1;
"PC1";3;"PPR";72;"}";;"O";0;0;
"PC1";3;"PPR";73;"]";;"O";0;0;
"PC1";3;"PPR";74;"[";"GOAL_OBSERVATION";"O";0;0;
"PC1";3;"PPR";75;"{";"";"O";0;0;
"PC1";3;"PPR";76;"OBX";;"O";0;0;
"PC1";3;"PPR";79;"NTE";;"O";1;1;
"PC1";3;"PPR";82;"}";;"O";0;0;
"PC1";3;"PPR";83;"]";;"O";0;0;
"PC1";3;"PPR";84;"}";;"O";0;0;
"PC1";3;"PPR";85;"]";;"O";0;0;
"PC1";3;"PPR";86;"[";"ORDER";"O";0;0;
"PC1";3;"PPR";87;"{";"";"O";0;0;
"PC1";3;"PPR";88;"ORC";;"O";0;0;
"PC1";3;"PPR";89;"[";"ORDER_DETAIL";"O";0;0;
"PC1";3;"PPR";90;"OBR";;"O";0;0;
"PC1";3;"PPR";93;"NTE";;"O";1;1;
"PC1";3;"PPR";98;"VAR";;"O";1;1;
"PC1";3;"PPR";101;"[";"ORDER_OBSERVATION";"O";0;0;
"PC1";3;"PPR";102;"{";"";"O";0;0;
"PC1";3;"PPR";103;"OBX";;"O";0;0;
"PC1";3;"PPR";106;"NTE";;"O";1;1;
"PC1";3;"PPR";111;"VAR";;"O";1;1;
"PC1";3;"PPR";114;"}";;"O";0;0;
"PC1";3;"PPR";115;"]";;"O";0;0;
"PC1";3;"PPR";116;"]";;"O";0;0;
"PC1";3;"PPR";117;"}";;"O";0;0;
"PC1";3;"PPR";118;"]";;"O";0;0;
"PC1";3;"PPR";119;"}";;"O";0;0;
"PC2";3;"ACK";1;"MSH";;"O";0;0;
"PC2";3;"ACK";2;"MSA";;"O";0;0;
"PC2";3;"ACK";4;"ERR";;"O";0;1;
"PC2";3;"PPR";1;"MSH";;"O";0;0;
"PC2";3;"PPR";2;"PID";;"O";0;0;
"PC2";3;"PPR";3;"[";"PATIENT_VISIT";"O";0;0;
"PC2";3;"PPR";4;"PV1";;"O";0;0;
"PC2";3;"PPR";6;"PV2";;"O";0;1;
"PC2";3;"PPR";8;"]";;"O";0;0;
"PC2";3;"PPR";9;"{";"PROBLEM";"O";0;0;
"PC2";3;"PPR";10;"PRB";;"O";0;0;
"PC2";3;"PPR";13;"NTE";;"O";1;1;
"PC2";3;"PPR";18;"VAR";;"O";1;1;
"PC2";3;"PPR";21;"[";"PROBLEM_ROLE";"O";0;0;
"PC2";3;"PPR";22;"{";"";"O";0;0;
"PC2";3;"PPR";23;"ROL";;"O";0;0;
"PC2";3;"PPR";26;"VAR";;"O";1;1;
"PC2";3;"PPR";29;"}";;"O";0;0;
"PC2";3;"PPR";30;"]";;"O";0;0;
"PC2";3;"PPR";31;"[";"PATHWAY";"O";0;0;
"PC2";3;"PPR";32;"{";"";"O";0;0;
"PC2";3;"PPR";33;"PTH";;"O";0;0;
"PC2";3;"PPR";36;"VAR";;"O";1;1;
"PC2";3;"PPR";39;"}";;"O";0;0;
"PC2";3;"PPR";40;"]";;"O";0;0;
"PC2";3;"PPR";41;"[";"PROBLEM_OBSERVATION";"O";0;0;
"PC2";3;"PPR";42;"{";"";"O";0;0;
"PC2";3;"PPR";43;"OBX";;"O";0;0;
"PC2";3;"PPR";46;"NTE";;"O";1;1;
"PC2";3;"PPR";49;"}";;"O";0;0;
"PC2";3;"PPR";50;"]";;"O";0;0;
"PC2";3;"PPR";51;"[";"GOAL";"O";0;0;
"PC2";3;"PPR";52;"{";"";"O";0;0;
"PC2";3;"PPR";53;"GOL";;"O";0;0;
"PC2";3;"PPR";56;"NTE";;"O";1;1;
"PC2";3;"PPR";61;"VAR";;"O";1;1;
"PC2";3;"PPR";64;"[";"GOAL_ROLE";"O";0;0;
"PC2";3;"PPR";65;"{";"";"O";0;0;
"PC2";3;"PPR";66;"ROL";;"O";0;0;
"PC2";3;"PPR";69;"VAR";;"O";1;1;
"PC2";3;"PPR";72;"}";;"O";0;0;
"PC2";3;"PPR";73;"]";;"O";0;0;
"PC2";3;"PPR";74;"[";"GOAL_OBSERVATION";"O";0;0;
"PC2";3;"PPR";75;"{";"";"O";0;0;
"PC2";3;"PPR";76;"OBX";;"O";0;0;
"PC2";3;"PPR";79;"NTE";;"O";1;1;
"PC2";3;"PPR";82;"}";;"O";0;0;
"PC2";3;"PPR";83;"]";;"O";0;0;
"PC2";3;"PPR";84;"}";;"O";0;0;
"PC2";3;"PPR";85;"]";;"O";0;0;
"PC2";3;"PPR";86;"[";"ORDER";"O";0;0;
"PC2";3;"PPR";87;"{";"";"O";0;0;
"PC2";3;"PPR";88;"ORC";;"O";0;0;
"PC2";3;"PPR";89;"[";"ORDER_DETAIL";"O";0;0;
"PC2";3;"PPR";90;"OBR";;"O";0;0;
"PC2";3;"PPR";93;"NTE";;"O";1;1;
"PC2";3;"PPR";98;"VAR";;"O";1;1;
"PC2";3;"PPR";101;"[";"ORDER_OBSERVATION";"O";0;0;
"PC2";3;"PPR";102;"{";"";"O";0;0;
"PC2";3;"PPR";103;"OBX";;"O";0;0;
"PC2";3;"PPR";106;"NTE";;"O";1;1;
"PC2";3;"PPR";111;"VAR";;"O";1;1;
"PC2";3;"PPR";114;"}";;"O";0;0;
"PC2";3;"PPR";115;"]";;"O";0;0;
"PC2";3;"PPR";116;"]";;"O";0;0;
"PC2";3;"PPR";117;"}";;"O";0;0;
"PC2";3;"PPR";118;"]";;"O";0;0;
"PC2";3;"PPR";119;"}";;"O";0;0;
"PC3";3;"ACK";1;"MSH";;"O";0;0;
"PC3";3;"ACK";2;"MSA";;"O";0;0;
"PC3";3;"ACK";4;"ERR";;"O";0;1;
"PC3";3;"PPR";1;"MSH";;"O";0;0;
"PC3";3;"PPR";2;"PID";;"O";0;0;
"PC3";3;"PPR";3;"[";"PATIENT_VISIT";"O";0;0;
"PC3";3;"PPR";4;"PV1";;"O";0;0;
"PC3";3;"PPR";6;"PV2";;"O";0;1;
"PC3";3;"PPR";8;"]";;"O";0;0;
"PC3";3;"PPR";9;"{";"PROBLEM";"O";0;0;
"PC3";3;"PPR";10;"PRB";;"O";0;0;
"PC3";3;"PPR";13;"NTE";;"O";1;1;
"PC3";3;"PPR";18;"VAR";;"O";1;1;
"PC3";3;"PPR";21;"[";"PROBLEM_ROLE";"O";0;0;
"PC3";3;"PPR";22;"{";"";"O";0;0;
"PC3";3;"PPR";23;"ROL";;"O";0;0;
"PC3";3;"PPR";26;"VAR";;"O";1;1;
"PC3";3;"PPR";29;"}";;"O";0;0;
"PC3";3;"PPR";30;"]";;"O";0;0;
"PC3";3;"PPR";31;"[";"PATHWAY";"O";0;0;
"PC3";3;"PPR";32;"{";"";"O";0;0;
"PC3";3;"PPR";33;"PTH";;"O";0;0;
"PC3";3;"PPR";36;"VAR";;"O";1;1;
"PC3";3;"PPR";39;"}";;"O";0;0;
"PC3";3;"PPR";40;"]";;"O";0;0;
"PC3";3;"PPR";41;"[";"PROBLEM_OBSERVATION";"O";0;0;
"PC3";3;"PPR";42;"{";"";"O";0;0;
"PC3";3;"PPR";43;"OBX";;"O";0;0;
"PC3";3;"PPR";46;"NTE";;"O";1;1;
"PC3";3;"PPR";49;"}";;"O";0;0;
"PC3";3;"PPR";50;"]";;"O";0;0;
"PC3";3;"PPR";51;"[";"GOAL";"O";0;0;
"PC3";3;"PPR";52;"{";"";"O";0;0;
"PC3";3;"PPR";53;"GOL";;"O";0;0;
"PC3";3;"PPR";56;"NTE";;"O";1;1;
"PC3";3;"PPR";61;"VAR";;"O";1;1;
"PC3";3;"PPR";64;"[";"GOAL_ROLE";"O";0;0;
"PC3";3;"PPR";65;"{";"";"O";0;0;
"PC3";3;"PPR";66;"ROL";;"O";0;0;
"PC3";3;"PPR";69;"VAR";;"O";1;1;
"PC3";3;"PPR";72;"}";;"O";0;0;
"PC3";3;"PPR";73;"]";;"O";0;0;
"PC3";3;"PPR";74;"[";"GOAL_OBSERVATION";"O";0;0;
"PC3";3;"PPR";75;"{";"";"O";0;0;
"PC3";3;"PPR";76;"OBX";;"O";0;0;
"PC3";3;"PPR";79;"NTE";;"O";1;1;
"PC3";3;"PPR";82;"}";;"O";0;0;
"PC3";3;"PPR";83;"]";;"O";0;0;
"PC3";3;"PPR";84;"}";;"O";0;0;
"PC3";3;"PPR";85;"]";;"O";0;0;
"PC3";3;"PPR";86;"[";"ORDER";"O";0;0;
"PC3";3;"PPR";87;"{";"";"O";0;0;
"PC3";3;"PPR";88;"ORC";;"O";0;0;
"PC3";3;"PPR";89;"[";"ORDER_DETAIL";"O";0;0;
"PC3";3;"PPR";90;"OBR";;"O";0;0;
"PC3";3;"PPR";93;"NTE";;"O";1;1;
"PC3";3;"PPR";98;"VAR";;"O";1;1;
"PC3";3;"PPR";101;"[";"ORDER_OBSERVATION";"O";0;0;
"PC3";3;"PPR";102;"{";"";"O";0;0;
"PC3";3;"PPR";103;"OBX";;"O";0;0;
"PC3";3;"PPR";106;"NTE";;"O";1;1;
"PC3";3;"PPR";111;"VAR";;"O";1;1;
"PC3";3;"PPR";114;"}";;"O";0;0;
"PC3";3;"PPR";115;"]";;"O";0;0;
"PC3";3;"PPR";116;"]";;"O";0;0;
"PC3";3;"PPR";117;"}";;"O";0;0;
"PC3";3;"PPR";118;"]";;"O";0;0;
"PC3";3;"PPR";119;"}";;"O";0;0;
"PC4";3;"QRY";1;"MSH";;"O";0;0;
"PC4";3;"QRY";2;"QRD";;"O";0;0;
"PC4";3;"QRY";4;"QRF";;"O";0;1;
"PC4";4;"QRY";1;"MSH";;"O";0;0;
"PC4";4;"QRY";2;"QRD";;"O";0;0;
"PC4";4;"QRY";4;"QRF";;"O";0;1;
"PC5";3;"PRR";1;"MSH";;"O";0;0;
"PC5";3;"PRR";2;"MSA";;"O";0;0;
"PC5";3;"PRR";4;"ERR";;"O";0;1;
"PC5";3;"PRR";6;"QRD";;"O";0;0;
"PC5";3;"PRR";7;"{";"PATIENT";"O";0;0;
"PC5";3;"PRR";8;"PID";;"O";0;0;
"PC5";3;"PRR";9;"[";"PATIENT_VISIT";"O";0;0;
"PC5";3;"PRR";10;"PV1";;"O";0;0;
"PC5";3;"PRR";12;"PV2";;"O";0;1;
"PC5";3;"PRR";14;"]";;"O";0;0;
"PC5";3;"PRR";15;"{";"PROBLEM";"O";0;0;
"PC5";3;"PRR";16;"PRB";;"O";0;0;
"PC5";3;"PRR";19;"NTE";;"O";1;1;
"PC5";3;"PRR";24;"VAR";;"O";1;1;
"PC5";3;"PRR";27;"[";"PROBLEM_ROLE";"O";0;0;
"PC5";3;"PRR";28;"{";"";"O";0;0;
"PC5";3;"PRR";29;"ROL";;"O";0;0;
"PC5";3;"PRR";32;"VAR";;"O";1;1;
"PC5";3;"PRR";35;"}";;"O";0;0;
"PC5";3;"PRR";36;"]";;"O";0;0;
"PC5";3;"PRR";37;"[";"PROBLEM_PATHWAY";"O";0;0;
"PC5";3;"PRR";38;"{";"";"O";0;0;
"PC5";3;"PRR";39;"PTH";;"O";0;0;
"PC5";3;"PRR";42;"VAR";;"O";1;1;
"PC5";3;"PRR";45;"}";;"O";0;0;
"PC5";3;"PRR";46;"]";;"O";0;0;
"PC5";3;"PRR";47;"[";"PROBLEM_OBSERVATION";"O";0;0;
"PC5";3;"PRR";48;"{";"";"O";0;0;
"PC5";3;"PRR";49;"OBX";;"O";0;0;
"PC5";3;"PRR";52;"NTE";;"O";1;1;
"PC5";3;"PRR";55;"}";;"O";0;0;
"PC5";3;"PRR";56;"]";;"O";0;0;
"PC5";3;"PRR";57;"[";"GOAL";"O";0;0;
"PC5";3;"PRR";58;"{";"";"O";0;0;
"PC5";3;"PRR";59;"GOL";;"O";0;0;
"PC5";3;"PRR";62;"NTE";;"O";1;1;
"PC5";3;"PRR";67;"VAR";;"O";1;1;
"PC5";3;"PRR";70;"[";"GOAL_ROLE";"O";0;0;
"PC5";3;"PRR";71;"{";"";"O";0;0;
"PC5";3;"PRR";72;"ROL";;"O";0;0;
"PC5";3;"PRR";75;"VAR";;"O";1;1;
"PC5";3;"PRR";78;"}";;"O";0;0;
"PC5";3;"PRR";79;"]";;"O";0;0;
"PC5";3;"PRR";80;"[";"GOAL_OBSERVATION";"O";0;0;
"PC5";3;"PRR";81;"{";"";"O";0;0;
"PC5";3;"PRR";82;"OBX";;"O";0;0;
"PC5";3;"PRR";85;"NTE";;"O";1;1;
"PC5";3;"PRR";88;"}";;"O";0;0;
"PC5";3;"PRR";89;"]";;"O";0;0;
"PC5";3;"PRR";90;"}";;"O";0;0;
"PC5";3;"PRR";91;"]";;"O";0;0;
"PC5";3;"PRR";92;"[";"ORDER";"O";0;0;
"PC5";3;"PRR";93;"{";"";"O";0;0;
"PC5";3;"PRR";94;"ORC";;"O";0;0;
"PC5";3;"PRR";95;"[";"ORDER_DETAIL";"O";0;0;
"PC5";3;"PRR";96;"OBR";;"O";0;0;
"PC5";3;"PRR";99;"NTE";;"O";1;1;
"PC5";3;"PRR";104;"VAR";;"O";1;1;
"PC5";3;"PRR";107;"[";"ORDER_OBSERVATION";"O";0;0;
"PC5";3;"PRR";108;"{";"";"O";0;0;
"PC5";3;"PRR";109;"OBX";;"O";0;0;
"PC5";3;"PRR";112;"NTE";;"O";1;1;
"PC5";3;"PRR";117;"VAR";;"O";1;1;
"PC5";3;"PRR";120;"}";;"O";0;0;
"PC5";3;"PRR";121;"]";;"O";0;0;
"PC5";3;"PRR";122;"]";;"O";0;0;
"PC5";3;"PRR";123;"}";;"O";0;0;
"PC5";3;"PRR";124;"]";;"O";0;0;
"PC5";3;"PRR";125;"}";;"O";0;0;
"PC5";3;"PRR";126;"}";;"O";0;0;
"PC5";4;"PRR";1;"MSH";;"O";0;0;
"PC5";4;"PRR";2;"MSA";;"O";0;0;
"PC5";4;"PRR";4;"ERR";;"O";0;1;
"PC5";4;"PRR";7;"QAK";;"O";0;1;
"PC5";4;"PRR";9;"QRD";;"O";0;0;
"PC5";4;"PRR";10;"{";"PATIENT";"O";0;0;
"PC5";4;"PRR";11;"PID";;"O";0;0;
"PC5";4;"PRR";12;"[";"PATIENT_VISIT";"O";0;0;
"PC5";4;"PRR";13;"PV1";;"O";0;0;
"PC5";4;"PRR";15;"PV2";;"O";0;1;
"PC5";4;"PRR";17;"]";;"O";0;0;
"PC5";4;"PRR";18;"{";"PROBLEM";"O";0;0;
"PC5";4;"PRR";19;"PRB";;"O";0;0;
"PC5";4;"PRR";22;"NTE";;"O";1;1;
"PC5";4;"PRR";27;"VAR";;"O";1;1;
"PC5";4;"PRR";30;"[";"PROBLEM_ROLE";"O";0;0;
"PC5";4;"PRR";31;"{";"";"O";0;0;
"PC5";4;"PRR";32;"ROL";;"O";0;0;
"PC5";4;"PRR";35;"VAR";;"O";1;1;
"PC5";4;"PRR";38;"}";;"O";0;0;
"PC5";4;"PRR";39;"]";;"O";0;0;
"PC5";4;"PRR";40;"[";"PROBLEM_PATHWAY";"O";0;0;
"PC5";4;"PRR";41;"{";"";"O";0;0;
"PC5";4;"PRR";42;"PTH";;"O";0;0;
"PC5";4;"PRR";45;"VAR";;"O";1;1;
"PC5";4;"PRR";48;"}";;"O";0;0;
"PC5";4;"PRR";49;"]";;"O";0;0;
"PC5";4;"PRR";50;"[";"PROBLEM_OBSERVATION";"O";0;0;
"PC5";4;"PRR";51;"{";"";"O";0;0;
"PC5";4;"PRR";52;"OBX";;"O";0;0;
"PC5";4;"PRR";55;"NTE";;"O";1;1;
"PC5";4;"PRR";58;"}";;"O";0;0;
"PC5";4;"PRR";59;"]";;"O";0;0;
"PC5";4;"PRR";60;"[";"GOAL";"O";0;0;
"PC5";4;"PRR";61;"{";"";"O";0;0;
"PC5";4;"PRR";62;"GOL";;"O";0;0;
"PC5";4;"PRR";65;"NTE";;"O";1;1;
"PC5";4;"PRR";70;"VAR";;"O";1;1;
"PC5";4;"PRR";73;"[";"GOAL_ROLE";"O";0;0;
"PC5";4;"PRR";74;"{";"";"O";0;0;
"PC5";4;"PRR";75;"ROL";;"O";0;0;
"PC5";4;"PRR";78;"VAR";;"O";1;1;
"PC5";4;"PRR";81;"}";;"O";0;0;
"PC5";4;"PRR";82;"]";;"O";0;0;
"PC5";4;"PRR";83;"[";"GOAL_OBSERVATION";"O";0;0;
"PC5";4;"PRR";84;"{";"";"O";0;0;
"PC5";4;"PRR";85;"OBX";;"O";0;0;
"PC5";4;"PRR";88;"NTE";;"O";1;1;
"PC5";4;"PRR";91;"}";;"O";0;0;
"PC5";4;"PRR";92;"]";;"O";0;0;
"PC5";4;"PRR";93;"}";;"O";0;0;
"PC5";4;"PRR";94;"]";;"O";0;0;
"PC5";4;"PRR";95;"[";"ORDER";"O";0;0;
"PC5";4;"PRR";96;"{";"";"O";0;0;
"PC5";4;"PRR";97;"ORC";;"O";0;0;
"PC5";4;"PRR";98;"[";"ORDER_DETAIL";"O";0;0;
"PC5";4;"PRR";99;"<";"CHOICE";"O";0;0;
"PC5";4;"PRR";100;"OBR";;"O";0;0;
"PC5";4;"PRR";101;"|";;"O";0;0;
"PC5";4;"PRR";102;"RXO";;"O";0;0;
"PC5";4;"PRR";103;">";;"O";0;0;
"PC5";4;"PRR";107;"NTE";;"O";1;1;
"PC5";4;"PRR";108;"VAR";;"O";1;1;
"PC5";4;"PRR";111;"[";"ORDER_OBSERVATION";"O";0;0;
"PC5";4;"PRR";112;"{";"";"O";0;0;
"PC5";4;"PRR";113;"OBX";;"O";0;0;
"PC5";4;"PRR";116;"NTE";;"O";1;1;
"PC5";4;"PRR";121;"VAR";;"O";1;1;
"PC5";4;"PRR";124;"}";;"O";0;0;
"PC5";4;"PRR";125;"]";;"O";0;0;
"PC5";4;"PRR";126;"]";;"O";0;0;
"PC5";4;"PRR";127;"}";;"O";0;0;
"PC5";4;"PRR";128;"]";;"O";0;0;
"PC5";4;"PRR";129;"}";;"O";0;0;
"PC5";4;"PRR";130;"}";;"O";0;0;
"PC6";3;"ACK";1;"MSH";;"O";0;0;
"PC6";3;"ACK";2;"MSA";;"O";0;0;
"PC6";3;"ACK";4;"ERR";;"O";0;1;
"PC6";3;"PGL";1;"MSH";;"O";0;0;
"PC6";3;"PGL";2;"PID";;"O";0;0;
"PC6";3;"PGL";3;"[";"PATIENT_VISIT";"O";0;0;
"PC6";3;"PGL";4;"PV1";;"O";0;0;
"PC6";3;"PGL";6;"PV2";;"O";0;1;
"PC6";3;"PGL";8;"]";;"O";0;0;
"PC6";3;"PGL";9;"{";"GOAL";"O";0;0;
"PC6";3;"PGL";10;"GOL";;"O";0;0;
"PC6";3;"PGL";13;"NTE";;"O";1;1;
"PC6";3;"PGL";18;"VAR";;"O";1;1;
"PC6";3;"PGL";21;"[";"GOAL_ROLE";"O";0;0;
"PC6";3;"PGL";22;"{";"";"O";0;0;
"PC6";3;"PGL";23;"ROL";;"O";0;0;
"PC6";3;"PGL";26;"VAR";;"O";1;1;
"PC6";3;"PGL";29;"}";;"O";0;0;
"PC6";3;"PGL";30;"]";;"O";0;0;
"PC6";3;"PGL";31;"[";"PATHWAY";"O";0;0;
"PC6";3;"PGL";32;"{";"";"O";0;0;
"PC6";3;"PGL";33;"PTH";;"O";0;0;
"PC6";3;"PGL";36;"VAR";;"O";1;1;
"PC6";3;"PGL";39;"}";;"O";0;0;
"PC6";3;"PGL";40;"]";;"O";0;0;
"PC6";3;"PGL";41;"[";"OBSERVATION";"O";0;0;
"PC6";3;"PGL";42;"{";"";"O";0;0;
"PC6";3;"PGL";43;"OBX";;"O";0;0;
"PC6";3;"PGL";46;"NTE";;"O";1;1;
"PC6";3;"PGL";49;"}";;"O";0;0;
"PC6";3;"PGL";50;"]";;"O";0;0;
"PC6";3;"PGL";51;"[";"PROBLEM";"O";0;0;
"PC6";3;"PGL";52;"{";"";"O";0;0;
"PC6";3;"PGL";53;"PRB";;"O";0;0;
"PC6";3;"PGL";56;"NTE";;"O";1;1;
"PC6";3;"PGL";61;"VAR";;"O";1;1;
"PC6";3;"PGL";64;"[";"PROBLEM_ROLE";"O";0;0;
"PC6";3;"PGL";65;"{";"";"O";0;0;
"PC6";3;"PGL";66;"ROL";;"O";0;0;
"PC6";3;"PGL";69;"VAR";;"O";1;1;
"PC6";3;"PGL";72;"}";;"O";0;0;
"PC6";3;"PGL";73;"]";;"O";0;0;
"PC6";3;"PGL";74;"[";"PROBLEM_OBSERVATION";"O";0;0;
"PC6";3;"PGL";75;"{";"";"O";0;0;
"PC6";3;"PGL";76;"OBX";;"O";0;0;
"PC6";3;"PGL";79;"NTE";;"O";1;1;
"PC6";3;"PGL";82;"}";;"O";0;0;
"PC6";3;"PGL";83;"]";;"O";0;0;
"PC6";3;"PGL";84;"}";;"O";0;0;
"PC6";3;"PGL";85;"]";;"O";0;0;
"PC6";3;"PGL";86;"[";"ORDER";"O";0;0;
"PC6";3;"PGL";87;"{";"";"O";0;0;
"PC6";3;"PGL";88;"ORC";;"O";0;0;
"PC6";3;"PGL";89;"[";"ORDER_DETAIL";"O";0;0;
"PC6";3;"PGL";90;"OBR";;"O";0;0;
"PC6";3;"PGL";93;"NTE";;"O";1;1;
"PC6";3;"PGL";98;"VAR";;"O";1;1;
"PC6";3;"PGL";101;"[";"ORDER_OBSERVATION";"O";0;0;
"PC6";3;"PGL";102;"{";"";"O";0;0;
"PC6";3;"PGL";103;"OBX";;"O";0;0;
"PC6";3;"PGL";106;"NTE";;"O";1;1;
"PC6";3;"PGL";111;"VAR";;"O";1;1;
"PC6";3;"PGL";114;"}";;"O";0;0;
"PC6";3;"PGL";115;"]";;"O";0;0;
"PC6";3;"PGL";116;"]";;"O";0;0;
"PC6";3;"PGL";117;"}";;"O";0;0;
"PC6";3;"PGL";118;"]";;"O";0;0;
"PC6";3;"PGL";119;"}";;"O";0;0;
"PC7";3;"ACK";1;"MSH";;"O";0;0;
"PC7";3;"ACK";2;"MSA";;"O";0;0;
"PC7";3;"ACK";4;"ERR";;"O";0;1;
"PC7";3;"PGL";1;"MSH";;"O";0;0;
"PC7";3;"PGL";2;"PID";;"O";0;0;
"PC7";3;"PGL";3;"[";"PATIENT_VISIT";"O";0;0;
"PC7";3;"PGL";4;"PV1";;"O";0;0;
"PC7";3;"PGL";6;"PV2";;"O";0;1;
"PC7";3;"PGL";8;"]";;"O";0;0;
"PC7";3;"PGL";9;"{";"GOAL";"O";0;0;
"PC7";3;"PGL";10;"GOL";;"O";0;0;
"PC7";3;"PGL";13;"NTE";;"O";1;1;
"PC7";3;"PGL";18;"VAR";;"O";1;1;
"PC7";3;"PGL";21;"[";"GOAL_ROLE";"O";0;0;
"PC7";3;"PGL";22;"{";"";"O";0;0;
"PC7";3;"PGL";23;"ROL";;"O";0;0;
"PC7";3;"PGL";26;"VAR";;"O";1;1;
"PC7";3;"PGL";29;"}";;"O";0;0;
"PC7";3;"PGL";30;"]";;"O";0;0;
"PC7";3;"PGL";31;"[";"PATHWAY";"O";0;0;
"PC7";3;"PGL";32;"{";"";"O";0;0;
"PC7";3;"PGL";33;"PTH";;"O";0;0;
"PC7";3;"PGL";36;"VAR";;"O";1;1;
"PC7";3;"PGL";39;"}";;"O";0;0;
"PC7";3;"PGL";40;"]";;"O";0;0;
"PC7";3;"PGL";41;"[";"OBSERVATION";"O";0;0;
"PC7";3;"PGL";42;"{";"";"O";0;0;
"PC7";3;"PGL";43;"OBX";;"O";0;0;
"PC7";3;"PGL";46;"NTE";;"O";1;1;
"PC7";3;"PGL";49;"}";;"O";0;0;
"PC7";3;"PGL";50;"]";;"O";0;0;
"PC7";3;"PGL";51;"[";"PROBLEM";"O";0;0;
"PC7";3;"PGL";52;"{";"";"O";0;0;
"PC7";3;"PGL";53;"PRB";;"O";0;0;
"PC7";3;"PGL";56;"NTE";;"O";1;1;
"PC7";3;"PGL";61;"VAR";;"O";1;1;
"PC7";3;"PGL";64;"[";"PROBLEM_ROLE";"O";0;0;
"PC7";3;"PGL";65;"{";"";"O";0;0;
"PC7";3;"PGL";66;"ROL";;"O";0;0;
"PC7";3;"PGL";69;"VAR";;"O";1;1;
"PC7";3;"PGL";72;"}";;"O";0;0;
"PC7";3;"PGL";73;"]";;"O";0;0;
"PC7";3;"PGL";74;"[";"PROBLEM_OBSERVATION";"O";0;0;
"PC7";3;"PGL";75;"{";"";"O";0;0;
"PC7";3;"PGL";76;"OBX";;"O";0;0;
"PC7";3;"PGL";79;"NTE";;"O";1;1;
"PC7";3;"PGL";82;"}";;"O";0;0;
"PC7";3;"PGL";83;"]";;"O";0;0;
"PC7";3;"PGL";84;"}";;"O";0;0;
"PC7";3;"PGL";85;"]";;"O";0;0;
"PC7";3;"PGL";86;"[";"ORDER";"O";0;0;
"PC7";3;"PGL";87;"{";"";"O";0;0;
"PC7";3;"PGL";88;"ORC";;"O";0;0;
"PC7";3;"PGL";89;"[";"ORDER_DETAIL";"O";0;0;
"PC7";3;"PGL";90;"OBR";;"O";0;0;
"PC7";3;"PGL";93;"NTE";;"O";1;1;
"PC7";3;"PGL";98;"VAR";;"O";1;1;
"PC7";3;"PGL";101;"[";"ORDER_OBSERVATION";"O";0;0;
"PC7";3;"PGL";102;"{";"";"O";0;0;
"PC7";3;"PGL";103;"OBX";;"O";0;0;
"PC7";3;"PGL";106;"NTE";;"O";1;1;
"PC7";3;"PGL";111;"VAR";;"O";1;1;
"PC7";3;"PGL";114;"}";;"O";0;0;
"PC7";3;"PGL";115;"]";;"O";0;0;
"PC7";3;"PGL";116;"]";;"O";0;0;
"PC7";3;"PGL";117;"}";;"O";0;0;
"PC7";3;"PGL";118;"]";;"O";0;0;
"PC7";3;"PGL";119;"}";;"O";0;0;
"PC8";3;"ACK";1;"MSH";;"O";0;0;
"PC8";3;"ACK";2;"MSA";;"O";0;0;
"PC8";3;"ACK";4;"ERR";;"O";0;1;
"PC8";3;"PGL";1;"MSH";;"O";0;0;
"PC8";3;"PGL";2;"PID";;"O";0;0;
"PC8";3;"PGL";3;"[";"PATIENT_VISIT";"O";0;0;
"PC8";3;"PGL";4;"PV1";;"O";0;0;
"PC8";3;"PGL";6;"PV2";;"O";0;1;
"PC8";3;"PGL";8;"]";;"O";0;0;
"PC8";3;"PGL";9;"{";"GOAL";"O";0;0;
"PC8";3;"PGL";10;"GOL";;"O";0;0;
"PC8";3;"PGL";13;"NTE";;"O";1;1;
"PC8";3;"PGL";18;"VAR";;"O";1;1;
"PC8";3;"PGL";21;"[";"GOAL_ROLE";"O";0;0;
"PC8";3;"PGL";22;"{";"";"O";0;0;
"PC8";3;"PGL";23;"ROL";;"O";0;0;
"PC8";3;"PGL";26;"VAR";;"O";1;1;
"PC8";3;"PGL";29;"}";;"O";0;0;
"PC8";3;"PGL";30;"]";;"O";0;0;
"PC8";3;"PGL";31;"[";"PATHWAY";"O";0;0;
"PC8";3;"PGL";32;"{";"";"O";0;0;
"PC8";3;"PGL";33;"PTH";;"O";0;0;
"PC8";3;"PGL";36;"VAR";;"O";1;1;
"PC8";3;"PGL";39;"}";;"O";0;0;
"PC8";3;"PGL";40;"]";;"O";0;0;
"PC8";3;"PGL";41;"[";"OBSERVATION";"O";0;0;
"PC8";3;"PGL";42;"{";"";"O";0;0;
"PC8";3;"PGL";43;"OBX";;"O";0;0;
"PC8";3;"PGL";46;"NTE";;"O";1;1;
"PC8";3;"PGL";49;"}";;"O";0;0;
"PC8";3;"PGL";50;"]";;"O";0;0;
"PC8";3;"PGL";51;"[";"PROBLEM";"O";0;0;
"PC8";3;"PGL";52;"{";"";"O";0;0;
"PC8";3;"PGL";53;"PRB";;"O";0;0;
"PC8";3;"PGL";56;"NTE";;"O";1;1;
"PC8";3;"PGL";61;"VAR";;"O";1;1;
"PC8";3;"PGL";64;"[";"PROBLEM_ROLE";"O";0;0;
"PC8";3;"PGL";65;"{";"";"O";0;0;
"PC8";3;"PGL";66;"ROL";;"O";0;0;
"PC8";3;"PGL";69;"VAR";;"O";1;1;
"PC8";3;"PGL";72;"}";;"O";0;0;
"PC8";3;"PGL";73;"]";;"O";0;0;
"PC8";3;"PGL";74;"[";"PROBLEM_OBSERVATION";"O";0;0;
"PC8";3;"PGL";75;"{";"";"O";0;0;
"PC8";3;"PGL";76;"OBX";;"O";0;0;
"PC8";3;"PGL";79;"NTE";;"O";1;1;
"PC8";3;"PGL";82;"}";;"O";0;0;
"PC8";3;"PGL";83;"]";;"O";0;0;
"PC8";3;"PGL";84;"}";;"O";0;0;
"PC8";3;"PGL";85;"]";;"O";0;0;
"PC8";3;"PGL";86;"[";"ORDER";"O";0;0;
"PC8";3;"PGL";87;"{";"";"O";0;0;
"PC8";3;"PGL";88;"ORC";;"O";0;0;
"PC8";3;"PGL";89;"[";"ORDER_DETAIL";"O";0;0;
"PC8";3;"PGL";90;"OBR";;"O";0;0;
"PC8";3;"PGL";93;"NTE";;"O";1;1;
"PC8";3;"PGL";98;"VAR";;"O";1;1;
"PC8";3;"PGL";101;"[";"ORDER_OBSERVATION";"O";0;0;
"PC8";3;"PGL";102;"{";"";"O";0;0;
"PC8";3;"PGL";103;"OBX";;"O";0;0;
"PC8";3;"PGL";106;"NTE";;"O";1;1;
"PC8";3;"PGL";111;"VAR";;"O";1;1;
"PC8";3;"PGL";114;"}";;"O";0;0;
"PC8";3;"PGL";116;"]";;"O";0;0;
"PC8";3;"PGL";117;"]";;"O";0;0;
"PC8";3;"PGL";118;"}";;"O";0;0;
"PC8";3;"PGL";119;"]";;"O";0;0;
"PC8";3;"PGL";120;"}";;"O";0;0;
"PC9";3;"QRY";1;"MSH";;"O";0;0;
"PC9";3;"QRY";2;"QRD";;"O";0;0;
"PC9";3;"QRY";4;"QRF";;"O";0;1;
"PC9";4;"QRY";1;"MSH";;"O";0;0;
"PC9";4;"QRY";2;"QRD";;"O";0;0;
"PC9";4;"QRY";4;"QRF";;"O";0;1;
"PCA";3;"PPV";1;"MSH";;"O";0;0;
"PCA";3;"PPV";2;"MSA";;"O";0;0;
"PCA";3;"PPV";4;"ERR";;"O";0;1;
"PCA";3;"PPV";6;"QRD";;"O";0;0;
"PCA";3;"PPV";7;"{";"PATIENT";"O";0;0;
"PCA";3;"PPV";8;"PID";;"O";0;0;
"PCA";3;"PPV";9;"[";"PATIENT_VISIT";"O";0;0;
"PCA";3;"PPV";10;"PV1";;"O";0;0;
"PCA";3;"PPV";12;"PV2";;"O";0;1;
"PCA";3;"PPV";14;"]";;"O";0;0;
"PCA";3;"PPV";15;"{";"GOAL";"O";0;0;
"PCA";3;"PPV";16;"GOL";;"O";0;0;
"PCA";3;"PPV";19;"NTE";;"O";1;1;
"PCA";3;"PPV";24;"VAR";;"O";1;1;
"PCA";3;"PPV";27;"[";"GOAL_ROLE";"O";0;0;
"PCA";3;"PPV";28;"{";"";"O";0;0;
"PCA";3;"PPV";29;"ROL";;"O";0;0;
"PCA";3;"PPV";32;"VAR";;"O";1;1;
"PCA";3;"PPV";35;"}";;"O";0;0;
"PCA";3;"PPV";36;"]";;"O";0;0;
"PCA";3;"PPV";37;"[";"GOAL_PATHWAY";"O";0;0;
"PCA";3;"PPV";38;"{";"";"O";0;0;
"PCA";3;"PPV";39;"PTH";;"O";0;0;
"PCA";3;"PPV";42;"VAR";;"O";1;1;
"PCA";3;"PPV";45;"}";;"O";0;0;
"PCA";3;"PPV";46;"]";;"O";0;0;
"PCA";3;"PPV";47;"[";"GOAL_OBSERVATION";"O";0;0;
"PCA";3;"PPV";48;"{";"";"O";0;0;
"PCA";3;"PPV";49;"OBX";;"O";0;0;
"PCA";3;"PPV";52;"NTE";;"O";1;1;
"PCA";3;"PPV";55;"}";;"O";0;0;
"PCA";3;"PPV";56;"]";;"O";0;0;
"PCA";3;"PPV";57;"[";"PROBLEM";"O";0;0;
"PCA";3;"PPV";58;"{";"";"O";0;0;
"PCA";3;"PPV";59;"PRB";;"O";0;0;
"PCA";3;"PPV";62;"NTE";;"O";1;1;
"PCA";3;"PPV";67;"VAR";;"O";1;1;
"PCA";3;"PPV";70;"[";"PROBLEM_ROLE";"O";0;0;
"PCA";3;"PPV";71;"{";"";"O";0;0;
"PCA";3;"PPV";72;"ROL";;"O";0;0;
"PCA";3;"PPV";75;"VAR";;"O";1;1;
"PCA";3;"PPV";78;"}";;"O";0;0;
"PCA";3;"PPV";79;"]";;"O";0;0;
"PCA";3;"PPV";80;"[";"PROBLEM_OBSERVATION";"O";0;0;
"PCA";3;"PPV";81;"{";"";"O";0;0;
"PCA";3;"PPV";82;"OBX";;"O";0;0;
"PCA";3;"PPV";85;"NTE";;"O";1;1;
"PCA";3;"PPV";88;"}";;"O";0;0;
"PCA";3;"PPV";89;"]";;"O";0;0;
"PCA";3;"PPV";90;"}";;"O";0;0;
"PCA";3;"PPV";91;"]";;"O";0;0;
"PCA";3;"PPV";92;"[";"ORDER";"O";0;0;
"PCA";3;"PPV";93;"{";"";"O";0;0;
"PCA";3;"PPV";94;"ORC";;"O";0;0;
"PCA";3;"PPV";95;"[";"ORDER_DETAIL";"O";0;0;
"PCA";3;"PPV";96;"OBR";;"O";0;0;
"PCA";3;"PPV";99;"NTE";;"O";1;1;
"PCA";3;"PPV";104;"VAR";;"O";1;1;
"PCA";3;"PPV";107;"[";"ORDER_OBSERVATION";"O";0;0;
"PCA";3;"PPV";108;"{";"";"O";0;0;
"PCA";3;"PPV";109;"OBX";;"O";0;0;
"PCA";3;"PPV";112;"NTE";;"O";1;1;
"PCA";3;"PPV";117;"VAR";;"O";1;1;
"PCA";3;"PPV";120;"}";;"O";0;0;
"PCA";3;"PPV";121;"]";;"O";0;0;
"PCA";3;"PPV";122;"]";;"O";0;0;
"PCA";3;"PPV";123;"}";;"O";0;0;
"PCA";3;"PPV";124;"]";;"O";0;0;
"PCA";3;"PPV";125;"}";;"O";0;0;
"PCA";3;"PPV";126;"}";;"O";0;0;
"PCA";4;"PPV";1;"MSH";;"O";0;0;
"PCA";4;"PPV";2;"MSA";;"O";0;0;
"PCA";4;"PPV";4;"ERR";;"O";0;1;
"PCA";4;"PPV";7;"QAK";;"O";0;1;
"PCA";4;"PPV";9;"QRD";;"O";0;0;
"PCA";4;"PPV";10;"{";"PATIENT";"O";0;0;
"PCA";4;"PPV";11;"PID";;"O";0;0;
"PCA";4;"PPV";12;"[";"PATIENT_VISIT";"O";0;0;
"PCA";4;"PPV";13;"PV1";;"O";0;0;
"PCA";4;"PPV";15;"PV2";;"O";0;1;
"PCA";4;"PPV";17;"]";;"O";0;0;
"PCA";4;"PPV";18;"{";"GOAL";"O";0;0;
"PCA";4;"PPV";19;"GOL";;"O";0;0;
"PCA";4;"PPV";22;"NTE";;"O";1;1;
"PCA";4;"PPV";27;"VAR";;"O";1;1;
"PCA";4;"PPV";30;"[";"GOAL_ROLE";"O";0;0;
"PCA";4;"PPV";31;"{";"";"O";0;0;
"PCA";4;"PPV";32;"ROL";;"O";0;0;
"PCA";4;"PPV";35;"VAR";;"O";1;1;
"PCA";4;"PPV";38;"}";;"O";0;0;
"PCA";4;"PPV";39;"]";;"O";0;0;
"PCA";4;"PPV";40;"[";"GOAL_PATHWAY";"O";0;0;
"PCA";4;"PPV";41;"{";"";"O";0;0;
"PCA";4;"PPV";42;"PTH";;"O";0;0;
"PCA";4;"PPV";45;"VAR";;"O";1;1;
"PCA";4;"PPV";48;"}";;"O";0;0;
"PCA";4;"PPV";49;"]";;"O";0;0;
"PCA";4;"PPV";50;"[";"GOAL_OBSERVATION";"O";0;0;
"PCA";4;"PPV";51;"{";"";"O";0;0;
"PCA";4;"PPV";52;"OBX";;"O";0;0;
"PCA";4;"PPV";55;"NTE";;"O";1;1;
"PCA";4;"PPV";58;"}";;"O";0;0;
"PCA";4;"PPV";59;"]";;"O";0;0;
"PCA";4;"PPV";60;"[";"PROBLEM";"O";0;0;
"PCA";4;"PPV";61;"{";"";"O";0;0;
"PCA";4;"PPV";62;"PRB";;"O";0;0;
"PCA";4;"PPV";65;"NTE";;"O";1;1;
"PCA";4;"PPV";70;"VAR";;"O";1;1;
"PCA";4;"PPV";73;"[";"PROBLEM_ROLE";"O";0;0;
"PCA";4;"PPV";74;"{";"";"O";0;0;
"PCA";4;"PPV";75;"ROL";;"O";0;0;
"PCA";4;"PPV";78;"VAR";;"O";1;1;
"PCA";4;"PPV";81;"}";;"O";0;0;
"PCA";4;"PPV";82;"]";;"O";0;0;
"PCA";4;"PPV";83;"[";"PROBLEM_OBSERVATION";"O";0;0;
"PCA";4;"PPV";84;"{";"";"O";0;0;
"PCA";4;"PPV";85;"OBX";;"O";0;0;
"PCA";4;"PPV";88;"NTE";;"O";1;1;
"PCA";4;"PPV";91;"}";;"O";0;0;
"PCA";4;"PPV";92;"]";;"O";0;0;
"PCA";4;"PPV";93;"}";;"O";0;0;
"PCA";4;"PPV";94;"]";;"O";0;0;
"PCA";4;"PPV";95;"[";"ORDER";"O";0;0;
"PCA";4;"PPV";96;"{";"";"O";0;0;
"PCA";4;"PPV";97;"ORC";;"O";0;0;
"PCA";4;"PPV";98;"[";"ORDER_DETAIL";"O";0;0;
"PCA";4;"PPV";99;"<";"CHOICE";"O";0;0;
"PCA";4;"PPV";100;"OBR";;"O";0;0;
"PCA";4;"PPV";101;"|";;"O";0;0;
"PCA";4;"PPV";102;"RXO";;"O";0;0;
"PCA";4;"PPV";103;">";;"O";0;0;
"PCA";4;"PPV";107;"NTE";;"O";1;1;
"PCA";4;"PPV";108;"VAR";;"O";1;1;
"PCA";4;"PPV";111;"[";"ORDER_OBSERVATION";"O";0;0;
"PCA";4;"PPV";112;"{";"";"O";0;0;
"PCA";4;"PPV";113;"OBX";;"O";0;0;
"PCA";4;"PPV";116;"NTE";;"O";1;1;
"PCA";4;"PPV";121;"VAR";;"O";1;1;
"PCA";4;"PPV";124;"}";;"O";0;0;
"PCA";4;"PPV";125;"]";;"O";0;0;
"PCA";4;"PPV";126;"]";;"O";0;0;
"PCA";4;"PPV";127;"}";;"O";0;0;
"PCA";4;"PPV";128;"]";;"O";0;0;
"PCA";4;"PPV";129;"}";;"O";0;0;
"PCA";4;"PPV";130;"}";;"O";0;0;
"PCB";3;"ACK";1;"MSH";;"O";0;0;
"PCB";3;"ACK";2;"MSA";;"O";0;0;
"PCB";3;"ACK";4;"ERR";;"O";0;1;
"PCB";3;"PPP";1;"MSH";;"O";0;0;
"PCB";3;"PPP";2;"PID";;"O";0;0;
"PCB";3;"PPP";3;"[";"PATIENT_VISIT";"O";0;0;
"PCB";3;"PPP";4;"PV1";;"O";0;0;
"PCB";3;"PPP";6;"PV2";;"O";0;1;
"PCB";3;"PPP";8;"]";;"O";0;0;
"PCB";3;"PPP";9;"{";"PATHWAY";"O";0;0;
"PCB";3;"PPP";10;"PTH";;"O";0;0;
"PCB";3;"PPP";13;"NTE";;"O";1;1;
"PCB";3;"PPP";18;"VAR";;"O";1;1;
"PCB";3;"PPP";21;"[";"PATHWAY_ROLE";"O";0;0;
"PCB";3;"PPP";22;"{";"";"O";0;0;
"PCB";3;"PPP";23;"ROL";;"O";0;0;
"PCB";3;"PPP";26;"VAR";;"O";1;1;
"PCB";3;"PPP";29;"}";;"O";0;0;
"PCB";3;"PPP";30;"]";;"O";0;0;
"PCB";3;"PPP";31;"[";"PROBLEM";"O";0;0;
"PCB";3;"PPP";32;"{";"";"O";0;0;
"PCB";3;"PPP";33;"PRB";;"O";0;0;
"PCB";3;"PPP";36;"NTE";;"O";1;1;
"PCB";3;"PPP";41;"VAR";;"O";1;1;
"PCB";3;"PPP";44;"[";"PROBLEM_ROLE";"O";0;0;
"PCB";3;"PPP";45;"{";"";"O";0;0;
"PCB";3;"PPP";46;"ROL";;"O";0;0;
"PCB";3;"PPP";49;"VAR";;"O";1;1;
"PCB";3;"PPP";52;"}";;"O";0;0;
"PCB";3;"PPP";53;"]";;"O";0;0;
"PCB";3;"PPP";54;"[";"PROBLEM_OBSERVATION";"O";0;0;
"PCB";3;"PPP";55;"{";"";"O";0;0;
"PCB";3;"PPP";56;"OBX";;"O";0;0;
"PCB";3;"PPP";59;"NTE";;"O";1;1;
"PCB";3;"PPP";62;"}";;"O";0;0;
"PCB";3;"PPP";63;"]";;"O";0;0;
"PCB";3;"PPP";64;"[";"GOAL";"O";0;0;
"PCB";3;"PPP";65;"{";"";"O";0;0;
"PCB";3;"PPP";66;"GOL";;"O";0;0;
"PCB";3;"PPP";69;"NTE";;"O";1;1;
"PCB";3;"PPP";74;"VAR";;"O";1;1;
"PCB";3;"PPP";77;"[";"GOAL_ROLE";"O";0;0;
"PCB";3;"PPP";78;"{";"";"O";0;0;
"PCB";3;"PPP";79;"ROL";;"O";0;0;
"PCB";3;"PPP";82;"VAR";;"O";1;1;
"PCB";3;"PPP";85;"}";;"O";0;0;
"PCB";3;"PPP";86;"]";;"O";0;0;
"PCB";3;"PPP";87;"[";"GOAL_OBSERVATION";"O";0;0;
"PCB";3;"PPP";88;"{";"";"O";0;0;
"PCB";3;"PPP";89;"OBX";;"O";0;0;
"PCB";3;"PPP";92;"NTE";;"O";1;1;
"PCB";3;"PPP";95;"}";;"O";0;0;
"PCB";3;"PPP";96;"]";;"O";0;0;
"PCB";3;"PPP";97;"}";;"O";0;0;
"PCB";3;"PPP";98;"]";;"O";0;0;
"PCB";3;"PPP";99;"[";"ORDER";"O";0;0;
"PCB";3;"PPP";100;"{";"";"O";0;0;
"PCB";3;"PPP";101;"ORC";;"O";0;0;
"PCB";3;"PPP";102;"[";"ORDER_DETAIL";"O";0;0;
"PCB";3;"PPP";103;"OBR";;"O";0;0;
"PCB";3;"PPP";106;"NTE";;"O";1;1;
"PCB";3;"PPP";111;"VAR";;"O";1;1;
"PCB";3;"PPP";114;"[";"ORDER_OBSERVATION";"O";0;0;
"PCB";3;"PPP";115;"{";"";"O";0;0;
"PCB";3;"PPP";116;"OBX";;"O";0;0;
"PCB";3;"PPP";119;"NTE";;"O";1;1;
"PCB";3;"PPP";124;"VAR";;"O";1;1;
"PCB";3;"PPP";127;"}";;"O";0;0;
"PCB";3;"PPP";128;"]";;"O";0;0;
"PCB";3;"PPP";129;"]";;"O";0;0;
"PCB";3;"PPP";130;"}";;"O";0;0;
"PCB";3;"PPP";131;"]";;"O";0;0;
"PCB";3;"PPP";132;"}";;"O";0;0;
"PCB";3;"PPP";133;"]";;"O";0;0;
"PCB";3;"PPP";134;"}";;"O";0;0;
"PCC";3;"ACK";1;"MSH";;"O";0;0;
"PCC";3;"ACK";2;"MSA";;"O";0;0;
"PCC";3;"ACK";4;"ERR";;"O";0;1;
"PCC";3;"PPP";1;"MSH";;"O";0;0;
"PCC";3;"PPP";2;"PID";;"O";0;0;
"PCC";3;"PPP";3;"[";"PATIENT_VISIT";"O";0;0;
"PCC";3;"PPP";4;"PV1";;"O";0;0;
"PCC";3;"PPP";6;"PV2";;"O";0;1;
"PCC";3;"PPP";8;"]";;"O";0;0;
"PCC";3;"PPP";9;"{";"PATHWAY";"O";0;0;
"PCC";3;"PPP";10;"PTH";;"O";0;0;
"PCC";3;"PPP";13;"NTE";;"O";1;1;
"PCC";3;"PPP";18;"VAR";;"O";1;1;
"PCC";3;"PPP";21;"[";"PATHWAY_ROLE";"O";0;0;
"PCC";3;"PPP";22;"{";"";"O";0;0;
"PCC";3;"PPP";23;"ROL";;"O";0;0;
"PCC";3;"PPP";26;"VAR";;"O";1;1;
"PCC";3;"PPP";29;"}";;"O";0;0;
"PCC";3;"PPP";30;"]";;"O";0;0;
"PCC";3;"PPP";31;"[";"PROBLEM";"O";0;0;
"PCC";3;"PPP";32;"{";"";"O";0;0;
"PCC";3;"PPP";33;"PRB";;"O";0;0;
"PCC";3;"PPP";36;"NTE";;"O";1;1;
"PCC";3;"PPP";41;"VAR";;"O";1;1;
"PCC";3;"PPP";44;"[";"PROBLEM_ROLE";"O";0;0;
"PCC";3;"PPP";45;"{";"";"O";0;0;
"PCC";3;"PPP";46;"ROL";;"O";0;0;
"PCC";3;"PPP";49;"VAR";;"O";1;1;
"PCC";3;"PPP";52;"}";;"O";0;0;
"PCC";3;"PPP";53;"]";;"O";0;0;
"PCC";3;"PPP";54;"[";"PROBLEM_OBSERVATION";"O";0;0;
"PCC";3;"PPP";55;"{";"";"O";0;0;
"PCC";3;"PPP";56;"OBX";;"O";0;0;
"PCC";3;"PPP";59;"NTE";;"O";1;1;
"PCC";3;"PPP";62;"}";;"O";0;0;
"PCC";3;"PPP";63;"]";;"O";0;0;
"PCC";3;"PPP";64;"[";"GOAL";"O";0;0;
"PCC";3;"PPP";65;"{";"";"O";0;0;
"PCC";3;"PPP";66;"GOL";;"O";0;0;
"PCC";3;"PPP";69;"NTE";;"O";1;1;
"PCC";3;"PPP";74;"VAR";;"O";1;1;
"PCC";3;"PPP";77;"[";"GOAL_ROLE";"O";0;0;
"PCC";3;"PPP";78;"{";"";"O";0;0;
"PCC";3;"PPP";79;"ROL";;"O";0;0;
"PCC";3;"PPP";82;"VAR";;"O";1;1;
"PCC";3;"PPP";85;"}";;"O";0;0;
"PCC";3;"PPP";86;"]";;"O";0;0;
"PCC";3;"PPP";87;"[";"GOAL_OBSERVATION";"O";0;0;
"PCC";3;"PPP";88;"{";"";"O";0;0;
"PCC";3;"PPP";89;"OBX";;"O";0;0;
"PCC";3;"PPP";92;"NTE";;"O";1;1;
"PCC";3;"PPP";95;"}";;"O";0;0;
"PCC";3;"PPP";96;"]";;"O";0;0;
"PCC";3;"PPP";97;"}";;"O";0;0;
"PCC";3;"PPP";98;"]";;"O";0;0;
"PCC";3;"PPP";99;"[";"ORDER";"O";0;0;
"PCC";3;"PPP";100;"{";"";"O";0;0;
"PCC";3;"PPP";101;"ORC";;"O";0;0;
"PCC";3;"PPP";102;"[";"ORDER_DETAIL";"O";0;0;
"PCC";3;"PPP";103;"OBR";;"O";0;0;
"PCC";3;"PPP";106;"NTE";;"O";1;1;
"PCC";3;"PPP";111;"VAR";;"O";1;1;
"PCC";3;"PPP";114;"[";"ORDER_OBSERVATION";"O";0;0;
"PCC";3;"PPP";115;"{";"";"O";0;0;
"PCC";3;"PPP";116;"OBX";;"O";0;0;
"PCC";3;"PPP";119;"NTE";;"O";1;1;
"PCC";3;"PPP";124;"VAR";;"O";1;1;
"PCC";3;"PPP";127;"}";;"O";0;0;
"PCC";3;"PPP";128;"]";;"O";0;0;
"PCC";3;"PPP";129;"]";;"O";0;0;
"PCC";3;"PPP";130;"}";;"O";0;0;
"PCC";3;"PPP";131;"]";;"O";0;0;
"PCC";3;"PPP";132;"}";;"O";0;0;
"PCC";3;"PPP";133;"]";;"O";0;0;
"PCC";3;"PPP";134;"}";;"O";0;0;
"PCD";3;"ACK";1;"MSH";;"O";0;0;
"PCD";3;"ACK";2;"MSA";;"O";0;0;
"PCD";3;"ACK";4;"ERR";;"O";0;1;
"PCD";3;"PPP";1;"MSH";;"O";0;0;
"PCD";3;"PPP";2;"PID";;"O";0;0;
"PCD";3;"PPP";3;"[";"PATIENT_VISIT";"O";0;0;
"PCD";3;"PPP";4;"PV1";;"O";0;0;
"PCD";3;"PPP";6;"PV2";;"O";0;1;
"PCD";3;"PPP";8;"]";;"O";0;0;
"PCD";3;"PPP";9;"{";"PATHWAY";"O";0;0;
"PCD";3;"PPP";10;"PTH";;"O";0;0;
"PCD";3;"PPP";13;"NTE";;"O";1;1;
"PCD";3;"PPP";18;"VAR";;"O";1;1;
"PCD";3;"PPP";21;"[";"PATHWAY_ROLE";"O";0;0;
"PCD";3;"PPP";22;"{";"";"O";0;0;
"PCD";3;"PPP";23;"ROL";;"O";0;0;
"PCD";3;"PPP";26;"VAR";;"O";1;1;
"PCD";3;"PPP";29;"}";;"O";0;0;
"PCD";3;"PPP";30;"]";;"O";0;0;
"PCD";3;"PPP";31;"[";"PROBLEM";"O";0;0;
"PCD";3;"PPP";32;"{";"";"O";0;0;
"PCD";3;"PPP";33;"PRB";;"O";0;0;
"PCD";3;"PPP";36;"NTE";;"O";1;1;
"PCD";3;"PPP";41;"VAR";;"O";1;1;
"PCD";3;"PPP";44;"[";"PROBLEM_ROLE";"O";0;0;
"PCD";3;"PPP";45;"{";"";"O";0;0;
"PCD";3;"PPP";46;"ROL";;"O";0;0;
"PCD";3;"PPP";49;"VAR";;"O";1;1;
"PCD";3;"PPP";52;"}";;"O";0;0;
"PCD";3;"PPP";53;"]";;"O";0;0;
"PCD";3;"PPP";54;"[";"PROBLEM_OBSERVATION";"O";0;0;
"PCD";3;"PPP";55;"{";"";"O";0;0;
"PCD";3;"PPP";56;"OBX";;"O";0;0;
"PCD";3;"PPP";59;"NTE";;"O";1;1;
"PCD";3;"PPP";62;"}";;"O";0;0;
"PCD";3;"PPP";63;"]";;"O";0;0;
"PCD";3;"PPP";64;"[";"GOAL";"O";0;0;
"PCD";3;"PPP";65;"{";"";"O";0;0;
"PCD";3;"PPP";66;"GOL";;"O";0;0;
"PCD";3;"PPP";69;"NTE";;"O";1;1;
"PCD";3;"PPP";74;"VAR";;"O";1;1;
"PCD";3;"PPP";77;"[";"GOAL_ROLE";"O";0;0;
"PCD";3;"PPP";78;"{";"";"O";0;0;
"PCD";3;"PPP";79;"ROL";;"O";0;0;
"PCD";3;"PPP";82;"VAR";;"O";1;1;
"PCD";3;"PPP";85;"}";;"O";0;0;
"PCD";3;"PPP";86;"]";;"O";0;0;
"PCD";3;"PPP";87;"[";"GOAL_OBSERVATION";"O";0;0;
"PCD";3;"PPP";88;"{";"";"O";0;0;
"PCD";3;"PPP";89;"OBX";;"O";0;0;
"PCD";3;"PPP";92;"NTE";;"O";1;1;
"PCD";3;"PPP";95;"}";;"O";0;0;
"PCD";3;"PPP";96;"]";;"O";0;0;
"PCD";3;"PPP";97;"}";;"O";0;0;
"PCD";3;"PPP";98;"]";;"O";0;0;
"PCD";3;"PPP";99;"[";"ORDER";"O";0;0;
"PCD";3;"PPP";100;"{";"";"O";0;0;
"PCD";3;"PPP";101;"ORC";;"O";0;0;
"PCD";3;"PPP";102;"[";"ORDER_DETAIL";"O";0;0;
"PCD";3;"PPP";103;"OBR";;"O";0;0;
"PCD";3;"PPP";106;"NTE";;"O";1;1;
"PCD";3;"PPP";111;"VAR";;"O";1;1;
"PCD";3;"PPP";114;"[";"ORDER_OBSERVATION";"O";0;0;
"PCD";3;"PPP";115;"{";"";"O";0;0;
"PCD";3;"PPP";116;"OBX";;"O";0;0;
"PCD";3;"PPP";119;"NTE";;"O";1;1;
"PCD";3;"PPP";124;"VAR";;"O";1;1;
"PCD";3;"PPP";127;"}";;"O";0;0;
"PCD";3;"PPP";128;"]";;"O";0;0;
"PCD";3;"PPP";129;"]";;"O";0;0;
"PCD";3;"PPP";130;"}";;"O";0;0;
"PCD";3;"PPP";131;"]";;"O";0;0;
"PCD";3;"PPP";132;"}";;"O";0;0;
"PCD";3;"PPP";133;"]";;"O";0;0;
"PCD";3;"PPP";134;"}";;"O";0;0;
"PCE";3;"QRY";1;"MSH";;"O";0;0;
"PCE";3;"QRY";2;"QRD";;"O";0;0;
"PCE";3;"QRY";4;"QRF";;"O";0;1;
"PCE";4;"QRY";1;"MSH";;"O";0;0;
"PCE";4;"QRY";2;"QRD";;"O";0;0;
"PCE";4;"QRY";4;"QRF";;"O";0;1;
"PCF";3;"PTR";1;"MSH";;"O";0;0;
"PCF";3;"PTR";2;"MSA";;"O";0;0;
"PCF";3;"PTR";4;"ERR";;"O";0;1;
"PCF";3;"PTR";6;"QRD";;"O";0;0;
"PCF";3;"PTR";7;"{";"PATIENT";"O";0;0;
"PCF";3;"PTR";8;"PID";;"O";0;0;
"PCF";3;"PTR";9;"[";"PATIENT_VISIT";"O";0;0;
"PCF";3;"PTR";10;"PV1";;"O";0;0;
"PCF";3;"PTR";12;"PV2";;"O";0;1;
"PCF";3;"PTR";14;"]";;"O";0;0;
"PCF";3;"PTR";15;"{";"PATHWAY";"O";0;0;
"PCF";3;"PTR";16;"PTH";;"O";0;0;
"PCF";3;"PTR";19;"NTE";;"O";1;1;
"PCF";3;"PTR";24;"VAR";;"O";1;1;
"PCF";3;"PTR";27;"[";"PATHWAY_ROLE";"O";0;0;
"PCF";3;"PTR";28;"{";"";"O";0;0;
"PCF";3;"PTR";29;"ROL";;"O";0;0;
"PCF";3;"PTR";32;"VAR";;"O";1;1;
"PCF";3;"PTR";35;"}";;"O";0;0;
"PCF";3;"PTR";36;"]";;"O";0;0;
"PCF";3;"PTR";37;"[";"PROBLEM";"O";0;0;
"PCF";3;"PTR";38;"{";"";"O";0;0;
"PCF";3;"PTR";39;"PRB";;"O";0;0;
"PCF";3;"PTR";42;"NTE";;"O";1;1;
"PCF";3;"PTR";47;"VAR";;"O";1;1;
"PCF";3;"PTR";50;"[";"PROBLEM_ROLE";"O";0;0;
"PCF";3;"PTR";51;"{";"";"O";0;0;
"PCF";3;"PTR";52;"ROL";;"O";0;0;
"PCF";3;"PTR";55;"VAR";;"O";1;1;
"PCF";3;"PTR";58;"}";;"O";0;0;
"PCF";3;"PTR";59;"]";;"O";0;0;
"PCF";3;"PTR";60;"[";"PROBLEM_OBSERVATION";"O";0;0;
"PCF";3;"PTR";61;"{";"";"O";0;0;
"PCF";3;"PTR";62;"OBX";;"O";0;0;
"PCF";3;"PTR";64;"NTE";;"O";1;1;
"PCF";3;"PTR";67;"}";;"O";0;0;
"PCF";3;"PTR";68;"]";;"O";0;0;
"PCF";3;"PTR";69;"[";"GOAL";"O";0;0;
"PCF";3;"PTR";70;"{";"";"O";0;0;
"PCF";3;"PTR";71;"GOL";;"O";0;0;
"PCF";3;"PTR";74;"NTE";;"O";1;1;
"PCF";3;"PTR";79;"VAR";;"O";1;1;
"PCF";3;"PTR";82;"[";"GOAL_ROLE";"O";0;0;
"PCF";3;"PTR";83;"{";"";"O";0;0;
"PCF";3;"PTR";84;"ROL";;"O";0;0;
"PCF";3;"PTR";87;"VAR";;"O";1;1;
"PCF";3;"PTR";90;"}";;"O";0;0;
"PCF";3;"PTR";91;"]";;"O";0;0;
"PCF";3;"PTR";92;"[";"GOAL_OBSERVATION";"O";0;0;
"PCF";3;"PTR";93;"{";"";"O";0;0;
"PCF";3;"PTR";94;"OBX";;"O";0;0;
"PCF";3;"PTR";97;"NTE";;"O";1;1;
"PCF";3;"PTR";100;"}";;"O";0;0;
"PCF";3;"PTR";101;"]";;"O";0;0;
"PCF";3;"PTR";102;"}";;"O";0;0;
"PCF";3;"PTR";103;"]";;"O";0;0;
"PCF";3;"PTR";104;"[";"ORDER";"O";0;0;
"PCF";3;"PTR";105;"{";"";"O";0;0;
"PCF";3;"PTR";106;"ORC";;"O";0;0;
"PCF";3;"PTR";107;"[";"ORDER_DETAIL";"O";0;0;
"PCF";3;"PTR";108;"OBR";;"O";0;0;
"PCF";3;"PTR";111;"NTE";;"O";1;1;
"PCF";3;"PTR";116;"VAR";;"O";1;1;
"PCF";3;"PTR";119;"[";"ORDER_OBSERVATION";"O";0;0;
"PCF";3;"PTR";120;"{";"";"O";0;0;
"PCF";3;"PTR";121;"OBX";;"O";0;0;
"PCF";3;"PTR";124;"NTE";;"O";1;1;
"PCF";3;"PTR";129;"VAR";;"O";1;1;
"PCF";3;"PTR";132;"}";;"O";0;0;
"PCF";3;"PTR";133;"]";;"O";0;0;
"PCF";3;"PTR";134;"]";;"O";0;0;
"PCF";3;"PTR";135;"}";;"O";0;0;
"PCF";3;"PTR";136;"]";;"O";0;0;
"PCF";3;"PTR";137;"}";;"O";0;0;
"PCF";3;"PTR";138;"]";;"O";0;0;
"PCF";3;"PTR";139;"}";;"O";0;0;
"PCF";3;"PTR";140;"}";;"O";0;0;
"PCF";4;"PTR";1;"MSH";;"O";0;0;
"PCF";4;"PTR";2;"MSA";;"O";0;0;
"PCF";4;"PTR";4;"ERR";;"O";0;1;
"PCF";4;"PTR";7;"QAK";;"O";0;1;
"PCF";4;"PTR";9;"QRD";;"O";0;0;
"PCF";4;"PTR";10;"{";"PATIENT";"O";0;0;
"PCF";4;"PTR";11;"PID";;"O";0;0;
"PCF";4;"PTR";12;"[";"PATIENT_VISIT";"O";0;0;
"PCF";4;"PTR";13;"PV1";;"O";0;0;
"PCF";4;"PTR";15;"PV2";;"O";0;1;
"PCF";4;"PTR";17;"]";;"O";0;0;
"PCF";4;"PTR";18;"{";"PATHWAY";"O";0;0;
"PCF";4;"PTR";19;"PTH";;"O";0;0;
"PCF";4;"PTR";22;"NTE";;"O";1;1;
"PCF";4;"PTR";27;"VAR";;"O";1;1;
"PCF";4;"PTR";30;"[";"PATHWAY_ROLE";"O";0;0;
"PCF";4;"PTR";31;"{";"";"O";0;0;
"PCF";4;"PTR";32;"ROL";;"O";0;0;
"PCF";4;"PTR";35;"VAR";;"O";1;1;
"PCF";4;"PTR";38;"}";;"O";0;0;
"PCF";4;"PTR";39;"]";;"O";0;0;
"PCF";4;"PTR";40;"[";"PROBLEM";"O";0;0;
"PCF";4;"PTR";41;"{";"";"O";0;0;
"PCF";4;"PTR";42;"PRB";;"O";0;0;
"PCF";4;"PTR";45;"NTE";;"O";1;1;
"PCF";4;"PTR";50;"VAR";;"O";1;1;
"PCF";4;"PTR";53;"[";"PROBLEM_ROLE";"O";0;0;
"PCF";4;"PTR";54;"{";"";"O";0;0;
"PCF";4;"PTR";55;"ROL";;"O";0;0;
"PCF";4;"PTR";58;"VAR";;"O";1;1;
"PCF";4;"PTR";61;"}";;"O";0;0;
"PCF";4;"PTR";62;"]";;"O";0;0;
"PCF";4;"PTR";63;"[";"PROBLEM_OBSERVATION";"O";0;0;
"PCF";4;"PTR";64;"{";"";"O";0;0;
"PCF";4;"PTR";65;"OBX";;"O";0;0;
"PCF";4;"PTR";67;"NTE";;"O";1;1;
"PCF";4;"PTR";70;"}";;"O";0;0;
"PCF";4;"PTR";71;"]";;"O";0;0;
"PCF";4;"PTR";72;"[";"GOAL";"O";0;0;
"PCF";4;"PTR";73;"{";"";"O";0;0;
"PCF";4;"PTR";74;"GOL";;"O";0;0;
"PCF";4;"PTR";77;"NTE";;"O";1;1;
"PCF";4;"PTR";82;"VAR";;"O";1;1;
"PCF";4;"PTR";85;"[";"GOAL_ROLE";"O";0;0;
"PCF";4;"PTR";86;"{";"";"O";0;0;
"PCF";4;"PTR";87;"ROL";;"O";0;0;
"PCF";4;"PTR";90;"VAR";;"O";1;1;
"PCF";4;"PTR";93;"}";;"O";0;0;
"PCF";4;"PTR";94;"]";;"O";0;0;
"PCF";4;"PTR";95;"[";"GOAL_OBSERVATION";"O";0;0;
"PCF";4;"PTR";96;"{";"";"O";0;0;
"PCF";4;"PTR";97;"OBX";;"O";0;0;
"PCF";4;"PTR";100;"NTE";;"O";1;1;
"PCF";4;"PTR";103;"}";;"O";0;0;
"PCF";4;"PTR";104;"]";;"O";0;0;
"PCF";4;"PTR";105;"}";;"O";0;0;
"PCF";4;"PTR";106;"]";;"O";0;0;
"PCF";4;"PTR";107;"[";"ORDER";"O";0;0;
"PCF";4;"PTR";108;"{";"";"O";0;0;
"PCF";4;"PTR";109;"ORC";;"O";0;0;
"PCF";4;"PTR";110;"[";"ORDER_DETAIL";"O";0;0;
"PCF";4;"PTR";111;"<";"CHOICE";"O";0;0;
"PCF";4;"PTR";112;"OBR";;"O";0;0;
"PCF";4;"PTR";113;"|";;"O";0;0;
"PCF";4;"PTR";114;"RXO";;"O";0;0;
"PCF";4;"PTR";115;">";;"O";0;0;
"PCF";4;"PTR";119;"NTE";;"O";1;1;
"PCF";4;"PTR";120;"VAR";;"O";1;1;
"PCF";4;"PTR";123;"[";"ORDER_OBSERVATION";"O";0;0;
"PCF";4;"PTR";124;"{";"";"O";0;0;
"PCF";4;"PTR";125;"OBX";;"O";0;0;
"PCF";4;"PTR";128;"NTE";;"O";1;1;
"PCF";4;"PTR";133;"VAR";;"O";1;1;
"PCF";4;"PTR";136;"}";;"O";0;0;
"PCF";4;"PTR";137;"]";;"O";0;0;
"PCF";4;"PTR";138;"]";;"O";0;0;
"PCF";4;"PTR";139;"}";;"O";0;0;
"PCF";4;"PTR";140;"]";;"O";0;0;
"PCF";4;"PTR";141;"}";;"O";0;0;
"PCF";4;"PTR";142;"]";;"O";0;0;
"PCF";4;"PTR";143;"}";;"O";0;0;
"PCF";4;"PTR";144;"}";;"O";0;0;
"PCG";3;"ACK";1;"MSH";;"O";0;0;
"PCG";3;"ACK";2;"MSA";;"O";0;0;
"PCG";3;"ACK";4;"ERR";;"O";0;1;
"PCG";3;"PPG";1;"MSH";;"O";0;0;
"PCG";3;"PPG";2;"PID";;"O";0;0;
"PCG";3;"PPG";3;"[";"PATIENT_VISIT";"O";0;0;
"PCG";3;"PPG";4;"PV1";;"O";0;0;
"PCG";3;"PPG";6;"PV2";;"O";0;1;
"PCG";3;"PPG";8;"]";;"O";0;0;
"PCG";3;"PPG";9;"{";"PATHWAY";"O";0;0;
"PCG";3;"PPG";10;"PTH";;"O";0;0;
"PCG";3;"PPG";13;"NTE";;"O";1;1;
"PCG";3;"PPG";18;"VAR";;"O";1;1;
"PCG";3;"PPG";21;"[";"PATHWAY_ROLE";"O";0;0;
"PCG";3;"PPG";22;"{";"";"O";0;0;
"PCG";3;"PPG";23;"ROL";;"O";0;0;
"PCG";3;"PPG";26;"VAR";;"O";1;1;
"PCG";3;"PPG";29;"}";;"O";0;0;
"PCG";3;"PPG";30;"]";;"O";0;0;
"PCG";3;"PPG";31;"[";"GOAL";"O";0;0;
"PCG";3;"PPG";32;"{";"";"O";0;0;
"PCG";3;"PPG";33;"GOL";;"O";0;0;
"PCG";3;"PPG";36;"NTE";;"O";1;1;
"PCG";3;"PPG";41;"VAR";;"O";1;1;
"PCG";3;"PPG";44;"[";"GOAL_ROLE";"O";0;0;
"PCG";3;"PPG";45;"{";"";"O";0;0;
"PCG";3;"PPG";46;"ROL";;"O";0;0;
"PCG";3;"PPG";49;"VAR";;"O";1;1;
"PCG";3;"PPG";52;"}";;"O";0;0;
"PCG";3;"PPG";53;"]";;"O";0;0;
"PCG";3;"PPG";54;"[";"GOAL_OBSERVATION";"O";0;0;
"PCG";3;"PPG";55;"{";"";"O";0;0;
"PCG";3;"PPG";56;"OBX";;"O";0;0;
"PCG";3;"PPG";59;"NTE";;"O";1;1;
"PCG";3;"PPG";62;"}";;"O";0;0;
"PCG";3;"PPG";63;"]";;"O";0;0;
"PCG";3;"PPG";64;"[";"PROBLEM";"O";0;0;
"PCG";3;"PPG";65;"{";"";"O";0;0;
"PCG";3;"PPG";66;"PRB";;"O";0;0;
"PCG";3;"PPG";69;"NTE";;"O";1;1;
"PCG";3;"PPG";74;"VAR";;"O";1;1;
"PCG";3;"PPG";77;"[";"PROBLEM_ROLE";"O";0;0;
"PCG";3;"PPG";78;"{";"";"O";0;0;
"PCG";3;"PPG";79;"ROL";;"O";0;0;
"PCG";3;"PPG";82;"VAR";;"O";1;1;
"PCG";3;"PPG";85;"}";;"O";0;0;
"PCG";3;"PPG";86;"]";;"O";0;0;
"PCG";3;"PPG";87;"[";"PROBLEM_OBSERVATION";"O";0;0;
"PCG";3;"PPG";88;"{";"";"O";0;0;
"PCG";3;"PPG";89;"OBX";;"O";0;0;
"PCG";3;"PPG";92;"NTE";;"O";1;1;
"PCG";3;"PPG";95;"}";;"O";0;0;
"PCG";3;"PPG";96;"]";;"O";0;0;
"PCG";3;"PPG";97;"}";;"O";0;0;
"PCG";3;"PPG";98;"]";;"O";0;0;
"PCG";3;"PPG";99;"[";"ORDER";"O";0;0;
"PCG";3;"PPG";100;"{";"";"O";0;0;
"PCG";3;"PPG";101;"ORC";;"O";0;0;
"PCG";3;"PPG";102;"[";"ORDER_DETAIL";"O";0;0;
"PCG";3;"PPG";103;"OBR";;"O";0;0;
"PCG";3;"PPG";106;"NTE";;"O";1;1;
"PCG";3;"PPG";111;"VAR";;"O";1;1;
"PCG";3;"PPG";114;"[";"ORDER_OBSERVATION";"O";0;0;
"PCG";3;"PPG";115;"{";"";"O";0;0;
"PCG";3;"PPG";116;"OBX";;"O";0;0;
"PCG";3;"PPG";119;"NTE";;"O";1;1;
"PCG";3;"PPG";124;"VAR";;"O";1;1;
"PCG";3;"PPG";127;"}";;"O";0;0;
"PCG";3;"PPG";128;"]";;"O";0;0;
"PCG";3;"PPG";129;"]";;"O";0;0;
"PCG";3;"PPG";130;"}";;"O";0;0;
"PCG";3;"PPG";131;"]";;"O";0;0;
"PCG";3;"PPG";132;"}";;"O";0;0;
"PCG";3;"PPG";133;"]";;"O";0;0;
"PCG";3;"PPG";134;"}";;"O";0;0;
"PCH";3;"ACK";1;"MSH";;"O";0;0;
"PCH";3;"ACK";2;"MSA";;"O";0;0;
"PCH";3;"ACK";4;"ERR";;"O";0;1;
"PCH";3;"PPG";1;"MSH";;"O";0;0;
"PCH";3;"PPG";2;"PID";;"O";0;0;
"PCH";3;"PPG";3;"[";"PATIENT_VISIT";"O";0;0;
"PCH";3;"PPG";4;"PV1";;"O";0;0;
"PCH";3;"PPG";6;"PV2";;"O";0;1;
"PCH";3;"PPG";8;"]";;"O";0;0;
"PCH";3;"PPG";9;"{";"PATHWAY";"O";0;0;
"PCH";3;"PPG";10;"PTH";;"O";0;0;
"PCH";3;"PPG";13;"NTE";;"O";1;1;
"PCH";3;"PPG";18;"VAR";;"O";1;1;
"PCH";3;"PPG";21;"[";"PATHWAY_ROLE";"O";0;0;
"PCH";3;"PPG";22;"{";"";"O";0;0;
"PCH";3;"PPG";23;"ROL";;"O";0;0;
"PCH";3;"PPG";26;"VAR";;"O";1;1;
"PCH";3;"PPG";29;"}";;"O";0;0;
"PCH";3;"PPG";30;"]";;"O";0;0;
"PCH";3;"PPG";31;"[";"GOAL";"O";0;0;
"PCH";3;"PPG";32;"{";"";"O";0;0;
"PCH";3;"PPG";33;"GOL";;"O";0;0;
"PCH";3;"PPG";36;"NTE";;"O";1;1;
"PCH";3;"PPG";41;"VAR";;"O";1;1;
"PCH";3;"PPG";44;"[";"GOAL_ROLE";"O";0;0;
"PCH";3;"PPG";45;"{";"";"O";0;0;
"PCH";3;"PPG";46;"ROL";;"O";0;0;
"PCH";3;"PPG";49;"VAR";;"O";1;1;
"PCH";3;"PPG";52;"}";;"O";0;0;
"PCH";3;"PPG";53;"]";;"O";0;0;
"PCH";3;"PPG";54;"[";"GOAL_OBSERVATION";"O";0;0;
"PCH";3;"PPG";55;"{";"";"O";0;0;
"PCH";3;"PPG";56;"OBX";;"O";0;0;
"PCH";3;"PPG";59;"NTE";;"O";1;1;
"PCH";3;"PPG";62;"}";;"O";0;0;
"PCH";3;"PPG";63;"]";;"O";0;0;
"PCH";3;"PPG";64;"[";"PROBLEM";"O";0;0;
"PCH";3;"PPG";65;"{";"";"O";0;0;
"PCH";3;"PPG";66;"PRB";;"O";0;0;
"PCH";3;"PPG";69;"NTE";;"O";1;1;
"PCH";3;"PPG";74;"VAR";;"O";1;1;
"PCH";3;"PPG";77;"[";"PROBLEM_ROLE";"O";0;0;
"PCH";3;"PPG";78;"{";"";"O";0;0;
"PCH";3;"PPG";79;"ROL";;"O";0;0;
"PCH";3;"PPG";82;"VAR";;"O";1;1;
"PCH";3;"PPG";85;"}";;"O";0;0;
"PCH";3;"PPG";86;"]";;"O";0;0;
"PCH";3;"PPG";87;"[";"PROBLEM_OBSERVATION";"O";0;0;
"PCH";3;"PPG";88;"{";"";"O";0;0;
"PCH";3;"PPG";89;"OBX";;"O";0;0;
"PCH";3;"PPG";92;"NTE";;"O";1;1;
"PCH";3;"PPG";95;"}";;"O";0;0;
"PCH";3;"PPG";96;"]";;"O";0;0;
"PCH";3;"PPG";97;"}";;"O";0;0;
"PCH";3;"PPG";98;"]";;"O";0;0;
"PCH";3;"PPG";99;"[";"ORDER";"O";0;0;
"PCH";3;"PPG";100;"{";"";"O";0;0;
"PCH";3;"PPG";101;"ORC";;"O";0;0;
"PCH";3;"PPG";102;"[";"ORDER_DETAIL";"O";0;0;
"PCH";3;"PPG";103;"OBR";;"O";0;0;
"PCH";3;"PPG";106;"NTE";;"O";1;1;
"PCH";3;"PPG";111;"VAR";;"O";1;1;
"PCH";3;"PPG";114;"[";"ORDER_OBSERVATION";"O";0;0;
"PCH";3;"PPG";115;"{";"";"O";0;0;
"PCH";3;"PPG";116;"OBX";;"O";0;0;
"PCH";3;"PPG";119;"NTE";;"O";1;1;
"PCH";3;"PPG";124;"VAR";;"O";1;1;
"PCH";3;"PPG";127;"}";;"O";0;0;
"PCH";3;"PPG";128;"]";;"O";0;0;
"PCH";3;"PPG";129;"]";;"O";0;0;
"PCH";3;"PPG";130;"}";;"O";0;0;
"PCH";3;"PPG";131;"]";;"O";0;0;
"PCH";3;"PPG";132;"}";;"O";0;0;
"PCH";3;"PPG";133;"]";;"O";0;0;
"PCH";3;"PPG";134;"}";;"O";0;0;
"PCJ";3;"ACK";1;"MSH";;"O";0;0;
"PCJ";3;"ACK";2;"MSA";;"O";0;0;
"PCJ";3;"ACK";4;"ERR";;"O";0;1;
"PCJ";3;"PPG";1;"MSH";;"O";0;0;
"PCJ";3;"PPG";2;"PID";;"O";0;0;
"PCJ";3;"PPG";3;"[";"PATIENT_VISIT";"O";0;0;
"PCJ";3;"PPG";4;"PV1";;"O";0;0;
"PCJ";3;"PPG";6;"PV2";;"O";0;1;
"PCJ";3;"PPG";8;"]";;"O";0;0;
"PCJ";3;"PPG";9;"{";"PATHWAY";"O";0;0;
"PCJ";3;"PPG";10;"PTH";;"O";0;0;
"PCJ";3;"PPG";13;"NTE";;"O";1;1;
"PCJ";3;"PPG";18;"VAR";;"O";1;1;
"PCJ";3;"PPG";21;"[";"PATHWAY_ROLE";"O";0;0;
"PCJ";3;"PPG";22;"{";"";"O";0;0;
"PCJ";3;"PPG";23;"ROL";;"O";0;0;
"PCJ";3;"PPG";26;"VAR";;"O";1;1;
"PCJ";3;"PPG";29;"}";;"O";0;0;
"PCJ";3;"PPG";30;"]";;"O";0;0;
"PCJ";3;"PPG";31;"[";"GOAL";"O";0;0;
"PCJ";3;"PPG";32;"{";"";"O";0;0;
"PCJ";3;"PPG";33;"GOL";;"O";0;0;
"PCJ";3;"PPG";36;"NTE";;"O";1;1;
"PCJ";3;"PPG";41;"VAR";;"O";1;1;
"PCJ";3;"PPG";44;"[";"GOAL_ROLE";"O";0;0;
"PCJ";3;"PPG";45;"{";"";"O";0;0;
"PCJ";3;"PPG";46;"ROL";;"O";0;0;
"PCJ";3;"PPG";49;"VAR";;"O";1;1;
"PCJ";3;"PPG";52;"}";;"O";0;0;
"PCJ";3;"PPG";53;"]";;"O";0;0;
"PCJ";3;"PPG";54;"[";"GOAL_OBSERVATION";"O";0;0;
"PCJ";3;"PPG";55;"{";"";"O";0;0;
"PCJ";3;"PPG";56;"OBX";;"O";0;0;
"PCJ";3;"PPG";59;"NTE";;"O";1;1;
"PCJ";3;"PPG";62;"}";;"O";0;0;
"PCJ";3;"PPG";63;"]";;"O";0;0;
"PCJ";3;"PPG";64;"[";"PROBLEM";"O";0;0;
"PCJ";3;"PPG";65;"{";"";"O";0;0;
"PCJ";3;"PPG";66;"PRB";;"O";0;0;
"PCJ";3;"PPG";69;"NTE";;"O";1;1;
"PCJ";3;"PPG";74;"VAR";;"O";1;1;
"PCJ";3;"PPG";77;"[";"PROBLEM_ROLE";"O";0;0;
"PCJ";3;"PPG";78;"{";"";"O";0;0;
"PCJ";3;"PPG";79;"ROL";;"O";0;0;
"PCJ";3;"PPG";82;"VAR";;"O";1;1;
"PCJ";3;"PPG";85;"}";;"O";0;0;
"PCJ";3;"PPG";86;"]";;"O";0;0;
"PCJ";3;"PPG";87;"[";"PROBLEM_OBSERVATION";"O";0;0;
"PCJ";3;"PPG";88;"{";"";"O";0;0;
"PCJ";3;"PPG";89;"OBX";;"O";0;0;
"PCJ";3;"PPG";92;"NTE";;"O";1;1;
"PCJ";3;"PPG";95;"}";;"O";0;0;
"PCJ";3;"PPG";96;"]";;"O";0;0;
"PCJ";3;"PPG";97;"}";;"O";0;0;
"PCJ";3;"PPG";98;"]";;"O";0;0;
"PCJ";3;"PPG";99;"[";"ORDER";"O";0;0;
"PCJ";3;"PPG";100;"{";"";"O";0;0;
"PCJ";3;"PPG";101;"ORC";;"O";0;0;
"PCJ";3;"PPG";102;"[";"ORDER_DETAIL";"O";0;0;
"PCJ";3;"PPG";103;"OBR";;"O";0;0;
"PCJ";3;"PPG";106;"NTE";;"O";1;1;
"PCJ";3;"PPG";111;"VAR";;"O";1;1;
"PCJ";3;"PPG";114;"[";"ORDER_OBSERVATION";"O";0;0;
"PCJ";3;"PPG";115;"{";"";"O";0;0;
"PCJ";3;"PPG";116;"OBX";;"O";0;0;
"PCJ";3;"PPG";119;"NTE";;"O";1;1;
"PCJ";3;"PPG";124;"VAR";;"O";1;1;
"PCJ";3;"PPG";127;"}";;"O";0;0;
"PCJ";3;"PPG";128;"]";;"O";0;0;
"PCJ";3;"PPG";129;"]";;"O";0;0;
"PCJ";3;"PPG";130;"}";;"O";0;0;
"PCJ";3;"PPG";131;"]";;"O";0;0;
"PCJ";3;"PPG";132;"}";;"O";0;0;
"PCJ";3;"PPG";133;"]";;"O";0;0;
"PCJ";3;"PPG";134;"}";;"O";0;0;
"PCK";3;"QRY";1;"MSH";;"O";0;0;
"PCK";3;"QRY";2;"QRD";;"O";0;0;
"PCK";3;"QRY";4;"QRF";;"O";0;1;
"PCK";4;"QRY";1;"MSH";;"O";0;0;
"PCK";4;"QRY";2;"QRD";;"O";0;0;
"PCK";4;"QRY";4;"QRF";;"O";0;1;
"PCL";3;"PPT";1;"MSH";;"O";0;0;
"PCL";3;"PPT";2;"MSA";;"O";0;0;
"PCL";3;"PPT";4;"ERR";;"O";0;1;
"PCL";3;"PPT";6;"QRD";;"O";0;0;
"PCL";3;"PPT";7;"{";"PATIENT";"O";0;0;
"PCL";3;"PPT";8;"PID";;"O";0;0;
"PCL";3;"PPT";9;"[";"PATIENT_VISIT";"O";0;0;
"PCL";3;"PPT";10;"PV1";;"O";0;0;
"PCL";3;"PPT";12;"PV2";;"O";0;1;
"PCL";3;"PPT";14;"]";;"O";0;0;
"PCL";3;"PPT";15;"{";"PATHWAY";"O";0;0;
"PCL";3;"PPT";16;"PTH";;"O";0;0;
"PCL";3;"PPT";19;"NTE";;"O";1;1;
"PCL";3;"PPT";24;"VAR";;"O";1;1;
"PCL";3;"PPT";27;"[";"PATHWAY_ROLE";"O";0;0;
"PCL";3;"PPT";28;"{";"";"O";0;0;
"PCL";3;"PPT";29;"ROL";;"O";0;0;
"PCL";3;"PPT";32;"VAR";;"O";1;1;
"PCL";3;"PPT";35;"}";;"O";0;0;
"PCL";3;"PPT";36;"]";;"O";0;0;
"PCL";3;"PPT";37;"[";"GOAL";"O";0;0;
"PCL";3;"PPT";38;"{";"";"O";0;0;
"PCL";3;"PPT";39;"GOL";;"O";0;0;
"PCL";3;"PPT";42;"NTE";;"O";1;1;
"PCL";3;"PPT";47;"VAR";;"O";1;1;
"PCL";3;"PPT";50;"[";"GOAL_ROLE";"O";0;0;
"PCL";3;"PPT";51;"{";"";"O";0;0;
"PCL";3;"PPT";52;"ROL";;"O";0;0;
"PCL";3;"PPT";55;"VAR";;"O";1;1;
"PCL";3;"PPT";58;"}";;"O";0;0;
"PCL";3;"PPT";59;"]";;"O";0;0;
"PCL";3;"PPT";60;"[";"GOAL_OBSERVATION";"O";0;0;
"PCL";3;"PPT";61;"{";"";"O";0;0;
"PCL";3;"PPT";62;"OBX";;"O";0;0;
"PCL";3;"PPT";65;"NTE";;"O";1;1;
"PCL";3;"PPT";68;"}";;"O";0;0;
"PCL";3;"PPT";69;"]";;"O";0;0;
"PCL";3;"PPT";70;"[";"PROBLEM";"O";0;0;
"PCL";3;"PPT";71;"{";"";"O";0;0;
"PCL";3;"PPT";72;"PRB";;"O";0;0;
"PCL";3;"PPT";75;"NTE";;"O";1;1;
"PCL";3;"PPT";80;"VAR";;"O";1;1;
"PCL";3;"PPT";83;"[";"PROBLEM_ROLE";"O";0;0;
"PCL";3;"PPT";84;"{";"";"O";0;0;
"PCL";3;"PPT";85;"ROL";;"O";0;0;
"PCL";3;"PPT";88;"VAR";;"O";1;1;
"PCL";3;"PPT";91;"}";;"O";0;0;
"PCL";3;"PPT";92;"]";;"O";0;0;
"PCL";3;"PPT";93;"[";"PROBLEM_OBSERVATION";"O";0;0;
"PCL";3;"PPT";94;"{";"";"O";0;0;
"PCL";3;"PPT";95;"OBX";;"O";0;0;
"PCL";3;"PPT";98;"NTE";;"O";1;1;
"PCL";3;"PPT";101;"}";;"O";0;0;
"PCL";3;"PPT";102;"]";;"O";0;0;
"PCL";3;"PPT";103;"}";;"O";0;0;
"PCL";3;"PPT";104;"]";;"O";0;0;
"PCL";3;"PPT";105;"[";"ORDER";"O";0;0;
"PCL";3;"PPT";106;"{";"";"O";0;0;
"PCL";3;"PPT";107;"ORC";;"O";0;0;
"PCL";3;"PPT";108;"[";"ORDER_DETAIL";"O";0;0;
"PCL";3;"PPT";109;"OBR";;"O";0;0;
"PCL";3;"PPT";112;"NTE";;"O";1;1;
"PCL";3;"PPT";117;"VAR";;"O";1;1;
"PCL";3;"PPT";120;"[";"ORDER_OBSERVATION";"O";0;0;
"PCL";3;"PPT";121;"{";"";"O";0;0;
"PCL";3;"PPT";122;"OBX";;"O";0;0;
"PCL";3;"PPT";125;"NTE";;"O";1;1;
"PCL";3;"PPT";130;"VAR";;"O";1;1;
"PCL";3;"PPT";133;"}";;"O";0;0;
"PCL";3;"PPT";134;"]";;"O";0;0;
"PCL";3;"PPT";135;"]";;"O";0;0;
"PCL";3;"PPT";136;"}";;"O";0;0;
"PCL";3;"PPT";137;"]";;"O";0;0;
"PCL";3;"PPT";138;"}";;"O";0;0;
"PCL";3;"PPT";139;"]";;"O";0;0;
"PCL";3;"PPT";140;"}";;"O";0;0;
"PCL";3;"PPT";141;"}";;"O";0;0;
"PCL";4;"PPT";1;"MSH";;"O";0;0;
"PCL";4;"PPT";2;"MSA";;"O";0;0;
"PCL";4;"PPT";4;"ERR";;"O";0;1;
"PCL";4;"PPT";7;"QAK";;"O";0;1;
"PCL";4;"PPT";9;"QRD";;"O";0;0;
"PCL";4;"PPT";10;"{";"PATIENT";"O";0;0;
"PCL";4;"PPT";11;"PID";;"O";0;0;
"PCL";4;"PPT";12;"[";"PATIENT_VISIT";"O";0;0;
"PCL";4;"PPT";13;"PV1";;"O";0;0;
"PCL";4;"PPT";15;"PV2";;"O";0;1;
"PCL";4;"PPT";17;"]";;"O";0;0;
"PCL";4;"PPT";18;"{";"PATHWAY";"O";0;0;
"PCL";4;"PPT";19;"PTH";;"O";0;0;
"PCL";4;"PPT";22;"NTE";;"O";1;1;
"PCL";4;"PPT";27;"VAR";;"O";1;1;
"PCL";4;"PPT";30;"[";"PATHWAY_ROLE";"O";0;0;
"PCL";4;"PPT";31;"{";"";"O";0;0;
"PCL";4;"PPT";32;"ROL";;"O";0;0;
"PCL";4;"PPT";35;"VAR";;"O";1;1;
"PCL";4;"PPT";38;"}";;"O";0;0;
"PCL";4;"PPT";39;"]";;"O";0;0;
"PCL";4;"PPT";40;"[";"GOAL";"O";0;0;
"PCL";4;"PPT";41;"{";"";"O";0;0;
"PCL";4;"PPT";42;"GOL";;"O";0;0;
"PCL";4;"PPT";45;"NTE";;"O";1;1;
"PCL";4;"PPT";50;"VAR";;"O";1;1;
"PCL";4;"PPT";53;"[";"GOAL_ROLE";"O";0;0;
"PCL";4;"PPT";54;"{";"";"O";0;0;
"PCL";4;"PPT";55;"ROL";;"O";0;0;
"PCL";4;"PPT";58;"VAR";;"O";1;1;
"PCL";4;"PPT";61;"}";;"O";0;0;
"PCL";4;"PPT";62;"]";;"O";0;0;
"PCL";4;"PPT";63;"[";"GOAL_OBSERVATION";"O";0;0;
"PCL";4;"PPT";64;"{";"";"O";0;0;
"PCL";4;"PPT";65;"OBX";;"O";0;0;
"PCL";4;"PPT";68;"NTE";;"O";1;1;
"PCL";4;"PPT";71;"}";;"O";0;0;
"PCL";4;"PPT";72;"]";;"O";0;0;
"PCL";4;"PPT";73;"[";"PROBLEM";"O";0;0;
"PCL";4;"PPT";74;"{";"";"O";0;0;
"PCL";4;"PPT";75;"PRB";;"O";0;0;
"PCL";4;"PPT";78;"NTE";;"O";1;1;
"PCL";4;"PPT";83;"VAR";;"O";1;1;
"PCL";4;"PPT";86;"[";"PROBLEM_ROLE";"O";0;0;
"PCL";4;"PPT";87;"{";"";"O";0;0;
"PCL";4;"PPT";88;"ROL";;"O";0;0;
"PCL";4;"PPT";91;"VAR";;"O";1;1;
"PCL";4;"PPT";94;"}";;"O";0;0;
"PCL";4;"PPT";95;"]";;"O";0;0;
"PCL";4;"PPT";96;"[";"PROBLEM_OBSERVATION";"O";0;0;
"PCL";4;"PPT";97;"{";"";"O";0;0;
"PCL";4;"PPT";98;"OBX";;"O";0;0;
"PCL";4;"PPT";101;"NTE";;"O";1;1;
"PCL";4;"PPT";104;"}";;"O";0;0;
"PCL";4;"PPT";105;"]";;"O";0;0;
"PCL";4;"PPT";106;"}";;"O";0;0;
"PCL";4;"PPT";107;"]";;"O";0;0;
"PCL";4;"PPT";108;"[";"ORDER";"O";0;0;
"PCL";4;"PPT";109;"{";"";"O";0;0;
"PCL";4;"PPT";110;"ORC";;"O";0;0;
"PCL";4;"PPT";111;"[";"ORDER_DETAIL";"O";0;0;
"PCL";4;"PPT";112;"<";"CHOICE";"O";0;0;
"PCL";4;"PPT";113;"OBR";;"O";0;0;
"PCL";4;"PPT";114;"|";;"O";0;0;
"PCL";4;"PPT";115;"RXO";;"O";0;0;
"PCL";4;"PPT";116;">";;"O";0;0;
"PCL";4;"PPT";120;"NTE";;"O";1;1;
"PCL";4;"PPT";121;"VAR";;"O";1;1;
"PCL";4;"PPT";124;"[";"ORDER_OBSERVATION";"O";0;0;
"PCL";4;"PPT";125;"{";"";"O";0;0;
"PCL";4;"PPT";126;"OBX";;"O";0;0;
"PCL";4;"PPT";129;"NTE";;"O";1;1;
"PCL";4;"PPT";134;"VAR";;"O";1;1;
"PCL";4;"PPT";137;"}";;"O";0;0;
"PCL";4;"PPT";138;"]";;"O";0;0;
"PCL";4;"PPT";139;"]";;"O";0;0;
"PCL";4;"PPT";140;"}";;"O";0;0;
"PCL";4;"PPT";141;"]";;"O";0;0;
"PCL";4;"PPT";142;"}";;"O";0;0;
"PCL";4;"PPT";143;"]";;"O";0;0;
"PCL";4;"PPT";144;"}";;"O";0;0;
"PCL";4;"PPT";145;"}";;"O";0;0;
"Q01";1;"DSR";1;"MSH";;"O";0;0;
"Q01";1;"DSR";2;"MSA";;"O";0;0;
"Q01";1;"DSR";3;"QRD";;"O";0;0;
"Q01";1;"DSR";5;"QRF";;"O";0;1;
"Q01";1;"DSR";8;"DSP";;"O";1;0;
"Q01";1;"DSR";10;"DSC";;"O";0;0;
"Q01";1;"QRY";1;"MSH";;"O";0;0;
"Q01";1;"QRY";2;"QRD";;"O";0;0;
"Q01";1;"QRY";4;"QRF";;"O";0;1;
"Q01";1;"QRY";6;"DSC";;"O";0;0;
"Q01";2;"DSR";1;"MSH";;"O";0;0;
"Q01";2;"DSR";2;"MSA";;"O";0;0;
"Q01";2;"DSR";4;"ERR";;"O";0;1;
"Q01";2;"DSR";6;"QRD";;"O";0;0;
"Q01";2;"DSR";8;"QRF";;"O";0;1;
"Q01";2;"DSR";11;"DSP";;"O";1;0;
"Q01";2;"DSR";14;"DSC";;"O";0;1;
"Q01";2;"QRY";1;"MSH";;"O";0;0;
"Q01";2;"QRY";2;"QRD";;"O";0;0;
"Q01";2;"QRY";4;"QRF";;"O";0;1;
"Q01";2;"QRY";7;"DSC";;"O";0;1;
"Q01";3;"DSR";1;"MSH";;"O";0;0;
"Q01";3;"DSR";2;"MSA";;"O";0;0;
"Q01";3;"DSR";4;"ERR";;"O";0;1;
"Q01";3;"DSR";7;"QAK";;"O";0;1;
"Q01";3;"DSR";9;"QRD";;"O";0;0;
"Q01";3;"DSR";11;"QRF";;"O";0;1;
"Q01";3;"DSR";14;"DSP";;"O";1;0;
"Q01";3;"DSR";17;"DSC";;"O";0;1;
"Q01";3;"EDR";1;"MSH";;"O";0;0;
"Q01";3;"EDR";2;"MSA";;"O";0;0;
"Q01";3;"EDR";4;"ERR";;"O";0;1;
"Q01";3;"EDR";6;"QAK";;"O";0;0;
"Q01";3;"EDR";8;"DSP";;"O";1;0;
"Q01";3;"EDR";11;"DSC";;"O";0;1;
"Q01";3;"EQQ";1;"MSH";;"O";0;0;
"Q01";3;"EQQ";2;"EQL";;"O";0;0;
"Q01";3;"EQQ";4;"DSC";;"O";0;1;
"Q01";3;"ERP";1;"MSH";;"O";0;0;
"Q01";3;"ERP";2;"MSA";;"O";0;0;
"Q01";3;"ERP";4;"ERR";;"O";0;1;
"Q01";3;"ERP";6;"QAK";;"O";0;0;
"Q01";3;"ERP";7;"ERQ";;"O";0;0;
"Q01";3;"ERP";9;"DSC";;"O";0;1;
"Q01";3;"QRY";1;"MSH";;"O";0;0;
"Q01";3;"QRY";2;"QRD";;"O";0;0;
"Q01";3;"QRY";4;"QRF";;"O";0;1;
"Q01";3;"QRY";7;"DSC";;"O";0;1;
"Q01";3;"RQQ";1;"MSH";;"O";0;0;
"Q01";3;"RQQ";2;"ERQ";;"O";0;0;
"Q01";3;"RQQ";4;"DSC";;"O";0;1;
"Q01";3;"SPQ";1;"MSH";;"O";0;0;
"Q01";3;"SPQ";2;"SPR";;"O";0;0;
"Q01";3;"SPQ";4;"RDF";;"O";0;1;
"Q01";3;"SPQ";7;"DSC";;"O";0;1;
"Q01";3;"TBR";1;"MSH";;"O";0;0;
"Q01";3;"TBR";2;"MSA";;"O";0;0;
"Q01";3;"TBR";4;"ERR";;"O";0;1;
"Q01";3;"TBR";6;"QAK";;"O";0;0;
"Q01";3;"TBR";7;"RDF";;"O";0;0;
"Q01";3;"TBR";9;"RDT";;"O";1;0;
"Q01";3;"TBR";12;"DSC";;"O";0;1;
"Q01";3;"VQQ";1;"MSH";;"O";0;0;
"Q01";3;"VQQ";2;"VTQ";;"O";0;0;
"Q01";3;"VQQ";4;"RDF";;"O";0;1;
"Q01";3;"VQQ";7;"DSC";;"O";0;1;
"Q01";4;"DSR";1;"MSH";;"O";0;0;
"Q01";4;"DSR";2;"MSA";;"O";0;0;
"Q01";4;"DSR";4;"ERR";;"O";0;1;
"Q01";4;"DSR";7;"QAK";;"O";0;1;
"Q01";4;"DSR";9;"QRD";;"O";0;0;
"Q01";4;"DSR";11;"QRF";;"O";0;1;
"Q01";4;"DSR";14;"DSP";;"O";1;0;
"Q01";4;"DSR";17;"DSC";;"O";0;1;
"Q01";4;"QRY";1;"MSH";;"O";0;0;
"Q01";4;"QRY";2;"QRD";;"O";0;0;
"Q01";4;"QRY";4;"QRF";;"O";0;1;
"Q01";4;"QRY";7;"DSC";;"O";0;1;
"Q01";5;"DSR";1;"MSH";;"O";0;0;
"Q01";5;"DSR";2;"MSA";;"O";0;0;
"Q01";5;"DSR";4;"ERR";;"O";0;1;
"Q01";5;"DSR";7;"QAK";;"O";0;1;
"Q01";5;"DSR";9;"QRD";;"O";0;0;
"Q01";5;"DSR";11;"QRF";;"O";0;1;
"Q01";5;"DSR";14;"DSP";;"O";1;0;
"Q01";5;"DSR";17;"DSC";;"O";0;1;
"Q01";5;"QRY";1;"MSH";;"O";0;0;
"Q01";5;"QRY";2;"QRD";;"O";0;0;
"Q01";5;"QRY";4;"QRF";;"O";0;1;
"Q01";5;"QRY";7;"DSC";;"O";0;1;
"Q01";6;"DSR";1;"MSH";"";"O";0;0;
"Q01";6;"DSR";2;"SFT";"";"O";1;1;
"Q01";6;"DSR";3;"MSA";"";"O";0;0;
"Q01";6;"DSR";4;"ERR";"";"O";0;1;
"Q01";6;"DSR";5;"QAK";"";"O";0;1;
"Q01";6;"DSR";6;"QRD";"";"O";0;0;
"Q01";6;"DSR";7;"QRF";"";"O";0;1;
"Q01";6;"DSR";8;"DSP";"";"O";1;0;
"Q01";6;"DSR";9;"DSC";"";"O";0;1;
"Q01";6;"QRY";1;"MSH";"";"O";0;0;
"Q01";6;"QRY";2;"SFT";"";"O";1;1;
"Q01";6;"QRY";3;"QRD";"";"O";0;0;
"Q01";6;"QRY";4;"QRF";"";"O";0;1;
"Q01";6;"QRY";5;"DSC";"";"O";0;1;
"Q01";7;"DSR";1;"MSH";"";"O";0;0;
"Q01";7;"DSR";2;"SFT";"";"O";1;1;
"Q01";7;"DSR";3;"UAC";"";"O";0;1;
"Q01";7;"DSR";4;"MSA";"";"O";0;0;
"Q01";7;"DSR";5;"ERR";"";"O";0;1;
"Q01";7;"DSR";6;"QAK";"";"O";0;1;
"Q01";7;"DSR";7;"QRD";"";"O";0;0;
"Q01";7;"DSR";8;"QRF";"";"O";0;1;
"Q01";7;"DSR";9;"DSP";"";"O";1;0;
"Q01";7;"DSR";10;"DSC";"";"O";0;1;
"Q01";7;"QRY";1;"MSH";"";"O";0;0;
"Q01";7;"QRY";2;"SFT";"";"O";1;1;
"Q01";7;"QRY";3;"UAC";"";"O";0;1;
"Q01";7;"QRY";4;"QRD";"";"O";0;0;
"Q01";7;"QRY";5;"QRF";"";"O";0;1;
"Q01";7;"QRY";6;"DSC";"";"O";0;1;
"Q01";61;"DSR";1;"MSH";"";"O";0;0;
"Q01";61;"DSR";2;"SFT";"";"O";1;1;
"Q01";61;"DSR";3;"MSA";"";"O";0;0;
"Q01";61;"DSR";4;"ERR";"";"O";0;1;
"Q01";61;"DSR";5;"QAK";"";"O";0;1;
"Q01";61;"DSR";6;"QRD";"";"O";0;0;
"Q01";61;"DSR";7;"QRF";"";"O";0;1;
"Q01";61;"DSR";8;"DSP";"";"O";1;0;
"Q01";61;"DSR";9;"DSC";"";"O";0;1;
"Q01";61;"QRY";1;"MSH";"";"O";0;0;
"Q01";61;"QRY";2;"SFT";"";"O";1;1;
"Q01";61;"QRY";3;"QRD";"";"O";0;0;
"Q01";61;"QRY";4;"QRF";"";"O";0;1;
"Q01";61;"QRY";5;"DSC";"";"O";0;1;
"Q02";1;"MCF";1;"MSH";;"O";0;0;
"Q02";1;"MCF";2;"MSA";;"O";0;0;
"Q02";1;"QRY";1;"MSH";;"O";0;0;
"Q02";1;"QRY";2;"QRD";;"O";0;0;
"Q02";1;"QRY";4;"QRF";;"O";0;1;
"Q02";1;"QRY";6;"DSC";;"O";0;0;
"Q02";2;"ACK";1;"MSH";;"O";0;0;
"Q02";2;"ACK";2;"MSA";;"O";0;0;
"Q02";2;"ACK";4;"ERR";;"O";0;1;
"Q02";2;"QRY";1;"MSH";;"O";0;0;
"Q02";2;"QRY";2;"QRD";;"O";0;0;
"Q02";2;"QRY";4;"QRF";;"O";0;1;
"Q02";2;"QRY";7;"DSC";;"O";0;1;
"Q02";3;"ACK";1;"MSH";;"O";0;0;
"Q02";3;"ACK";2;"MSA";;"O";0;0;
"Q02";3;"ACK";4;"ERR";;"O";0;1;
"Q02";3;"DSR";1;"MSH";;"O";0;0;
"Q02";3;"DSR";2;"MSA";;"O";0;0;
"Q02";3;"DSR";3;"ERR";;"O";0;1;
"Q02";3;"DSR";4;"QAK";;"O";0;1;
"Q02";3;"QCK";1;"MSH";;"O";0;0;
"Q02";3;"QCK";2;"MSA";;"O";0;0;
"Q02";3;"QCK";4;"ERR";;"O";0;1;
"Q02";3;"QCK";7;"QAK";;"O";0;1;
"Q02";3;"QRY";1;"MSH";;"O";0;0;
"Q02";3;"QRY";2;"QRD";;"O";0;0;
"Q02";3;"QRY";4;"QRF";;"O";0;1;
"Q02";3;"QRY";7;"DSC";;"O";0;1;
"Q02";4;"QCK";1;"MSH";;"O";0;0;
"Q02";4;"QCK";2;"MSA";;"O";0;0;
"Q02";4;"QCK";4;"ERR";;"O";0;1;
"Q02";4;"QCK";7;"QAK";;"O";0;1;
"Q02";4;"QRY";1;"MSH";;"O";0;0;
"Q02";4;"QRY";2;"QRD";;"O";0;0;
"Q02";4;"QRY";4;"QRF";;"O";0;1;
"Q02";4;"QRY";7;"DSC";;"O";0;1;
"Q02";5;"QCK";1;"MSH";;"O";0;0;
"Q02";5;"QCK";2;"MSA";;"O";0;0;
"Q02";5;"QCK";4;"ERR";;"O";0;1;
"Q02";5;"QCK";7;"QAK";;"O";0;1;
"Q02";5;"QRY";1;"MSH";;"O";0;0;
"Q02";5;"QRY";2;"QRD";;"O";0;0;
"Q02";5;"QRY";4;"QRF";;"O";0;1;
"Q02";5;"QRY";7;"DSC";;"O";0;1;
"Q02";6;"QCK";1;"MSH";"";"O";0;0;
"Q02";6;"QCK";2;"SFT";"";"O";1;1;
"Q02";6;"QCK";3;"MSA";"";"O";0;0;
"Q02";6;"QCK";4;"ERR";"";"O";0;1;
"Q02";6;"QCK";5;"QAK";"";"O";0;1;
"Q02";6;"QRY";1;"MSH";"";"O";0;0;
"Q02";6;"QRY";2;"SFT";"";"O";1;1;
"Q02";6;"QRY";3;"QRD";"";"O";0;0;
"Q02";6;"QRY";4;"QRF";"";"O";0;1;
"Q02";6;"QRY";5;"DSC";"";"O";0;1;
"Q02";7;"QCK";1;"MSH";"";"O";0;0;
"Q02";7;"QCK";2;"SFT";"";"O";1;1;
"Q02";7;"QCK";3;"UAC";"";"O";0;1;
"Q02";7;"QCK";4;"MSA";"";"O";0;0;
"Q02";7;"QCK";5;"ERR";"";"O";0;1;
"Q02";7;"QCK";6;"QAK";"";"O";0;1;
"Q02";7;"QRY";1;"MSH";"";"O";0;0;
"Q02";7;"QRY";2;"SFT";"";"O";1;1;
"Q02";7;"QRY";3;"UAC";"";"O";0;1;
"Q02";7;"QRY";4;"QRD";"";"O";0;0;
"Q02";7;"QRY";5;"QRF";"";"O";0;1;
"Q02";7;"QRY";6;"DSC";"";"O";0;1;
"Q02";61;"QCK";1;"MSH";"";"O";0;0;
"Q02";61;"QCK";2;"SFT";"";"O";1;1;
"Q02";61;"QCK";3;"MSA";"";"O";0;0;
"Q02";61;"QCK";4;"ERR";"";"O";0;1;
"Q02";61;"QCK";5;"QAK";"";"O";0;1;
"Q02";61;"QRY";1;"MSH";"";"O";0;0;
"Q02";61;"QRY";2;"SFT";"";"O";1;1;
"Q02";61;"QRY";3;"QRD";"";"O";0;0;
"Q02";61;"QRY";4;"QRF";"";"O";0;1;
"Q02";61;"QRY";5;"DSC";"";"O";0;1;
"Q03";1;"ACK";1;"MSH";;"O";0;0;
"Q03";1;"ACK";2;"MSA";;"O";0;0;
"Q03";1;"DSR";1;"MSH";;"O";0;0;
"Q03";1;"DSR";2;"QRD";;"O";0;0;
"Q03";1;"DSR";4;"QRF";;"O";0;1;
"Q03";1;"DSR";7;"DSP";;"O";1;0;
"Q03";1;"DSR";9;"DSC";;"O";0;0;
"Q03";2;"ACK";1;"MSH";;"O";0;0;
"Q03";2;"ACK";2;"MSA";;"O";0;0;
"Q03";2;"ACK";4;"ERR";;"O";0;1;
"Q03";2;"DSR";1;"MSH";;"O";0;0;
"Q03";2;"DSR";3;"MSA";;"O";0;1;
"Q03";2;"DSR";5;"QRD";;"O";0;0;
"Q03";2;"DSR";7;"QRF";;"O";0;1;
"Q03";2;"DSR";10;"DSP";;"O";1;0;
"Q03";2;"DSR";12;"DSC";;"O";0;1;
"Q03";3;"ACK";1;"MSH";;"O";0;0;
"Q03";3;"ACK";2;"MSA";;"O";0;0;
"Q03";3;"ACK";4;"ERR";;"O";0;1;
"Q03";3;"DSR";1;"MSH";;"O";0;0;
"Q03";3;"DSR";3;"MSA";;"O";0;1;
"Q03";3;"DSR";4;"ERR";;"O";0;1;
"Q03";3;"DSR";5;"QAK";;"O";0;1;
"Q03";3;"DSR";6;"QRD";;"O";0;0;
"Q03";3;"DSR";7;"QRF";;"O";0;1;
"Q03";3;"DSR";10;"DSP";;"O";1;0;
"Q03";3;"DSR";13;"DSC";;"O";0;1;
"Q03";4;"ACK";1;"MSH";;"O";0;0;
"Q03";4;"ACK";2;"MSA";;"O";0;0;
"Q03";4;"ACK";4;"ERR";;"O";0;1;
"Q03";4;"DSR";1;"MSH";;"O";0;0;
"Q03";4;"DSR";3;"MSA";;"O";0;1;
"Q03";4;"DSR";6;"ERR";;"O";0;1;
"Q03";4;"DSR";9;"QAK";;"O";0;1;
"Q03";4;"DSR";11;"QRD";;"O";0;0;
"Q03";4;"DSR";13;"QRF";;"O";0;1;
"Q03";4;"DSR";16;"DSP";;"O";1;0;
"Q03";4;"DSR";19;"DSC";;"O";0;1;
"Q03";5;"ACK";1;"MSH";;"O";0;0;
"Q03";5;"ACK";2;"MSA";;"O";0;0;
"Q03";5;"ACK";4;"ERR";;"O";0;1;
"Q03";5;"DSR";1;"MSH";;"O";0;0;
"Q03";5;"DSR";3;"MSA";;"O";0;1;
"Q03";5;"DSR";6;"ERR";;"O";0;1;
"Q03";5;"DSR";9;"QAK";;"O";0;1;
"Q03";5;"DSR";11;"QRD";;"O";0;0;
"Q03";5;"DSR";13;"QRF";;"O";0;1;
"Q03";5;"DSR";16;"DSP";;"O";1;0;
"Q03";5;"DSR";19;"DSC";;"O";0;1;
"Q03";6;"DSR";1;"MSH";"";"O";0;0;
"Q03";6;"DSR";2;"SFT";"";"O";1;1;
"Q03";6;"DSR";3;"MSA";"";"O";0;1;
"Q03";6;"DSR";4;"ERR";"";"O";0;1;
"Q03";6;"DSR";5;"QAK";"";"O";0;1;
"Q03";6;"DSR";6;"QRD";"";"O";0;0;
"Q03";6;"DSR";7;"QRF";"";"O";0;1;
"Q03";6;"DSR";8;"DSP";"";"O";1;0;
"Q03";6;"DSR";9;"DSC";"";"O";0;1;
"Q03";7;"DSR";1;"MSH";"";"O";0;0;
"Q03";7;"DSR";2;"SFT";"";"O";1;1;
"Q03";7;"DSR";3;"UAC";"";"O";0;1;
"Q03";7;"DSR";4;"MSA";"";"O";0;1;
"Q03";7;"DSR";5;"ERR";"";"O";0;1;
"Q03";7;"DSR";6;"QAK";"";"O";0;1;
"Q03";7;"DSR";7;"QRD";"";"O";0;0;
"Q03";7;"DSR";8;"QRF";"";"O";0;1;
"Q03";7;"DSR";9;"DSP";"";"O";1;0;
"Q03";7;"DSR";10;"DSC";"";"O";0;1;
"Q03";61;"DSR";1;"MSH";"";"O";0;0;
"Q03";61;"DSR";2;"SFT";"";"O";1;1;
"Q03";61;"DSR";3;"MSA";"";"O";0;1;
"Q03";61;"DSR";4;"ERR";"";"O";0;1;
"Q03";61;"DSR";5;"QAK";"";"O";0;1;
"Q03";61;"DSR";6;"QRD";"";"O";0;0;
"Q03";61;"DSR";7;"QRF";"";"O";0;1;
"Q03";61;"DSR";8;"DSP";"";"O";1;0;
"Q03";61;"DSR";9;"DSC";"";"O";0;1;
"Q04";4;"EQQ";1;"MSH";;"O";0;0;
"Q04";4;"EQQ";2;"EQL";;"O";0;0;
"Q04";4;"EQQ";4;"DSC";;"O";0;1;
"Q04";5;"EQQ";1;"MSH";;"O";0;0;
"Q04";5;"EQQ";2;"EQL";;"O";0;0;
"Q04";5;"EQQ";4;"DSC";;"O";0;1;
"Q04";6;"EQQ";1;"MSH";"";"O";0;0;
"Q04";6;"EQQ";2;"SFT";"";"O";1;1;
"Q04";6;"EQQ";3;"EQL";"";"O";0;0;
"Q04";6;"EQQ";4;"DSC";"";"O";0;1;
"Q04";61;"EQQ";1;"MSH";"";"O";0;0;
"Q04";61;"EQQ";2;"SFT";"";"O";1;1;
"Q04";61;"EQQ";3;"EQL";"";"O";0;0;
"Q04";61;"EQQ";4;"DSC";"";"O";0;1;
"Q05";1;"ACK";1;"MSH";;"O";0;0;
"Q05";1;"ACK";2;"MSA";;"O";0;0;
"Q05";1;"UDM";1;"MSH";;"O";0;0;
"Q05";1;"UDM";2;"URD";;"O";0;0;
"Q05";1;"UDM";4;"URS";;"O";0;1;
"Q05";1;"UDM";7;"DSP";;"O";1;0;
"Q05";1;"UDM";9;"DSC";;"O";0;0;
"Q05";2;"ACK";1;"MSH";;"O";0;0;
"Q05";2;"ACK";2;"MSA";;"O";0;0;
"Q05";2;"UDM";1;"MSH";;"O";0;0;
"Q05";2;"UDM";2;"URD";;"O";0;0;
"Q05";2;"UDM";4;"URS";;"O";0;1;
"Q05";2;"UDM";7;"DSP";;"O";1;0;
"Q05";2;"UDM";9;"DSC";;"O";0;0;
"Q05";3;"ACK";1;"MSH";;"O";0;0;
"Q05";3;"ACK";2;"MSA";;"O";0;0;
"Q05";3;"ACK";4;"ERR";;"O";0;1;
"Q05";3;"UDM";1;"MSH";;"O";0;0;
"Q05";3;"UDM";2;"URD";;"O";0;0;
"Q05";3;"UDM";4;"URS";;"O";0;1;
"Q05";3;"UDM";7;"DSP";;"O";1;0;
"Q05";3;"UDM";10;"DSC";;"O";0;1;
"Q05";4;"ACK";1;"MSH";;"O";0;0;
"Q05";4;"ACK";2;"MSA";;"O";0;0;
"Q05";4;"ACK";4;"ERR";;"O";0;1;
"Q05";4;"UDM";1;"MSH";;"O";0;0;
"Q05";4;"UDM";2;"URD";;"O";0;0;
"Q05";4;"UDM";4;"URS";;"O";0;1;
"Q05";4;"UDM";7;"DSP";;"O";1;0;
"Q05";4;"UDM";10;"DSC";;"O";0;1;
"Q05";5;"ACK";1;"MSH";;"O";0;0;
"Q05";5;"ACK";2;"MSA";;"O";0;0;
"Q05";5;"ACK";4;"ERR";;"O";0;1;
"Q05";5;"UDM";1;"MSH";;"O";0;0;
"Q05";5;"UDM";2;"URD";;"O";0;0;
"Q05";5;"UDM";4;"URS";;"O";0;1;
"Q05";5;"UDM";7;"DSP";;"O";1;0;
"Q05";5;"UDM";10;"DSC";;"O";0;1;
"Q05";6;"UDM";1;"MSH";"";"O";0;0;
"Q05";6;"UDM";2;"SFT";"";"O";1;1;
"Q05";6;"UDM";3;"URD";"";"O";0;0;
"Q05";6;"UDM";4;"URS";"";"O";0;1;
"Q05";6;"UDM";5;"DSP";"";"O";1;0;
"Q05";6;"UDM";6;"DSC";"";"O";0;1;
"Q05";7;"UDM";1;"MSH";"";"O";0;0;
"Q05";7;"UDM";2;"SFT";"";"O";1;1;
"Q05";7;"UDM";3;"UAC";"";"O";0;1;
"Q05";7;"UDM";4;"URD";"";"O";0;0;
"Q05";7;"UDM";5;"URS";"";"O";0;1;
"Q05";7;"UDM";6;"DSP";"";"O";1;0;
"Q05";7;"UDM";7;"DSC";"";"O";0;1;
"Q05";61;"UDM";1;"MSH";"";"O";0;0;
"Q05";61;"UDM";2;"SFT";"";"O";1;1;
"Q05";61;"UDM";3;"URD";"";"O";0;0;
"Q05";61;"UDM";4;"URS";"";"O";0;1;
"Q05";61;"UDM";5;"DSP";"";"O";1;0;
"Q05";61;"UDM";6;"DSC";"";"O";0;1;
"Q06";3;"OSQ";1;"MSH";;"O";0;0;
"Q06";3;"OSQ";2;"QRD";;"O";0;0;
"Q06";3;"OSQ";4;"QRF";;"O";0;1;
"Q06";3;"OSQ";7;"DSC";;"O";0;1;
"Q06";3;"OSR";1;"MSH";;"O";0;0;
"Q06";3;"OSR";2;"MSA";;"O";0;0;
"Q06";3;"OSR";4;"ERR";;"O";0;1;
"Q06";3;"OSR";8;"NTE";;"O";1;1;
"Q06";3;"OSR";11;"QRD";;"O";0;0;
"Q06";3;"OSR";13;"QRF";;"O";0;1;
"Q06";3;"OSR";15;"[";"RESPONSE";"O";0;0;
"Q06";3;"OSR";16;"[";"PATIENT";"O";0;0;
"Q06";3;"OSR";17;"PID";;"O";0;0;
"Q06";3;"OSR";20;"NTE";;"O";1;1;
"Q06";3;"OSR";23;"]";;"O";0;0;
"Q06";3;"OSR";24;"{";"ORDER";"O";0;0;
"Q06";3;"OSR";25;"ORC";;"O";0;0;
"Q06";3;"OSR";26;"<";"CHOICE";"O";0;0;
"Q06";3;"OSR";27;"OBR";;"O";0;1;
"Q06";3;"OSR";28;"|";;"O";0;0;
"Q06";3;"OSR";29;"Hxx";;"O";0;0;"not clearly specified"
"Q06";3;"OSR";30;">";"CHOICE";"O";0;0;
"Q06";3;"OSR";31;"NTE";;"O";1;1;
"Q06";3;"OSR";36;"CTI";;"O";1;1;
"Q06";3;"OSR";39;"}";;"O";0;0;
"Q06";3;"OSR";40;"]";;"O";0;0;
"Q06";3;"OSR";42;"DSC";;"O";0;1;
"Q06";4;"OSQ";1;"MSH";;"O";0;0;
"Q06";4;"OSQ";2;"QRD";;"O";0;0;
"Q06";4;"OSQ";4;"QRF";;"O";0;1;
"Q06";4;"OSQ";7;"DSC";;"O";0;1;
"Q06";4;"OSR";1;"MSH";;"O";0;0;
"Q06";4;"OSR";2;"MSA";;"O";0;0;
"Q06";4;"OSR";4;"ERR";;"O";0;1;
"Q06";4;"OSR";8;"NTE";;"O";1;1;
"Q06";4;"OSR";11;"QRD";;"O";0;0;
"Q06";4;"OSR";13;"QRF";;"O";0;1;
"Q06";4;"OSR";15;"[";"RESPONSE";"O";0;0;
"Q06";4;"OSR";16;"[";"PATIENT";"O";0;0;
"Q06";4;"OSR";17;"PID";;"O";0;0;
"Q06";4;"OSR";20;"NTE";;"O";1;1;
"Q06";4;"OSR";23;"]";;"O";0;0;
"Q06";4;"OSR";24;"{";"OBSERVATION";"O";0;0;
"Q06";4;"OSR";25;"ORC";;"O";0;0;
"Q06";4;"OSR";26;"<";"CHOICE";"O";0;0;
"Q06";4;"OSR";27;"OBR";;"O";0;0;
"Q06";4;"OSR";28;"|";;"O";0;0;
"Q06";4;"OSR";29;"RXO";;"O";0;0;
"Q06";4;"OSR";30;"|";;"O";0;0;
"Q06";4;"OSR";31;"RQD";;"O";0;0;
"Q06";4;"OSR";32;"|";;"O";0;0;
"Q06";4;"OSR";33;"RQ1";;"O";0;0;
"Q06";4;"OSR";34;"|";;"O";0;0;
"Q06";4;"OSR";35;"ODS";;"O";0;0;
"Q06";4;"OSR";36;"|";;"O";0;0;
"Q06";4;"OSR";37;"ODT";;"O";0;0;
"Q06";4;"OSR";40;">";;"O";0;0;
"Q06";4;"OSR";41;"NTE";;"O";1;1;
"Q06";4;"OSR";42;"CTI";;"O";1;1;
"Q06";4;"OSR";43;"}";;"O";0;0;
"Q06";4;"OSR";44;"]";;"O";0;0;
"Q06";4;"OSR";45;"DSC";;"O";0;1;
"Q06";5;"OSQ";1;"MSH";;"O";0;0;
"Q06";5;"OSQ";2;"QRD";;"O";0;0;
"Q06";5;"OSQ";4;"QRF";;"O";0;1;
"Q06";5;"OSQ";7;"DSC";;"O";0;1;
"Q06";5;"OSR";1;"MSH";;"O";0;0;
"Q06";5;"OSR";2;"MSA";;"O";0;0;
"Q06";5;"OSR";4;"ERR";;"O";0;1;
"Q06";5;"OSR";8;"NTE";;"O";1;1;
"Q06";5;"OSR";11;"QRD";;"O";0;0;
"Q06";5;"OSR";13;"QRF";;"O";0;1;
"Q06";5;"OSR";15;"[";"RESPONSE";"O";0;0;
"Q06";5;"OSR";16;"[";"PATIENT";"O";0;0;
"Q06";5;"OSR";17;"PID";;"O";0;0;
"Q06";5;"OSR";20;"NTE";;"O";1;1;
"Q06";5;"OSR";23;"]";;"O";0;0;
"Q06";5;"OSR";24;"{";"ORDER";"O";0;0;
"Q06";5;"OSR";25;"ORC";;"O";0;0;
"Q06";5;"OSR";26;"<";"CHOICE";"O";0;0;
"Q06";5;"OSR";27;"OBR";;"O";0;0;
"Q06";5;"OSR";29;"|";;"O";0;0;
"Q06";5;"OSR";30;"RQD";;"O";0;0;
"Q06";5;"OSR";31;"|";;"O";0;0;
"Q06";5;"OSR";32;"RQ1";;"O";0;0;
"Q06";5;"OSR";33;"|";;"O";0;0;
"Q06";5;"OSR";34;"RXO";;"O";0;0;
"Q06";5;"OSR";35;"|";;"O";0;0;
"Q06";5;"OSR";36;"ODS";;"O";0;0;
"Q06";5;"OSR";37;"|";;"O";0;0;
"Q06";5;"OSR";38;"ODT";;"O";0;0;
"Q06";5;"OSR";39;">";;"O";0;0;
"Q06";5;"OSR";40;"NTE";;"O";1;1;
"Q06";5;"OSR";41;"CTI";;"O";1;1;
"Q06";5;"OSR";42;"}";;"O";0;0;
"Q06";5;"OSR";43;"]";;"O";0;0;
"Q06";5;"OSR";45;"DSC";;"O";0;1;
"Q07";4;"VQQ";1;"MSH";;"O";0;0;
"Q07";4;"VQQ";2;"VTQ";;"O";0;0;
"Q07";4;"VQQ";4;"RDF";;"O";0;1;
"Q07";4;"VQQ";7;"DSC";;"O";0;1;
"Q07";5;"VQQ";1;"MSH";;"O";0;0;
"Q07";5;"VQQ";2;"VTQ";;"O";0;0;
"Q07";5;"VQQ";4;"RDF";;"O";0;1;
"Q07";5;"VQQ";7;"DSC";;"O";0;1;
"Q07";6;"VQQ";1;"MSH";"";"O";0;0;
"Q07";6;"VQQ";2;"SFT";"";"O";1;1;
"Q07";6;"VQQ";3;"VTQ";"";"O";0;0;
"Q07";6;"VQQ";4;"RDF";"";"O";0;1;
"Q07";6;"VQQ";5;"DSC";"";"O";0;1;
"Q07";61;"VQQ";1;"MSH";"";"O";0;0;
"Q07";61;"VQQ";2;"SFT";"";"O";1;1;
"Q07";61;"VQQ";3;"VTQ";"";"O";0;0;
"Q07";61;"VQQ";4;"RDF";"";"O";0;1;
"Q07";61;"VQQ";5;"DSC";"";"O";0;1;
"Q08";4;"SPQ";1;"MSH";;"O";0;0;
"Q08";4;"SPQ";2;"SPR";;"O";0;0;
"Q08";4;"SPQ";4;"RDF";;"O";0;1;
"Q08";4;"SPQ";7;"DSC";;"O";0;1;
"Q08";5;"SPQ";1;"MSH";;"O";0;0;
"Q08";5;"SPQ";2;"SPR";;"O";0;0;
"Q08";5;"SPQ";4;"RDF";;"O";0;1;
"Q08";5;"SPQ";7;"DSC";;"O";0;1;
"Q08";6;"SPQ";1;"MSH";"";"O";0;0;
"Q08";6;"SPQ";2;"SFT";"";"O";1;1;
"Q08";6;"SPQ";3;"SPR";"";"O";0;0;
"Q08";6;"SPQ";4;"RDF";"";"O";0;1;
"Q08";6;"SPQ";5;"DSC";"";"O";0;1;
"Q08";61;"SPQ";1;"MSH";"";"O";0;0;
"Q08";61;"SPQ";2;"SFT";"";"O";1;1;
"Q08";61;"SPQ";3;"SPR";"";"O";0;0;
"Q08";61;"SPQ";4;"RDF";"";"O";0;1;
"Q08";61;"SPQ";5;"DSC";"";"O";0;1;
"Q09";4;"RQQ";1;"MSH";;"O";0;0;
"Q09";4;"RQQ";2;"ERQ";;"O";0;0;
"Q09";4;"RQQ";4;"DSC";;"O";0;1;
"Q09";5;"RQQ";1;"MSH";;"O";0;0;
"Q09";5;"RQQ";2;"ERQ";;"O";0;0;
"Q09";5;"RQQ";4;"DSC";;"O";0;1;
"Q09";6;"RQQ";1;"MSH";"";"O";0;0;
"Q09";6;"RQQ";2;"SFT";"";"O";1;1;
"Q09";6;"RQQ";3;"ERQ";"";"O";0;0;
"Q09";6;"RQQ";4;"DSC";"";"O";0;1;
"Q09";61;"RQQ";1;"MSH";"";"O";0;0;
"Q09";61;"RQQ";2;"SFT";"";"O";1;1;
"Q09";61;"RQQ";3;"ERQ";"";"O";0;0;
"Q09";61;"RQQ";4;"DSC";"";"O";0;1;
"Q16";5;"ACK";1;"MSH";;"O";0;0;
"Q16";5;"ACK";2;"MSA";;"O";0;0;
"Q16";5;"ACK";4;"ERR";;"O";0;1;
"Q17";5;"ACK";1;"MSH";;"O";0;0;
"Q17";5;"ACK";2;"MSA";;"O";0;0;
"Q17";5;"ACK";4;"ERR";;"O";0;1;
"R01";1;"ACK";1;"MSH";;"O";0;0;
"R01";1;"ACK";2;"MSA";;"O";0;0;
"R01";1;"ORU";1;"MSH";;"O";0;0;
"R01";1;"ORU";2;"{";"PATIENT_RESULT";"O";0;0;
"R01";1;"ORU";3;"[";"PATIENT";"O";0;0;
"R01";1;"ORU";4;"PID";;"O";0;0;
"R01";1;"ORU";7;"NTE";;"O";1;1;
"R01";1;"ORU";11;"PV1";;"O";0;1;
"R01";1;"ORU";13;"]";;"O";0;0;
"R01";1;"ORU";14;"{";"ORDER_OBSERVATION";"O";0;0;
"R01";1;"ORU";16;"ORC";;"O";0;1;
"R01";1;"ORU";18;"OBR";;"O";0;0;
"R01";1;"ORU";21;"NTE";;"O";1;1;
"R01";1;"ORU";24;"{";"OBSERVATION";"O";0;0;
"R01";1;"ORU";26;"OBX";;"O";0;1;
"R01";1;"ORU";30;"NTE";;"O";1;1;
"R01";1;"ORU";33;"}";;"O";0;0;
"R01";1;"ORU";34;"}";;"O";0;0;
"R01";1;"ORU";35;"}";;"O";0;0;
"R01";1;"ORU";37;"DSC";;"O";0;1;
"R01";2;"ACK";1;"MSH";;"O";0;0;
"R01";2;"ACK";2;"MSA";;"O";0;0;
"R01";2;"ORU";1;"MSH";;"O";0;0;
"R01";2;"ORU";2;"{";"PATIENT_RESULT";"O";0;0;
"R01";2;"ORU";3;"[";"PATIENT";"O";0;0;
"R01";2;"ORU";4;"PID";;"O";0;0;
"R01";2;"ORU";7;"NTE";;"O";1;1;
"R01";2;"ORU";11;"PV1";;"O";0;1;
"R01";2;"ORU";13;"]";;"O";0;0;
"R01";2;"ORU";14;"{";"ORDER_OBSERVATION";"O";0;0;
"R01";2;"ORU";16;"ORC";;"O";0;1;
"R01";2;"ORU";18;"OBR";;"O";0;0;
"R01";2;"ORU";21;"NTE";;"O";1;1;
"R01";2;"ORU";24;"{";"OBSERVATION";"O";0;0;
"R01";2;"ORU";26;"OBX";;"O";0;1;
"R01";2;"ORU";30;"NTE";;"O";1;1;
"R01";2;"ORU";33;"}";;"O";0;0;
"R01";2;"ORU";34;"}";;"O";0;0;
"R01";2;"ORU";35;"}";;"O";0;0;
"R01";2;"ORU";37;"DSC";;"O";0;1;
"R01";3;"ACK";1;"MSH";;"O";0;0;
"R01";3;"ACK";2;"MSA";;"O";0;0;
"R01";3;"ORU";1;"MSH";;"O";0;0;
"R01";3;"ORU";2;"{";"RESPONSE";"O";0;0;
"R01";3;"ORU";3;"[";"PATIENT";"O";0;0;
"R01";3;"ORU";4;"PID";;"O";0;0;
"R01";3;"ORU";6;"PD1";;"O";0;1;
"R01";3;"ORU";10;"NTE";;"O";1;1;
"R01";3;"ORU";13;"[";"VISIT";"O";0;0;
"R01";3;"ORU";14;"PV1";;"O";0;0;
"R01";3;"ORU";16;"PV2";;"O";0;1;
"R01";3;"ORU";18;"]";"VISIT";"O";0;0;
"R01";3;"ORU";19;"]";"PATIENT";"O";0;0;
"R01";3;"ORU";20;"{";"ORDER_OBSERVATION";"O";0;0;
"R01";3;"ORU";22;"ORC";;"O";0;1;
"R01";3;"ORU";24;"OBR";;"O";0;0;
"R01";3;"ORU";27;"NTE";;"O";1;1;
"R01";3;"ORU";30;"{";"OBSERVATION";"O";0;0;
"R01";3;"ORU";32;"OBX";;"O";0;1;
"R01";3;"ORU";36;"NTE";;"O";1;1;
"R01";3;"ORU";39;"}";"OBSERVATION";"O";0;0;
"R01";3;"ORU";42;"CTI";;"O";1;1;
"R01";3;"ORU";45;"}";"ORDER_OBSERVATION";"O";0;0;
"R01";3;"ORU";46;"}";"RESPONSE";"O";0;0;
"R01";3;"ORU";48;"DSC";;"O";0;1;
"R01";4;"ACK";1;"MSH";;"O";0;0;
"R01";4;"ACK";2;"MSA";;"O";0;0;
"R01";4;"ORU";1;"MSH";;"O";0;0;
"R01";4;"ORU";2;"{";"PATIENT_RESULT";"O";0;0;
"R01";4;"ORU";3;"[";"PATIENT";"O";0;0;
"R01";4;"ORU";4;"PID";;"O";0;0;
"R01";4;"ORU";6;"PD1";;"O";0;1;
"R01";4;"ORU";10;"NK1";;"O";1;1;
"R01";4;"ORU";15;"NTE";;"O";1;1;
"R01";4;"ORU";18;"[";"VISIT";"O";0;0;
"R01";4;"ORU";19;"PV1";;"O";0;0;
"R01";4;"ORU";21;"PV2";;"O";0;1;
"R01";4;"ORU";23;"]";"VISIT";"O";0;0;
"R01";4;"ORU";24;"]";"PATIENT";"O";0;0;
"R01";4;"ORU";25;"{";"ORDER_OBSERVATION";"O";0;0;
"R01";4;"ORU";27;"ORC";;"O";0;1;
"R01";4;"ORU";29;"OBR";;"O";0;0;
"R01";4;"ORU";32;"NTE";;"O";1;1;
"R01";4;"ORU";35;"{";"OBSERVATION";"O";0;0;
"R01";4;"ORU";37;"OBX";;"O";0;1;
"R01";4;"ORU";41;"NTE";;"O";1;1;
"R01";4;"ORU";44;"}";"OBSERVATION";"O";0;0;
"R01";4;"ORU";47;"CTI";;"O";1;1;
"R01";4;"ORU";50;"}";"ORDER_OBSERVATION";"O";0;0;
"R01";4;"ORU";51;"}";"PATIENT_RESULT";"O";0;0;
"R01";4;"ORU";53;"DSC";;"O";0;1;
"R01";5;"ACK";1;"MSH";;"O";0;0;
"R01";5;"ACK";2;"MSA";;"O";0;0;
"R01";5;"ORU";1;"MSH";;"O";0;0;
"R01";5;"ORU";2;"{";"PATIENT_RESULT";"O";0;0;
"R01";5;"ORU";3;"[";"PATIENT";"O";0;0;
"R01";5;"ORU";4;"PID";;"O";0;0;
"R01";5;"ORU";6;"PD1";;"O";0;1;
"R01";5;"ORU";10;"NK1";;"O";1;1;
"R01";5;"ORU";15;"NTE";;"O";1;1;
"R01";5;"ORU";18;"[";"VISIT";"O";0;0;
"R01";5;"ORU";19;"PV1";;"O";0;0;
"R01";5;"ORU";21;"PV2";;"O";0;1;
"R01";5;"ORU";23;"]";;"O";0;0;
"R01";5;"ORU";24;"]";;"O";0;0;
"R01";5;"ORU";25;"{";"ORDER_OBSERVATION";"O";0;0;
"R01";5;"ORU";27;"ORC";;"O";0;1;
"R01";5;"ORU";29;"OBR";;"O";0;0;
"R01";5;"ORU";32;"NTE";;"O";1;1;
"R01";5;"ORU";36;"CTD";;"O";0;1;
"R01";5;"ORU";38;"{";"OBSERVATION";"O";0;0;
"R01";5;"ORU";40;"OBX";;"O";0;1;
"R01";5;"ORU";44;"NTE";;"O";1;1;
"R01";5;"ORU";47;"}";;"O";0;0;
"R01";5;"ORU";50;"FT1";;"O";1;1;
"R01";5;"ORU";55;"CTI";;"O";1;1;
"R01";5;"ORU";58;"}";;"O";0;0;
"R01";5;"ORU";59;"}";;"O";0;0;
"R01";5;"ORU";61;"DSC";;"O";0;1;
"R02";2;"ACK";1;"MSH";;"O";0;0;
"R02";2;"ACK";2;"MSA";;"O";0;0;
"R02";2;"QRY";1;"MSH";;"O";0;0;
"R02";2;"QRY";2;"QRD";;"O";0;0;
"R02";2;"QRY";3;"QRF";;"O";0;0;
"R02";2;"QRY";5;"DSC";;"O";0;1;
"R02";3;"ORF";1;"MSH";;"O";0;0;
"R02";3;"ORF";2;"MSA";;"O";0;0;
"R02";3;"ORF";3;"QRD";;"O";0;0;
"R02";3;"ORF";5;"QRF";;"O";0;1;
"R02";3;"ORF";7;"{";"QUERY_RESPONSE";"O";0;0;
"R02";3;"ORF";8;"[";"PATIENT";"O";0;0;
"R02";3;"ORF";9;"PID";;"O";0;0;
"R02";3;"ORF";12;"NTE";;"O";1;1;
"R02";3;"ORF";15;"]";;"O";0;0;
"R02";3;"ORF";16;"{";"ORDER";"O";0;0;
"R02";3;"ORF";18;"ORC";;"O";0;1;
"R02";3;"ORF";20;"OBR";;"O";0;0;
"R02";3;"ORF";23;"NTE";;"O";1;1;
"R02";3;"ORF";26;"{";"OBSERVATION";"O";0;0;
"R02";3;"ORF";28;"OBX";;"O";0;1;
"R02";3;"ORF";32;"NTE";;"O";1;1;
"R02";3;"ORF";35;"}";;"O";0;0;
"R02";3;"ORF";38;"CTI";;"O";1;1;
"R02";3;"ORF";41;"}";;"O";0;0;
"R02";3;"ORF";42;"}";;"O";0;0;
"R02";3;"ORF";44;"DSC";;"O";0;1;
"R02";3;"QRY";1;"MSH";;"O";0;0;
"R02";3;"QRY";2;"QRD";;"O";0;0;
"R02";3;"QRY";3;"QRF";;"O";0;0;
"R02";4;"QRY";1;"MSH";;"O";0;0;
"R02";4;"QRY";2;"QRD";;"O";0;0;
"R02";4;"QRY";3;"QRF";;"O";0;0;
"R03";1;"ACK";1;"MSH";;"O";0;0;
"R03";1;"ACK";2;"MSA";;"O";0;0;
"R03";1;"ORU";1;"MSH";;"O";0;0;
"R03";1;"ORU";2;"{";"PATIENT_RESULT";"O";0;0;
"R03";1;"ORU";3;"[";"PATIENT";"O";0;0;
"R03";1;"ORU";4;"PID";;"O";0;0;
"R03";1;"ORU";7;"NTE";;"O";1;1;
"R03";1;"ORU";11;"PV1";;"O";0;1;
"R03";1;"ORU";13;"]";;"O";0;0;
"R03";1;"ORU";14;"{";"ORDER_OBSERVATION";"O";0;0;
"R03";1;"ORU";16;"ORC";;"O";0;1;
"R03";1;"ORU";18;"OBR";;"O";0;0;
"R03";1;"ORU";21;"NTE";;"O";1;1;
"R03";1;"ORU";24;"{";"OBSERVATION";"O";0;0;
"R03";1;"ORU";26;"OBX";;"O";0;1;
"R03";1;"ORU";30;"NTE";;"O";1;1;
"R03";1;"ORU";33;"}";;"O";0;0;
"R03";1;"ORU";34;"}";;"O";0;0;
"R03";1;"ORU";35;"}";;"O";0;0;
"R03";1;"ORU";37;"DSC";;"O";0;1;
"R03";2;"ACK";1;"MSH";;"O";0;0;
"R03";2;"ACK";2;"MSA";;"O";0;0;
"R03";2;"DSR";1;"MSH";;"O";0;0;
"R03";2;"DSR";3;"MSA";;"O";0;1;
"R03";2;"DSR";5;"QRD";;"O";0;0;
"R03";2;"DSR";7;"QRF";;"O";0;1;
"R03";2;"DSR";10;"DSP";;"O";1;0;
"R03";2;"DSR";13;"DSC";;"O";0;1;
"R03";2;"ORU";1;"MSH";;"O";0;0;
"R03";2;"ORU";2;"{";"PATIENT_RESULT";"O";0;0;
"R03";2;"ORU";3;"[";"PATIENT";"O";0;0;
"R03";2;"ORU";4;"PID";;"O";0;0;
"R03";2;"ORU";7;"NTE";;"O";1;1;
"R03";2;"ORU";11;"PV1";;"O";0;1;
"R03";2;"ORU";13;"]";;"O";0;0;
"R03";2;"ORU";14;"{";"ORDER_OBSERVATION";"O";0;0;
"R03";2;"ORU";16;"ORC";;"O";0;1;
"R03";2;"ORU";18;"OBR";;"O";0;0;
"R03";2;"ORU";21;"NTE";;"O";1;1;
"R03";2;"ORU";24;"{";"OBSERVATION";"O";0;0;
"R03";2;"ORU";26;"OBX";;"O";0;1;
"R03";2;"ORU";30;"NTE";;"O";1;1;
"R03";2;"ORU";33;"}";;"O";0;0;
"R03";2;"ORU";34;"}";;"O";0;0;
"R03";2;"ORU";35;"}";;"O";0;0;
"R03";2;"ORU";37;"DSC";;"O";0;1;
"R04";2;"ACK";1;"MSH";;"O";0;0;
"R04";2;"ACK";2;"MSA";;"O";0;0;
"R04";2;"ACK";4;"ERR";;"O";0;1;
"R04";2;"ORF";1;"MSH";;"O";0;0;
"R04";2;"ORF";2;"MSA";;"O";0;0;
"R04";2;"ORF";3;"{";"QUERY_RESPONSE";"O";0;0;
"R04";2;"ORF";4;"QRD";;"O";0;0;
"R04";2;"ORF";6;"QRF";;"O";0;1;
"R04";2;"ORF";9;"PID";;"O";0;1;
"R04";2;"ORF";13;"NTE";;"O";1;1;
"R04";2;"ORF";16;"}";;"O";0;0;
"R04";2;"ORF";17;"{";"ORDER";"O";0;0;
"R04";2;"ORF";19;"ORC";;"O";0;1;
"R04";2;"ORF";21;"OBR";;"O";0;0;
"R04";2;"ORF";24;"NTE";;"O";1;1;
"R04";2;"ORF";27;"{";"OBSERVATION";"O";0;0;
"R04";2;"ORF";29;"OBX";;"O";0;1;
"R04";2;"ORF";33;"NTE";;"O";1;1;
"R04";2;"ORF";36;"}";;"O";0;0;
"R04";2;"ORF";37;"}";;"O";0;0;
"R04";2;"ORF";39;"DSC";;"O";0;1;
"R04";3;"ORF";1;"MSH";;"O";0;0;
"R04";3;"ORF";2;"MSA";;"O";0;0;
"R04";3;"ORF";3;"QRD";;"O";0;0;
"R04";3;"ORF";5;"QRF";;"O";0;1;
"R04";3;"ORF";7;"{";"QUERY_RESPONSE";"O";0;0;
"R04";3;"ORF";8;"[";"PATIENT";"O";0;0;
"R04";3;"ORF";9;"PID";;"O";0;0;
"R04";3;"ORF";12;"NTE";;"O";1;1;
"R04";3;"ORF";15;"]";;"O";0;0;
"R04";3;"ORF";16;"{";"ORDER";"O";0;0;
"R04";3;"ORF";18;"ORC";;"O";0;1;
"R04";3;"ORF";20;"OBR";;"O";0;0;
"R04";3;"ORF";23;"NTE";;"O";1;1;
"R04";3;"ORF";26;"{";"OBSERVATION";"O";0;0;
"R04";3;"ORF";28;"OBX";;"O";0;1;
"R04";3;"ORF";32;"NTE";;"O";1;1;
"R04";3;"ORF";35;"}";;"O";0;0;
"R04";3;"ORF";38;"CTI";;"O";1;1;
"R04";3;"ORF";41;"}";;"O";0;0;
"R04";3;"ORF";42;"}";;"O";0;0;
"R04";3;"ORF";44;"DSC";;"O";0;1;
"R04";4;"ORF";1;"MSH";;"O";0;0;
"R04";4;"ORF";2;"MSA";;"O";0;0;
"R04";4;"ORF";3;"QRD";;"O";0;0;
"R04";4;"ORF";5;"QRF";;"O";0;1;
"R04";4;"ORF";7;"{";"QUERY_RESPONSE";"O";0;0;
"R04";4;"ORF";8;"[";"PATIENT";"O";0;0;
"R04";4;"ORF";9;"PID";;"O";0;0;
"R04";4;"ORF";12;"NTE";;"O";1;1;
"R04";4;"ORF";15;"]";;"O";0;0;
"R04";4;"ORF";16;"{";"ORDER";"O";0;0;
"R04";4;"ORF";18;"ORC";;"O";0;1;
"R04";4;"ORF";20;"OBR";;"O";0;0;
"R04";4;"ORF";23;"NTE";;"O";1;1;
"R04";4;"ORF";26;"{";"OBSERVATION";"O";0;0;
"R04";4;"ORF";28;"OBX";;"O";0;1;
"R04";4;"ORF";32;"NTE";;"O";1;1;
"R04";4;"ORF";35;"}";;"O";0;0;
"R04";4;"ORF";38;"CTI";;"O";1;1;
"R04";4;"ORF";41;"}";;"O";0;0;
"R04";4;"ORF";42;"}";;"O";0;0;
"R04";4;"ORF";44;"ERR";;"O";0;1;
"R04";4;"ORF";47;"QAK";;"O";0;1;
"R04";4;"ORF";50;"DSC";;"O";0;1;
"R07";4;"EDR";1;"MSH";;"O";0;0;
"R07";4;"EDR";2;"MSA";;"O";0;0;
"R07";4;"EDR";4;"ERR";;"O";0;1;
"R07";4;"EDR";6;"QAK";;"O";0;0;
"R07";4;"EDR";8;"DSP";;"O";1;0;
"R07";4;"EDR";11;"DSC";;"O";0;1;
"R07";5;"EDR";1;"MSH";;"O";0;0;
"R07";5;"EDR";2;"MSA";;"O";0;0;
"R07";5;"EDR";4;"ERR";;"O";0;1;
"R07";5;"EDR";6;"QAK";;"O";0;0;
"R07";5;"EDR";8;"DSP";;"O";1;0;
"R07";5;"EDR";11;"DSC";;"O";0;1;
"R07";6;"EDR";1;"MSH";"";"O";0;0;
"R07";6;"EDR";2;"SFT";"";"O";1;1;
"R07";6;"EDR";3;"MSA";"";"O";0;0;
"R07";6;"EDR";4;"ERR";"";"O";0;1;
"R07";6;"EDR";5;"QAK";"";"O";0;0;
"R07";6;"EDR";6;"DSP";"";"O";1;0;
"R07";6;"EDR";7;"DSC";"";"O";0;1;
"R07";61;"EDR";1;"MSH";"";"O";0;0;
"R07";61;"EDR";2;"SFT";"";"O";1;1;
"R07";61;"EDR";3;"MSA";"";"O";0;0;
"R07";61;"EDR";4;"ERR";"";"O";0;1;
"R07";61;"EDR";5;"QAK";"";"O";0;0;
"R07";61;"EDR";6;"DSP";"";"O";1;0;
"R07";61;"EDR";7;"DSC";"";"O";0;1;
"R08";4;"TBR";1;"MSH";;"O";0;0;
"R08";4;"TBR";2;"MSA";;"O";0;0;
"R08";4;"TBR";4;"ERR";;"O";0;1;
"R08";4;"TBR";6;"QAK";;"O";0;0;
"R08";4;"TBR";7;"RDF";;"O";0;0;
"R08";4;"TBR";9;"RDT";;"O";1;0;
"R08";4;"TBR";12;"DSC";;"O";0;1;
"R08";5;"TBR";1;"MSH";;"O";0;0;
"R08";5;"TBR";2;"MSA";;"O";0;0;
"R08";5;"TBR";4;"ERR";;"O";0;1;
"R08";5;"TBR";6;"QAK";;"O";0;0;
"R08";5;"TBR";7;"RDF";;"O";0;0;
"R08";5;"TBR";9;"RDT";;"O";1;0;
"R08";5;"TBR";12;"DSC";;"O";0;1;
"R08";6;"TBR";1;"MSH";"";"O";0;0;
"R08";6;"TBR";2;"SFT";"";"O";1;1;
"R08";6;"TBR";3;"MSA";"";"O";0;0;
"R08";6;"TBR";4;"ERR";"";"O";0;1;
"R08";6;"TBR";5;"QAK";"";"O";0;0;
"R08";6;"TBR";6;"RDF";"";"O";0;0;
"R08";6;"TBR";7;"RDT";"";"O";1;0;
"R08";6;"TBR";8;"DSC";"";"O";0;1;
"R08";61;"TBR";1;"MSH";"";"O";0;0;
"R08";61;"TBR";2;"SFT";"";"O";1;1;
"R08";61;"TBR";3;"MSA";"";"O";0;0;
"R08";61;"TBR";4;"ERR";"";"O";0;1;
"R08";61;"TBR";5;"QAK";"";"O";0;0;
"R08";61;"TBR";6;"RDF";"";"O";0;0;
"R08";61;"TBR";7;"RDT";"";"O";1;0;
"R08";61;"TBR";8;"DSC";"";"O";0;1;
"R09";4;"ERP";1;"MSH";;"O";0;0;
"R09";4;"ERP";2;"MSA";;"O";0;0;
"R09";4;"ERP";4;"ERR";;"O";0;1;
"R09";4;"ERP";6;"QAK";;"O";0;0;
"R09";4;"ERP";7;"ERQ";;"O";0;0;
"R09";4;"ERP";9;"DSC";;"O";0;1;
"R09";5;"ERP";1;"MSH";;"O";0;0;
"R09";5;"ERP";2;"MSA";;"O";0;0;
"R09";5;"ERP";4;"ERR";;"O";0;1;
"R09";5;"ERP";6;"QAK";;"O";0;0;
"R09";5;"ERP";7;"ERQ";;"O";0;0;
"R09";5;"ERP";9;"DSC";;"O";0;1;
"R09";6;"ERP";1;"MSH";"";"O";0;0;
"R09";6;"ERP";2;"SFT";"";"O";1;1;
"R09";6;"ERP";3;"MSA";"";"O";0;0;
"R09";6;"ERP";4;"ERR";"";"O";0;1;
"R09";6;"ERP";5;"QAK";"";"O";0;0;
"R09";6;"ERP";6;"ERQ";"";"O";0;0;
"R09";6;"ERP";10;"DSC";"";"O";0;1;
"R09";61;"ERP";1;"MSH";"";"O";0;0;
"R09";61;"ERP";2;"SFT";"";"O";1;1;
"R09";61;"ERP";3;"MSA";"";"O";0;0;
"R09";61;"ERP";4;"ERR";"";"O";0;1;
"R09";61;"ERP";5;"QAK";"";"O";0;0;
"R09";61;"ERP";6;"ERQ";"";"O";0;0;
"R09";61;"ERP";10;"DSC";"";"O";0;1;
"R0R";4;"ROR";1;"MSH";;"O";0;0;
"R0R";4;"ROR";2;"MSA";;"O";0;0;
"R0R";4;"ROR";4;"ERR";;"O";0;1;
"R0R";4;"ROR";6;"{";"DEFINITION";"O";0;0;
"R0R";4;"ROR";7;"QRD";;"O";0;0;
"R0R";4;"ROR";9;"QRF";;"O";0;1;
"R0R";4;"ROR";11;"[";"PATIENT";"O";0;0;
"R0R";4;"ROR";12;"PID";;"O";0;0;
"R0R";4;"ROR";15;"NTE";;"O";1;1;
"R0R";4;"ROR";18;"]";;"O";0;0;
"R0R";4;"ROR";19;"{";"ORDER";"O";0;0;
"R0R";4;"ROR";20;"ORC";;"O";0;0;
"R0R";4;"ROR";21;"RXO";;"O";0;0;
"R0R";4;"ROR";23;"RXR";;"O";1;0;
"R0R";4;"ROR";27;"RXC";;"O";1;1;
"R0R";4;"ROR";30;"}";;"O";0;0;
"R0R";4;"ROR";31;"}";;"O";0;0;
"R0R";4;"ROR";33;"DSC";;"O";0;1;
"RAR";3;"RAR";1;"MSH";;"O";0;0;
"RAR";3;"RAR";2;"MSA";;"O";0;0;
"RAR";3;"RAR";4;"ERR";;"O";0;1;
"RAR";3;"RAR";6;"{";"DEFINITION";"O";0;0;
"RAR";3;"RAR";7;"QRD";;"O";0;0;
"RAR";3;"RAR";9;"QRF";;"O";0;1;
"RAR";3;"RAR";11;"[";"PATIENT";"O";0;0;
"RAR";3;"RAR";12;"PID";;"O";0;0;
"RAR";3;"RAR";15;"NTE";;"O";1;1;
"RAR";3;"RAR";18;"]";;"O";0;0;
"RAR";3;"RAR";19;"{";"ORDER";"O";0;0;
"RAR";3;"RAR";20;"ORC";;"O";0;0;
"RAR";3;"RAR";21;"[";"ENCODING";"O";0;0;
"RAR";3;"RAR";22;"RXE";;"O";0;0;
"RAR";3;"RAR";24;"RXR";;"O";1;0;
"RAR";3;"RAR";28;"RXC";;"O";1;1;
"RAR";3;"RAR";31;"]";;"O";0;0;
"RAR";3;"RAR";33;"RXA";;"O";1;0;
"RAR";3;"RAR";35;"}";;"O";0;0;
"RAR";3;"RAR";36;"}";;"O";0;0;
"RAR";3;"RAR";38;"DSC";;"O";0;1;
"RAR";4;"RAR";1;"MSH";;"O";0;0;
"RAR";4;"RAR";2;"MSA";;"O";0;0;
"RAR";4;"RAR";4;"ERR";;"O";0;1;
"RAR";4;"RAR";6;"{";"DEFINITION";"O";0;0;
"RAR";4;"RAR";7;"QRD";;"O";0;0;
"RAR";4;"RAR";9;"QRF";;"O";0;1;
"RAR";4;"RAR";11;"[";"PATIENT";"O";0;0;
"RAR";4;"RAR";12;"PID";;"O";0;0;
"RAR";4;"RAR";15;"NTE";;"O";1;1;
"RAR";4;"RAR";18;"]";;"O";0;0;
"RAR";4;"RAR";19;"{";"ORDER";"O";0;0;
"RAR";4;"RAR";20;"ORC";;"O";0;0;
"RAR";4;"RAR";21;"[";"ENCODING";"O";0;0;
"RAR";4;"RAR";22;"RXE";;"O";0;0;
"RAR";4;"RAR";24;"RXR";;"O";1;0;
"RAR";4;"RAR";28;"RXC";;"O";1;1;
"RAR";4;"RAR";31;"]";;"O";0;0;
"RAR";4;"RAR";33;"RXA";;"O";1;0;
"RAR";4;"RAR";35;"RXR";;"O";0;0;
"RAR";4;"RAR";36;"}";;"O";0;0;
"RAR";4;"RAR";37;"}";;"O";0;0;
"RAR";4;"RAR";39;"DSC";;"O";0;1;
"RDR";3;"RDR";1;"MSH";;"O";0;0;
"RDR";3;"RDR";2;"MSA";;"O";0;0;
"RDR";3;"RDR";4;"ERR";;"O";0;1;
"RDR";3;"RDR";6;"{";"DEFINITION";"O";0;0;
"RDR";3;"RDR";7;"QRD";;"O";0;0;
"RDR";3;"RDR";9;"QRF";;"O";0;1;
"RDR";3;"RDR";11;"[";"PATIENT";"O";0;0;
"RDR";3;"RDR";12;"PID";;"O";0;0;
"RDR";3;"RDR";15;"NTE";;"O";1;1;
"RDR";3;"RDR";18;"]";;"O";0;0;
"RDR";3;"RDR";19;"{";"ORDER";"O";0;0;
"RDR";3;"RDR";20;"ORC";;"O";0;0;
"RDR";3;"RDR";21;"[";"ENCODING";"O";0;0;
"RDR";3;"RDR";22;"RXE";;"O";0;0;
"RDR";3;"RDR";24;"RXR";;"O";0;0;
"RDR";3;"RDR";28;"RXC";;"O";1;1;
"RDR";3;"RDR";31;"]";;"O";0;0;
"RDR";3;"RDR";32;"{";"DISPENSE";"O";0;0;
"RDR";3;"RDR";33;"RXD";;"O";0;0;
"RDR";3;"RDR";35;"RXR";;"O";1;0;
"RDR";3;"RDR";39;"RXC";;"O";1;1;
"RDR";3;"RDR";42;"}";;"O";0;0;
"RDR";3;"RDR";43;"}";;"O";0;0;
"RDR";3;"RDR";44;"}";;"O";0;0;
"RDR";3;"RDR";46;"DSC";;"O";0;1;
"RDR";4;"RDR";1;"MSH";;"O";0;0;
"RDR";4;"RDR";2;"MSA";;"O";0;0;
"RDR";4;"RDR";4;"ERR";;"O";0;1;
"RDR";4;"RDR";6;"{";"DEFINITION";"O";0;0;
"RDR";4;"RDR";7;"QRD";;"O";0;0;
"RDR";4;"RDR";9;"QRF";;"O";0;1;
"RDR";4;"RDR";11;"[";"PATIENT";"O";0;0;
"RDR";4;"RDR";12;"PID";;"O";0;0;
"RDR";4;"RDR";15;"NTE";;"O";1;1;
"RDR";4;"RDR";18;"]";;"O";0;0;
"RDR";4;"RDR";19;"{";"ORDER";"O";0;0;
"RDR";4;"RDR";20;"ORC";;"O";0;0;
"RDR";4;"RDR";21;"[";"ENCODING";"O";0;0;
"RDR";4;"RDR";22;"RXE";;"O";0;0;
"RDR";4;"RDR";24;"RXR";;"O";1;0;
"RDR";4;"RDR";28;"RXC";;"O";1;1;
"RDR";4;"RDR";31;"]";;"O";0;0;
"RDR";4;"RDR";32;"{";"DISPENSE";"O";0;0;
"RDR";4;"RDR";33;"RXD";;"O";0;0;
"RDR";4;"RDR";35;"RXR";;"O";1;0;
"RDR";4;"RDR";39;"RXC";;"O";1;1;
"RDR";4;"RDR";42;"}";;"O";0;0;
"RDR";4;"RDR";43;"}";;"O";0;0;
"RDR";4;"RDR";44;"}";;"O";0;0;
"RDR";4;"RDR";46;"DSC";;"O";0;1;
"RDR";5;"RDR";1;"MSH";;"O";0;0;
"RDR";5;"RDR";2;"MSA";;"O";0;0;
"RDR";5;"RDR";4;"ERR";;"O";0;1;
"RDR";5;"RDR";6;"{";"DEFINITION";"O";0;0;
"RDR";5;"RDR";7;"QRD";;"O";0;0;
"RDR";5;"RDR";9;"QRF";;"O";0;1;
"RDR";5;"RDR";11;"[";"PATIENT";"O";0;0;
"RDR";5;"RDR";12;"PID";;"O";0;0;
"RDR";5;"RDR";15;"NTE";;"O";1;1;
"RDR";5;"RDR";18;"]";;"O";0;0;
"RDR";5;"RDR";19;"{";"ORDER";"O";0;0;
"RDR";5;"RDR";20;"ORC";;"O";0;0;
"RDR";5;"RDR";21;"[";"ENCODING";"O";0;0;
"RDR";5;"RDR";22;"RXE";;"O";0;0;
"RDR";5;"RDR";24;"RXR";;"O";1;0;
"RDR";5;"RDR";28;"RXC";;"O";1;1;
"RDR";5;"RDR";31;"]";;"O";0;0;
"RDR";5;"RDR";32;"{";"DISPENSE";"O";0;0;
"RDR";5;"RDR";33;"RXD";;"O";0;0;
"RDR";5;"RDR";35;"RXR";;"O";1;0;
"RDR";5;"RDR";39;"RXC";;"O";1;1;
"RDR";5;"RDR";42;"}";;"O";0;0;
"RDR";5;"RDR";43;"}";;"O";0;0;
"RDR";5;"RDR";44;"}";;"O";0;0;
"RDR";5;"RDR";46;"DSC";;"O";0;1;
"RDR";7;"RDR";1;"MSH";"";"O";0;0;
"RDR";7;"RDR";2;"MSA";"";"O";0;0;
"RDR";7;"RDR";3;"ERR";"";"O";1;1;
"RDR";7;"RDR";4;"SFT";"";"O";0;1;
"RDR";7;"RDR";5;"UAC";"";"O";0;1;
"RDR";7;"RDR";7;"QRD";"";"O";0;0;
"RDR";7;"RDR";8;"QRF";"";"O";0;1;
"RDR";7;"RDR";10;"PID";"";"O";0;0;
"RDR";7;"RDR";11;"NTE";"";"O";1;1;
"RDR";7;"RDR";14;"ORC";"";"O";0;0;
"RDR";7;"RDR";16;"TQ1";"";"O";0;0;
"RDR";7;"RDR";17;"TQ2";"";"O";1;1;
"RDR";7;"RDR";20;"RXE";"";"O";0;0;
"RDR";7;"RDR";22;"TQ1";"";"O";0;0;
"RDR";7;"RDR";23;"TQ2";"";"O";1;1;
"RDR";7;"RDR";25;"RXR";"";"O";1;0;
"RDR";7;"RDR";26;"RXC";"";"O";1;1;
"RDR";7;"RDR";29;"RXD";"";"O";0;0;
"RDR";7;"RDR";30;"RXR";"";"O";1;0;
"RDR";7;"RDR";31;"RXC";"";"O";1;1;
"RDR";7;"RDR";35;"DSC";"";"O";0;1;
"RDR";61;"RDR";1;"MSH";"";"O";0;0;
"RDR";61;"RDR";2;"MSA";"";"O";0;0;
"RDR";61;"RDR";3;"ERR";"";"O";1;1;
"RDR";61;"RDR";4;"SFT";"";"O";0;1;
"RDR";61;"RDR";5;"{";"DEFINITION";"O";0;0;
"RDR";61;"RDR";6;"QRD";"";"O";0;0;
"RDR";61;"RDR";7;"QRF";"";"O";0;1;
"RDR";61;"RDR";8;"[";"PATIENT";"O";0;0;
"RDR";61;"RDR";9;"PID";"";"O";0;0;
"RDR";61;"RDR";10;"NTE";"";"O";1;1;
"RDR";61;"RDR";11;"]";"PATIENT";"O";0;0;
"RDR";61;"RDR";12;"{";"ORDER";"O";0;0;
"RDR";61;"RDR";13;"ORC";"";"O";0;0;
"RDR";61;"RDR";14;"[{";"TIMING";"O";0;0;
"RDR";61;"RDR";15;"TQ1";"";"O";0;0;
"RDR";61;"RDR";16;"TQ2";"";"O";1;1;
"RDR";61;"RDR";17;"}]";"TIMING";"O";0;0;
"RDR";61;"RDR";18;"[";"ENCODING";"O";0;0;
"RDR";61;"RDR";19;"RXE";"";"O";0;0;
"RDR";61;"RDR";20;"[{";"TIMING_ENCODED";"O";0;0;
"RDR";61;"RDR";21;"TQ1";"";"O";0;0;
"RDR";61;"RDR";22;"TQ2";"";"O";1;1;
"RDR";61;"RDR";23;"}]";"TIMING_ENCODED";"O";0;0;
"RDR";61;"RDR";24;"RXR";"";"O";1;0;
"RDR";61;"RDR";25;"RXC";"";"O";1;1;
"RDR";61;"RDR";26;"]";"ENCODING";"O";0;0;
"RDR";61;"RDR";27;"{";"DISPENSE";"O";0;0;
"RDR";61;"RDR";28;"RXD";"";"O";0;0;
"RDR";61;"RDR";29;"RXR";"";"O";1;0;
"RDR";61;"RDR";30;"RXC";"";"O";1;1;
"RDR";61;"RDR";31;"}";"DISPENSE";"O";0;0;
"RDR";61;"RDR";32;"}";"ORDER";"O";0;0;
"RDR";61;"RDR";33;"}";"DEFINITION";"O";0;0;
"RDR";61;"RDR";34;"DSC";"";"O";0;1;
"RER";3;"RER";1;"MSH";;"O";0;0;
"RER";3;"RER";2;"MSA";;"O";0;0;
"RER";3;"RER";4;"ERR";;"O";0;1;
"RER";3;"RER";6;"{";"DEFINITION";"O";0;0;
"RER";3;"RER";7;"QRD";;"O";0;0;
"RER";3;"RER";9;"QRF";;"O";0;1;
"RER";3;"RER";11;"[";"PATIENT";"O";0;0;
"RER";3;"RER";12;"PID";;"O";0;0;
"RER";3;"RER";15;"NTE";;"O";1;1;
"RER";3;"RER";18;"]";;"O";0;0;
"RER";3;"RER";19;"{";"ORDER";"O";0;0;
"RER";3;"RER";20;"ORC";;"O";0;0;
"RER";3;"RER";21;"RXE";;"O";0;0;
"RER";3;"RER";23;"RXR";;"O";1;0;
"RER";3;"RER";27;"RXC";;"O";1;1;
"RER";3;"RER";30;"}";;"O";0;0;
"RER";3;"RER";31;"}";;"O";0;0;
"RER";3;"RER";33;"DSC";;"O";0;1;
"RER";4;"RER";1;"MSH";;"O";0;0;
"RER";4;"RER";2;"MSA";;"O";0;0;
"RER";4;"RER";4;"ERR";;"O";0;1;
"RER";4;"RER";6;"{";"DEFINITION";"O";0;0;
"RER";4;"RER";7;"QRD";;"O";0;0;
"RER";4;"RER";9;"QRF";;"O";0;1;
"RER";4;"RER";11;"[";"PATIENT";"O";0;0;
"RER";4;"RER";12;"PID";;"O";0;0;
"RER";4;"RER";15;"NTE";;"O";1;1;
"RER";4;"RER";18;"]";;"O";0;0;
"RER";4;"RER";19;"{";"ORDER";"O";0;0;
"RER";4;"RER";20;"ORC";;"O";0;0;
"RER";4;"RER";21;"RXE";;"O";0;0;
"RER";4;"RER";23;"RXR";;"O";1;0;
"RER";4;"RER";27;"RXC";;"O";1;1;
"RER";4;"RER";30;"}";;"O";0;0;
"RER";4;"RER";31;"}";;"O";0;0;
"RER";4;"RER";33;"DSC";;"O";0;1;
"RGR";3;"RGR";1;"MSH";;"O";0;0;
"RGR";3;"RGR";2;"MSA";;"O";0;0;
"RGR";3;"RGR";4;"ERR";;"O";0;1;
"RGR";3;"RGR";6;"{";"DEFINITION";"O";0;0;
"RGR";3;"RGR";7;"QRD";;"O";0;0;
"RGR";3;"RGR";9;"QRF";;"O";0;1;
"RGR";3;"RGR";11;"[";"PATIENT";"O";0;0;
"RGR";3;"RGR";12;"PID";;"O";0;0;
"RGR";3;"RGR";15;"NTE";;"O";1;1;
"RGR";3;"RGR";18;"]";;"O";0;0;
"RGR";3;"RGR";19;"{";"ORDER";"O";0;0;
"RGR";3;"RGR";20;"ORC";;"O";0;0;
"RGR";3;"RGR";21;"[";"ENCODING";"O";0;0;
"RGR";3;"RGR";22;"RXE";;"O";0;0;
"RGR";3;"RGR";24;"RXR";;"O";1;0;
"RGR";3;"RGR";28;"RXC";;"O";1;1;
"RGR";3;"RGR";31;"]";;"O";0;0;
"RGR";3;"RGR";33;"RXG";;"O";1;0;
"RGR";3;"RGR";36;"RXR";;"O";1;0;
"RGR";3;"RGR";40;"RXC";;"O";1;1;
"RGR";3;"RGR";43;"}";;"O";0;0;
"RGR";3;"RGR";44;"}";;"O";0;0;
"RGR";3;"RGR";46;"DSC";;"O";0;1;
"RGR";4;"RGR";1;"MSH";;"O";0;0;
"RGR";4;"RGR";2;"MSA";;"O";0;0;
"RGR";4;"RGR";4;"ERR";;"O";0;1;
"RGR";4;"RGR";6;"{";"DEFINITION";"O";0;0;
"RGR";4;"RGR";7;"QRD";;"O";0;0;
"RGR";4;"RGR";9;"QRF";;"O";0;1;
"RGR";4;"RGR";11;"[";"PATIENT";"O";0;0;
"RGR";4;"RGR";12;"PID";;"O";0;0;
"RGR";4;"RGR";15;"NTE";;"O";1;1;
"RGR";4;"RGR";18;"]";;"O";0;0;
"RGR";4;"RGR";19;"{";"ORDER";"O";0;0;
"RGR";4;"RGR";20;"ORC";;"O";0;0;
"RGR";4;"RGR";21;"[";"ENCODING";"O";0;0;
"RGR";4;"RGR";22;"RXE";;"O";0;0;
"RGR";4;"RGR";24;"RXR";;"O";1;0;
"RGR";4;"RGR";28;"RXC";;"O";1;1;
"RGR";4;"RGR";31;"]";;"O";0;0;
"RGR";4;"RGR";33;"RXG";;"O";1;0;
"RGR";4;"RGR";36;"RXR";;"O";1;0;
"RGR";4;"RGR";40;"RXC";;"O";1;1;
"RGR";4;"RGR";43;"}";;"O";0;0;
"RGR";4;"RGR";44;"}";;"O";0;0;
"RGR";4;"RGR";46;"DSC";;"O";0;1;
"ROR";3;"ROR";1;"MSH";;"O";0;0;
"ROR";3;"ROR";2;"MSA";;"O";0;0;
"ROR";3;"ROR";4;"ERR";;"O";0;1;
"ROR";3;"ROR";6;"{";"DEFINITION";"O";0;0;
"ROR";3;"ROR";7;"QRD";;"O";0;0;
"ROR";3;"ROR";9;"QRF";;"O";0;1;
"ROR";3;"ROR";11;"[";"PATIENT";"O";0;0;
"ROR";3;"ROR";12;"PID";;"O";0;0;
"ROR";3;"ROR";15;"NTE";;"O";1;1;
"ROR";3;"ROR";18;"]";;"O";0;0;
"ROR";3;"ROR";19;"{";"ORDER";"O";0;0;
"ROR";3;"ROR";20;"ORC";;"O";0;0;
"ROR";3;"ROR";21;"RXO";;"O";0;0;
"ROR";3;"ROR";23;"RXR";;"O";1;0;
"ROR";3;"ROR";27;"RXC";;"O";1;1;
"ROR";3;"ROR";30;"}";;"O";0;0;
"ROR";3;"ROR";31;"}";;"O";0;0;
"ROR";3;"ROR";33;"DSC";;"O";0;1;
"S01";3;"SRM";1;"MSH";;"O";0;0;
"S01";3;"SRM";2;"ARQ";;"O";0;0;
"S01";3;"SRM";4;"APR";;"O";0;1;
"S01";3;"SRM";8;"NTE";;"O";1;1;
"S01";3;"SRM";11;"[";"PATIENT";"O";0;0;
"S01";3;"SRM";12;"{";"";"O";0;0;
"S01";3;"SRM";13;"PID";;"O";0;0;
"S01";3;"SRM";15;"PV1";;"O";0;1;
"S01";3;"SRM";18;"PV2";;"O";0;1;
"S01";3;"SRM";22;"OBX";;"O";1;1;
"S01";3;"SRM";27;"DG1";;"O";1;1;
"S01";3;"SRM";30;"}";;"O";0;0;
"S01";3;"SRM";31;"]";;"O";0;0;
"S01";3;"SRM";32;"{";"RESOURCES";"O";0;0;
"S01";3;"SRM";33;"RGS";;"O";0;0;
"S01";3;"SRM";34;"[";"SERVICE";"O";0;0;
"S01";3;"SRM";35;"{";"";"O";0;0;
"S01";3;"SRM";36;"AIS";;"O";0;0;
"S01";3;"SRM";38;"APR";;"O";0;1;
"S01";3;"SRM";42;"NTE";;"O";1;1;
"S01";3;"SRM";45;"}";;"O";0;0;
"S01";3;"SRM";46;"]";;"O";0;0;
"S01";3;"SRM";47;"[";"GENERAL_RESOURCE";"O";0;0;
"S01";3;"SRM";48;"{";"";"O";0;0;
"S01";3;"SRM";49;"AIG";;"O";0;0;
"S01";3;"SRM";51;"APR";;"O";0;1;
"S01";3;"SRM";55;"NTE";;"O";1;1;
"S01";3;"SRM";58;"}";;"O";0;0;
"S01";3;"SRM";59;"]";;"O";0;0;
"S01";3;"SRM";60;"[";"LOCATION_RESOURCE";"O";0;0;
"S01";3;"SRM";61;"{";"";"O";0;0;
"S01";3;"SRM";62;"AIL";;"O";0;0;
"S01";3;"SRM";64;"APR";;"O";0;1;
"S01";3;"SRM";68;"NTE";;"O";1;1;
"S01";3;"SRM";71;"}";;"O";0;0;
"S01";3;"SRM";72;"]";;"O";0;0;
"S01";3;"SRM";73;"[";"PERSONNEL_RESOURCE";"O";0;0;
"S01";3;"SRM";74;"{";"";"O";0;0;
"S01";3;"SRM";75;"AIP";;"O";0;0;
"S01";3;"SRM";77;"APR";;"O";0;1;
"S01";3;"SRM";81;"NTE";;"O";1;1;
"S01";3;"SRM";84;"}";;"O";0;0;
"S01";3;"SRM";85;"]";;"O";0;0;
"S01";3;"SRM";86;"}";;"O";0;0;
"S01";3;"SRR";1;"MSH";;"O";0;0;
"S01";3;"SRR";2;"MSA";;"O";0;0;
"S01";3;"SRR";4;"ERR";;"O";0;1;
"S01";3;"SRR";6;"[";"SCHEDULE";"O";0;0;
"S01";3;"SRR";7;"SCH";;"O";0;0;
"S01";3;"SRR";10;"NTE";;"O";1;1;
"S01";3;"SRR";13;"[";"PATIENT";"O";0;0;
"S01";3;"SRR";14;"{";"";"O";0;0;
"S01";3;"SRR";15;"PID";;"O";0;0;
"S01";3;"SRR";17;"PV1";;"O";0;1;
"S01";3;"SRR";20;"PV2";;"O";0;1;
"S01";3;"SRR";24;"DG1";;"O";1;1;
"S01";3;"SRR";27;"}";;"O";0;0;
"S01";3;"SRR";28;"]";;"O";0;0;
"S01";3;"SRR";29;"{";"RESOURCES";"O";0;0;
"S01";3;"SRR";30;"RGS";;"O";0;0;
"S01";3;"SRR";31;"[";"SERVICE";"O";0;0;
"S01";3;"SRR";32;"{";"";"O";0;0;
"S01";3;"SRR";33;"AIS";;"O";0;0;
"S01";3;"SRR";36;"NTE";;"O";1;1;
"S01";3;"SRR";39;"}";;"O";0;0;
"S01";3;"SRR";40;"]";;"O";0;0;
"S01";3;"SRR";41;"[";"GENERAL_RESOURCE";"O";0;0;
"S01";3;"SRR";42;"{";"";"O";0;0;
"S01";3;"SRR";43;"AIG";;"O";0;0;
"S01";3;"SRR";46;"NTE";;"O";1;1;
"S01";3;"SRR";49;"}";;"O";0;0;
"S01";3;"SRR";50;"]";;"O";0;0;
"S01";3;"SRR";51;"[";"LOCATION_RESOURCE";"O";0;0;
"S01";3;"SRR";52;"{";"";"O";0;0;
"S01";3;"SRR";53;"AIL";;"O";0;0;
"S01";3;"SRR";56;"NTE";;"O";1;1;
"S01";3;"SRR";59;"}";;"O";0;0;
"S01";3;"SRR";60;"]";;"O";0;0;
"S01";3;"SRR";61;"[";"PERSONNEL_RESOURCE";"O";0;0;
"S01";3;"SRR";62;"{";"";"O";0;0;
"S01";3;"SRR";63;"AIP";;"O";0;0;
"S01";3;"SRR";66;"NTE";;"O";1;1;
"S01";3;"SRR";69;"}";;"O";0;0;
"S01";3;"SRR";70;"]";;"O";0;0;
"S01";3;"SRR";71;"}";;"O";0;0;
"S01";3;"SRR";72;"]";;"O";0;0;
"S02";3;"SRM";1;"MSH";;"O";0;0;
"S02";3;"SRM";2;"ARQ";;"O";0;0;
"S02";3;"SRM";4;"APR";;"O";0;1;
"S02";3;"SRM";8;"NTE";;"O";1;1;
"S02";3;"SRM";11;"[";"PATIENT";"O";0;0;
"S02";3;"SRM";12;"{";"";"O";0;0;
"S02";3;"SRM";13;"PID";;"O";0;0;
"S02";3;"SRM";15;"PV1";;"O";0;1;
"S02";3;"SRM";18;"PV2";;"O";0;1;
"S02";3;"SRM";22;"OBX";;"O";1;1;
"S02";3;"SRM";27;"DG1";;"O";1;1;
"S02";3;"SRM";30;"}";;"O";0;0;
"S02";3;"SRM";31;"]";;"O";0;0;
"S02";3;"SRM";32;"{";"RESOURCES";"O";0;0;
"S02";3;"SRM";33;"RGS";;"O";0;0;
"S02";3;"SRM";34;"[";"SERVICE";"O";0;0;
"S02";3;"SRM";35;"{";"";"O";0;0;
"S02";3;"SRM";36;"AIS";;"O";0;0;
"S02";3;"SRM";38;"APR";;"O";0;1;
"S02";3;"SRM";42;"NTE";;"O";1;1;
"S02";3;"SRM";45;"}";;"O";0;0;
"S02";3;"SRM";46;"]";;"O";0;0;
"S02";3;"SRM";47;"[";"GENERAL_RESOURCE";"O";0;0;
"S02";3;"SRM";48;"{";"";"O";0;0;
"S02";3;"SRM";49;"AIG";;"O";0;0;
"S02";3;"SRM";51;"APR";;"O";0;1;
"S02";3;"SRM";55;"NTE";;"O";1;1;
"S02";3;"SRM";58;"}";;"O";0;0;
"S02";3;"SRM";59;"]";;"O";0;0;
"S02";3;"SRM";60;"[";"LOCATION_RESOURCE";"O";0;0;
"S02";3;"SRM";61;"{";"";"O";0;0;
"S02";3;"SRM";62;"AIL";;"O";0;0;
"S02";3;"SRM";64;"APR";;"O";0;1;
"S02";3;"SRM";68;"NTE";;"O";1;1;
"S02";3;"SRM";71;"}";;"O";0;0;
"S02";3;"SRM";72;"]";;"O";0;0;
"S02";3;"SRM";73;"[";"PERSONNEL_RESOURCE";"O";0;0;
"S02";3;"SRM";74;"{";"";"O";0;0;
"S02";3;"SRM";75;"AIP";;"O";0;0;
"S02";3;"SRM";77;"APR";;"O";0;1;
"S02";3;"SRM";81;"NTE";;"O";1;1;
"S02";3;"SRM";84;"}";;"O";0;0;
"S02";3;"SRM";85;"]";;"O";0;0;
"S02";3;"SRM";86;"}";;"O";0;0;
"S02";3;"SRR";1;"MSH";;"O";0;0;
"S02";3;"SRR";2;"MSA";;"O";0;0;
"S02";3;"SRR";4;"ERR";;"O";0;1;
"S02";3;"SRR";6;"[";"SCHEDULE";"O";0;0;
"S02";3;"SRR";7;"SCH";;"O";0;0;
"S02";3;"SRR";10;"NTE";;"O";1;1;
"S02";3;"SRR";13;"[";"PATIENT";"O";0;0;
"S02";3;"SRR";14;"{";"";"O";0;0;
"S02";3;"SRR";15;"PID";;"O";0;0;
"S02";3;"SRR";17;"PV1";;"O";0;1;
"S02";3;"SRR";20;"PV2";;"O";0;1;
"S02";3;"SRR";24;"DG1";;"O";1;1;
"S02";3;"SRR";27;"}";;"O";0;0;
"S02";3;"SRR";28;"]";;"O";0;0;
"S02";3;"SRR";29;"{";"RESOURCES";"O";0;0;
"S02";3;"SRR";30;"RGS";;"O";0;0;
"S02";3;"SRR";31;"[";"SERVICE";"O";0;0;
"S02";3;"SRR";32;"{";"";"O";0;0;
"S02";3;"SRR";33;"AIS";;"O";0;0;
"S02";3;"SRR";36;"NTE";;"O";1;1;
"S02";3;"SRR";39;"}";;"O";0;0;
"S02";3;"SRR";40;"]";;"O";0;0;
"S02";3;"SRR";41;"[";"GENERAL_RESOURCE";"O";0;0;
"S02";3;"SRR";42;"{";"";"O";0;0;
"S02";3;"SRR";43;"AIG";;"O";0;0;
"S02";3;"SRR";46;"NTE";;"O";1;1;
"S02";3;"SRR";49;"}";;"O";0;0;
"S02";3;"SRR";50;"]";;"O";0;0;
"S02";3;"SRR";51;"[";"LOCATION_RESOURCE";"O";0;0;
"S02";3;"SRR";52;"{";"";"O";0;0;
"S02";3;"SRR";53;"AIL";;"O";0;0;
"S02";3;"SRR";56;"NTE";;"O";1;1;
"S02";3;"SRR";59;"}";;"O";0;0;
"S02";3;"SRR";60;"]";;"O";0;0;
"S02";3;"SRR";61;"[";"PERSONNEL_RESOURCE";"O";0;0;
"S02";3;"SRR";62;"{";"";"O";0;0;
"S02";3;"SRR";63;"AIP";;"O";0;0;
"S02";3;"SRR";66;"NTE";;"O";1;1;
"S02";3;"SRR";69;"}";;"O";0;0;
"S02";3;"SRR";70;"]";;"O";0;0;
"S02";3;"SRR";71;"}";;"O";0;0;
"S02";3;"SRR";72;"]";;"O";0;0;
"S03";3;"SRM";1;"MSH";;"O";0;0;
"S03";3;"SRM";2;"ARQ";;"O";0;0;
"S03";3;"SRM";4;"APR";;"O";0;1;
"S03";3;"SRM";8;"NTE";;"O";1;1;
"S03";3;"SRM";11;"[";"PATIENT";"O";0;0;
"S03";3;"SRM";12;"{";"";"O";0;0;
"S03";3;"SRM";13;"PID";;"O";0;0;
"S03";3;"SRM";15;"PV1";;"O";0;1;
"S03";3;"SRM";18;"PV2";;"O";0;1;
"S03";3;"SRM";22;"OBX";;"O";1;1;
"S03";3;"SRM";27;"DG1";;"O";1;1;
"S03";3;"SRM";30;"}";;"O";0;0;
"S03";3;"SRM";31;"]";;"O";0;0;
"S03";3;"SRM";32;"{";"RESOURCES";"O";0;0;
"S03";3;"SRM";33;"RGS";;"O";0;0;
"S03";3;"SRM";34;"[";"SERVICE";"O";0;0;
"S03";3;"SRM";35;"{";"";"O";0;0;
"S03";3;"SRM";36;"AIS";;"O";0;0;
"S03";3;"SRM";38;"APR";;"O";0;1;
"S03";3;"SRM";42;"NTE";;"O";1;1;
"S03";3;"SRM";45;"}";;"O";0;0;
"S03";3;"SRM";46;"]";;"O";0;0;
"S03";3;"SRM";47;"[";"GENERAL_RESOURCE";"O";0;0;
"S03";3;"SRM";48;"{";"";"O";0;0;
"S03";3;"SRM";49;"AIG";;"O";0;0;
"S03";3;"SRM";51;"APR";;"O";0;1;
"S03";3;"SRM";55;"NTE";;"O";1;1;
"S03";3;"SRM";58;"}";;"O";0;0;
"S03";3;"SRM";59;"]";;"O";0;0;
"S03";3;"SRM";60;"[";"LOCATION_RESOURCE";"O";0;0;
"S03";3;"SRM";61;"{";"";"O";0;0;
"S03";3;"SRM";62;"AIL";;"O";0;0;
"S03";3;"SRM";64;"APR";;"O";0;1;
"S03";3;"SRM";68;"NTE";;"O";1;1;
"S03";3;"SRM";71;"}";;"O";0;0;
"S03";3;"SRM";72;"]";;"O";0;0;
"S03";3;"SRM";73;"[";"PERSONNEL_RESOURCE";"O";0;0;
"S03";3;"SRM";74;"{";"";"O";0;0;
"S03";3;"SRM";75;"AIP";;"O";0;0;
"S03";3;"SRM";77;"APR";;"O";0;1;
"S03";3;"SRM";81;"NTE";;"O";1;1;
"S03";3;"SRM";84;"}";;"O";0;0;
"S03";3;"SRM";85;"]";;"O";0;0;
"S03";3;"SRM";86;"}";;"O";0;0;
"S03";3;"SRR";1;"MSH";;"O";0;0;
"S03";3;"SRR";2;"MSA";;"O";0;0;
"S03";3;"SRR";4;"ERR";;"O";0;1;
"S03";3;"SRR";6;"[";"SCHEDULE";"O";0;0;
"S03";3;"SRR";7;"SCH";;"O";0;0;
"S03";3;"SRR";10;"NTE";;"O";1;1;
"S03";3;"SRR";13;"[";"PATIENT";"O";0;0;
"S03";3;"SRR";14;"{";"";"O";0;0;
"S03";3;"SRR";15;"PID";;"O";0;0;
"S03";3;"SRR";17;"PV1";;"O";0;1;
"S03";3;"SRR";20;"PV2";;"O";0;1;
"S03";3;"SRR";24;"DG1";;"O";1;1;
"S03";3;"SRR";27;"}";;"O";0;0;
"S03";3;"SRR";28;"]";;"O";0;0;
"S03";3;"SRR";29;"{";"RESOURCES";"O";0;0;
"S03";3;"SRR";30;"RGS";;"O";0;0;
"S03";3;"SRR";31;"[";"SERVICE";"O";0;0;
"S03";3;"SRR";32;"{";"";"O";0;0;
"S03";3;"SRR";33;"AIS";;"O";0;0;
"S03";3;"SRR";36;"NTE";;"O";1;1;
"S03";3;"SRR";39;"}";;"O";0;0;
"S03";3;"SRR";40;"]";;"O";0;0;
"S03";3;"SRR";41;"[";"GENERAL_RESOURCE";"O";0;0;
"S03";3;"SRR";42;"{";"";"O";0;0;
"S03";3;"SRR";43;"AIG";;"O";0;0;
"S03";3;"SRR";46;"NTE";;"O";1;1;
"S03";3;"SRR";49;"}";;"O";0;0;
"S03";3;"SRR";50;"]";;"O";0;0;
"S03";3;"SRR";51;"[";"LOCATION_RESOURCE";"O";0;0;
"S03";3;"SRR";52;"{";"";"O";0;0;
"S03";3;"SRR";53;"AIL";;"O";0;0;
"S03";3;"SRR";56;"NTE";;"O";1;1;
"S03";3;"SRR";59;"}";;"O";0;0;
"S03";3;"SRR";60;"]";;"O";0;0;
"S03";3;"SRR";61;"[";"PERSONNEL_RESOURCE";"O";0;0;
"S03";3;"SRR";62;"{";"";"O";0;0;
"S03";3;"SRR";63;"AIP";;"O";0;0;
"S03";3;"SRR";66;"NTE";;"O";1;1;
"S03";3;"SRR";69;"}";;"O";0;0;
"S03";3;"SRR";70;"]";;"O";0;0;
"S03";3;"SRR";71;"}";;"O";0;0;
"S03";3;"SRR";72;"]";;"O";0;0;
"S04";3;"SRM";1;"MSH";;"O";0;0;
"S04";3;"SRM";2;"ARQ";;"O";0;0;
"S04";3;"SRM";4;"APR";;"O";0;1;
"S04";3;"SRM";8;"NTE";;"O";1;1;
"S04";3;"SRM";11;"[";"PATIENT";"O";0;0;
"S04";3;"SRM";12;"{";"";"O";0;0;
"S04";3;"SRM";13;"PID";;"O";0;0;
"S04";3;"SRM";15;"PV1";;"O";0;1;
"S04";3;"SRM";18;"PV2";;"O";0;1;
"S04";3;"SRM";22;"OBX";;"O";1;1;
"S04";3;"SRM";27;"DG1";;"O";1;1;
"S04";3;"SRM";30;"}";;"O";0;0;
"S04";3;"SRM";31;"]";;"O";0;0;
"S04";3;"SRM";32;"{";"RESOURCES";"O";0;0;
"S04";3;"SRM";33;"RGS";;"O";0;0;
"S04";3;"SRM";34;"[";"SERVICE";"O";0;0;
"S04";3;"SRM";35;"{";"";"O";0;0;
"S04";3;"SRM";36;"AIS";;"O";0;0;
"S04";3;"SRM";38;"APR";;"O";0;1;
"S04";3;"SRM";42;"NTE";;"O";1;1;
"S04";3;"SRM";45;"}";;"O";0;0;
"S04";3;"SRM";46;"]";;"O";0;0;
"S04";3;"SRM";47;"[";"GENERAL_RESOURCE";"O";0;0;
"S04";3;"SRM";48;"{";"";"O";0;0;
"S04";3;"SRM";49;"AIG";;"O";0;0;
"S04";3;"SRM";51;"APR";;"O";0;1;
"S04";3;"SRM";55;"NTE";;"O";1;1;
"S04";3;"SRM";58;"}";;"O";0;0;
"S04";3;"SRM";59;"]";;"O";0;0;
"S04";3;"SRM";60;"[";"LOCATION_RESOURCE";"O";0;0;
"S04";3;"SRM";61;"{";"";"O";0;0;
"S04";3;"SRM";62;"AIL";;"O";0;0;
"S04";3;"SRM";64;"APR";;"O";0;1;
"S04";3;"SRM";68;"NTE";;"O";1;1;
"S04";3;"SRM";71;"}";;"O";0;0;
"S04";3;"SRM";72;"]";;"O";0;0;
"S04";3;"SRM";73;"[";"PERSONNEL_RESOURCE";"O";0;0;
"S04";3;"SRM";74;"{";"";"O";0;0;
"S04";3;"SRM";75;"AIP";;"O";0;0;
"S04";3;"SRM";77;"APR";;"O";0;1;
"S04";3;"SRM";81;"NTE";;"O";1;1;
"S04";3;"SRM";84;"}";;"O";0;0;
"S04";3;"SRM";85;"]";;"O";0;0;
"S04";3;"SRM";86;"}";;"O";0;0;
"S04";3;"SRR";1;"MSH";;"O";0;0;
"S04";3;"SRR";2;"MSA";;"O";0;0;
"S04";3;"SRR";4;"ERR";;"O";0;1;
"S04";3;"SRR";6;"[";"SCHEDULE";"O";0;0;
"S04";3;"SRR";7;"SCH";;"O";0;0;
"S04";3;"SRR";10;"NTE";;"O";1;1;
"S04";3;"SRR";13;"[";"PATIENT";"O";0;0;
"S04";3;"SRR";14;"{";"";"O";0;0;
"S04";3;"SRR";15;"PID";;"O";0;0;
"S04";3;"SRR";17;"PV1";;"O";0;1;
"S04";3;"SRR";20;"PV2";;"O";0;1;
"S04";3;"SRR";24;"DG1";;"O";1;1;
"S04";3;"SRR";27;"}";;"O";0;0;
"S04";3;"SRR";28;"]";;"O";0;0;
"S04";3;"SRR";29;"{";"RESOURCES";"O";0;0;
"S04";3;"SRR";30;"RGS";;"O";0;0;
"S04";3;"SRR";31;"[";"SERVICE";"O";0;0;
"S04";3;"SRR";32;"{";"";"O";0;0;
"S04";3;"SRR";33;"AIS";;"O";0;0;
"S04";3;"SRR";36;"NTE";;"O";1;1;
"S04";3;"SRR";39;"}";;"O";0;0;
"S04";3;"SRR";40;"]";;"O";0;0;
"S04";3;"SRR";41;"[";"GENERAL_RESOURCE";"O";0;0;
"S04";3;"SRR";42;"{";"";"O";0;0;
"S04";3;"SRR";43;"AIG";;"O";0;0;
"S04";3;"SRR";46;"NTE";;"O";1;1;
"S04";3;"SRR";49;"}";;"O";0;0;
"S04";3;"SRR";50;"]";;"O";0;0;
"S04";3;"SRR";51;"[";"LOCATION_RESOURCE";"O";0;0;
"S04";3;"SRR";52;"{";"";"O";0;0;
"S04";3;"SRR";53;"AIL";;"O";0;0;
"S04";3;"SRR";56;"NTE";;"O";1;1;
"S04";3;"SRR";59;"}";;"O";0;0;
"S04";3;"SRR";60;"]";;"O";0;0;
"S04";3;"SRR";61;"[";"PERSONNEL_RESOURCE";"O";0;0;
"S04";3;"SRR";62;"{";"";"O";0;0;
"S04";3;"SRR";63;"AIP";;"O";0;0;
"S04";3;"SRR";66;"NTE";;"O";1;1;
"S04";3;"SRR";69;"}";;"O";0;0;
"S04";3;"SRR";70;"]";;"O";0;0;
"S04";3;"SRR";71;"}";;"O";0;0;
"S04";3;"SRR";72;"]";;"O";0;0;
"S05";3;"SRM";1;"MSH";;"O";0;0;
"S05";3;"SRM";2;"ARQ";;"O";0;0;
"S05";3;"SRM";4;"APR";;"O";0;1;
"S05";3;"SRM";8;"NTE";;"O";1;1;
"S05";3;"SRM";11;"[";"PATIENT";"O";0;0;
"S05";3;"SRM";12;"{";"";"O";0;0;
"S05";3;"SRM";13;"PID";;"O";0;0;
"S05";3;"SRM";15;"PV1";;"O";0;1;
"S05";3;"SRM";18;"PV2";;"O";0;1;
"S05";3;"SRM";22;"OBX";;"O";1;1;
"S05";3;"SRM";27;"DG1";;"O";1;1;
"S05";3;"SRM";30;"}";;"O";0;0;
"S05";3;"SRM";31;"]";;"O";0;0;
"S05";3;"SRM";32;"{";"RESOURCES";"O";0;0;
"S05";3;"SRM";33;"RGS";;"O";0;0;
"S05";3;"SRM";34;"[";"SERVICE";"O";0;0;
"S05";3;"SRM";35;"{";"";"O";0;0;
"S05";3;"SRM";36;"AIS";;"O";0;0;
"S05";3;"SRM";38;"APR";;"O";0;1;
"S05";3;"SRM";42;"NTE";;"O";1;1;
"S05";3;"SRM";45;"}";;"O";0;0;
"S05";3;"SRM";46;"]";;"O";0;0;
"S05";3;"SRM";47;"[";"GENERAL_RESOURCE";"O";0;0;
"S05";3;"SRM";48;"{";"";"O";0;0;
"S05";3;"SRM";49;"AIG";;"O";0;0;
"S05";3;"SRM";51;"APR";;"O";0;1;
"S05";3;"SRM";55;"NTE";;"O";1;1;
"S05";3;"SRM";58;"}";;"O";0;0;
"S05";3;"SRM";59;"]";;"O";0;0;
"S05";3;"SRM";60;"[";"LOCATION_RESOURCE";"O";0;0;
"S05";3;"SRM";61;"{";"";"O";0;0;
"S05";3;"SRM";62;"AIL";;"O";0;0;
"S05";3;"SRM";64;"APR";;"O";0;1;
"S05";3;"SRM";68;"NTE";;"O";1;1;
"S05";3;"SRM";71;"}";;"O";0;0;
"S05";3;"SRM";72;"]";;"O";0;0;
"S05";3;"SRM";73;"[";"PERSONNEL_RESOURCE";"O";0;0;
"S05";3;"SRM";74;"{";"";"O";0;0;
"S05";3;"SRM";75;"AIP";;"O";0;0;
"S05";3;"SRM";77;"APR";;"O";0;1;
"S05";3;"SRM";81;"NTE";;"O";1;1;
"S05";3;"SRM";84;"}";;"O";0;0;
"S05";3;"SRM";85;"]";;"O";0;0;
"S05";3;"SRM";86;"}";;"O";0;0;
"S05";3;"SRR";1;"MSH";;"O";0;0;
"S05";3;"SRR";2;"MSA";;"O";0;0;
"S05";3;"SRR";4;"ERR";;"O";0;1;
"S05";3;"SRR";6;"[";"SCHEDULE";"O";0;0;
"S05";3;"SRR";7;"SCH";;"O";0;0;
"S05";3;"SRR";10;"NTE";;"O";1;1;
"S05";3;"SRR";13;"[";"PATIENT";"O";0;0;
"S05";3;"SRR";14;"{";"";"O";0;0;
"S05";3;"SRR";15;"PID";;"O";0;0;
"S05";3;"SRR";17;"PV1";;"O";0;1;
"S05";3;"SRR";20;"PV2";;"O";0;1;
"S05";3;"SRR";24;"DG1";;"O";1;1;
"S05";3;"SRR";27;"}";;"O";0;0;
"S05";3;"SRR";28;"]";;"O";0;0;
"S05";3;"SRR";29;"{";"RESOURCES";"O";0;0;
"S05";3;"SRR";30;"RGS";;"O";0;0;
"S05";3;"SRR";31;"[";"SERVICE";"O";0;0;
"S05";3;"SRR";32;"{";"";"O";0;0;
"S05";3;"SRR";33;"AIS";;"O";0;0;
"S05";3;"SRR";36;"NTE";;"O";1;1;
"S05";3;"SRR";39;"}";;"O";0;0;
"S05";3;"SRR";40;"]";;"O";0;0;
"S05";3;"SRR";41;"[";"GENERAL_RESOURCE";"O";0;0;
"S05";3;"SRR";42;"{";"";"O";0;0;
"S05";3;"SRR";43;"AIG";;"O";0;0;
"S05";3;"SRR";46;"NTE";;"O";1;1;
"S05";3;"SRR";49;"}";;"O";0;0;
"S05";3;"SRR";50;"]";;"O";0;0;
"S05";3;"SRR";51;"[";"LOCATION_RESOURCE";"O";0;0;
"S05";3;"SRR";52;"{";"";"O";0;0;
"S05";3;"SRR";53;"AIL";;"O";0;0;
"S05";3;"SRR";56;"NTE";;"O";1;1;
"S05";3;"SRR";59;"}";;"O";0;0;
"S05";3;"SRR";60;"]";;"O";0;0;
"S05";3;"SRR";61;"[";"PERSONNEL_RESOURCE";"O";0;0;
"S05";3;"SRR";62;"{";"";"O";0;0;
"S05";3;"SRR";63;"AIP";;"O";0;0;
"S05";3;"SRR";66;"NTE";;"O";1;1;
"S05";3;"SRR";69;"}";;"O";0;0;
"S05";3;"SRR";70;"]";;"O";0;0;
"S05";3;"SRR";71;"}";;"O";0;0;
"S05";3;"SRR";72;"]";;"O";0;0;
"S06";3;"SRM";1;"MSH";;"O";0;0;
"S06";3;"SRM";2;"ARQ";;"O";0;0;
"S06";3;"SRM";4;"APR";;"O";0;1;
"S06";3;"SRM";8;"NTE";;"O";1;1;
"S06";3;"SRM";11;"[";"PATIENT";"O";0;0;
"S06";3;"SRM";12;"{";"";"O";0;0;
"S06";3;"SRM";13;"PID";;"O";0;0;
"S06";3;"SRM";15;"PV1";;"O";0;1;
"S06";3;"SRM";18;"PV2";;"O";0;1;
"S06";3;"SRM";22;"OBX";;"O";1;1;
"S06";3;"SRM";27;"DG1";;"O";1;1;
"S06";3;"SRM";30;"}";;"O";0;0;
"S06";3;"SRM";31;"]";;"O";0;0;
"S06";3;"SRM";32;"{";"RESOURCES";"O";0;0;
"S06";3;"SRM";33;"RGS";;"O";0;0;
"S06";3;"SRM";34;"[";"SERVICE";"O";0;0;
"S06";3;"SRM";35;"{";"";"O";0;0;
"S06";3;"SRM";36;"AIS";;"O";0;0;
"S06";3;"SRM";38;"APR";;"O";0;1;
"S06";3;"SRM";42;"NTE";;"O";1;1;
"S06";3;"SRM";45;"}";;"O";0;0;
"S06";3;"SRM";46;"]";;"O";0;0;
"S06";3;"SRM";47;"[";"GENERAL_RESOURCE";"O";0;0;
"S06";3;"SRM";48;"{";"";"O";0;0;
"S06";3;"SRM";49;"AIG";;"O";0;0;
"S06";3;"SRM";51;"APR";;"O";0;1;
"S06";3;"SRM";55;"NTE";;"O";1;1;
"S06";3;"SRM";58;"}";;"O";0;0;
"S06";3;"SRM";59;"]";;"O";0;0;
"S06";3;"SRM";60;"[";"LOCATION_RESOURCE";"O";0;0;
"S06";3;"SRM";61;"{";"";"O";0;0;
"S06";3;"SRM";62;"AIL";;"O";0;0;
"S06";3;"SRM";64;"APR";;"O";0;1;
"S06";3;"SRM";68;"NTE";;"O";1;1;
"S06";3;"SRM";71;"}";;"O";0;0;
"S06";3;"SRM";72;"]";;"O";0;0;
"S06";3;"SRM";73;"[";"PERSONNEL_RESOURCE";"O";0;0;
"S06";3;"SRM";74;"{";"";"O";0;0;
"S06";3;"SRM";75;"AIP";;"O";0;0;
"S06";3;"SRM";77;"APR";;"O";0;1;
"S06";3;"SRM";81;"NTE";;"O";1;1;
"S06";3;"SRM";84;"}";;"O";0;0;
"S06";3;"SRM";85;"]";;"O";0;0;
"S06";3;"SRM";86;"}";;"O";0;0;
"S06";3;"SRR";1;"MSH";;"O";0;0;
"S06";3;"SRR";2;"MSA";;"O";0;0;
"S06";3;"SRR";4;"ERR";;"O";0;1;
"S06";3;"SRR";6;"[";"SCHEDULE";"O";0;0;
"S06";3;"SRR";7;"SCH";;"O";0;0;
"S06";3;"SRR";10;"NTE";;"O";1;1;
"S06";3;"SRR";13;"[";"PATIENT";"O";0;0;
"S06";3;"SRR";14;"{";"";"O";0;0;
"S06";3;"SRR";15;"PID";;"O";0;0;
"S06";3;"SRR";17;"PV1";;"O";0;1;
"S06";3;"SRR";20;"PV2";;"O";0;1;
"S06";3;"SRR";24;"DG1";;"O";1;1;
"S06";3;"SRR";27;"}";;"O";0;0;
"S06";3;"SRR";28;"]";;"O";0;0;
"S06";3;"SRR";29;"{";"RESOURCES";"O";0;0;
"S06";3;"SRR";30;"RGS";;"O";0;0;
"S06";3;"SRR";31;"[";"SERVICE";"O";0;0;
"S06";3;"SRR";32;"{";"";"O";0;0;
"S06";3;"SRR";33;"AIS";;"O";0;0;
"S06";3;"SRR";36;"NTE";;"O";1;1;
"S06";3;"SRR";39;"}";;"O";0;0;
"S06";3;"SRR";40;"]";;"O";0;0;
"S06";3;"SRR";41;"[";"GENERAL_RESOURCE";"O";0;0;
"S06";3;"SRR";42;"{";"";"O";0;0;
"S06";3;"SRR";43;"AIG";;"O";0;0;
"S06";3;"SRR";46;"NTE";;"O";1;1;
"S06";3;"SRR";49;"}";;"O";0;0;
"S06";3;"SRR";50;"]";;"O";0;0;
"S06";3;"SRR";51;"[";"LOCATION_RESOURCE";"O";0;0;
"S06";3;"SRR";52;"{";"";"O";0;0;
"S06";3;"SRR";53;"AIL";;"O";0;0;
"S06";3;"SRR";56;"NTE";;"O";1;1;
"S06";3;"SRR";59;"}";;"O";0;0;
"S06";3;"SRR";60;"]";;"O";0;0;
"S06";3;"SRR";61;"[";"PERSONNEL_RESOURCE";"O";0;0;
"S06";3;"SRR";62;"{";"";"O";0;0;
"S06";3;"SRR";63;"AIP";;"O";0;0;
"S06";3;"SRR";66;"NTE";;"O";1;1;
"S06";3;"SRR";69;"}";;"O";0;0;
"S06";3;"SRR";70;"]";;"O";0;0;
"S06";3;"SRR";71;"}";;"O";0;0;
"S06";3;"SRR";72;"]";;"O";0;0;
"S07";3;"SRM";1;"MSH";;"O";0;0;
"S07";3;"SRM";2;"ARQ";;"O";0;0;
"S07";3;"SRM";4;"APR";;"O";0;1;
"S07";3;"SRM";8;"NTE";;"O";1;1;
"S07";3;"SRM";11;"[";"PATIENT";"O";0;0;
"S07";3;"SRM";12;"{";"";"O";0;0;
"S07";3;"SRM";13;"PID";;"O";0;0;
"S07";3;"SRM";15;"PV1";;"O";0;1;
"S07";3;"SRM";18;"PV2";;"O";0;1;
"S07";3;"SRM";22;"OBX";;"O";1;1;
"S07";3;"SRM";27;"DG1";;"O";1;1;
"S07";3;"SRM";30;"}";;"O";0;0;
"S07";3;"SRM";31;"]";;"O";0;0;
"S07";3;"SRM";32;"{";"RESOURCES";"O";0;0;
"S07";3;"SRM";33;"RGS";;"O";0;0;
"S07";3;"SRM";34;"[";"SERVICE";"O";0;0;
"S07";3;"SRM";35;"{";"";"O";0;0;
"S07";3;"SRM";36;"AIS";;"O";0;0;
"S07";3;"SRM";38;"APR";;"O";0;1;
"S07";3;"SRM";42;"NTE";;"O";1;1;
"S07";3;"SRM";45;"}";;"O";0;0;
"S07";3;"SRM";46;"]";;"O";0;0;
"S07";3;"SRM";47;"[";"GENERAL_RESOURCE";"O";0;0;
"S07";3;"SRM";48;"{";"";"O";0;0;
"S07";3;"SRM";49;"AIG";;"O";0;0;
"S07";3;"SRM";51;"APR";;"O";0;1;
"S07";3;"SRM";55;"NTE";;"O";1;1;
"S07";3;"SRM";58;"}";;"O";0;0;
"S07";3;"SRM";59;"]";;"O";0;0;
"S07";3;"SRM";60;"[";"LOCATION_RESOURCE";"O";0;0;
"S07";3;"SRM";61;"{";"";"O";0;0;
"S07";3;"SRM";62;"AIL";;"O";0;0;
"S07";3;"SRM";64;"APR";;"O";0;1;
"S07";3;"SRM";68;"NTE";;"O";1;1;
"S07";3;"SRM";71;"}";;"O";0;0;
"S07";3;"SRM";72;"]";;"O";0;0;
"S07";3;"SRM";73;"[";"PERSONNEL_RESOURCE";"O";0;0;
"S07";3;"SRM";74;"{";"";"O";0;0;
"S07";3;"SRM";75;"AIP";;"O";0;0;
"S07";3;"SRM";77;"APR";;"O";0;1;
"S07";3;"SRM";81;"NTE";;"O";1;1;
"S07";3;"SRM";84;"}";;"O";0;0;
"S07";3;"SRM";85;"]";;"O";0;0;
"S07";3;"SRM";86;"}";;"O";0;0;
"S07";3;"SRR";1;"MSH";;"O";0;0;
"S07";3;"SRR";2;"MSA";;"O";0;0;
"S07";3;"SRR";4;"ERR";;"O";0;1;
"S07";3;"SRR";6;"[";"SCHEDULE";"O";0;0;
"S07";3;"SRR";7;"SCH";;"O";0;0;
"S07";3;"SRR";10;"NTE";;"O";1;1;
"S07";3;"SRR";13;"[";"PATIENT";"O";0;0;
"S07";3;"SRR";14;"{";"";"O";0;0;
"S07";3;"SRR";15;"PID";;"O";0;0;
"S07";3;"SRR";17;"PV1";;"O";0;1;
"S07";3;"SRR";20;"PV2";;"O";0;1;
"S07";3;"SRR";24;"DG1";;"O";1;1;
"S07";3;"SRR";27;"}";;"O";0;0;
"S07";3;"SRR";28;"]";;"O";0;0;
"S07";3;"SRR";29;"{";"RESOURCES";"O";0;0;
"S07";3;"SRR";30;"RGS";;"O";0;0;
"S07";3;"SRR";31;"[";"SERVICE";"O";0;0;
"S07";3;"SRR";32;"{";"";"O";0;0;
"S07";3;"SRR";33;"AIS";;"O";0;0;
"S07";3;"SRR";36;"NTE";;"O";1;1;
"S07";3;"SRR";39;"}";;"O";0;0;
"S07";3;"SRR";40;"]";;"O";0;0;
"S07";3;"SRR";41;"[";"GENERAL_RESOURCE";"O";0;0;
"S07";3;"SRR";42;"{";"";"O";0;0;
"S07";3;"SRR";43;"AIG";;"O";0;0;
"S07";3;"SRR";46;"NTE";;"O";1;1;
"S07";3;"SRR";49;"}";;"O";0;0;
"S07";3;"SRR";50;"]";;"O";0;0;
"S07";3;"SRR";51;"[";"LOCATION_RESOURCE";"O";0;0;
"S07";3;"SRR";52;"{";"";"O";0;0;
"S07";3;"SRR";53;"AIL";;"O";0;0;
"S07";3;"SRR";56;"NTE";;"O";1;1;
"S07";3;"SRR";59;"}";;"O";0;0;
"S07";3;"SRR";60;"]";;"O";0;0;
"S07";3;"SRR";61;"[";"PERSONNEL_RESOURCE";"O";0;0;
"S07";3;"SRR";62;"{";"";"O";0;0;
"S07";3;"SRR";63;"AIP";;"O";0;0;
"S07";3;"SRR";66;"NTE";;"O";1;1;
"S07";3;"SRR";69;"}";;"O";0;0;
"S07";3;"SRR";70;"]";;"O";0;0;
"S07";3;"SRR";71;"}";;"O";0;0;
"S07";3;"SRR";72;"]";;"O";0;0;
"S08";3;"SRM";1;"MSH";;"O";0;0;
"S08";3;"SRM";2;"ARQ";;"O";0;0;
"S08";3;"SRM";4;"APR";;"O";0;1;
"S08";3;"SRM";8;"NTE";;"O";1;1;
"S08";3;"SRM";11;"[";"PATIENT";"O";0;0;
"S08";3;"SRM";12;"{";"";"O";0;0;
"S08";3;"SRM";13;"PID";;"O";0;0;
"S08";3;"SRM";15;"PV1";;"O";0;1;
"S08";3;"SRM";18;"PV2";;"O";0;1;
"S08";3;"SRM";22;"OBX";;"O";1;1;
"S08";3;"SRM";27;"DG1";;"O";1;1;
"S08";3;"SRM";30;"}";;"O";0;0;
"S08";3;"SRM";31;"]";;"O";0;0;
"S08";3;"SRM";32;"{";"RESOURCES";"O";0;0;
"S08";3;"SRM";33;"RGS";;"O";0;0;
"S08";3;"SRM";34;"[";"SERVICE";"O";0;0;
"S08";3;"SRM";35;"{";"";"O";0;0;
"S08";3;"SRM";36;"AIS";;"O";0;0;
"S08";3;"SRM";38;"APR";;"O";0;1;
"S08";3;"SRM";42;"NTE";;"O";1;1;
"S08";3;"SRM";45;"}";;"O";0;0;
"S08";3;"SRM";46;"]";;"O";0;0;
"S08";3;"SRM";47;"[";"GENERAL_RESOURCE";"O";0;0;
"S08";3;"SRM";48;"{";"";"O";0;0;
"S08";3;"SRM";49;"AIG";;"O";0;0;
"S08";3;"SRM";51;"APR";;"O";0;1;
"S08";3;"SRM";55;"NTE";;"O";1;1;
"S08";3;"SRM";58;"}";;"O";0;0;
"S08";3;"SRM";59;"]";;"O";0;0;
"S08";3;"SRM";60;"[";"LOCATION_RESOURCE";"O";0;0;
"S08";3;"SRM";61;"{";"";"O";0;0;
"S08";3;"SRM";62;"AIL";;"O";0;0;
"S08";3;"SRM";64;"APR";;"O";0;1;
"S08";3;"SRM";68;"NTE";;"O";1;1;
"S08";3;"SRM";71;"}";;"O";0;0;
"S08";3;"SRM";72;"]";;"O";0;0;
"S08";3;"SRM";73;"[";"PERSONNEL_RESOURCE";"O";0;0;
"S08";3;"SRM";74;"{";"";"O";0;0;
"S08";3;"SRM";75;"AIP";;"O";0;0;
"S08";3;"SRM";77;"APR";;"O";0;1;
"S08";3;"SRM";81;"NTE";;"O";1;1;
"S08";3;"SRM";84;"}";;"O";0;0;
"S08";3;"SRM";85;"]";;"O";0;0;
"S08";3;"SRM";86;"}";;"O";0;0;
"S08";3;"SRR";1;"MSH";;"O";0;0;
"S08";3;"SRR";2;"MSA";;"O";0;0;
"S08";3;"SRR";4;"ERR";;"O";0;1;
"S08";3;"SRR";6;"[";"SCHEDULE";"O";0;0;
"S08";3;"SRR";7;"SCH";;"O";0;0;
"S08";3;"SRR";10;"NTE";;"O";1;1;
"S08";3;"SRR";13;"[";"PATIENT";"O";0;0;
"S08";3;"SRR";14;"{";"";"O";0;0;
"S08";3;"SRR";15;"PID";;"O";0;0;
"S08";3;"SRR";17;"PV1";;"O";0;1;
"S08";3;"SRR";20;"PV2";;"O";0;1;
"S08";3;"SRR";24;"DG1";;"O";1;1;
"S08";3;"SRR";27;"}";;"O";0;0;
"S08";3;"SRR";28;"]";;"O";0;0;
"S08";3;"SRR";29;"{";"RESOURCES";"O";0;0;
"S08";3;"SRR";30;"RGS";;"O";0;0;
"S08";3;"SRR";31;"[";"SERVICE";"O";0;0;
"S08";3;"SRR";32;"{";"";"O";0;0;
"S08";3;"SRR";33;"AIS";;"O";0;0;
"S08";3;"SRR";36;"NTE";;"O";1;1;
"S08";3;"SRR";39;"}";;"O";0;0;
"S08";3;"SRR";40;"]";;"O";0;0;
"S08";3;"SRR";41;"[";"GENERAL_RESOURCE";"O";0;0;
"S08";3;"SRR";42;"{";"";"O";0;0;
"S08";3;"SRR";43;"AIG";;"O";0;0;
"S08";3;"SRR";46;"NTE";;"O";1;1;
"S08";3;"SRR";49;"}";;"O";0;0;
"S08";3;"SRR";50;"]";;"O";0;0;
"S08";3;"SRR";51;"[";"LOCATION_RESOURCE";"O";0;0;
"S08";3;"SRR";52;"{";"";"O";0;0;
"S08";3;"SRR";53;"AIL";;"O";0;0;
"S08";3;"SRR";56;"NTE";;"O";1;1;
"S08";3;"SRR";59;"}";;"O";0;0;
"S08";3;"SRR";60;"]";;"O";0;0;
"S08";3;"SRR";61;"[";"PERSONNEL_RESOURCE";"O";0;0;
"S08";3;"SRR";62;"{";"";"O";0;0;
"S08";3;"SRR";63;"AIP";;"O";0;0;
"S08";3;"SRR";66;"NTE";;"O";1;1;
"S08";3;"SRR";69;"}";;"O";0;0;
"S08";3;"SRR";70;"]";;"O";0;0;
"S08";3;"SRR";71;"}";;"O";0;0;
"S08";3;"SRR";72;"]";;"O";0;0;
"S09";3;"SRM";1;"MSH";;"O";0;0;
"S09";3;"SRM";2;"ARQ";;"O";0;0;
"S09";3;"SRM";4;"APR";;"O";0;1;
"S09";3;"SRM";8;"NTE";;"O";1;1;
"S09";3;"SRM";11;"[";"PATIENT";"O";0;0;
"S09";3;"SRM";12;"{";"";"O";0;0;
"S09";3;"SRM";13;"PID";;"O";0;0;
"S09";3;"SRM";15;"PV1";;"O";0;1;
"S09";3;"SRM";18;"PV2";;"O";0;1;
"S09";3;"SRM";22;"OBX";;"O";1;1;
"S09";3;"SRM";27;"DG1";;"O";1;1;
"S09";3;"SRM";30;"}";;"O";0;0;
"S09";3;"SRM";31;"]";;"O";0;0;
"S09";3;"SRM";32;"{";"RESOURCES";"O";0;0;
"S09";3;"SRM";33;"RGS";;"O";0;0;
"S09";3;"SRM";34;"[";"SERVICE";"O";0;0;
"S09";3;"SRM";35;"{";"";"O";0;0;
"S09";3;"SRM";36;"AIS";;"O";0;0;
"S09";3;"SRM";38;"APR";;"O";0;1;
"S09";3;"SRM";42;"NTE";;"O";1;1;
"S09";3;"SRM";45;"}";;"O";0;0;
"S09";3;"SRM";46;"]";;"O";0;0;
"S09";3;"SRM";47;"[";"GENERAL_RESOURCE";"O";0;0;
"S09";3;"SRM";48;"{";"";"O";0;0;
"S09";3;"SRM";49;"AIG";;"O";0;0;
"S09";3;"SRM";51;"APR";;"O";0;1;
"S09";3;"SRM";55;"NTE";;"O";1;1;
"S09";3;"SRM";58;"}";;"O";0;0;
"S09";3;"SRM";59;"]";;"O";0;0;
"S09";3;"SRM";60;"[";"LOCATION_RESOURCE";"O";0;0;
"S09";3;"SRM";61;"{";"";"O";0;0;
"S09";3;"SRM";62;"AIL";;"O";0;0;
"S09";3;"SRM";64;"APR";;"O";0;1;
"S09";3;"SRM";68;"NTE";;"O";1;1;
"S09";3;"SRM";71;"}";;"O";0;0;
"S09";3;"SRM";72;"]";;"O";0;0;
"S09";3;"SRM";73;"[";"PERSONNEL_RESOURCE";"O";0;0;
"S09";3;"SRM";74;"{";"";"O";0;0;
"S09";3;"SRM";75;"AIP";;"O";0;0;
"S09";3;"SRM";77;"APR";;"O";0;1;
"S09";3;"SRM";81;"NTE";;"O";1;1;
"S09";3;"SRM";84;"}";;"O";0;0;
"S09";3;"SRM";85;"]";;"O";0;0;
"S09";3;"SRM";86;"}";;"O";0;0;
"S09";3;"SRR";1;"MSH";;"O";0;0;
"S09";3;"SRR";2;"MSA";;"O";0;0;
"S09";3;"SRR";4;"ERR";;"O";0;1;
"S09";3;"SRR";6;"[";"SCHEDULE";"O";0;0;
"S09";3;"SRR";7;"SCH";;"O";0;0;
"S09";3;"SRR";10;"NTE";;"O";1;1;
"S09";3;"SRR";13;"[";"PATIENT";"O";0;0;
"S09";3;"SRR";14;"{";"";"O";0;0;
"S09";3;"SRR";15;"PID";;"O";0;0;
"S09";3;"SRR";17;"PV1";;"O";0;1;
"S09";3;"SRR";20;"PV2";;"O";0;1;
"S09";3;"SRR";24;"DG1";;"O";1;1;
"S09";3;"SRR";27;"}";;"O";0;0;
"S09";3;"SRR";28;"]";;"O";0;0;
"S09";3;"SRR";29;"{";"RESOURCES";"O";0;0;
"S09";3;"SRR";30;"RGS";;"O";0;0;
"S09";3;"SRR";31;"[";"SERVICE";"O";0;0;
"S09";3;"SRR";32;"{";"";"O";0;0;
"S09";3;"SRR";33;"AIS";;"O";0;0;
"S09";3;"SRR";36;"NTE";;"O";1;1;
"S09";3;"SRR";39;"}";;"O";0;0;
"S09";3;"SRR";40;"]";;"O";0;0;
"S09";3;"SRR";41;"[";"GENERAL_RESOURCE";"O";0;0;
"S09";3;"SRR";42;"{";"";"O";0;0;
"S09";3;"SRR";43;"AIG";;"O";0;0;
"S09";3;"SRR";46;"NTE";;"O";1;1;
"S09";3;"SRR";49;"}";;"O";0;0;
"S09";3;"SRR";50;"]";;"O";0;0;
"S09";3;"SRR";51;"[";"LOCATION_RESOURCE";"O";0;0;
"S09";3;"SRR";52;"{";"";"O";0;0;
"S09";3;"SRR";53;"AIL";;"O";0;0;
"S09";3;"SRR";56;"NTE";;"O";1;1;
"S09";3;"SRR";59;"}";;"O";0;0;
"S09";3;"SRR";60;"]";;"O";0;0;
"S09";3;"SRR";61;"[";"PERSONNEL_RESOURCE";"O";0;0;
"S09";3;"SRR";62;"{";"";"O";0;0;
"S09";3;"SRR";63;"AIP";;"O";0;0;
"S09";3;"SRR";66;"NTE";;"O";1;1;
"S09";3;"SRR";69;"}";;"O";0;0;
"S09";3;"SRR";70;"]";;"O";0;0;
"S09";3;"SRR";71;"}";;"O";0;0;
"S09";3;"SRR";72;"]";;"O";0;0;
"S10";3;"SRM";1;"MSH";;"O";0;0;
"S10";3;"SRM";2;"ARQ";;"O";0;0;
"S10";3;"SRM";4;"APR";;"O";0;1;
"S10";3;"SRM";8;"NTE";;"O";1;1;
"S10";3;"SRM";11;"[";"PATIENT";"O";0;0;
"S10";3;"SRM";12;"{";"";"O";0;0;
"S10";3;"SRM";13;"PID";;"O";0;0;
"S10";3;"SRM";15;"PV1";;"O";0;1;
"S10";3;"SRM";18;"PV2";;"O";0;1;
"S10";3;"SRM";22;"OBX";;"O";1;1;
"S10";3;"SRM";27;"DG1";;"O";1;1;
"S10";3;"SRM";30;"}";;"O";0;0;
"S10";3;"SRM";31;"]";;"O";0;0;
"S10";3;"SRM";32;"{";"RESOURCES";"O";0;0;
"S10";3;"SRM";33;"RGS";;"O";0;0;
"S10";3;"SRM";34;"[";"SERVICE";"O";0;0;
"S10";3;"SRM";35;"{";"";"O";0;0;
"S10";3;"SRM";36;"AIS";;"O";0;0;
"S10";3;"SRM";38;"APR";;"O";0;1;
"S10";3;"SRM";42;"NTE";;"O";1;1;
"S10";3;"SRM";45;"}";;"O";0;0;
"S10";3;"SRM";46;"]";;"O";0;0;
"S10";3;"SRM";47;"[";"GENERAL_RESOURCE";"O";0;0;
"S10";3;"SRM";48;"{";"";"O";0;0;
"S10";3;"SRM";49;"AIG";;"O";0;0;
"S10";3;"SRM";51;"APR";;"O";0;1;
"S10";3;"SRM";55;"NTE";;"O";1;1;
"S10";3;"SRM";58;"}";;"O";0;0;
"S10";3;"SRM";59;"]";;"O";0;0;
"S10";3;"SRM";60;"[";"LOCATION_RESOURCE";"O";0;0;
"S10";3;"SRM";61;"{";"";"O";0;0;
"S10";3;"SRM";62;"AIL";;"O";0;0;
"S10";3;"SRM";64;"APR";;"O";0;1;
"S10";3;"SRM";68;"NTE";;"O";1;1;
"S10";3;"SRM";71;"}";;"O";0;0;
"S10";3;"SRM";72;"]";;"O";0;0;
"S10";3;"SRM";73;"[";"PERSONNEL_RESOURCE";"O";0;0;
"S10";3;"SRM";74;"{";"";"O";0;0;
"S10";3;"SRM";75;"AIP";;"O";0;0;
"S10";3;"SRM";77;"APR";;"O";0;1;
"S10";3;"SRM";81;"NTE";;"O";1;1;
"S10";3;"SRM";84;"}";;"O";0;0;
"S10";3;"SRM";85;"]";;"O";0;0;
"S10";3;"SRM";86;"}";;"O";0;0;
"S10";3;"SRR";1;"MSH";;"O";0;0;
"S10";3;"SRR";2;"MSA";;"O";0;0;
"S10";3;"SRR";4;"ERR";;"O";0;1;
"S10";3;"SRR";6;"[";"SCHEDULE";"O";0;0;
"S10";3;"SRR";7;"SCH";;"O";0;0;
"S10";3;"SRR";10;"NTE";;"O";1;1;
"S10";3;"SRR";13;"[";"PATIENT";"O";0;0;
"S10";3;"SRR";14;"{";"";"O";0;0;
"S10";3;"SRR";15;"PID";;"O";0;0;
"S10";3;"SRR";17;"PV1";;"O";0;1;
"S10";3;"SRR";20;"PV2";;"O";0;1;
"S10";3;"SRR";24;"DG1";;"O";1;1;
"S10";3;"SRR";27;"}";;"O";0;0;
"S10";3;"SRR";28;"]";;"O";0;0;
"S10";3;"SRR";29;"{";"RESOURCES";"O";0;0;
"S10";3;"SRR";30;"RGS";;"O";0;0;
"S10";3;"SRR";31;"[";"SERVICE";"O";0;0;
"S10";3;"SRR";32;"{";"";"O";0;0;
"S10";3;"SRR";33;"AIS";;"O";0;0;
"S10";3;"SRR";36;"NTE";;"O";1;1;
"S10";3;"SRR";39;"}";;"O";0;0;
"S10";3;"SRR";40;"]";;"O";0;0;
"S10";3;"SRR";41;"[";"GENERAL_RESOURCE";"O";0;0;
"S10";3;"SRR";42;"{";"";"O";0;0;
"S10";3;"SRR";43;"AIG";;"O";0;0;
"S10";3;"SRR";46;"NTE";;"O";1;1;
"S10";3;"SRR";49;"}";;"O";0;0;
"S10";3;"SRR";50;"]";;"O";0;0;
"S10";3;"SRR";51;"[";"LOCATION_RESOURCE";"O";0;0;
"S10";3;"SRR";52;"{";"";"O";0;0;
"S10";3;"SRR";53;"AIL";;"O";0;0;
"S10";3;"SRR";56;"NTE";;"O";1;1;
"S10";3;"SRR";59;"}";;"O";0;0;
"S10";3;"SRR";60;"]";;"O";0;0;
"S10";3;"SRR";61;"[";"PERSONNEL_RESOURCE";"O";0;0;
"S10";3;"SRR";62;"{";"";"O";0;0;
"S10";3;"SRR";63;"AIP";;"O";0;0;
"S10";3;"SRR";66;"NTE";;"O";1;1;
"S10";3;"SRR";69;"}";;"O";0;0;
"S10";3;"SRR";70;"]";;"O";0;0;
"S10";3;"SRR";71;"}";;"O";0;0;
"S10";3;"SRR";72;"]";;"O";0;0;
"S11";3;"SRM";1;"MSH";;"O";0;0;
"S11";3;"SRM";2;"ARQ";;"O";0;0;
"S11";3;"SRM";4;"APR";;"O";0;1;
"S11";3;"SRM";8;"NTE";;"O";1;1;
"S11";3;"SRM";11;"[";"PATIENT";"O";0;0;
"S11";3;"SRM";12;"{";"";"O";0;0;
"S11";3;"SRM";13;"PID";;"O";0;0;
"S11";3;"SRM";15;"PV1";;"O";0;1;
"S11";3;"SRM";18;"PV2";;"O";0;1;
"S11";3;"SRM";22;"OBX";;"O";1;1;
"S11";3;"SRM";27;"DG1";;"O";1;1;
"S11";3;"SRM";30;"}";;"O";0;0;
"S11";3;"SRM";31;"]";;"O";0;0;
"S11";3;"SRM";32;"{";"RESOURCES";"O";0;0;
"S11";3;"SRM";33;"RGS";;"O";0;0;
"S11";3;"SRM";34;"[";"SERVICE";"O";0;0;
"S11";3;"SRM";35;"{";"";"O";0;0;
"S11";3;"SRM";36;"AIS";;"O";0;0;
"S11";3;"SRM";38;"APR";;"O";0;1;
"S11";3;"SRM";42;"NTE";;"O";1;1;
"S11";3;"SRM";45;"}";;"O";0;0;
"S11";3;"SRM";46;"]";;"O";0;0;
"S11";3;"SRM";47;"[";"GENERAL_RESOURCE";"O";0;0;
"S11";3;"SRM";48;"{";"";"O";0;0;
"S11";3;"SRM";49;"AIG";;"O";0;0;
"S11";3;"SRM";51;"APR";;"O";0;1;
"S11";3;"SRM";55;"NTE";;"O";1;1;
"S11";3;"SRM";58;"}";;"O";0;0;
"S11";3;"SRM";59;"]";;"O";0;0;
"S11";3;"SRM";60;"[";"LOCATION_RESOURCE";"O";0;0;
"S11";3;"SRM";61;"{";"";"O";0;0;
"S11";3;"SRM";62;"AIL";;"O";0;0;
"S11";3;"SRM";64;"APR";;"O";0;1;
"S11";3;"SRM";68;"NTE";;"O";1;1;
"S11";3;"SRM";71;"}";;"O";0;0;
"S11";3;"SRM";72;"]";;"O";0;0;
"S11";3;"SRM";73;"[";"PERSONNEL_RESOURCE";"O";0;0;
"S11";3;"SRM";74;"{";"";"O";0;0;
"S11";3;"SRM";75;"AIP";;"O";0;0;
"S11";3;"SRM";77;"APR";;"O";0;1;
"S11";3;"SRM";81;"NTE";;"O";1;1;
"S11";3;"SRM";84;"}";;"O";0;0;
"S11";3;"SRM";85;"]";;"O";0;0;
"S11";3;"SRM";86;"}";;"O";0;0;
"S11";3;"SRR";1;"MSH";;"O";0;0;
"S11";3;"SRR";2;"MSA";;"O";0;0;
"S11";3;"SRR";4;"ERR";;"O";0;1;
"S11";3;"SRR";6;"[";"SCHEDULE";"O";0;0;
"S11";3;"SRR";7;"SCH";;"O";0;0;
"S11";3;"SRR";10;"NTE";;"O";1;1;
"S11";3;"SRR";13;"[";"PATIENT";"O";0;0;
"S11";3;"SRR";14;"{";"";"O";0;0;
"S11";3;"SRR";15;"PID";;"O";0;0;
"S11";3;"SRR";17;"PV1";;"O";0;1;
"S11";3;"SRR";20;"PV2";;"O";0;1;
"S11";3;"SRR";24;"DG1";;"O";1;1;
"S11";3;"SRR";27;"}";;"O";0;0;
"S11";3;"SRR";28;"]";;"O";0;0;
"S11";3;"SRR";29;"{";"RESOURCES";"O";0;0;
"S11";3;"SRR";30;"RGS";;"O";0;0;
"S11";3;"SRR";31;"[";"SERVICE";"O";0;0;
"S11";3;"SRR";32;"{";"";"O";0;0;
"S11";3;"SRR";33;"AIS";;"O";0;0;
"S11";3;"SRR";36;"NTE";;"O";1;1;
"S11";3;"SRR";39;"}";;"O";0;0;
"S11";3;"SRR";40;"]";;"O";0;0;
"S11";3;"SRR";41;"[";"GENERAL_RESOURCE";"O";0;0;
"S11";3;"SRR";42;"{";"";"O";0;0;
"S11";3;"SRR";43;"AIG";;"O";0;0;
"S11";3;"SRR";46;"NTE";;"O";1;1;
"S11";3;"SRR";49;"}";;"O";0;0;
"S11";3;"SRR";50;"]";;"O";0;0;
"S11";3;"SRR";51;"[";"LOCATION_RESOURCE";"O";0;0;
"S11";3;"SRR";52;"{";"";"O";0;0;
"S11";3;"SRR";53;"AIL";;"O";0;0;
"S11";3;"SRR";56;"NTE";;"O";1;1;
"S11";3;"SRR";59;"}";;"O";0;0;
"S11";3;"SRR";60;"]";;"O";0;0;
"S11";3;"SRR";61;"[";"PERSONNEL_RESOURCE";"O";0;0;
"S11";3;"SRR";62;"{";"";"O";0;0;
"S11";3;"SRR";63;"AIP";;"O";0;0;
"S11";3;"SRR";66;"NTE";;"O";1;1;
"S11";3;"SRR";69;"}";;"O";0;0;
"S11";3;"SRR";70;"]";;"O";0;0;
"S11";3;"SRR";71;"}";;"O";0;0;
"S11";3;"SRR";72;"]";;"O";0;0;
"S12";3;"ACK";1;"MSH";;"O";0;0;
"S12";3;"ACK";2;"MSA";;"O";0;0;
"S12";3;"ACK";4;"ERR";;"O";0;1;
"S12";3;"SIU";1;"MSH";;"O";0;0;
"S12";3;"SIU";2;"SCH";;"O";0;0;
"S12";3;"SIU";5;"NTE";;"O";1;1;
"S12";3;"SIU";8;"[";"PATIENT";"O";0;0;
"S12";3;"SIU";9;"{";"";"O";0;0;
"S12";3;"SIU";10;"PID";;"O";0;0;
"S12";3;"SIU";12;"PV1";;"O";0;1;
"S12";3;"SIU";15;"PV2";;"O";0;1;
"S12";3;"SIU";19;"OBX";;"O";1;1;
"S12";3;"SIU";24;"DG1";;"O";1;1;
"S12";3;"SIU";27;"}";;"O";0;0;
"S12";3;"SIU";28;"]";;"O";0;0;
"S12";3;"SIU";29;"{";"RESOURCES";"O";0;0;
"S12";3;"SIU";30;"RGS";;"O";0;0;
"S12";3;"SIU";31;"[";"SERVICE";"O";0;0;
"S12";3;"SIU";32;"{";"";"O";0;0;
"S12";3;"SIU";33;"AIS";;"O";0;0;
"S12";3;"SIU";36;"NTE";;"O";1;1;
"S12";3;"SIU";39;"}";;"O";0;0;
"S12";3;"SIU";40;"]";;"O";0;0;
"S12";3;"SIU";41;"[";"GENERAL_RESOURCE";"O";0;0;
"S12";3;"SIU";42;"{";"";"O";0;0;
"S12";3;"SIU";43;"AIG";;"O";0;0;
"S12";3;"SIU";46;"NTE";;"O";1;1;
"S12";3;"SIU";49;"}";;"O";0;0;
"S12";3;"SIU";50;"]";;"O";0;0;
"S12";3;"SIU";51;"[";"LOCATION_RESOURCE";"O";0;0;
"S12";3;"SIU";52;"{";"";"O";0;0;
"S12";3;"SIU";53;"AIL";;"O";0;0;
"S12";3;"SIU";56;"NTE";;"O";1;1;
"S12";3;"SIU";59;"}";;"O";0;0;
"S12";3;"SIU";60;"]";;"O";0;0;
"S12";3;"SIU";61;"[";"PERSONNEL_RESOURCE";"O";0;0;
"S12";3;"SIU";62;"{";"";"O";0;0;
"S12";3;"SIU";63;"AIP";;"O";0;0;
"S12";3;"SIU";66;"NTE";;"O";1;1;
"S12";3;"SIU";69;"}";;"O";0;0;
"S12";3;"SIU";70;"]";;"O";0;0;
"S12";3;"SIU";71;"}";;"O";0;0;
"S13";3;"ACK";1;"MSH";;"O";0;0;
"S13";3;"ACK";2;"MSA";;"O";0;0;
"S13";3;"ACK";4;"ERR";;"O";0;1;
"S13";3;"SIU";1;"MSH";;"O";0;0;
"S13";3;"SIU";2;"SCH";;"O";0;0;
"S13";3;"SIU";5;"NTE";;"O";1;1;
"S13";3;"SIU";8;"[";"PATIENT";"O";0;0;
"S13";3;"SIU";9;"{";"";"O";0;0;
"S13";3;"SIU";10;"PID";;"O";0;0;
"S13";3;"SIU";12;"PV1";;"O";0;1;
"S13";3;"SIU";15;"PV2";;"O";0;1;
"S13";3;"SIU";19;"OBX";;"O";1;1;
"S13";3;"SIU";24;"DG1";;"O";1;1;
"S13";3;"SIU";27;"}";;"O";0;0;
"S13";3;"SIU";28;"]";;"O";0;0;
"S13";3;"SIU";29;"{";"RESOURCES";"O";0;0;
"S13";3;"SIU";30;"RGS";;"O";0;0;
"S13";3;"SIU";31;"[";"SERVICE";"O";0;0;
"S13";3;"SIU";32;"{";"";"O";0;0;
"S13";3;"SIU";33;"AIS";;"O";0;0;
"S13";3;"SIU";36;"NTE";;"O";1;1;
"S13";3;"SIU";39;"}";;"O";0;0;
"S13";3;"SIU";40;"]";;"O";0;0;
"S13";3;"SIU";41;"[";"GENERAL_RESOURCE";"O";0;0;
"S13";3;"SIU";42;"{";"";"O";0;0;
"S13";3;"SIU";43;"AIG";;"O";0;0;
"S13";3;"SIU";46;"NTE";;"O";1;1;
"S13";3;"SIU";49;"}";;"O";0;0;
"S13";3;"SIU";50;"]";;"O";0;0;
"S13";3;"SIU";51;"[";"LOCATION_RESOURCE";"O";0;0;
"S13";3;"SIU";52;"{";"";"O";0;0;
"S13";3;"SIU";53;"AIL";;"O";0;0;
"S13";3;"SIU";56;"NTE";;"O";1;1;
"S13";3;"SIU";59;"}";;"O";0;0;
"S13";3;"SIU";60;"]";;"O";0;0;
"S13";3;"SIU";61;"[";"PERSONNEL_RESOURCE";"O";0;0;
"S13";3;"SIU";62;"{";"";"O";0;0;
"S13";3;"SIU";63;"AIP";;"O";0;0;
"S13";3;"SIU";66;"NTE";;"O";1;1;
"S13";3;"SIU";69;"}";;"O";0;0;
"S13";3;"SIU";70;"]";;"O";0;0;
"S13";3;"SIU";71;"}";;"O";0;0;
"S14";3;"ACK";1;"MSH";;"O";0;0;
"S14";3;"ACK";2;"MSA";;"O";0;0;
"S14";3;"ACK";4;"ERR";;"O";0;1;
"S14";3;"SIU";1;"MSH";;"O";0;0;
"S14";3;"SIU";2;"SCH";;"O";0;0;
"S14";3;"SIU";5;"NTE";;"O";1;1;
"S14";3;"SIU";8;"[";"PATIENT";"O";0;0;
"S14";3;"SIU";9;"{";"";"O";0;0;
"S14";3;"SIU";10;"PID";;"O";0;0;
"S14";3;"SIU";12;"PV1";;"O";0;1;
"S14";3;"SIU";15;"PV2";;"O";0;1;
"S14";3;"SIU";19;"OBX";;"O";1;1;
"S14";3;"SIU";24;"DG1";;"O";1;1;
"S14";3;"SIU";27;"}";;"O";0;0;
"S14";3;"SIU";28;"]";;"O";0;0;
"S14";3;"SIU";29;"{";"RESOURCES";"O";0;0;
"S14";3;"SIU";30;"RGS";;"O";0;0;
"S14";3;"SIU";31;"[";"SERVICE";"O";0;0;
"S14";3;"SIU";32;"{";"";"O";0;0;
"S14";3;"SIU";33;"AIS";;"O";0;0;
"S14";3;"SIU";36;"NTE";;"O";1;1;
"S14";3;"SIU";39;"}";;"O";0;0;
"S14";3;"SIU";40;"]";;"O";0;0;
"S14";3;"SIU";41;"[";"GENERAL_RESOURCE";"O";0;0;
"S14";3;"SIU";42;"{";"";"O";0;0;
"S14";3;"SIU";43;"AIG";;"O";0;0;
"S14";3;"SIU";46;"NTE";;"O";1;1;
"S14";3;"SIU";49;"}";;"O";0;0;
"S14";3;"SIU";50;"]";;"O";0;0;
"S14";3;"SIU";51;"[";"LOCATION_RESOURCE";"O";0;0;
"S14";3;"SIU";52;"{";"";"O";0;0;
"S14";3;"SIU";53;"AIL";;"O";0;0;
"S14";3;"SIU";56;"NTE";;"O";1;1;
"S14";3;"SIU";59;"}";;"O";0;0;
"S14";3;"SIU";60;"]";;"O";0;0;
"S14";3;"SIU";61;"[";"PERSONNEL_RESOURCE";"O";0;0;
"S14";3;"SIU";62;"{";"";"O";0;0;
"S14";3;"SIU";63;"AIP";;"O";0;0;
"S14";3;"SIU";66;"NTE";;"O";1;1;
"S14";3;"SIU";69;"}";;"O";0;0;
"S14";3;"SIU";70;"]";;"O";0;0;
"S14";3;"SIU";71;"}";;"O";0;0;
"S15";3;"ACK";1;"MSH";;"O";0;0;
"S15";3;"ACK";2;"MSA";;"O";0;0;
"S15";3;"ACK";4;"ERR";;"O";0;1;
"S15";3;"SIU";1;"MSH";;"O";0;0;
"S15";3;"SIU";2;"SCH";;"O";0;0;
"S15";3;"SIU";5;"NTE";;"O";1;1;
"S15";3;"SIU";8;"[";"PATIENT";"O";0;0;
"S15";3;"SIU";9;"{";"";"O";0;0;
"S15";3;"SIU";10;"PID";;"O";0;0;
"S15";3;"SIU";12;"PV1";;"O";0;1;
"S15";3;"SIU";15;"PV2";;"O";0;1;
"S15";3;"SIU";19;"OBX";;"O";1;1;
"S15";3;"SIU";24;"DG1";;"O";1;1;
"S15";3;"SIU";27;"}";;"O";0;0;
"S15";3;"SIU";28;"]";;"O";0;0;
"S15";3;"SIU";29;"{";"RESOURCES";"O";0;0;
"S15";3;"SIU";30;"RGS";;"O";0;0;
"S15";3;"SIU";31;"[";"SERVICE";"O";0;0;
"S15";3;"SIU";32;"{";"";"O";0;0;
"S15";3;"SIU";33;"AIS";;"O";0;0;
"S15";3;"SIU";36;"NTE";;"O";1;1;
"S15";3;"SIU";39;"}";;"O";0;0;
"S15";3;"SIU";40;"]";;"O";0;0;
"S15";3;"SIU";41;"[";"GENERAL_RESOURCE";"O";0;0;
"S15";3;"SIU";42;"{";"";"O";0;0;
"S15";3;"SIU";43;"AIG";;"O";0;0;
"S15";3;"SIU";46;"NTE";;"O";1;1;
"S15";3;"SIU";49;"}";;"O";0;0;
"S15";3;"SIU";50;"]";;"O";0;0;
"S15";3;"SIU";51;"[";"LOCATION_RESOURCE";"O";0;0;
"S15";3;"SIU";52;"{";"";"O";0;0;
"S15";3;"SIU";53;"AIL";;"O";0;0;
"S15";3;"SIU";56;"NTE";;"O";1;1;
"S15";3;"SIU";59;"}";;"O";0;0;
"S15";3;"SIU";60;"]";;"O";0;0;
"S15";3;"SIU";61;"[";"PERSONNEL_RESOURCE";"O";0;0;
"S15";3;"SIU";62;"{";"";"O";0;0;
"S15";3;"SIU";63;"AIP";;"O";0;0;
"S15";3;"SIU";66;"NTE";;"O";1;1;
"S15";3;"SIU";69;"}";;"O";0;0;
"S15";3;"SIU";70;"]";;"O";0;0;
"S15";3;"SIU";71;"}";;"O";0;0;
"S16";3;"ACK";1;"MSH";;"O";0;0;
"S16";3;"ACK";2;"MSA";;"O";0;0;
"S16";3;"ACK";4;"ERR";;"O";0;1;
"S16";3;"SIU";1;"MSH";;"O";0;0;
"S16";3;"SIU";2;"SCH";;"O";0;0;
"S16";3;"SIU";5;"NTE";;"O";1;1;
"S16";3;"SIU";8;"[";"PATIENT";"O";0;0;
"S16";3;"SIU";9;"{";"";"O";0;0;
"S16";3;"SIU";10;"PID";;"O";0;0;
"S16";3;"SIU";12;"PV1";;"O";0;1;
"S16";3;"SIU";15;"PV2";;"O";0;1;
"S16";3;"SIU";19;"OBX";;"O";1;1;
"S16";3;"SIU";24;"DG1";;"O";1;1;
"S16";3;"SIU";27;"}";;"O";0;0;
"S16";3;"SIU";28;"]";;"O";0;0;
"S16";3;"SIU";29;"{";"RESOURCES";"O";0;0;
"S16";3;"SIU";30;"RGS";;"O";0;0;
"S16";3;"SIU";31;"[";"SERVICE";"O";0;0;
"S16";3;"SIU";32;"{";"";"O";0;0;
"S16";3;"SIU";33;"AIS";;"O";0;0;
"S16";3;"SIU";36;"NTE";;"O";1;1;
"S16";3;"SIU";39;"}";;"O";0;0;
"S16";3;"SIU";40;"]";;"O";0;0;
"S16";3;"SIU";41;"[";"GENERAL_RESOURCE";"O";0;0;
"S16";3;"SIU";42;"{";"";"O";0;0;
"S16";3;"SIU";43;"AIG";;"O";0;0;
"S16";3;"SIU";46;"NTE";;"O";1;1;
"S16";3;"SIU";49;"}";;"O";0;0;
"S16";3;"SIU";50;"]";;"O";0;0;
"S16";3;"SIU";51;"[";"LOCATIONL_RESOURCE";"O";0;0;
"S16";3;"SIU";52;"{";"";"O";0;0;
"S16";3;"SIU";53;"AIL";;"O";0;0;
"S16";3;"SIU";56;"NTE";;"O";1;1;
"S16";3;"SIU";59;"}";;"O";0;0;
"S16";3;"SIU";60;"]";;"O";0;0;
"S16";3;"SIU";61;"[";"PERSONNEL_RESOURCE";"O";0;0;
"S16";3;"SIU";62;"{";"";"O";0;0;
"S16";3;"SIU";63;"AIP";;"O";0;0;
"S16";3;"SIU";66;"NTE";;"O";1;1;
"S16";3;"SIU";69;"}";;"O";0;0;
"S16";3;"SIU";70;"]";;"O";0;0;
"S16";3;"SIU";71;"}";;"O";0;0;
"S17";3;"ACK";1;"MSH";;"O";0;0;
"S17";3;"ACK";2;"MSA";;"O";0;0;
"S17";3;"ACK";4;"ERR";;"O";0;1;
"S17";3;"SIU";1;"MSH";;"O";0;0;
"S17";3;"SIU";2;"SCH";;"O";0;0;
"S17";3;"SIU";5;"NTE";;"O";1;1;
"S17";3;"SIU";8;"[";"PATIENT";"O";0;0;
"S17";3;"SIU";9;"{";"";"O";0;0;
"S17";3;"SIU";10;"PID";;"O";0;0;
"S17";3;"SIU";12;"PV1";;"O";0;1;
"S17";3;"SIU";15;"PV2";;"O";0;1;
"S17";3;"SIU";19;"OBX";;"O";1;1;
"S17";3;"SIU";24;"DG1";;"O";1;1;
"S17";3;"SIU";27;"}";;"O";0;0;
"S17";3;"SIU";28;"]";;"O";0;0;
"S17";3;"SIU";29;"{";"RESOURCES";"O";0;0;
"S17";3;"SIU";30;"RGS";;"O";0;0;
"S17";3;"SIU";31;"[";"SERVICE";"O";0;0;
"S17";3;"SIU";32;"{";"";"O";0;0;
"S17";3;"SIU";33;"AIS";;"O";0;0;
"S17";3;"SIU";36;"NTE";;"O";1;1;
"S17";3;"SIU";39;"}";;"O";0;0;
"S17";3;"SIU";40;"]";;"O";0;0;
"S17";3;"SIU";41;"[";"GENERAL_RESOURCE";"O";0;0;
"S17";3;"SIU";42;"{";"";"O";0;0;
"S17";3;"SIU";43;"AIG";;"O";0;0;
"S17";3;"SIU";46;"NTE";;"O";1;1;
"S17";3;"SIU";49;"}";;"O";0;0;
"S17";3;"SIU";50;"]";;"O";0;0;
"S17";3;"SIU";51;"[";"LOCATION_RESOURCE";"O";0;0;
"S17";3;"SIU";52;"{";"";"O";0;0;
"S17";3;"SIU";53;"AIL";;"O";0;0;
"S17";3;"SIU";56;"NTE";;"O";1;1;
"S17";3;"SIU";59;"}";;"O";0;0;
"S17";3;"SIU";60;"]";;"O";0;0;
"S17";3;"SIU";61;"[";"PERSONNEL_RESOURCE";"O";0;0;
"S17";3;"SIU";62;"{";"";"O";0;0;
"S17";3;"SIU";63;"AIP";;"O";0;0;
"S17";3;"SIU";66;"NTE";;"O";1;1;
"S17";3;"SIU";69;"}";;"O";0;0;
"S17";3;"SIU";70;"]";;"O";0;0;
"S17";3;"SIU";71;"}";;"O";0;0;
"S18";3;"ACK";1;"MSH";;"O";0;0;
"S18";3;"ACK";2;"MSA";;"O";0;0;
"S18";3;"ACK";4;"ERR";;"O";0;1;
"S18";3;"SIU";1;"MSH";;"O";0;0;
"S18";3;"SIU";2;"SCH";;"O";0;0;
"S18";3;"SIU";5;"NTE";;"O";1;1;
"S18";3;"SIU";8;"[";"PATIENT";"O";0;0;
"S18";3;"SIU";9;"{";"";"O";0;0;
"S18";3;"SIU";10;"PID";;"O";0;0;
"S18";3;"SIU";12;"PV1";;"O";0;1;
"S18";3;"SIU";15;"PV2";;"O";0;1;
"S18";3;"SIU";19;"OBX";;"O";1;1;
"S18";3;"SIU";24;"DG1";;"O";1;1;
"S18";3;"SIU";27;"}";;"O";0;0;
"S18";3;"SIU";28;"]";;"O";0;0;
"S18";3;"SIU";29;"{";"RESOURCES";"O";0;0;
"S18";3;"SIU";30;"RGS";;"O";0;0;
"S18";3;"SIU";31;"[";"SERVICE";"O";0;0;
"S18";3;"SIU";32;"{";"";"O";0;0;
"S18";3;"SIU";33;"AIS";;"O";0;0;
"S18";3;"SIU";36;"NTE";;"O";1;1;
"S18";3;"SIU";39;"}";;"O";0;0;
"S18";3;"SIU";40;"]";;"O";0;0;
"S18";3;"SIU";41;"[";"GENERAL_RESOURCE";"O";0;0;
"S18";3;"SIU";42;"{";"";"O";0;0;
"S18";3;"SIU";43;"AIG";;"O";0;0;
"S18";3;"SIU";46;"NTE";;"O";1;1;
"S18";3;"SIU";49;"}";;"O";0;0;
"S18";3;"SIU";50;"]";;"O";0;0;
"S18";3;"SIU";51;"[";"LOCATION_RESOURCE";"O";0;0;
"S18";3;"SIU";52;"{";"";"O";0;0;
"S18";3;"SIU";53;"AIL";;"O";0;0;
"S18";3;"SIU";56;"NTE";;"O";1;1;
"S18";3;"SIU";59;"}";;"O";0;0;
"S18";3;"SIU";60;"]";;"O";0;0;
"S18";3;"SIU";61;"[";"PERSONNEL_RESOURCE";"O";0;0;
"S18";3;"SIU";62;"{";"";"O";0;0;
"S18";3;"SIU";63;"AIP";;"O";0;0;
"S18";3;"SIU";66;"NTE";;"O";1;1;
"S18";3;"SIU";69;"}";;"O";0;0;
"S18";3;"SIU";70;"]";;"O";0;0;
"S18";3;"SIU";71;"}";;"O";0;0;
"S19";3;"ACK";1;"MSH";;"O";0;0;
"S19";3;"ACK";2;"MSA";;"O";0;0;
"S19";3;"ACK";4;"ERR";;"O";0;1;
"S19";3;"SIU";1;"MSH";;"O";0;0;
"S19";3;"SIU";2;"SCH";;"O";0;0;
"S19";3;"SIU";5;"NTE";;"O";1;1;
"S19";3;"SIU";8;"[";"PATIENT";"O";0;0;
"S19";3;"SIU";9;"{";"";"O";0;0;
"S19";3;"SIU";10;"PID";;"O";0;0;
"S19";3;"SIU";12;"PV1";;"O";0;1;
"S19";3;"SIU";15;"PV2";;"O";0;1;
"S19";3;"SIU";19;"OBX";;"O";1;1;
"S19";3;"SIU";24;"DG1";;"O";1;1;
"S19";3;"SIU";27;"}";;"O";0;0;
"S19";3;"SIU";28;"]";;"O";0;0;
"S19";3;"SIU";29;"{";"RESOURCES";"O";0;0;
"S19";3;"SIU";30;"RGS";;"O";0;0;
"S19";3;"SIU";31;"[";"SERVICE";"O";0;0;
"S19";3;"SIU";32;"{";"";"O";0;0;
"S19";3;"SIU";33;"AIS";;"O";0;0;
"S19";3;"SIU";36;"NTE";;"O";1;1;
"S19";3;"SIU";39;"}";;"O";0;0;
"S19";3;"SIU";40;"]";;"O";0;0;
"S19";3;"SIU";41;"[";"GENERAL_RESOURCE";"O";0;0;
"S19";3;"SIU";42;"{";"";"O";0;0;
"S19";3;"SIU";43;"AIG";;"O";0;0;
"S19";3;"SIU";46;"NTE";;"O";1;1;
"S19";3;"SIU";49;"}";;"O";0;0;
"S19";3;"SIU";50;"]";;"O";0;0;
"S19";3;"SIU";51;"[";"LOCATION_RESOURCE";"O";0;0;
"S19";3;"SIU";52;"{";"";"O";0;0;
"S19";3;"SIU";53;"AIL";;"O";0;0;
"S19";3;"SIU";56;"NTE";;"O";1;1;
"S19";3;"SIU";59;"}";;"O";0;0;
"S19";3;"SIU";60;"]";;"O";0;0;
"S19";3;"SIU";61;"[";"PERSONNEL_RESOURCE";"O";0;0;
"S19";3;"SIU";62;"{";"";"O";0;0;
"S19";3;"SIU";63;"AIP";;"O";0;0;
"S19";3;"SIU";66;"NTE";;"O";1;1;
"S19";3;"SIU";69;"}";;"O";0;0;
"S19";3;"SIU";70;"]";;"O";0;0;
"S19";3;"SIU";71;"}";;"O";0;0;
"S20";3;"ACK";1;"MSH";;"O";0;0;
"S20";3;"ACK";2;"MSA";;"O";0;0;
"S20";3;"ACK";4;"ERR";;"O";0;1;
"S20";3;"SIU";1;"MSH";;"O";0;0;
"S20";3;"SIU";2;"SCH";;"O";0;0;
"S20";3;"SIU";5;"NTE";;"O";1;1;
"S20";3;"SIU";8;"[";"PATIENT";"O";0;0;
"S20";3;"SIU";9;"{";"";"O";0;0;
"S20";3;"SIU";10;"PID";;"O";0;0;
"S20";3;"SIU";12;"PV1";;"O";0;1;
"S20";3;"SIU";15;"PV2";;"O";0;1;
"S20";3;"SIU";19;"OBX";;"O";1;1;
"S20";3;"SIU";24;"DG1";;"O";1;1;
"S20";3;"SIU";27;"}";;"O";0;0;
"S20";3;"SIU";28;"]";;"O";0;0;
"S20";3;"SIU";29;"{";"RESOURCES";"O";0;0;
"S20";3;"SIU";30;"RGS";;"O";0;0;
"S20";3;"SIU";31;"[";"SERVICE";"O";0;0;
"S20";3;"SIU";32;"{";"";"O";0;0;
"S20";3;"SIU";33;"AIS";;"O";0;0;
"S20";3;"SIU";36;"NTE";;"O";1;1;
"S20";3;"SIU";39;"}";;"O";0;0;
"S20";3;"SIU";40;"]";;"O";0;0;
"S20";3;"SIU";41;"[";"GENERAL_RESOURCE";"O";0;0;
"S20";3;"SIU";42;"{";"";"O";0;0;
"S20";3;"SIU";43;"AIG";;"O";0;0;
"S20";3;"SIU";46;"NTE";;"O";1;1;
"S20";3;"SIU";49;"}";;"O";0;0;
"S20";3;"SIU";50;"]";;"O";0;0;
"S20";3;"SIU";51;"[";"LOCATION_RESOURCE";"O";0;0;
"S20";3;"SIU";52;"{";"";"O";0;0;
"S20";3;"SIU";53;"AIL";;"O";0;0;
"S20";3;"SIU";56;"NTE";;"O";1;1;
"S20";3;"SIU";59;"}";;"O";0;0;
"S20";3;"SIU";60;"]";;"O";0;0;
"S20";3;"SIU";61;"[";"PERSONNEL_RESOURCE";"O";0;0;
"S20";3;"SIU";62;"{";"";"O";0;0;
"S20";3;"SIU";63;"AIP";;"O";0;0;
"S20";3;"SIU";66;"NTE";;"O";1;1;
"S20";3;"SIU";69;"}";;"O";0;0;
"S20";3;"SIU";70;"]";;"O";0;0;
"S20";3;"SIU";71;"}";;"O";0;0;
"S21";3;"ACK";1;"MSH";;"O";0;0;
"S21";3;"ACK";2;"MSA";;"O";0;0;
"S21";3;"ACK";4;"ERR";;"O";0;1;
"S21";3;"SIU";1;"MSH";;"O";0;0;
"S21";3;"SIU";2;"SCH";;"O";0;0;
"S21";3;"SIU";5;"NTE";;"O";1;1;
"S21";3;"SIU";8;"[";"PATIENT";"O";0;0;
"S21";3;"SIU";9;"{";"";"O";0;0;
"S21";3;"SIU";10;"PID";;"O";0;0;
"S21";3;"SIU";12;"PV1";;"O";0;1;
"S21";3;"SIU";15;"PV2";;"O";0;1;
"S21";3;"SIU";19;"OBX";;"O";1;1;
"S21";3;"SIU";24;"DG1";;"O";1;1;
"S21";3;"SIU";27;"}";;"O";0;0;
"S21";3;"SIU";28;"]";;"O";0;0;
"S21";3;"SIU";29;"{";"RESOURCES";"O";0;0;
"S21";3;"SIU";30;"RGS";;"O";0;0;
"S21";3;"SIU";31;"[";"SERVICE";"O";0;0;
"S21";3;"SIU";32;"{";"";"O";0;0;
"S21";3;"SIU";33;"AIS";;"O";0;0;
"S21";3;"SIU";36;"NTE";;"O";1;1;
"S21";3;"SIU";39;"}";;"O";0;0;
"S21";3;"SIU";40;"]";;"O";0;0;
"S21";3;"SIU";41;"[";"GENERAL_RESOURCE";"O";0;0;
"S21";3;"SIU";42;"{";"";"O";0;0;
"S21";3;"SIU";43;"AIG";;"O";0;0;
"S21";3;"SIU";46;"NTE";;"O";1;1;
"S21";3;"SIU";49;"}";;"O";0;0;
"S21";3;"SIU";50;"]";;"O";0;0;
"S21";3;"SIU";51;"[";"LOCATION_RESOURCE";"O";0;0;
"S21";3;"SIU";52;"{";"";"O";0;0;
"S21";3;"SIU";53;"AIL";;"O";0;0;
"S21";3;"SIU";56;"NTE";;"O";1;1;
"S21";3;"SIU";59;"}";;"O";0;0;
"S21";3;"SIU";60;"]";;"O";0;0;
"S21";3;"SIU";61;"[";"PERSONNEL_RESOURCE";"O";0;0;
"S21";3;"SIU";62;"{";"";"O";0;0;
"S21";3;"SIU";63;"AIP";;"O";0;0;
"S21";3;"SIU";66;"NTE";;"O";1;1;
"S21";3;"SIU";69;"}";;"O";0;0;
"S21";3;"SIU";70;"]";;"O";0;0;
"S21";3;"SIU";71;"}";;"O";0;0;
"S22";3;"ACK";1;"MSH";;"O";0;0;
"S22";3;"ACK";2;"MSA";;"O";0;0;
"S22";3;"ACK";4;"ERR";;"O";0;1;
"S22";3;"SIU";1;"MSH";;"O";0;0;
"S22";3;"SIU";2;"SCH";;"O";0;0;
"S22";3;"SIU";5;"NTE";;"O";1;1;
"S22";3;"SIU";8;"[";"PATIENT";"O";0;0;
"S22";3;"SIU";9;"{";"";"O";0;0;
"S22";3;"SIU";10;"PID";;"O";0;0;
"S22";3;"SIU";12;"PV1";;"O";0;1;
"S22";3;"SIU";15;"PV2";;"O";0;1;
"S22";3;"SIU";19;"OBX";;"O";1;1;
"S22";3;"SIU";24;"DG1";;"O";1;1;
"S22";3;"SIU";27;"}";;"O";0;0;
"S22";3;"SIU";28;"]";;"O";0;0;
"S22";3;"SIU";29;"{";"RESOURCES";"O";0;0;
"S22";3;"SIU";30;"RGS";;"O";0;0;
"S22";3;"SIU";31;"[";"SERVICE";"O";0;0;
"S22";3;"SIU";32;"{";"";"O";0;0;
"S22";3;"SIU";33;"AIS";;"O";0;0;
"S22";3;"SIU";36;"NTE";;"O";1;1;
"S22";3;"SIU";39;"}";;"O";0;0;
"S22";3;"SIU";40;"]";;"O";0;0;
"S22";3;"SIU";41;"[";"GENERAL_RESOURCE";"O";0;0;
"S22";3;"SIU";42;"{";"";"O";0;0;
"S22";3;"SIU";43;"AIG";;"O";0;0;
"S22";3;"SIU";46;"NTE";;"O";1;1;
"S22";3;"SIU";49;"}";;"O";0;0;
"S22";3;"SIU";50;"]";;"O";0;0;
"S22";3;"SIU";51;"[";"LOCATION_RESOURCE";"O";0;0;
"S22";3;"SIU";52;"{";"";"O";0;0;
"S22";3;"SIU";53;"AIL";;"O";0;0;
"S22";3;"SIU";56;"NTE";;"O";1;1;
"S22";3;"SIU";59;"}";;"O";0;0;
"S22";3;"SIU";60;"]";;"O";0;0;
"S22";3;"SIU";61;"[";"PERSONNEL_RESOURCE";"O";0;0;
"S22";3;"SIU";62;"{";"";"O";0;0;
"S22";3;"SIU";63;"AIP";;"O";0;0;
"S22";3;"SIU";66;"NTE";;"O";1;1;
"S22";3;"SIU";69;"}";;"O";0;0;
"S22";3;"SIU";70;"]";;"O";0;0;
"S22";3;"SIU";71;"}";;"O";0;0;
"S23";3;"ACK";1;"MSH";;"O";0;0;
"S23";3;"ACK";2;"MSA";;"O";0;0;
"S23";3;"ACK";4;"ERR";;"O";0;1;
"S23";3;"SIU";1;"MSH";;"O";0;0;
"S23";3;"SIU";2;"SCH";;"O";0;0;
"S23";3;"SIU";5;"NTE";;"O";1;1;
"S23";3;"SIU";8;"[";"PATIENT";"O";0;0;
"S23";3;"SIU";9;"{";"";"O";0;0;
"S23";3;"SIU";10;"PID";;"O";0;0;
"S23";3;"SIU";12;"PV1";;"O";0;1;
"S23";3;"SIU";15;"PV2";;"O";0;1;
"S23";3;"SIU";19;"OBX";;"O";1;1;
"S23";3;"SIU";24;"DG1";;"O";1;1;
"S23";3;"SIU";27;"}";;"O";0;0;
"S23";3;"SIU";28;"]";;"O";0;0;
"S23";3;"SIU";29;"{";"RESOURCES";"O";0;0;
"S23";3;"SIU";30;"RGS";;"O";0;0;
"S23";3;"SIU";31;"[";"SERVICE";"O";0;0;
"S23";3;"SIU";32;"{";"";"O";0;0;
"S23";3;"SIU";33;"AIS";;"O";0;0;
"S23";3;"SIU";36;"NTE";;"O";1;1;
"S23";3;"SIU";39;"}";;"O";0;0;
"S23";3;"SIU";40;"]";;"O";0;0;
"S23";3;"SIU";41;"[";"GENERAL_RESOURCE";"O";0;0;
"S23";3;"SIU";42;"{";"";"O";0;0;
"S23";3;"SIU";43;"AIG";;"O";0;0;
"S23";3;"SIU";46;"NTE";;"O";1;1;
"S23";3;"SIU";49;"}";;"O";0;0;
"S23";3;"SIU";50;"]";;"O";0;0;
"S23";3;"SIU";51;"[";"LOCATION_RESOURCE";"O";0;0;
"S23";3;"SIU";52;"{";"";"O";0;0;
"S23";3;"SIU";53;"AIL";;"O";0;0;
"S23";3;"SIU";56;"NTE";;"O";1;1;
"S23";3;"SIU";59;"}";;"O";0;0;
"S23";3;"SIU";60;"]";;"O";0;0;
"S23";3;"SIU";61;"[";"PERSONNEL_RESOURCE";"O";0;0;
"S23";3;"SIU";62;"{";"";"O";0;0;
"S23";3;"SIU";63;"AIP";;"O";0;0;
"S23";3;"SIU";66;"NTE";;"O";1;1;
"S23";3;"SIU";69;"}";;"O";0;0;
"S23";3;"SIU";70;"]";;"O";0;0;
"S23";3;"SIU";71;"}";;"O";0;0;
"S24";3;"ACK";1;"MSH";;"O";0;0;
"S24";3;"ACK";2;"MSA";;"O";0;0;
"S24";3;"ACK";4;"ERR";;"O";0;1;
"S24";3;"SIU";1;"MSH";;"O";0;0;
"S24";3;"SIU";2;"SCH";;"O";0;0;
"S24";3;"SIU";5;"NTE";;"O";1;1;
"S24";3;"SIU";8;"[";"PATIENT";"O";0;0;
"S24";3;"SIU";9;"{";"";"O";0;0;
"S24";3;"SIU";10;"PID";;"O";0;0;
"S24";3;"SIU";12;"PV1";;"O";0;1;
"S24";3;"SIU";15;"PV2";;"O";0;1;
"S24";3;"SIU";19;"OBX";;"O";1;1;
"S24";3;"SIU";24;"DG1";;"O";1;1;
"S24";3;"SIU";27;"}";;"O";0;0;
"S24";3;"SIU";28;"]";;"O";0;0;
"S24";3;"SIU";29;"{";"RESOURCES";"O";0;0;
"S24";3;"SIU";30;"RGS";;"O";0;0;
"S24";3;"SIU";31;"[";"SERVICE";"O";0;0;
"S24";3;"SIU";32;"{";"";"O";0;0;
"S24";3;"SIU";33;"AIS";;"O";0;0;
"S24";3;"SIU";36;"NTE";;"O";1;1;
"S24";3;"SIU";39;"}";;"O";0;0;
"S24";3;"SIU";40;"]";;"O";0;0;
"S24";3;"SIU";41;"[";"GENERAL_RESOURCE";"O";0;0;
"S24";3;"SIU";42;"{";"";"O";0;0;
"S24";3;"SIU";43;"AIG";;"O";0;0;
"S24";3;"SIU";46;"NTE";;"O";1;1;
"S24";3;"SIU";49;"}";;"O";0;0;
"S24";3;"SIU";50;"]";;"O";0;0;
"S24";3;"SIU";51;"[";"LOCATION_RESOURCE";"O";0;0;
"S24";3;"SIU";52;"{";"";"O";0;0;
"S24";3;"SIU";53;"AIL";;"O";0;0;
"S24";3;"SIU";56;"NTE";;"O";1;1;
"S24";3;"SIU";59;"}";;"O";0;0;
"S24";3;"SIU";60;"]";;"O";0;0;
"S24";3;"SIU";61;"[";"PERSONNEL_RESOURCE";"O";0;0;
"S24";3;"SIU";62;"{";"";"O";0;0;
"S24";3;"SIU";63;"AIP";;"O";0;0;
"S24";3;"SIU";66;"NTE";;"O";1;1;
"S24";3;"SIU";69;"}";;"O";0;0;
"S24";3;"SIU";70;"]";;"O";0;0;
"S24";3;"SIU";71;"}";;"O";0;0;
"S25";3;"SQM";1;"MSH";;"O";0;0;
"S25";3;"SQM";2;"QRD";;"O";0;0;
"S25";3;"SQM";4;"QRF";;"O";0;1;
"S25";3;"SQM";6;"[";"REQUEST";"O";0;0;
"S25";3;"SQM";7;"ARQ";;"O";0;0;
"S25";3;"SQM";9;"APR";;"O";0;1;
"S25";3;"SQM";12;"PID";;"O";0;1;
"S25";3;"SQM";14;"{";"RESOURCES";"O";0;0;
"S25";3;"SQM";15;"RGS";;"O";0;0;
"S25";3;"SQM";16;"[";"SERVICE";"O";0;0;
"S25";3;"SQM";17;"{";"";"O";0;0;
"S25";3;"SQM";18;"AIS";;"O";0;0;
"S25";3;"SQM";20;"APR";;"O";0;1;
"S25";3;"SQM";22;"}";;"O";0;0;
"S25";3;"SQM";23;"]";;"O";0;0;
"S25";3;"SQM";24;"[";"GENERAL_RESOURCE";"O";0;0;
"S25";3;"SQM";25;"{";"";"O";0;0;
"S25";3;"SQM";26;"AIG";;"O";0;0;
"S25";3;"SQM";28;"APR";;"O";0;1;
"S25";3;"SQM";30;"}";;"O";0;0;
"S25";3;"SQM";31;"]";;"O";0;0;
"S25";3;"SQM";32;"[";"PERSONNEL_RESOURCE";"O";0;0;
"S25";3;"SQM";33;"{";"";"O";0;0;
"S25";3;"SQM";34;"AIP";;"O";0;0;
"S25";3;"SQM";36;"APR";;"O";0;1;
"S25";3;"SQM";38;"}";;"O";0;0;
"S25";3;"SQM";39;"]";;"O";0;0;
"S25";3;"SQM";40;"[";"LOCATION_RESOURCE";"O";0;0;
"S25";3;"SQM";41;"{";"";"O";0;0;
"S25";3;"SQM";42;"AIL";;"O";0;0;
"S25";3;"SQM";44;"APR";;"O";0;1;
"S25";3;"SQM";46;"}";;"O";0;0;
"S25";3;"SQM";47;"]";;"O";0;0;
"S25";3;"SQM";48;"}";;"O";0;0;
"S25";3;"SQM";49;"]";;"O";0;0;
"S25";3;"SQM";51;"DSC";;"O";0;1;
"S25";3;"SQR";1;"MSH";;"O";0;0;
"S25";3;"SQR";2;"MSA";;"O";0;0;
"S25";3;"SQR";4;"ERR";;"O";0;1;
"S25";3;"SQR";6;"QAK";;"O";0;0;
"S25";3;"SQR";7;"[";"SCHEDULE";"O";0;0;
"S25";3;"SQR";8;"{";"";"O";0;0;
"S25";3;"SQR";9;"SCH";;"O";0;0;
"S25";3;"SQR";12;"NTE";;"O";1;1;
"S25";3;"SQR";15;"[";"PATIENT";"O";0;0;
"S25";3;"SQR";16;"PID";;"O";0;0;
"S25";3;"SQR";18;"PV1";;"O";0;1;
"S25";3;"SQR";21;"PV2";;"O";0;1;
"S25";3;"SQR";24;"DG1";;"O";0;1;
"S25";3;"SQR";26;"]";;"O";0;0;
"S25";3;"SQR";27;"{";"RESOURCES";"O";0;0;
"S25";3;"SQR";28;"RGS";;"O";0;0;
"S25";3;"SQR";29;"[";"SERVICE";"O";0;0;
"S25";3;"SQR";30;"{";"";"O";0;0;
"S25";3;"SQR";31;"AIS";;"O";0;0;
"S25";3;"SQR";34;"NTE";;"O";1;1;
"S25";3;"SQR";37;"}";;"O";0;0;
"S25";3;"SQR";38;"]";;"O";0;0;
"S25";3;"SQR";39;"[";"GENERAL_RESOURCE";"O";0;0;
"S25";3;"SQR";40;"{";"";"O";0;0;
"S25";3;"SQR";41;"AIG";;"O";0;0;
"S25";3;"SQR";44;"NTE";;"O";1;1;
"S25";3;"SQR";47;"}";;"O";0;0;
"S25";3;"SQR";48;"]";;"O";0;0;
"S25";3;"SQR";49;"[";"PERSONNEL_RESOURCE";"O";0;0;
"S25";3;"SQR";50;"{";"";"O";0;0;
"S25";3;"SQR";51;"AIP";;"O";0;0;
"S25";3;"SQR";54;"NTE";;"O";1;1;
"S25";3;"SQR";57;"}";;"O";0;0;
"S25";3;"SQR";58;"]";;"O";0;0;
"S25";3;"SQR";59;"[";"LOCATION_RESOURCE";"O";0;0;
"S25";3;"SQR";60;"{";"";"O";0;0;
"S25";3;"SQR";61;"AIL";;"O";0;0;
"S25";3;"SQR";64;"NTE";;"O";1;1;
"S25";3;"SQR";67;"}";;"O";0;0;
"S25";3;"SQR";68;"]";;"O";0;0;
"S25";3;"SQR";69;"}";;"O";0;0;
"S25";3;"SQR";70;"}";;"O";0;0;
"S25";3;"SQR";71;"]";;"O";0;0;
"S25";3;"SQR";73;"DSC";;"O";0;1;
"S25";4;"SQM";1;"MSH";;"O";0;0;
"S25";4;"SQM";2;"QRD";;"O";0;0;
"S25";4;"SQM";4;"QRF";;"O";0;1;
"S25";4;"SQM";6;"[";"REQUEST";"O";0;0;
"S25";4;"SQM";7;"ARQ";;"O";0;0;
"S25";4;"SQM";9;"APR";;"O";0;1;
"S25";4;"SQM";12;"PID";;"O";0;1;
"S25";4;"SQM";14;"{";"RESOURCES";"O";0;0;
"S25";4;"SQM";15;"RGS";;"O";0;0;
"S25";4;"SQM";16;"[";"SERVICE";"O";0;0;
"S25";4;"SQM";17;"{";"";"O";0;0;
"S25";4;"SQM";18;"AIS";;"O";0;0;
"S25";4;"SQM";20;"APR";;"O";0;1;
"S25";4;"SQM";22;"}";;"O";0;0;
"S25";4;"SQM";23;"]";;"O";0;0;
"S25";4;"SQM";24;"[";"GENERAL_RESOURCE";"O";0;0;
"S25";4;"SQM";25;"{";"";"O";0;0;
"S25";4;"SQM";26;"AIG";;"O";0;0;
"S25";4;"SQM";28;"APR";;"O";0;1;
"S25";4;"SQM";30;"}";;"O";0;0;
"S25";4;"SQM";31;"]";;"O";0;0;
"S25";4;"SQM";32;"[";"PERSONNEL_RESOURCE";"O";0;0;
"S25";4;"SQM";33;"{";"";"O";0;0;
"S25";4;"SQM";34;"AIP";;"O";0;0;
"S25";4;"SQM";36;"APR";;"O";0;1;
"S25";4;"SQM";38;"}";;"O";0;0;
"S25";4;"SQM";39;"]";;"O";0;0;
"S25";4;"SQM";40;"[";"LOCATION_RESOURCE";"O";0;0;
"S25";4;"SQM";41;"{";"";"O";0;0;
"S25";4;"SQM";42;"AIL";;"O";0;0;
"S25";4;"SQM";44;"APR";;"O";0;1;
"S25";4;"SQM";46;"}";;"O";0;0;
"S25";4;"SQM";47;"]";;"O";0;0;
"S25";4;"SQM";48;"}";;"O";0;0;
"S25";4;"SQM";49;"]";;"O";0;0;
"S25";4;"SQM";51;"DSC";;"O";0;1;
"S25";4;"SQR";1;"MSH";;"O";0;0;
"S25";4;"SQR";2;"MSA";;"O";0;0;
"S25";4;"SQR";4;"ERR";;"O";0;1;
"S25";4;"SQR";6;"QAK";;"O";0;0;
"S25";4;"SQR";7;"[";"SCHEDULE";"O";0;0;
"S25";4;"SQR";8;"{";"";"O";0;0;
"S25";4;"SQR";9;"SCH";;"O";0;0;
"S25";4;"SQR";12;"NTE";;"O";1;1;
"S25";4;"SQR";15;"[";"PATIENT";"O";0;0;
"S25";4;"SQR";16;"PID";;"O";0;0;
"S25";4;"SQR";18;"PV1";;"O";0;1;
"S25";4;"SQR";21;"PV2";;"O";0;1;
"S25";4;"SQR";24;"DG1";;"O";0;1;
"S25";4;"SQR";26;"]";;"O";0;0;
"S25";4;"SQR";27;"{";"RESOURCES";"O";0;0;
"S25";4;"SQR";28;"RGS";;"O";0;0;
"S25";4;"SQR";29;"[";"SERVICE";"O";0;0;
"S25";4;"SQR";30;"{";"";"O";0;0;
"S25";4;"SQR";31;"AIS";;"O";0;0;
"S25";4;"SQR";34;"NTE";;"O";1;1;
"S25";4;"SQR";37;"}";;"O";0;0;
"S25";4;"SQR";38;"]";;"O";0;0;
"S25";4;"SQR";39;"[";"GENERAL_RESOURCE";"O";0;0;
"S25";4;"SQR";40;"{";"";"O";0;0;
"S25";4;"SQR";41;"AIG";;"O";0;0;
"S25";4;"SQR";44;"NTE";;"O";1;1;
"S25";4;"SQR";47;"}";;"O";0;0;
"S25";4;"SQR";48;"]";;"O";0;0;
"S25";4;"SQR";49;"[";"PERSONNEL_RESOURCE";"O";0;0;
"S25";4;"SQR";50;"{";"";"O";0;0;
"S25";4;"SQR";51;"AIP";;"O";0;0;
"S25";4;"SQR";54;"NTE";;"O";1;1;
"S25";4;"SQR";57;"}";;"O";0;0;
"S25";4;"SQR";58;"]";;"O";0;0;
"S25";4;"SQR";59;"[";"LOCATION_RESOURCE";"O";0;0;
"S25";4;"SQR";60;"{";"";"O";0;0;
"S25";4;"SQR";61;"AIL";;"O";0;0;
"S25";4;"SQR";64;"NTE";;"O";1;1;
"S25";4;"SQR";67;"}";;"O";0;0;
"S25";4;"SQR";68;"]";;"O";0;0;
"S25";4;"SQR";69;"}";;"O";0;0;
"S25";4;"SQR";70;"}";;"O";0;0;
"S25";4;"SQR";71;"]";;"O";0;0;
"S25";4;"SQR";73;"DSC";;"O";0;1;
"S25";5;"SQM";1;"MSH";;"O";0;0;
"S25";5;"SQM";2;"QRD";;"O";0;0;
"S25";5;"SQM";4;"QRF";;"O";0;1;
"S25";5;"SQM";6;"[";"REQUEST";"O";0;0;
"S25";5;"SQM";7;"ARQ";;"O";0;0;
"S25";5;"SQM";9;"APR";;"O";0;1;
"S25";5;"SQM";12;"PID";;"O";0;1;
"S25";5;"SQM";14;"{";"RESOURCES";"O";0;0;
"S25";5;"SQM";15;"RGS";;"O";0;0;
"S25";5;"SQM";16;"[";"SERVICE";"O";0;0;
"S25";5;"SQM";17;"{";"";"O";0;0;
"S25";5;"SQM";18;"AIS";;"O";0;0;
"S25";5;"SQM";20;"APR";;"O";0;1;
"S25";5;"SQM";22;"}";;"O";0;0;
"S25";5;"SQM";23;"]";;"O";0;0;
"S25";5;"SQM";24;"[";"GENERAL_RESOURCE";"O";0;0;
"S25";5;"SQM";25;"{";"";"O";0;0;
"S25";5;"SQM";26;"AIG";;"O";0;0;
"S25";5;"SQM";28;"APR";;"O";0;1;
"S25";5;"SQM";30;"}";;"O";0;0;
"S25";5;"SQM";31;"]";;"O";0;0;
"S25";5;"SQM";32;"[";"PERSONNEL_RESOURCE";"O";0;0;
"S25";5;"SQM";33;"{";"";"O";0;0;
"S25";5;"SQM";34;"AIP";;"O";0;0;
"S25";5;"SQM";36;"APR";;"O";0;1;
"S25";5;"SQM";38;"}";;"O";0;0;
"S25";5;"SQM";39;"]";;"O";0;0;
"S25";5;"SQM";40;"[";"LOCATION_RESOURCE";"O";0;0;
"S25";5;"SQM";41;"{";"";"O";0;0;
"S25";5;"SQM";42;"AIL";;"O";0;0;
"S25";5;"SQM";44;"APR";;"O";0;1;
"S25";5;"SQM";46;"}";;"O";0;0;
"S25";5;"SQM";47;"]";;"O";0;0;
"S25";5;"SQM";48;"}";;"O";0;0;
"S25";5;"SQM";49;"]";;"O";0;0;
"S25";5;"SQM";51;"DSC";;"O";0;1;
"S25";5;"SQR";1;"MSH";;"O";0;0;
"S25";5;"SQR";2;"MSA";;"O";0;0;
"S25";5;"SQR";4;"ERR";;"O";0;1;
"S25";5;"SQR";6;"QAK";;"O";0;0;
"S25";5;"SQR";7;"[";"SCHEDULE";"O";0;0;
"S25";5;"SQR";8;"{";"";"O";0;0;
"S25";5;"SQR";9;"SCH";;"O";0;0;
"S25";5;"SQR";12;"NTE";;"O";1;1;
"S25";5;"SQR";15;"[";"PATIENT";"O";0;0;
"S25";5;"SQR";16;"PID";;"O";0;0;
"S25";5;"SQR";18;"PV1";;"O";0;1;
"S25";5;"SQR";21;"PV2";;"O";0;1;
"S25";5;"SQR";24;"DG1";;"O";0;1;
"S25";5;"SQR";26;"]";;"O";0;0;
"S25";5;"SQR";27;"{";"RESOURCES";"O";0;0;
"S25";5;"SQR";28;"RGS";;"O";0;0;
"S25";5;"SQR";29;"[";"SERVICE";"O";0;0;
"S25";5;"SQR";30;"{";"";"O";0;0;
"S25";5;"SQR";31;"AIS";;"O";0;0;
"S25";5;"SQR";34;"NTE";;"O";1;1;
"S25";5;"SQR";37;"}";;"O";0;0;
"S25";5;"SQR";38;"]";;"O";0;0;
"S25";5;"SQR";39;"[";"GENERAL_RESOURCE";"O";0;0;
"S25";5;"SQR";40;"{";"";"O";0;0;
"S25";5;"SQR";41;"AIG";;"O";0;0;
"S25";5;"SQR";44;"NTE";;"O";1;1;
"S25";5;"SQR";47;"}";;"O";0;0;
"S25";5;"SQR";48;"]";;"O";0;0;
"S25";5;"SQR";49;"[";"PERSONNEL_RESOURCE";"O";0;0;
"S25";5;"SQR";50;"{";"";"O";0;0;
"S25";5;"SQR";51;"AIP";;"O";0;0;
"S25";5;"SQR";54;"NTE";;"O";1;1;
"S25";5;"SQR";57;"}";;"O";0;0;
"S25";5;"SQR";58;"]";;"O";0;0;
"S25";5;"SQR";59;"[";"LOCATION_RESOURCE";"O";0;0;
"S25";5;"SQR";60;"{";"";"O";0;0;
"S25";5;"SQR";61;"AIL";;"O";0;0;
"S25";5;"SQR";64;"NTE";;"O";1;1;
"S25";5;"SQR";67;"}";;"O";0;0;
"S25";5;"SQR";68;"]";;"O";0;0;
"S25";5;"SQR";69;"}";;"O";0;0;
"S25";5;"SQR";70;"}";;"O";0;0;
"S25";5;"SQR";71;"]";;"O";0;0;
"S25";5;"SQR";73;"DSC";;"O";0;1;
"S26";3;"ACK";1;"MSH";;"O";0;0;
"S26";3;"ACK";2;"MSA";;"O";0;0;
"S26";3;"ACK";4;"ERR";;"O";0;1;
"S26";3;"SIU";1;"MSH";;"O";0;0;
"S26";3;"SIU";2;"SCH";;"O";0;0;
"S26";3;"SIU";5;"NTE";;"O";1;1;
"S26";3;"SIU";8;"[";"PATIENT";"O";0;0;
"S26";3;"SIU";9;"{";"";"O";0;0;
"S26";3;"SIU";10;"PID";;"O";0;0;
"S26";3;"SIU";12;"PV1";;"O";0;1;
"S26";3;"SIU";15;"PV2";;"O";0;1;
"S26";3;"SIU";19;"OBX";;"O";1;1;
"S26";3;"SIU";24;"DG1";;"O";1;1;
"S26";3;"SIU";27;"}";;"O";0;0;
"S26";3;"SIU";28;"]";;"O";0;0;
"S26";3;"SIU";29;"{";"RESOURCES";"O";0;0;
"S26";3;"SIU";30;"RGS";;"O";0;0;
"S26";3;"SIU";31;"[";"SERVICE";"O";0;0;
"S26";3;"SIU";32;"{";"";"O";0;0;
"S26";3;"SIU";33;"AIS";;"O";0;0;
"S26";3;"SIU";36;"NTE";;"O";1;1;
"S26";3;"SIU";39;"}";;"O";0;0;
"S26";3;"SIU";40;"]";;"O";0;0;
"S26";3;"SIU";41;"[";"GENERAL_RESOURCE";"O";0;0;
"S26";3;"SIU";42;"{";"";"O";0;0;
"S26";3;"SIU";43;"AIG";;"O";0;0;
"S26";3;"SIU";46;"NTE";;"O";1;1;
"S26";3;"SIU";49;"}";;"O";0;0;
"S26";3;"SIU";50;"]";;"O";0;0;
"S26";3;"SIU";51;"[";"LOCATION_RESOURCE";"O";0;0;
"S26";3;"SIU";52;"{";"";"O";0;0;
"S26";3;"SIU";53;"AIL";;"O";0;0;
"S26";3;"SIU";56;"NTE";;"O";1;1;
"S26";3;"SIU";59;"}";;"O";0;0;
"S26";3;"SIU";60;"]";;"O";0;0;
"S26";3;"SIU";61;"[";"PERSONNEL_RESOURCE";"O";0;0;
"S26";3;"SIU";62;"{";"";"O";0;0;
"S26";3;"SIU";63;"AIP";;"O";0;0;
"S26";3;"SIU";66;"NTE";;"O";1;1;
"S26";3;"SIU";69;"}";;"O";0;0;
"S26";3;"SIU";70;"]";;"O";0;0;
"S26";3;"SIU";71;"}";;"O";0;0;
"T01";3;"ACK";1;"MSH";;"O";0;0;
"T01";3;"ACK";2;"MSA";;"O";0;0;
"T01";3;"ACK";4;"ERR";;"O";0;1;
"T01";3;"MDM";1;"MSH";;"O";0;0;
"T01";3;"MDM";2;"EVN";;"O";0;0;
"T01";3;"MDM";3;"PID";;"O";0;0;
"T01";3;"MDM";4;"PV1";;"O";0;0;
"T01";3;"MDM";5;"TXA";;"O";0;0;
"T01";4;"ACK";1;"MSH";;"O";0;0;
"T01";4;"ACK";2;"MSA";;"O";0;0;
"T01";4;"ACK";4;"ERR";;"O";0;1;
"T01";4;"MDM";1;"MSH";;"O";0;0;
"T01";4;"MDM";2;"EVN";;"O";0;0;
"T01";4;"MDM";3;"PID";;"O";0;0;
"T01";4;"MDM";4;"PV1";;"O";0;0;
"T01";4;"MDM";5;"TXA";;"O";0;0;
"T02";3;"ACK";1;"MSH";;"O";0;0;
"T02";3;"ACK";2;"MSA";;"O";0;0;
"T02";3;"ACK";4;"ERR";;"O";0;1;
"T02";3;"MDM";1;"MSH";;"O";0;0;
"T02";3;"MDM";2;"EVN";;"O";0;0;
"T02";3;"MDM";3;"PID";;"O";0;0;
"T02";3;"MDM";4;"PV1";;"O";0;0;
"T02";3;"MDM";5;"TXA";;"O";0;0;
"T02";3;"MDM";7;"OBX";;"O";1;0;
"T02";4;"ACK";1;"MSH";;"O";0;0;
"T02";4;"ACK";2;"MSA";;"O";0;0;
"T02";4;"ACK";4;"ERR";;"O";0;1;
"T02";4;"MDM";1;"MSH";;"O";0;0;
"T02";4;"MDM";2;"EVN";;"O";0;0;
"T02";4;"MDM";3;"PID";;"O";0;0;
"T02";4;"MDM";4;"PV1";;"O";0;0;
"T02";4;"MDM";5;"TXA";;"O";0;0;
"T02";4;"MDM";7;"OBX";;"O";1;0;
"T03";3;"ACK";1;"MSH";;"O";0;0;
"T03";3;"ACK";2;"MSA";;"O";0;0;
"T03";3;"ACK";4;"ERR";;"O";0;1;
"T03";3;"MDM";1;"MSH";;"O";0;0;
"T03";3;"MDM";2;"EVN";;"O";0;0;
"T03";3;"MDM";3;"PID";;"O";0;0;
"T03";3;"MDM";4;"PV1";;"O";0;0;
"T03";3;"MDM";5;"TXA";;"O";0;0;
"T03";4;"ACK";1;"MSH";;"O";0;0;
"T03";4;"ACK";2;"MSA";;"O";0;0;
"T03";4;"ACK";4;"ERR";;"O";0;1;
"T03";4;"MDM";1;"MSH";;"O";0;0;
"T03";4;"MDM";2;"EVN";;"O";0;0;
"T03";4;"MDM";3;"PID";;"O";0;0;
"T03";4;"MDM";4;"PV1";;"O";0;0;
"T03";4;"MDM";5;"TXA";;"O";0;0;
"T04";3;"ACK";1;"MSH";;"O";0;0;
"T04";3;"ACK";2;"MSA";;"O";0;0;
"T04";3;"ACK";4;"ERR";;"O";0;1;
"T04";3;"MDM";1;"MSH";;"O";0;0;
"T04";3;"MDM";2;"EVN";;"O";0;0;
"T04";3;"MDM";3;"PID";;"O";0;0;
"T04";3;"MDM";4;"PV1";;"O";0;0;
"T04";3;"MDM";5;"TXA";;"O";0;0;
"T04";3;"MDM";7;"OBX";;"O";1;0;
"T04";4;"ACK";1;"MSH";;"O";0;0;
"T04";4;"ACK";2;"MSA";;"O";0;0;
"T04";4;"ACK";4;"ERR";;"O";0;1;
"T04";4;"MDM";1;"MSH";;"O";0;0;
"T04";4;"MDM";2;"EVN";;"O";0;0;
"T04";4;"MDM";3;"PID";;"O";0;0;
"T04";4;"MDM";4;"PV1";;"O";0;0;
"T04";4;"MDM";5;"TXA";;"O";0;0;
"T04";4;"MDM";7;"OBX";;"O";0;0;
"T05";3;"ACK";1;"MSH";;"O";0;0;
"T05";3;"ACK";2;"MSA";;"O";0;0;
"T05";3;"ACK";4;"ERR";;"O";0;1;
"T05";3;"MDM";1;"MSH";;"O";0;0;
"T05";3;"MDM";2;"EVN";;"O";0;0;
"T05";3;"MDM";3;"PID";;"O";0;0;
"T05";3;"MDM";4;"PV1";;"O";0;0;
"T05";3;"MDM";5;"TXA";;"O";0;0;
"T05";4;"ACK";1;"MSH";;"O";0;0;
"T05";4;"ACK";2;"MSA";;"O";0;0;
"T05";4;"ACK";4;"ERR";;"O";0;1;
"T05";4;"MDM";1;"MSH";;"O";0;0;
"T05";4;"MDM";2;"EVN";;"O";0;0;
"T05";4;"MDM";3;"PID";;"O";0;0;
"T05";4;"MDM";4;"PV1";;"O";0;0;
"T05";4;"MDM";5;"TXA";;"O";0;0;
"T06";3;"ACK";1;"MSH";;"O";0;0;
"T06";3;"ACK";2;"MSA";;"O";0;0;
"T06";3;"ACK";4;"ERR";;"O";0;1;
"T06";3;"MDM";1;"MSH";;"O";0;0;
"T06";3;"MDM";2;"EVN";;"O";0;0;
"T06";3;"MDM";3;"PID";;"O";0;0;
"T06";3;"MDM";4;"PV1";;"O";0;0;
"T06";3;"MDM";5;"TXA";;"O";0;0;
"T06";3;"MDM";7;"OBX";;"O";1;0;
"T06";4;"ACK";1;"MSH";;"O";0;0;
"T06";4;"ACK";2;"MSA";;"O";0;0;
"T06";4;"ACK";4;"ERR";;"O";0;1;
"T06";4;"MDM";1;"MSH";;"O";0;0;
"T06";4;"MDM";2;"EVN";;"O";0;0;
"T06";4;"MDM";3;"PID";;"O";0;0;
"T06";4;"MDM";4;"PV1";;"O";0;0;
"T06";4;"MDM";5;"TXA";;"O";0;0;
"T06";4;"MDM";7;"OBX";;"O";1;0;
"T07";3;"ACK";1;"MSH";;"O";0;0;
"T07";3;"ACK";2;"MSA";;"O";0;0;
"T07";3;"ACK";4;"ERR";;"O";0;1;
"T07";3;"MDM";1;"MSH";;"O";0;0;
"T07";3;"MDM";2;"EVN";;"O";0;0;
"T07";3;"MDM";3;"PID";;"O";0;0;
"T07";3;"MDM";4;"PV1";;"O";0;0;
"T07";3;"MDM";5;"TXA";;"O";0;0;
"T07";4;"ACK";1;"MSH";;"O";0;0;
"T07";4;"ACK";2;"MSA";;"O";0;0;
"T07";4;"ACK";4;"ERR";;"O";0;1;
"T07";4;"MDM";1;"MSH";;"O";0;0;
"T07";4;"MDM";2;"EVN";;"O";0;0;
"T07";4;"MDM";3;"PID";;"O";0;0;
"T07";4;"MDM";4;"PV1";;"O";0;0;
"T07";4;"MDM";5;"TXA";;"O";0;0;
"T08";3;"ACK";1;"MSH";;"O";0;0;
"T08";3;"ACK";2;"MSA";;"O";0;0;
"T08";3;"ACK";4;"ERR";;"O";0;1;
"T08";3;"MDM";1;"MSH";;"O";0;0;
"T08";3;"MDM";2;"EVN";;"O";0;0;
"T08";3;"MDM";3;"PID";;"O";0;0;
"T08";3;"MDM";4;"PV1";;"O";0;0;
"T08";3;"MDM";5;"TXA";;"O";0;0;
"T08";3;"MDM";7;"OBX";;"O";1;0;
"T08";4;"ACK";1;"MSH";;"O";0;0;
"T08";4;"ACK";2;"MSA";;"O";0;0;
"T08";4;"ACK";4;"ERR";;"O";0;1;
"T08";4;"MDM";1;"MSH";;"O";0;0;
"T08";4;"MDM";2;"EVN";;"O";0;0;
"T08";4;"MDM";3;"PID";;"O";0;0;
"T08";4;"MDM";4;"PV1";;"O";0;0;
"T08";4;"MDM";5;"TXA";;"O";0;0;
"T08";4;"MDM";7;"OBX";;"O";1;0;
"T09";3;"ACK";1;"MSH";;"O";0;0;
"T09";3;"ACK";2;"MSA";;"O";0;0;
"T09";3;"ACK";4;"ERR";;"O";0;1;
"T09";3;"MDM";1;"MSH";;"O";0;0;
"T09";3;"MDM";2;"EVN";;"O";0;0;
"T09";3;"MDM";3;"PID";;"O";0;0;
"T09";3;"MDM";4;"PV1";;"O";0;0;
"T09";3;"MDM";5;"TXA";;"O";0;0;
"T09";4;"ACK";1;"MSH";;"O";0;0;
"T09";4;"ACK";2;"MSA";;"O";0;0;
"T09";4;"ACK";4;"ERR";;"O";0;1;
"T09";4;"MDM";1;"MSH";;"O";0;0;
"T09";4;"MDM";2;"EVN";;"O";0;0;
"T09";4;"MDM";3;"PID";;"O";0;0;
"T09";4;"MDM";4;"PV1";;"O";0;0;
"T09";4;"MDM";5;"TXA";;"O";0;0;
"T10";3;"ACK";1;"MSH";;"O";0;0;
"T10";3;"ACK";2;"MSA";;"O";0;0;
"T10";3;"ACK";4;"ERR";;"O";0;1;
"T10";3;"MDM";1;"MSH";;"O";0;0;
"T10";3;"MDM";2;"EVN";;"O";0;0;
"T10";3;"MDM";3;"PID";;"O";0;0;
"T10";3;"MDM";4;"PV1";;"O";0;0;
"T10";3;"MDM";5;"TXA";;"O";0;0;
"T10";3;"MDM";7;"OBX";;"O";1;0;
"T10";4;"ACK";1;"MSH";;"O";0;0;
"T10";4;"ACK";2;"MSA";;"O";0;0;
"T10";4;"ACK";4;"ERR";;"O";0;1;
"T10";4;"MDM";1;"MSH";;"O";0;0;
"T10";4;"MDM";2;"EVN";;"O";0;0;
"T10";4;"MDM";3;"PID";;"O";0;0;
"T10";4;"MDM";4;"PV1";;"O";0;0;
"T10";4;"MDM";5;"TXA";;"O";0;0;
"T10";4;"MDM";7;"OBX";;"O";1;0;
"T11";3;"ACK";1;"MSH";;"O";0;0;
"T11";3;"ACK";2;"MSA";;"O";0;0;
"T11";3;"ACK";4;"ERR";;"O";0;1;
"T11";3;"MDM";1;"MSH";;"O";0;0;
"T11";3;"MDM";2;"EVN";;"O";0;0;
"T11";3;"MDM";3;"PID";;"O";0;0;
"T11";3;"MDM";4;"PV1";;"O";0;0;
"T11";3;"MDM";5;"TXA";;"O";0;0;
"T11";4;"ACK";1;"MSH";;"O";0;0;
"T11";4;"ACK";2;"MSA";;"O";0;0;
"T11";4;"ACK";4;"ERR";;"O";0;1;
"T11";4;"MDM";1;"MSH";;"O";0;0;
"T11";4;"MDM";2;"EVN";;"O";0;0;
"T11";4;"MDM";3;"PID";;"O";0;0;
"T11";4;"MDM";4;"PV1";;"O";0;0;
"T11";4;"MDM";5;"TXA";;"O";0;0;
"T12";3;"DOC";1;"MSH";;"O";0;0;
"T12";3;"DOC";2;"MSA";;"O";0;0;
"T12";3;"DOC";4;"ERR";;"O";0;1;
"T12";3;"DOC";6;"QRD";;"O";0;0;
"T12";3;"DOC";7;"{";"RESULT";"O";0;0;
"T12";3;"DOC";9;"EVN";;"O";0;1;
"T12";3;"DOC";11;"PID";;"O";0;0;
"T12";3;"DOC";12;"PV1";;"O";0;0;
"T12";3;"DOC";13;"TXA";;"O";0;0;
"T12";3;"DOC";16;"OBX";;"O";1;1;
"T12";3;"DOC";19;"}";;"O";0;0;
"T12";3;"DOC";21;"DSC";;"O";0;1;
"T12";3;"QRY";1;"MSH";;"O";0;0;
"T12";3;"QRY";2;"QRD";;"O";0;0;
"T12";3;"QRY";4;"QRF";;"O";0;1;
"T12";4;"DOC";1;"MSH";;"O";0;0;
"T12";4;"DOC";2;"MSA";;"O";0;0;
"T12";4;"DOC";4;"ERR";;"O";0;1;
"T12";4;"DOC";7;"QAK";;"O";0;1;
"T12";4;"DOC";9;"QRD";;"O";0;0;
"T12";4;"DOC";10;"{";"RESULT";"O";0;0;
"T12";4;"DOC";12;"EVN";;"O";0;1;
"T12";4;"DOC";14;"PID";;"O";0;0;
"T12";4;"DOC";15;"PV1";;"O";0;0;
"T12";4;"DOC";16;"TXA";;"O";0;0;
"T12";4;"DOC";19;"OBX";;"O";1;1;
"T12";4;"DOC";22;"}";;"O";0;0;
"T12";4;"DOC";24;"DSC";;"O";0;1;
"T12";4;"QRY";1;"MSH";;"O";0;0;
"T12";4;"QRY";2;"QRD";;"O";0;0;
"T12";4;"QRY";4;"QRF";;"O";0;1;
"T12";5;"DOC";1;"MSH";;"O";0;0;
"T12";5;"DOC";2;"MSA";;"O";0;0;
"T12";5;"DOC";4;"ERR";;"O";0;1;
"T12";5;"DOC";7;"QAK";;"O";0;1;
"T12";5;"DOC";9;"QRD";;"O";0;0;
"T12";5;"DOC";10;"{";"RESULT";"O";0;0;
"T12";5;"DOC";12;"EVN";;"O";0;1;
"T12";5;"DOC";14;"PID";;"O";0;0;
"T12";5;"DOC";15;"PV1";;"O";0;0;
"T12";5;"DOC";16;"TXA";;"O";0;0;
"T12";5;"DOC";19;"OBX";;"O";1;1;
"T12";5;"DOC";22;"}";;"O";0;0;
"T12";5;"DOC";24;"DSC";;"O";0;1;
"T12";5;"QRY";1;"MSH";;"O";0;0;
"T12";5;"QRY";2;"QRD";;"O";0;0;
"T12";5;"QRY";4;"QRF";;"O";0;1;
"V01";3;"VXQ";1;"MSH";;"O";0;0;
"V01";3;"VXQ";2;"QRD";;"O";0;0;
"V01";3;"VXQ";4;"QRF";;"O";0;1;
"V01";4;"VXQ";1;"MSH";;"O";0;0;
"V01";4;"VXQ";2;"QRD";;"O";0;0;
"V01";4;"VXQ";4;"QRF";;"O";0;1;
"V01";5;"VXQ";1;"MSH";;"O";0;0;
"V01";5;"VXQ";2;"QRD";;"O";0;0;
"V01";5;"VXQ";4;"QRF";;"O";0;1;
"V02";3;"VXX";1;"MSH";;"O";0;0;
"V02";3;"VXX";2;"MSA";;"O";0;0;
"V02";3;"VXX";3;"QRD";;"O";0;0;
"V02";3;"VXX";5;"QRF";;"O";0;1;
"V02";3;"VXX";7;"{";"PATIENT";"O";0;0;
"V02";3;"VXX";8;"PID";;"O";0;0;
"V02";3;"VXX";11;"NK1";;"O";1;1;
"V02";3;"VXX";14;"}";;"O";0;0;
"V02";4;"VXX";1;"MSH";;"O";0;0;
"V02";4;"VXX";2;"MSA";;"O";0;0;
"V02";4;"VXX";3;"QRD";;"O";0;0;
"V02";4;"VXX";5;"QRF";;"O";0;1;
"V02";4;"VXX";7;"{";"PATIENT";"O";0;0;
"V02";4;"VXX";8;"PID";;"O";0;0;
"V02";4;"VXX";11;"NK1";;"O";1;1;
"V02";4;"VXX";14;"}";;"O";0;0;
"V02";5;"VXX";1;"MSH";;"O";0;0;
"V02";5;"VXX";2;"MSA";;"O";0;0;
"V02";5;"VXX";3;"QRD";;"O";0;0;
"V02";5;"VXX";5;"QRF";;"O";0;1;
"V02";5;"VXX";7;"{";"PATIENT";"O";0;0;
"V02";5;"VXX";8;"PID";;"O";0;0;
"V02";5;"VXX";11;"NK1";;"O";1;1;
"V02";5;"VXX";14;"}";;"O";0;0;
"V03";3;"VXR";1;"MSH";;"O";0;0;
"V03";3;"VXR";2;"MSA";;"O";0;0;
"V03";3;"VXR";3;"QRD";;"O";0;0;
"V03";3;"VXR";5;"QRF";;"O";0;1;
"V03";3;"VXR";7;"PID";;"O";0;0;
"V03";3;"VXR";9;"PD1";;"O";0;1;
"V03";3;"VXR";13;"NK1";;"O";1;1;
"V03";3;"VXR";16;"[";"PATIENT_VISIT";"O";0;0;
"V03";3;"VXR";17;"PV1";;"O";0;0;
"V03";3;"VXR";19;"PV2";;"O";0;1;
"V03";3;"VXR";21;"]";;"O";0;0;
"V03";3;"VXR";22;"[";"INSURANCE";"O";0;0;
"V03";3;"VXR";23;"{";"";"O";0;0;
"V03";3;"VXR";24;"IN1";;"O";0;0;
"V03";3;"VXR";26;"IN2";;"O";0;1;
"V03";3;"VXR";29;"IN3";;"O";0;1;
"V03";3;"VXR";31;"}";;"O";0;0;
"V03";3;"VXR";32;"]";;"O";0;0;
"V03";3;"VXR";33;"[";"ORDER";"O";0;0;
"V03";3;"VXR";34;"{";"";"O";0;0;
"V03";3;"VXR";36;"ORC";;"O";0;1;
"V03";3;"VXR";38;"RXA";;"O";0;0;
"V03";3;"VXR";40;"RXR";;"O";0;1;
"V03";3;"VXR";42;"[";"OBSERVATION";"O";0;0;
"V03";3;"VXR";43;"{";"";"O";0;0;
"V03";3;"VXR";44;"OBX";;"O";0;0;
"V03";3;"VXR";47;"NTE";;"O";1;1;
"V03";3;"VXR";50;"}";;"O";0;0;
"V03";3;"VXR";51;"]";;"O";0;0;
"V03";3;"VXR";52;"}";;"O";0;0;
"V03";3;"VXR";53;"]";;"O";0;0;
"V03";4;"VXR";1;"MSH";;"O";0;0;
"V03";4;"VXR";2;"MSA";;"O";0;0;
"V03";4;"VXR";3;"QRD";;"O";0;0;
"V03";4;"VXR";5;"QRF";;"O";0;1;
"V03";4;"VXR";7;"PID";;"O";0;0;
"V03";4;"VXR";9;"PD1";;"O";0;1;
"V03";4;"VXR";13;"NK1";;"O";1;1;
"V03";4;"VXR";16;"[";"PATIENT_VISIT";"O";0;0;
"V03";4;"VXR";17;"PV1";;"O";0;0;
"V03";4;"VXR";19;"PV2";;"O";0;1;
"V03";4;"VXR";21;"]";;"O";0;0;
"V03";4;"VXR";22;"[";"INSURANCE";"O";0;0;
"V03";4;"VXR";23;"{";"";"O";0;0;
"V03";4;"VXR";24;"IN1";;"O";0;0;
"V03";4;"VXR";26;"IN2";;"O";0;1;
"V03";4;"VXR";29;"IN3";;"O";0;1;
"V03";4;"VXR";31;"}";;"O";0;0;
"V03";4;"VXR";32;"]";;"O";0;0;
"V03";4;"VXR";33;"[";"ORDER";"O";0;0;
"V03";4;"VXR";34;"{";"";"O";0;0;
"V03";4;"VXR";36;"ORC";;"O";0;1;
"V03";4;"VXR";38;"RXA";;"O";0;0;
"V03";4;"VXR";40;"RXR";;"O";0;1;
"V03";4;"VXR";42;"[";"OBSERVATION";"O";0;0;
"V03";4;"VXR";43;"{";"";"O";0;0;
"V03";4;"VXR";44;"OBX";;"O";0;0;
"V03";4;"VXR";47;"NTE";;"O";1;1;
"V03";4;"VXR";50;"}";;"O";0;0;
"V03";4;"VXR";51;"]";;"O";0;0;
"V03";4;"VXR";52;"}";;"O";0;0;
"V03";4;"VXR";53;"]";;"O";0;0;
"V03";5;"VXR";1;"MSH";;"O";0;0;
"V03";5;"VXR";2;"MSA";;"O";0;0;
"V03";5;"VXR";3;"QRD";;"O";0;0;
"V03";5;"VXR";5;"QRF";;"O";0;1;
"V03";5;"VXR";7;"PID";;"O";0;0;
"V03";5;"VXR";9;"PD1";;"O";0;1;
"V03";5;"VXR";13;"NK1";;"O";1;1;
"V03";5;"VXR";16;"[";"PATIENT_VISIT";"O";0;0;
"V03";5;"VXR";17;"PV1";;"O";0;0;
"V03";5;"VXR";19;"PV2";;"O";0;1;
"V03";5;"VXR";21;"]";;"O";0;0;
"V03";5;"VXR";24;"GT1";;"O";1;1;
"V03";5;"VXR";27;"[";"INSURANCE";"O";0;0;
"V03";5;"VXR";28;"{";"";"O";0;0;
"V03";5;"VXR";29;"IN1";;"O";0;0;
"V03";5;"VXR";31;"IN2";;"O";0;1;
"V03";5;"VXR";34;"IN3";;"O";0;1;
"V03";5;"VXR";36;"}";;"O";0;0;
"V03";5;"VXR";37;"]";;"O";0;0;
"V03";5;"VXR";38;"[";"ORDER";"O";0;0;
"V03";5;"VXR";39;"{";"";"O";0;0;
"V03";5;"VXR";41;"ORC";;"O";0;1;
"V03";5;"VXR";43;"RXA";;"O";0;0;
"V03";5;"VXR";45;"RXR";;"O";0;1;
"V03";5;"VXR";47;"[";"OBSERVATION";"O";0;0;
"V03";5;"VXR";48;"{";"";"O";0;0;
"V03";5;"VXR";49;"OBX";;"O";0;0;
"V03";5;"VXR";52;"NTE";;"O";1;1;
"V03";5;"VXR";55;"}";;"O";0;0;
"V03";5;"VXR";56;"]";;"O";0;0;
"V03";5;"VXR";57;"}";;"O";0;0;
"V03";5;"VXR";58;"]";;"O";0;0;
"V04";3;"VXU";1;"MSH";;"O";0;0;
"V04";3;"VXU";2;"PID";;"O";0;0;
"V04";3;"VXU";4;"PD1";;"O";0;1;
"V04";3;"VXU";8;"NK1";;"O";1;1;
"V04";3;"VXU";11;"[";"PATIENT";"O";0;0;
"V04";3;"VXU";12;"PV1";;"O";0;0;
"V04";3;"VXU";14;"PV2";;"O";0;1;
"V04";3;"VXU";16;"]";;"O";0;0;
"V04";3;"VXU";17;"[";"INSURANCE";"O";0;0;
"V04";3;"VXU";18;"{";"";"O";0;0;
"V04";3;"VXU";19;"IN1";;"O";0;0;
"V04";3;"VXU";21;"IN2";;"O";0;1;
"V04";3;"VXU";24;"IN3";;"O";0;1;
"V04";3;"VXU";26;"}";;"O";0;0;
"V04";3;"VXU";27;"]";;"O";0;0;
"V04";3;"VXU";28;"[";"ORDER";"O";0;0;
"V04";3;"VXU";29;"{";"";"O";0;0;
"V04";3;"VXU";31;"ORC";;"O";0;1;
"V04";3;"VXU";33;"RXA";;"O";0;0;
"V04";3;"VXU";35;"RXR";;"O";0;1;
"V04";3;"VXU";37;"[";"OBSERVATION";"O";0;0;
"V04";3;"VXU";38;"{";;"O";0;0;
"V04";3;"VXU";39;"OBX";;"O";0;0;
"V04";3;"VXU";42;"NTE";;"O";1;1;
"V04";3;"VXU";45;"}";;"O";0;0;
"V04";3;"VXU";46;"]";;"O";0;0;
"V04";3;"VXU";47;"}";;"O";0;0;
"V04";3;"VXU";48;"]";;"O";0;0;
"V04";4;"VXU";1;"MSH";;"O";0;0;
"V04";4;"VXU";2;"PID";;"O";0;0;
"V04";4;"VXU";4;"PD1";;"O";0;1;
"V04";4;"VXU";8;"NK1";;"O";1;1;
"V04";4;"VXU";11;"[";"PATIENT";"O";0;0;
"V04";4;"VXU";12;"PV1";;"O";0;0;
"V04";4;"VXU";14;"PV2";;"O";0;1;
"V04";4;"VXU";16;"]";;"O";0;0;
"V04";4;"VXU";17;"[";"INSURANCE";"O";0;0;
"V04";4;"VXU";18;"{";"";"O";0;0;
"V04";4;"VXU";19;"IN1";;"O";0;0;
"V04";4;"VXU";21;"IN2";;"O";0;1;
"V04";4;"VXU";24;"IN3";;"O";0;1;
"V04";4;"VXU";26;"}";;"O";0;0;
"V04";4;"VXU";27;"]";;"O";0;0;
"V04";4;"VXU";28;"[";"ORDER";"O";0;0;
"V04";4;"VXU";29;"{";"";"O";0;0;
"V04";4;"VXU";31;"ORC";;"O";0;1;
"V04";4;"VXU";33;"RXA";;"O";0;0;
"V04";4;"VXU";35;"RXR";;"O";0;1;
"V04";4;"VXU";37;"[";"OBSERVATION";"O";0;0;
"V04";4;"VXU";38;"{";;"O";0;0;
"V04";4;"VXU";39;"OBX";;"O";0;0;
"V04";4;"VXU";42;"NTE";;"O";1;1;
"V04";4;"VXU";45;"}";;"O";0;0;
"V04";4;"VXU";46;"]";;"O";0;0;
"V04";4;"VXU";47;"}";;"O";0;0;
"V04";4;"VXU";48;"]";;"O";0;0;
"V04";5;"VXU";1;"MSH";;"O";0;0;
"V04";5;"VXU";2;"PID";;"O";0;0;
"V04";5;"VXU";4;"PD1";;"O";0;1;
"V04";5;"VXU";8;"NK1";;"O";1;1;
"V04";5;"VXU";11;"[";"PATIENT";"O";0;0;
"V04";5;"VXU";12;"PV1";;"O";0;0;
"V04";5;"VXU";14;"PV2";;"O";0;1;
"V04";5;"VXU";16;"]";;"O";0;0;
"V04";5;"VXU";19;"GT1";;"O";1;1;
"V04";5;"VXU";22;"[";"INSURANCE";"O";0;0;
"V04";5;"VXU";23;"{";"";"O";0;0;
"V04";5;"VXU";24;"IN1";;"O";0;0;
"V04";5;"VXU";26;"IN2";;"O";0;1;
"V04";5;"VXU";29;"IN3";;"O";0;1;
"V04";5;"VXU";31;"}";;"O";0;0;
"V04";5;"VXU";32;"]";;"O";0;0;
"V04";5;"VXU";33;"[";"ORDER";"O";0;0;
"V04";5;"VXU";34;"{";"";"O";0;0;
"V04";5;"VXU";36;"ORC";;"O";0;1;
"V04";5;"VXU";38;"RXA";;"O";0;0;
"V04";5;"VXU";40;"RXR";;"O";0;1;
"V04";5;"VXU";42;"[";"OBSERVATION";"O";0;0;
"V04";5;"VXU";43;"{";;"O";0;0;
"V04";5;"VXU";44;"OBX";;"O";0;0;
"V04";5;"VXU";47;"NTE";;"O";1;1;
"V04";5;"VXU";50;"}";;"O";0;0;
"V04";5;"VXU";51;"]";;"O";0;0;
"V04";5;"VXU";52;"}";;"O";0;0;
"V04";5;"VXU";53;"]";;"O";0;0;
