"message_structure";"version_id";"description";"example_event";"example_msg_type";"action";"section";"anchor";"owl_gen"
"?";1;"unknown";;;;;;0
"?";2;"unknown";;;;;;0
"?";3;"unknown";;;;;;0
"?";4;"unknown";;;;;;0
"ACK";0;"Standard Acknowlegdement";;;;;;0
"ACK";1;"Standard Acknowlegdement";"A01";"ACK";;;;0
"ACK";2;"Standard Acknowlegdement";"A01";"ACK";;;;0
"ACK";3;"Standard Acknowlegdement";"A01";"ACK";;;;0
"ACK";4;"Standard Acknowlegdement";"A01";"ACK";;;;0
"ACK";5;"Standard Acknowlegdement";;;;"all";;0
"ACK";6;"Standard Acknowlegdement";;;;"2.14.1";"ch02.html#Heading142";0
"ACK";7;"Standard Acknowlegdement";;;;"2.13.1";"ch02.html#Heading92";1
"ACK";8;"General Acknowledgment";;;;"2.13.1";"ch02.html#Heading93";0
"ACK";9;"General Acknowledgment";;;;"2.13.1";"ch02.html#Heading101";0
"ACK";10;"General Acknowledgment";;;;"2.13.1";"ch02.html#Heading150";0
"ACK";32;"Standard Acknowlegdement";;;;;;0
"ACK";61;"Standard Acknowlegdement";;;;"2.14.1";"ch02.html#Heading142";0
"ACK";81;"General Acknowledgment";;;;"2.13.1";"ch02.html#Heading93";0
"ACK";91;"General Acknowledgment";;;;"2.13.1";"ch02.html#Heading101";0
"ACK";92;"General Acknowledgment";;;;"2.13.1";"ch02.html#Heading101";0
"ACK";540;"General Acknowledgment";;;;;;0
"ACK_N02";5;;;;;"14";;0
"ADR_A19";4;;"A19";"ADR";;;;0
"ADR_A19";5;;;;;"3";;0
"ADR_A19";6;;;;;"3.3.19";"ch03.html#Heading23";0
"ADR_A19";7;;;;;"3.3.19";"ch03.html#Heading23";0
"ADR_A19";61;;;;;"3.3.19";"ch03.html#Heading23";0
"ADT_A01";0;"ADT Admission Message";;;;;;0
"ADT_A01";3;"ADT Admission Message";"A01";"ADT";;;;0
"ADT_A01";4;"ADT Admission Message";"A01";"ADT";;;;0
"ADT_A01";5;"ADT Admission Message";;;;"3";;0
"ADT_A01";6;"ADT Admission Message";;;;"3.3.1";"ch03.html#Heading5";0
"ADT_A01";7;"ADT Admission Message";;;;"3.3.1";"ch03.html#Heading5";1
"ADT_A01";8;"ADT Admission Message";;;;"3.3.1";"ch03.html#Heading5";0
"ADT_A01";9;"ADT Admission Message";;;;"3.3.1";"ch03.html#Heading5";0
"ADT_A01";10;"ADT Admission Message";;;;"3.3.1";"ch03.html#Heading941";0
"ADT_A01";32;"ADT Admission Message";;;;;;0
"ADT_A01";61;"ADT Admission Message";;;;"3.3.1";"ch03.html#Heading5";0
"ADT_A01";81;"ADT Admission Message";;;;"3.3.1";"ch03.html#Heading5";0
"ADT_A01";91;"ADT Admission Message";;;;"3.3.1";"ch03.html#Heading5";0
"ADT_A01";92;"ADT Admission Message";;;;"3.3.1";"ch03.html#Heading5";0
"ADT_A01";540;"ADT Admission Message";;;;;;0
"ADT_A02";3;"ADT Transfer Message";"A02";"ADT";;;;0
"ADT_A02";4;"ADT Transfer Message";"A02";"ADT";;;;0
"ADT_A02";5;"ADT Transfer Message";;;;"3";;0
"ADT_A02";6;"ADT Transfer Message";;;;"3.3.2";"ch03.html#Heading6";0
"ADT_A02";7;"ADT Transfer Message";;;;"3.3.2";"ch03.html#Heading6";1
"ADT_A02";8;"ADT Transfer Message";;;;"3.3.2";"ch03.html#Heading6";0
"ADT_A02";9;"ADT Transfer Message";;;;"3.3.2";"ch03.html#Heading6";0
"ADT_A02";10;"ADT Transfer Message";;;;"3.3.2";"ch03.html#Heading942";0
"ADT_A02";61;"ADT Transfer Message";;;;"3.3.2";"ch03.html#Heading6";0
"ADT_A02";81;"ADT Transfer Message";;;;"3.3.2";"ch03.html#Heading6";0
"ADT_A02";91;"ADT Transfer Message";;;;"3.3.2";"ch03.html#Heading6";0
"ADT_A02";92;"ADT Transfer Message";;;;"3.3.2";"ch03.html#Heading6";0
"ADT_A02";540;"ADT Transfer Message";;;;;;0
"ADT_A03";3;"ADT Discharge Message";"A03";"ADT";;;;0
"ADT_A03";4;"ADT Discharge Message";"A03";"ADT";;;;0
"ADT_A03";5;"ADT Discharge Message";;;;"3";;0
"ADT_A03";6;"ADT Discharge Message";;;;"3.3.3";"ch03.html#Heading7";0
"ADT_A03";7;"ADT Discharge Message";;;;"3.3.3";"ch03.html#Heading7";1
"ADT_A03";8;"ADT Discharge Message";;;;"3.3.3";"ch03.html#Heading7";0
"ADT_A03";9;"ADT Discharge Message";;;;"3.3.3";"ch03.html#Heading7";0
"ADT_A03";10;"ADT Discharge Message";;;;"3.3.3";"ch03.html#Heading943";0
"ADT_A03";61;"ADT Discharge Message";;;;"3.3.3";"ch03.html#Heading7";0
"ADT_A03";81;"ADT Discharge Message";;;;"3.3.3";"ch03.html#Heading7";0
"ADT_A03";91;"ADT Discharge Message";;;;"3.3.3";"ch03.html#Heading7";0
"ADT_A03";92;"ADT Discharge Message";;;;"3.3.3";"ch03.html#Heading7";0
"ADT_A05";5;"ADT Message";;;;"3";;0
"ADT_A05";6;"ADT Message";;;;"3.3.14";"ch03.html#Heading18";0
"ADT_A05";7;"ADT Message";;;;"3.3.5";"ch03.html#Heading9";1
"ADT_A05";8;"ADT Message";;;;"3.3.5";"ch03.html#Heading9";0
"ADT_A05";9;"ADT Message";;;;"3.3.5";"ch03.html#Heading9";0
"ADT_A05";10;"ADT Message";;;;"3.3.5";"ch03.html#Heading945";0
"ADT_A05";61;"ADT Message";;;;"3.3.5";"ch03.html#Heading9";0
"ADT_A05";81;"ADT Message";;;;"3.3.5";"ch03.html#Heading9";0
"ADT_A05";91;"ADT Message";;;;"3.3.5";"ch03.html#Heading9";0
"ADT_A05";92;"ADT Message";;;;"3.3.5";"ch03.html#Heading9";0
"ADT_A06";3;"General (2)";"A06";"ADT";;;;0
"ADT_A06";4;;"A06";"ADT";;;;0
"ADT_A06";5;;;;;"3";;0
"ADT_A06";6;;;;;"3.3.6";"ch03.html#Heading10";0
"ADT_A06";7;;;;;"3.3.6";"ch03.html#Heading10";0
"ADT_A06";8;"ADT Message";;;;"3.3.6";"ch03.html#Heading10";0
"ADT_A06";9;"ADT Message";;;;"3.3.6";"ch03.html#Heading10";0
"ADT_A06";10;;;;;"3.3.6";"ch03.html#Heading946";0
"ADT_A06";61;;;;;"3.3.6";"ch03.html#Heading10";0
"ADT_A06";81;"ADT Message";;;;"3.3.6";"ch03.html#Heading10";0
"ADT_A06";91;;;;;"3.3.6";"ch03.html#Heading10";0
"ADT_A06";92;;;;;"3.3.6";"ch03.html#Heading10";0
"ADT_A09";3;"Track/Cancel";"A09";"ADT";;;;0
"ADT_A09";4;"Track/Cancel";"A09";"ADT";;;;0
"ADT_A09";5;"Track/Cancel";;;;"3";;0
"ADT_A09";6;"Track/Cancel";;;;"3.3.9";"ch03.html#Heading13";0
"ADT_A09";7;"Track/Cancel";;;;"3.3.9";"ch03.html#Heading13";0
"ADT_A09";8;"Track/Cancel";;;;"3.3.9";"ch03.html#Heading13";0
"ADT_A09";9;"Track/Cancel";;;;"3.3.9";"ch03.html#Heading13";0
"ADT_A09";10;"Track/Cancel";;;;"3.3.9";"ch03.html#Heading949";0
"ADT_A09";61;"Track/Cancel";;;;"3.3.9";"ch03.html#Heading13";0
"ADT_A09";81;"Track/Cancel";;;;"3.3.9";"ch03.html#Heading13";0
"ADT_A09";91;"Track/Cancel";;;;"3.3.9";"ch03.html#Heading13";0
"ADT_A09";92;"Track/Cancel";;;;"3.3.9";"ch03.html#Heading13";0
"ADT_A09";540;"Track/Cancel";;;;;;0
"ADT_A11";540;"Track/Cancel";;;;;;0
"ADT_A12";3;"Track/Cancel (2)";"A12";"ADT";;;;0
"ADT_A12";4;"Track/Cancel (2)";"A12";"ADT";;;;0
"ADT_A12";6;"Track/Cancel (2)";;;;"3.3.12";"ch03.html#Heading16";0
"ADT_A12";7;"Track/Cancel (2)";;;;"3.3.12";"ch03.html#Heading16";1
"ADT_A12";8;"Track/Cancel (2)";;;;"3.3.12";"ch03.html#Heading16";0
"ADT_A12";9;"Track/Cancel (2)";;;;"3.3.12";"ch03.html#Heading16";0
"ADT_A12";10;"Track/Cancel (2)";;;;"3.3.12";"ch03.html#Heading952";0
"ADT_A12";61;"Track/Cancel (2)";;;;"3.3.12";"ch03.html#Heading16";0
"ADT_A12";81;"Track/Cancel (2)";;;;"3.3.12";"ch03.html#Heading16";0
"ADT_A12";91;"Track/Cancel (2)";;;;"3.3.12";"ch03.html#Heading16";0
"ADT_A12";92;"Track/Cancel (2)";;;;"3.3.12";"ch03.html#Heading16";0
"ADT_A15";5;;;;;"3";;0
"ADT_A15";6;;;;;"3.3.15";"ch03.html#Heading19";0
"ADT_A15";7;;;;;"3.3.15";"ch03.html#Heading19";0
"ADT_A15";8;"ADT Message";;;;"3.3.15";"ch03.html#Heading19";0
"ADT_A15";9;"ADT Message";;;;"3.3.15";"ch03.html#Heading19";0
"ADT_A15";10;"ADT Message";;;;"3.3.15";"ch03.html#Heading955";0
"ADT_A15";61;;;;;"3.3.15";"ch03.html#Heading19";0
"ADT_A15";81;"ADT Message";;;;"3.3.15";"ch03.html#Heading19";0
"ADT_A15";91;;;;;"3.3.15";"ch03.html#Heading19";0
"ADT_A15";92;;;;;"3.3.15";"ch03.html#Heading19";0
"ADT_A15";540;;;;;;;0
"ADT_A16";3;"Pending Discharge";"A16";"ADT";;;;0
"ADT_A16";4;"Pending Discharge";"A16";"ADT";;;;0
"ADT_A16";5;"Pending Discharge";;;;"3";;0
"ADT_A16";6;"Pending Discharge";;;;"3.3.16";"ch03.html#Heading20";0
"ADT_A16";7;"Pending Discharge";;;;"3.3.16";"ch03.html#Heading20";0
"ADT_A16";8;"Pending Discharge";;;;"3.3.16";"ch03.html#Heading20";0
"ADT_A16";9;"Pending Discharge";;;;"3.3.16";"ch03.html#Heading20";0
"ADT_A16";10;"Pending Discharge";;;;"3.3.16";"ch03.html#Heading956";0
"ADT_A16";61;"Pending Discharge";;;;"3.3.16";"ch03.html#Heading20";0
"ADT_A16";81;"Pending Discharge";;;;"3.3.16";"ch03.html#Heading20";0
"ADT_A16";91;"Pending Discharge";;;;"3.3.16";"ch03.html#Heading20";0
"ADT_A16";92;"Pending Discharge";;;;"3.3.16";"ch03.html#Heading20";0
"ADT_A17";3;"Swap";"A17";"ADT";;;;0
"ADT_A17";4;"Swap";"A17";"ADT";;;;0
"ADT_A17";5;"Swap";;;;"3";;0
"ADT_A17";6;"Swap";;;;"3.3.17";"ch03.html#Heading21";0
"ADT_A17";7;"Swap";;;;"3.3.17";"ch03.html#Heading21";0
"ADT_A17";8;"Swap";;;;"3.3.17";"ch03.html#Heading21";0
"ADT_A17";9;"Swap";;;;"3.3.17";"ch03.html#Heading21";0
"ADT_A17";10;"Swap";;;;"3.3.17";"ch03.html#Heading957";0
"ADT_A17";61;"Swap";;;;"3.3.17";"ch03.html#Heading21";0
"ADT_A17";81;"Swap";;;;"3.3.17";"ch03.html#Heading21";0
"ADT_A17";91;"Swap";;;;"3.3.17";"ch03.html#Heading21";0
"ADT_A17";92;"Swap";;;;"3.3.17";"ch03.html#Heading21";0
"ADT_A18";3;;"A18";"ADT";;;;0
"ADT_A18";4;;"A18";"ADT";;;;0
"ADT_A18";5;;;;;"3";;0
"ADT_A18";6;;;;;"3.3.18";"ch03.html#Heading22";0
"ADT_A18";7;;;;;"3.3.18";"ch03.html#Heading22";0
"ADT_A18";61;;;;;"3.3.18";"ch03.html#Heading22";0
"ADT_A20";3;;"A20";"ADT";;;;0
"ADT_A20";4;;"A20";"ADT";;;;0
"ADT_A20";5;;;;;"3";;0
"ADT_A20";6;;;;;"3.3.20";"ch03.html#Heading26";0
"ADT_A20";7;;;;;"3.3.20";"ch03.html#Heading26";0
"ADT_A20";8;"ADT Message";;;;"3.3.20";"ch03.html#Heading24";0
"ADT_A20";9;"ADT Message";;;;"3.3.20";"ch03.html#Heading24";0
"ADT_A20";10;;;;;"3.3.20";"ch03.html#Heading960";0
"ADT_A20";61;;;;;"3.3.20";"ch03.html#Heading26";0
"ADT_A20";81;"ADT Message";;;;"3.3.20";"ch03.html#Heading24";0
"ADT_A20";91;;;;;"3.3.20";"ch03.html#Heading24";0
"ADT_A20";92;;;;;"3.3.20";"ch03.html#Heading24";0
"ADT_A21";5;;;;;"3";;0
"ADT_A21";6;;;;;"3.3.21";"ch03.html#Heading27";0
"ADT_A21";7;;;;;"3.3.21";"ch03.html#Heading27";1
"ADT_A21";8;"ADT Message";;;;"3.3.21";"ch03.html#Heading25";0
"ADT_A21";9;"ADT Message";;;;"3.3.21";"ch03.html#Heading25";0
"ADT_A21";10;;;;;"3.3.21";"ch03.html#Heading961";0
"ADT_A21";61;;;;;"3.3.21";"ch03.html#Heading27";0
"ADT_A21";81;"ADT Message";;;;"3.3.21";"ch03.html#Heading25";0
"ADT_A21";91;;;;;"3.3.21";"ch03.html#Heading25";0
"ADT_A21";92;;;;;"3.3.21";"ch03.html#Heading25";0
"ADT_A24";3;"Link Patient Information";"A24";"ADT";;;;0
"ADT_A24";4;"Link Patient Information";"A24";"ADT";;;;0
"ADT_A24";5;"Link Patient Information";;;;"3";;0
"ADT_A24";6;"Link Patient Information";;;;"3.3.24";"ch03.html#Heading30";0
"ADT_A24";7;"Link Patient Information";;;;"3.3.24";"ch03.html#Heading30";0
"ADT_A24";8;"Link Patient Information";;;;"3.3.24";"ch03.html#Heading28";0
"ADT_A24";9;"Link Patient Information";;;;"3.3.24";"ch03.html#Heading28";0
"ADT_A24";10;"Link Patient Information";;;;"3.3.24";"ch03.html#Heading964";0
"ADT_A24";61;"Link Patient Information";;;;"3.3.24";"ch03.html#Heading30";0
"ADT_A24";81;"Link Patient Information";;;;"3.3.24";"ch03.html#Heading28";0
"ADT_A24";91;"Link Patient Information";;;;"3.3.24";"ch03.html#Heading28";0
"ADT_A24";92;"Link Patient Information";;;;"3.3.24";"ch03.html#Heading28";0
"ADT_A24";540;"Link Patient Information";"A24";;;;;0
"ADT_A28";540;"Link Patient Information";;;;;;0
"ADT_A30";3;;"A30";"ADT";;;;0
"ADT_A30";4;;"A30";"ADT";;;;0
"ADT_A30";5;;;;;"3";;0
"ADT_A30";6;;;;;"3.3.30";"ch03.html#Heading36";0
"ADT_A30";7;;;;;"3.3.30";"ch03.html#Heading36";0
"ADT_A30";61;;;;;"3.3.30";"ch03.html#Heading36";0
"ADT_A37";3;;"A37";"ADT";;;;0
"ADT_A37";4;;"A37";"ADT";;;;0
"ADT_A37";5;;;;;"3";;0
"ADT_A37";6;;;;;"3.3.37";"ch03.html#Heading43";0
"ADT_A37";7;;;;;"3.3.37";"ch03.html#Heading43";0
"ADT_A37";8;"ADT Message";;;;"3.3.37";"ch03.html#Heading41";0
"ADT_A37";9;"ADT Message";;;;"3.3.37";"ch03.html#Heading41";0
"ADT_A37";10;;;;;"3.3.37";"ch03.html#Heading977";0
"ADT_A37";61;;;;;"3.3.37";"ch03.html#Heading43";0
"ADT_A37";81;"ADT Message";;;;"3.3.37";"ch03.html#Heading41";0
"ADT_A37";91;;;;;"3.3.37";"ch03.html#Heading41";0
"ADT_A37";92;;;;;"3.3.37";"ch03.html#Heading41";0
"ADT_A38";3;"Swap (2)";"A38";"ADT";;;;0
"ADT_A38";4;"Swap (2)";"A38";"ADT";;;;0
"ADT_A38";5;"Swap (2)";;;;"3";;0
"ADT_A38";6;"Swap (2)";;;;"3.3.38";"ch03.html#Heading44";0
"ADT_A38";7;"Swap (2)";;;;"3.3.38";"ch03.html#Heading44";0
"ADT_A38";8;"Swap (2)";;;;"3.3.38";"ch03.html#Heading42";0
"ADT_A38";9;"Swap (2)";;;;"3.3.38";"ch03.html#Heading42";0
"ADT_A38";10;"Swap (2)";;;;"3.3.38";"ch03.html#Heading978";0
"ADT_A38";61;"Swap (2)";;;;"3.3.38";"ch03.html#Heading44";0
"ADT_A38";81;"Swap (2)";;;;"3.3.38";"ch03.html#Heading42";0
"ADT_A38";91;"Swap (2)";;;;"3.3.38";"ch03.html#Heading42";0
"ADT_A38";92;"Swap (2)";;;;"3.3.38";"ch03.html#Heading42";0
"ADT_A38";540;"Swap (2)";;;;;;0
"ADT_A39";3;;"A39";"ADT";;;;0
"ADT_A39";4;;"A39";"ADT";;;;0
"ADT_A39";5;;;;;"3";;0
"ADT_A39";6;;;;;"3.3.39";"ch03.html#Heading45";0
"ADT_A39";7;;;;;"3.3.39";"ch03.html#Heading45";0
"ADT_A39";8;"ADT Message";;;;"3.3.40";"ch03.html#Heading44";0
"ADT_A39";9;"ADT Message";;;;"3.3.40";"ch03.html#Heading44";0
"ADT_A39";10;;;;;"3.3.40";"ch03.html#Heading980";0
"ADT_A39";61;;;;;"3.3.39";"ch03.html#Heading45";0
"ADT_A39";81;"ADT Message";;;;"3.3.40";"ch03.html#Heading44";0
"ADT_A39";91;;;;;"3.3.40";"ch03.html#Heading44";0
"ADT_A39";92;;;;;"3.3.40";"ch03.html#Heading44";0
"ADT_A40";540;"Merge Patient";;;;;;0
"ADT_A42";540;"Merge Visit";;;;;;0
"ADT_A43";3;;"A43";"ADT";;;;0
"ADT_A43";4;;"A43";"ADT";;;;0
"ADT_A43";5;;;;;"3";;0
"ADT_A43";6;;;;;"3.3.43";"ch03.html#Heading49";0
"ADT_A43";7;;;;;"3.3.43";"ch03.html#Heading49";0
"ADT_A43";8;"ADT Message";;;;"3.3.43";"ch03.html#Heading47";0
"ADT_A43";9;"ADT Message";;;;"3.3.43";"ch03.html#Heading47";0
"ADT_A43";10;;;;;"3.3.43";"ch03.html#Heading983";0
"ADT_A43";61;;;;;"3.3.43";"ch03.html#Heading49";0
"ADT_A43";81;"ADT Message";;;;"3.3.43";"ch03.html#Heading47";0
"ADT_A43";91;;;;;"3.3.43";"ch03.html#Heading47";0
"ADT_A43";92;;;;;"3.3.43";"ch03.html#Heading47";0
"ADT_A44";8;"ADT Message";;;;"3.3.44";"ch03.html#Heading48";0
"ADT_A44";9;"ADT Message";;;;"3.3.44";"ch03.html#Heading48";0
"ADT_A44";10;;;;;"3.3.44";"ch03.html#Heading984";0
"ADT_A44";81;"ADT Message";;;;"3.3.44";"ch03.html#Heading48";0
"ADT_A44";91;;;;;"3.3.44";"ch03.html#Heading48";0
"ADT_A44";92;;;;;"3.3.44";"ch03.html#Heading48";0
"ADT_A45";3;;"A45";"ADT";;;;0
"ADT_A45";4;;"A45";"ADT";;;;0
"ADT_A45";5;;;;;"3";;0
"ADT_A45";6;;;;;"3.3.45";"ch03.html#Heading51";0
"ADT_A45";7;;;;;"3.3.45";"ch03.html#Heading51";0
"ADT_A45";8;"ADT Message";;;;"3.3.45";"ch03.html#Heading49";0
"ADT_A45";9;"ADT Message";;;;"3.3.45";"ch03.html#Heading49";0
"ADT_A45";10;;;;;"3.3.45";"ch03.html#Heading985";0
"ADT_A45";61;;;;;"3.3.45";"ch03.html#Heading51";0
"ADT_A45";81;"ADT Message";;;;"3.3.45";"ch03.html#Heading49";0
"ADT_A45";91;;;;;"3.3.45";"ch03.html#Heading49";0
"ADT_A45";92;;;;;"3.3.45";"ch03.html#Heading49";0
"ADT_A50";3;;"A50";"ADT";;;;0
"ADT_A50";4;;"A50";"ADT";;;;0
"ADT_A50";5;;;;;"3";;0
"ADT_A50";6;;;;;"3.3.50";"ch03.html#Heading56";0
"ADT_A50";7;;;;;"3.3.50";"ch03.html#Heading56";0
"ADT_A50";8;"ADT Message";;;;"3.3.50";"ch03.html#Heading54";0
"ADT_A50";9;"ADT Message";;;;"3.3.50";"ch03.html#Heading54";0
"ADT_A50";10;;;;;"3.3.50";"ch03.html#Heading990";0
"ADT_A50";61;;;;;"3.3.50";"ch03.html#Heading56";0
"ADT_A50";81;"ADT Message";;;;"3.3.50";"ch03.html#Heading54";0
"ADT_A50";91;;;;;"3.3.50";"ch03.html#Heading54";0
"ADT_A50";92;;;;;"3.3.50";"ch03.html#Heading54";0
"ADT_A52";5;;;;;"3";;0
"ADT_A52";6;;;;;"3.3.52";"ch03.html#Heading58";0
"ADT_A52";7;;;;;"3.3.52";"ch03.html#Heading58";0
"ADT_A52";8;"ADT Message";;;;"3.3.52";"ch03.html#Heading56";0
"ADT_A52";9;"ADT Message";;;;"3.3.52";"ch03.html#Heading56";0
"ADT_A52";10;;;;;"3.3.52";"ch03.html#Heading992";0
"ADT_A52";61;;;;;"3.3.52";"ch03.html#Heading58";0
"ADT_A52";81;"ADT Message";;;;"3.3.52";"ch03.html#Heading56";0
"ADT_A52";91;;;;;"3.3.52";"ch03.html#Heading56";0
"ADT_A52";92;;;;;"3.3.52";"ch03.html#Heading56";0
"ADT_A52";540;;;;;;;0
"ADT_A54";5;;;;;"3";;0
"ADT_A54";6;;;;;"3.3.54";"ch03.html#Heading60";0
"ADT_A54";7;;;;;"3.3.54";"ch03.html#Heading60";0
"ADT_A54";8;"ADT Message";;;;"3.3.54";"ch03.html#Heading58";0
"ADT_A54";9;"ADT Message";;;;"3.3.54";"ch03.html#Heading58";0
"ADT_A54";10;;;;;"3.3.54";"ch03.html#Heading994";0
"ADT_A54";61;;;;;"3.3.54";"ch03.html#Heading60";0
"ADT_A54";81;"ADT Message";;;;"3.3.54";"ch03.html#Heading58";0
"ADT_A54";91;;;;;"3.3.54";"ch03.html#Heading58";0
"ADT_A54";92;;;;;"3.3.54";"ch03.html#Heading58";0
"ADT_A60";5;;;;;"3";;0
"ADT_A60";6;;;;;"3.3.60";"ch03.html#Heading66";0
"ADT_A60";7;;;;;"3.3.60";"ch03.html#Heading66";0
"ADT_A60";8;"ADT Message";;;;"3.3.60";"ch03.html#Heading64";0
"ADT_A60";9;"ADT Message";;;;"3.3.60";"ch03.html#Heading64";0
"ADT_A60";10;;;;;"3.3.60";"ch03.html#Heading1000";0
"ADT_A60";61;;;;;"3.3.60";"ch03.html#Heading66";0
"ADT_A60";81;"ADT Message";;;;"3.3.60";"ch03.html#Heading64";0
"ADT_A60";91;;;;;"3.3.60";"ch03.html#Heading64";0
"ADT_A60";92;;;;;"3.3.60";"ch03.html#Heading64";0
"ADT_A61";5;;;;;"3";;0
"ADT_A61";6;;;;;"3.3.61";"ch03.html#Heading67";0
"ADT_A61";7;;;;;"3.3.61";"ch03.html#Heading67";0
"ADT_A61";8;"ADT Message";;;;"3.3.61";"ch03.html#Heading65";0
"ADT_A61";9;"ADT Message";;;;"3.3.61";"ch03.html#Heading65";0
"ADT_A61";10;;;;;"3.3.61";"ch03.html#Heading1001";0
"ADT_A61";61;;;;;"3.3.61";"ch03.html#Heading67";0
"ADT_A61";81;"ADT Message";;;;"3.3.61";"ch03.html#Heading65";0
"ADT_A61";91;;;;;"3.3.61";"ch03.html#Heading65";0
"ADT_A61";92;;;;;"3.3.61";"ch03.html#Heading65";0
"ARD_A19";3;;"A19";"ARD";;;;0
"BAR_P01";0;"open account";;;;;;0
"BAR_P01";3;"open account";"P01";"BAR";;;;0
"BAR_P01";4;"open account";"P01";"BAR";;;;0
"BAR_P01";5;"open account";;;;"6";;0
"BAR_P01";6;"open account";;;;"6.4.1";"ch06.html#Heading6";0
"BAR_P01";7;"open account";;;;"6.4.1";"ch06.html#Heading6";0
"BAR_P01";8;"Add Billing Account";;;;"6.4.1";"ch06.html#Heading6";0
"BAR_P01";9;"Add Billing Account";;;;"6.4.1";"ch06.html#Heading6";0
"BAR_P01";10;;;;;"6.4.1";"ch06.html#Heading2317";0
"BAR_P01";32;"open account";;;;;;0
"BAR_P01";61;"open account";;;;"6.4.1";"ch06.html#Heading6";0
"BAR_P01";81;"Add Billing Account";;;;"6.4.1";"ch06.html#Heading6";0
"BAR_P01";91;;;;;"6.4.1";"ch06.html#Heading6";0
"BAR_P01";92;;;;;"6.4.1";"ch06.html#Heading6";0
"BAR_P02";3;"Purge Billing Account";"P02";"BAR";;;;0
"BAR_P02";4;"Purge Billing Account";"P02";"BAR";;;;0
"BAR_P02";5;"Purge Billing Account";;;;"6";;0
"BAR_P02";6;"Purge Billing Account";;;;"6.4.2";"ch06.html#Heading7";0
"BAR_P02";7;"Purge Billing Account";;;;"6.4.2";"ch06.html#Heading7";0
"BAR_P02";8;"Purge Billing Account";;;;"6.4.2";"ch06.html#Heading7";0
"BAR_P02";9;"Purge Billing Account";;;;"6.4.2";"ch06.html#Heading7";0
"BAR_P02";10;"Purge Billing Account";;;;"6.4.2";"ch06.html#Heading2318";0
"BAR_P02";61;"Purge Billing Account";;;;"6.4.2";"ch06.html#Heading7";0
"BAR_P02";81;"Purge Billing Account";;;;"6.4.2";"ch06.html#Heading7";0
"BAR_P02";91;"Purge Billing Account";;;;"6.4.2";"ch06.html#Heading7";0
"BAR_P02";92;"Purge Billing Account";;;;"6.4.2";"ch06.html#Heading7";0
"BAR_P05";5;"Update Billing Account";;;;"6";;0
"BAR_P05";6;"Update Billing Account";;;;"6.4.5";"ch06.html#Heading10";0
"BAR_P05";7;"Update Billing Account";;;;"6.4.5";"ch06.html#Heading10";0
"BAR_P05";8;"Update Billing Account";;;;"6.4.5";"ch06.html#Heading10";0
"BAR_P05";9;"Update Billing Account";;;;"6.4.5";"ch06.html#Heading10";0
"BAR_P05";10;"Update Billing Account";;;;"6.4.5";"ch06.html#Heading2321";0
"BAR_P05";61;"Update Billing Account";;;;"6.4.5";"ch06.html#Heading10";0
"BAR_P05";81;"Update Billing Account";;;;"6.4.5";"ch06.html#Heading10";0
"BAR_P05";91;"Update Billing Account";;;;"6.4.5";"ch06.html#Heading10";0
"BAR_P05";92;"Update Billing Account";;;;"6.4.5";"ch06.html#Heading10";0
"BAR_P06";3;"End Billing Account";"P06";"BAR";;;;0
"BAR_P06";4;"End Billing Account";"P06";"BAR";;;;0
"BAR_P06";5;"End Billing Account";;;;"6";;0
"BAR_P06";6;"End Billing Account";;;;"6.4.6";"ch06.html#Heading11";0
"BAR_P06";7;"End Billing Account";;;;"6.4.6";"ch06.html#Heading11";0
"BAR_P06";8;"End Billing Account";;;;"6.4.6";"ch06.html#Heading11";0
"BAR_P06";9;"End Billing Account";;;;"6.4.6";"ch06.html#Heading11";0
"BAR_P06";10;"End Billing Account";;;;"6.4.6";"ch06.html#Heading2322";0
"BAR_P06";61;"End Billing Account";;;;"6.4.6";"ch06.html#Heading11";0
"BAR_P06";81;"End Billing Account";;;;"6.4.6";"ch06.html#Heading11";0
"BAR_P06";91;"End Billing Account";;;;"6.4.6";"ch06.html#Heading11";0
"BAR_P06";92;"End Billing Account";;;;"6.4.6";"ch06.html#Heading11";0
"BAR_P10";5;"Transmit Ambulatory Payment Classification (APC) g";;;;"6";;0
"BAR_P10";6;"Transmit Ambulatory Payment Classification (APC) g";;;;"6.4.7";"ch06.html#Heading12";0
"BAR_P10";7;"Transmit Ambulatory Payment Classification (APC) g";;;;"6.4.7";"ch06.html#Heading12";0
"BAR_P10";8;"Transmit Ambulatory Payment Classification (APC) g";;;;"6.4.7";"ch06.html#Heading12";0
"BAR_P10";9;"Transmit Ambulatory Payment Classification (APC) g";;;;"6.4.7";"ch06.html#Heading12";0
"BAR_P10";10;"Transmit Ambulatory Payment Classification (APC) g";;;;"6.4.7";"ch06.html#Heading2323";0
"BAR_P10";61;"Transmit Ambulatory Payment Classification (APC) g";;;;"6.4.7";"ch06.html#Heading12";0
"BAR_P10";81;"Transmit Ambulatory Payment Classification (APC) g";;;;"6.4.7";"ch06.html#Heading12";0
"BAR_P10";91;"Transmit Ambulatory Payment Classification (APC) g";;;;"6.4.7";"ch06.html#Heading12";0
"BAR_P10";92;"Transmit Ambulatory Payment Classification (APC) g";;;;"6.4.7";"ch06.html#Heading12";0
"BAR_P12";6;"Update Diagnosis/Procedure";;;;"6.4.9";"ch06.html#Heading14";0
"BAR_P12";7;"Update Diagnosis/Procedure";;;;"6.4.9";"ch06.html#Heading14";1
"BAR_P12";8;"Update Diagnosis/Procedure";;;;"6.4.9";"ch06.html#Heading14";0
"BAR_P12";9;"Update Diagnosis/Procedure";;;;"6.4.9";"ch06.html#Heading14";0
"BAR_P12";10;"Update Diagnosis/Procedure";;;;"6.4.9";"ch06.html#Heading2325";0
"BAR_P12";61;"Update Diagnosis/Procedure";;;;"6.4.9";"ch06.html#Heading14";0
"BAR_P12";81;"Update Diagnosis/Procedure";;;;"6.4.9";"ch06.html#Heading14";0
"BAR_P12";91;"Update Diagnosis/Procedure";;;;"6.4.9";"ch06.html#Heading14";0
"BAR_P12";92;"Update Diagnosis/Procedure";;;;"6.4.9";"ch06.html#Heading14";0
"BPS_O29";6;"Blood Product dispense status Message";;;;"4.20.3";"ch04.html#Heading469";0
"BPS_O29";7;"Blood Product dispense status Message";;;;"4.20.3";"ch04.html#Heading485";0
"BPS_O29";8;"Blood Product dispense status Message";;;;"4.13.3";"ch04.html#Heading217";0
"BPS_O29";9;"Blood Product dispense status Message";;;;"4.13.3";"ch04.html#Heading233";0
"BPS_O29";10;"Blood Product dispense status Message";;;;"4.13.4";"ch04.html#Heading1684";0
"BPS_O29";61;"Blood Product dispense status Message";;;;"4.20.3";"ch04.html#Heading471";0
"BPS_O29";81;"Blood Product dispense status Message";;;;"4.12.3";"ch04.html#Heading217";0
"BPS_O29";91;"Blood Product dispense status Message";;;;"4.13.3";"ch04.html#Heading245";0
"BPS_O29";92;"Blood Product dispense status Message";;;;"4.13.3";"ch04.html#Heading245";0
"BRP_O30";6;;;;;"4.20.4";"ch04.html#Heading470";0
"BRP_O30";7;;;;;"4.20.4";"ch04.html#Heading486";0
"BRP_O30";8;"Description";;;;"4.13.4";"ch04.html#Heading218";0
"BRP_O30";9;"Description";;;;"4.13.4";"ch04.html#Heading234";0
"BRP_O30";10;;;;;"4.13.5";"ch04.html#Heading1685";0
"BRP_O30";61;;;;;"4.20.4";"ch04.html#Heading472";0
"BRP_O30";81;"Description";;;;"4.12.4";"ch04.html#Heading218";0
"BRP_O30";91;;;;;"4.13.4";"ch04.html#Heading246";0
"BRP_O30";92;;;;;"4.13.4";"ch04.html#Heading246";0
"BRT_O32";6;;;;;"4.20.6";"ch04.html#Heading472";0
"BRT_O32";7;;;;;"4.20.6";"ch04.html#Heading488";0
"BRT_O32";8;"Description";;;;"4.13.6";"ch04.html#Heading220";0
"BRT_O32";9;"Description";;;;"4.13.6";"ch04.html#Heading236";0
"BRT_O32";10;;;;;"4.13.7";"ch04.html#Heading1687";0
"BRT_O32";61;;;;;"4.20.6";"ch04.html#Heading474";0
"BRT_O32";81;"Description";;;;"4.12.6";"ch04.html#Heading220";0
"BRT_O32";91;;;;;"4.13.6";"ch04.html#Heading248";0
"BRT_O32";92;;;;;"4.13.6";"ch04.html#Heading248";0
"BTS_O31";6;"Blood Product Transfusion/Disposition Message";;;;"4.20.5";"ch04.html#Heading471";0
"BTS_O31";7;"Blood Product Transfusion/Disposition Message";;;;"4.20.5";"ch04.html#Heading487";0
"BTS_O31";8;"Blood Product Transfusion/Disposition Message";;;;"4.13.5";"ch04.html#Heading219";0
"BTS_O31";9;"Blood Product Transfusion/Disposition Message";;;;"4.13.5";"ch04.html#Heading235";0
"BTS_O31";10;"Blood Product Transfusion/Disposition Message";;;;"4.13.6";"ch04.html#Heading1686";0
"BTS_O31";61;"Blood Product Transfusion/Disposition Message";;;;"4.20.5";"ch04.html#Heading473";0
"BTS_O31";81;"Blood Product Transfusion/Disposition Message";;;;"4.12.5";"ch04.html#Heading219";0
"BTS_O31";91;"Blood Product Transfusion/Disposition Message";;;;"4.13.5";"ch04.html#Heading247";0
"BTS_O31";92;"Blood Product Transfusion/Disposition Message";;;;"4.13.5";"ch04.html#Heading247";0
"CCF_I22";8;"Collaborative Care Fetch";;;;"11.7.2";"ch11.html#Heading60";0
"CCF_I22";9;"Collaborative Care Fetch";;;;"11.7.2";"ch11.html#Heading63";0
"CCF_I22";10;"Collaborative Care Fetch";;;;"11.7.2";"ch11.html#Heading4051";0
"CCF_I22";81;"Collaborative Care Fetch";;;;"11.6.2";"ch11.html#Heading59";0
"CCF_I22";91;"Collaborative Care Fetch";;;;"11.7.2";"ch11.html#Heading63";0
"CCF_I22";92;"Collaborative Care Fetch";;;;"11.7.2";"ch11.html#Heading63";0
"CCI_I22";8;"Collaborative Care Information";;;;"11.7.2";"ch11.html#Heading60";0
"CCI_I22";9;"Collaborative Care Information";;;;"11.7.2";"ch11.html#Heading63";0
"CCI_I22";10;"Collaborative Care Information";;;;"11.7.2";"ch11.html#Heading4051";0
"CCI_I22";81;"Collaborative Care Information";;;;"11.6.2";"ch11.html#Heading59";0
"CCI_I22";91;"Collaborative Care Information";;;;"11.7.2";"ch11.html#Heading63";0
"CCI_I22";92;"Collaborative Care Information";;;;"11.7.2";"ch11.html#Heading63";0
"CCI_I22";997;"Collaborative Care Information";;;;"2.4.2";"v2.xml.html#Heading17";0
"CCM_I21";8;"Collaborative Care Message";;;;"11.6.1";"ch11.html#Heading52";0
"CCM_I21";9;"Collaborative Care Message";;;;"11.6.1";"ch11.html#Heading55";0
"CCM_I21";10;"Collaborative Care Message";;;;"11.6.1";"ch11.html#Heading4043";0
"CCM_I21";81;"Collaborative Care Message";;;;"11.5.1";"ch11.html#Heading51";0
"CCM_I21";91;"Collaborative Care Message";;;;"11.6.1";"ch11.html#Heading55";0
"CCM_I21";92;"Collaborative Care Message";;;;"11.6.1";"ch11.html#Heading55";0
"CCQ_I19";8;"Collaborative Care Referral";;;;"11.7.1";"ch11.html#Heading59";0
"CCQ_I19";9;"Collaborative Care Referral";;;;"11.7.1";"ch11.html#Heading62";0
"CCQ_I19";10;"Collaborative Care Referral";;;;"11.7.1";"ch11.html#Heading4050";0
"CCQ_I19";81;"Collaborative Care Referral";;;;"11.6.1";"ch11.html#Heading58";0
"CCQ_I19";91;"Collaborative Care Referral";;;;"11.7.1";"ch11.html#Heading62";0
"CCQ_I19";92;"Collaborative Care Referral";;;;"11.7.1";"ch11.html#Heading62";0
"CCR_I16";8;"Collaborative Care Referral";;;;"11.6.2";"ch11.html#Heading53";0
"CCR_I16";9;"Collaborative Care Referral";;;;"11.6.2";"ch11.html#Heading56";0
"CCR_I16";10;"Collaborative Care Referral";;;;"11.6.2";"ch11.html#Heading4044";0
"CCR_I16";81;"Collaborative Care Referral";;;;"11.5.2";"ch11.html#Heading52";0
"CCR_I16";91;"Collaborative Care Referral";;;;"11.6.2";"ch11.html#Heading56";0
"CCR_I16";92;"Collaborative Care Referral";;;;"11.6.2";"ch11.html#Heading56";0
"CCU_I20";8;"Collaborative Care Referral";;;;"11.6.6";"ch11.html#Heading57";0
"CCU_I20";9;"Collaborative Care Referral";;;;"11.6.6";"ch11.html#Heading60";0
"CCU_I20";10;"Collaborative Care Referral";;;;"11.6.6";"ch11.html#Heading4048";0
"CCU_I20";81;"Collaborative Care Referral";;;;"11.5.6";"ch11.html#Heading56";0
"CCU_I20";91;"Collaborative Care Referral";;;;"11.6.6";"ch11.html#Heading60";0
"CCU_I20";92;"Collaborative Care Referral";;;;"11.6.6";"ch11.html#Heading60";0
"CQU_I19";8;"Collaborative Care Referral";;;;"11.7.1";"ch11.html#Heading59";0
"CQU_I19";9;"Collaborative Care Referral";;;;"11.7.1";"ch11.html#Heading62";0
"CQU_I19";10;"Collaborative Care Referral";;;;"11.7.1";"ch11.html#Heading4050";0
"CQU_I19";81;"Collaborative Care Referral";;;;"11.6.1";"ch11.html#Heading58";0
"CQU_I19";91;"Collaborative Care Referral";;;;"11.7.1";"ch11.html#Heading62";0
"CQU_I19";92;"Collaborative Care Referral";;;;"11.7.1";"ch11.html#Heading62";0
"CRM_C01";3;"Clinical Trial Message";"C01";"CRM";;;;0
"CRM_C01";4;"Clinical Trial Message";"C01";"CRM";;;;0
"CRM_C01";5;"Clinical Trial Message";;;;"7";;0
"CRM_C01";6;"Clinical Trial Message";;;;"7.7.1";"ch07.html#Heading185";0
"CRM_C01";7;"Clinical Trial Message";;;;"7.7.1";"ch07.html#Heading193";0
"CRM_C01";8;"Clinical Trial Message";;;;"7.7.1";"ch07.html#Heading208";0
"CRM_C01";9;"Clinical Trial Message";;;;"7.7.1";"ch07.html#Heading220";0
"CRM_C01";10;"Clinical Trial Message";;;;"7.7.1";"ch07.html#Heading3023";0
"CRM_C01";61;"Clinical Trial Message";;;;"7.7.1";"ch07.html#Heading190";0
"CRM_C01";81;"Clinical Trial Message";;;;"7.7.1";"ch07.html#Heading209";0
"CRM_C01";91;"Clinical Trial Message";;;;"7.7.1";"ch07.html#Heading221";0
"CRM_C01";92;"Clinical Trial Message";;;;"7.7.1";"ch07.html#Heading230";0
"CSU_C09";3;"Clinical Trial Message";"C09";"CSU";;;;0
"CSU_C09";4;"Clinical Trial Message";"C09";"CSU";;;;0
"CSU_C09";5;"Clinical Trial Message";;;;"7";;0
"CSU_C09";6;"Clinical Trial Message";;;;"7.7.2";"ch07.html#Heading186";0
"CSU_C09";7;"Clinical Trial Message";;;;"7.7.2";"ch07.html#Heading194";0
"CSU_C09";8;"Clinical Trial Message";;;;"7.7.2";"ch07.html#Heading209";0
"CSU_C09";9;"Clinical Trial Message";;;;"7.7.2";"ch07.html#Heading221";0
"CSU_C09";10;"Clinical Trial Message";;;;"7.7.2";"ch07.html#Heading3024";0
"CSU_C09";61;"Clinical Trial Message";;;;"7.7.2";"ch07.html#Heading191";0
"CSU_C09";81;"Clinical Trial Message";;;;"7.7.2";"ch07.html#Heading210";0
"CSU_C09";91;"Clinical Trial Message";;;;"7.7.2";"ch07.html#Heading222";0
"CSU_C09";92;"Clinical Trial Message";;;;"7.7.2";"ch07.html#Heading231";0
"DBC_O41";9;;;;;"4.16.4";"ch04.html#Heading313";0
"DBC_O41";10;;;;;"4.16.4";"ch04.html#Heading1766";0
"DBC_O41";91;;;;;"4.16.4";"ch04.html#Heading325";0
"DBC_O41";92;;;;;"4.16.4";"ch04.html#Heading325";0
"DBC_O42";9;;;;;"4.16.5";"ch04.html#Heading314";0
"DBC_O42";10;;;;;"4.16.5";"ch04.html#Heading1767";0
"DBC_O42";91;;;;;"4.16.5";"ch04.html#Heading326";0
"DBC_O42";92;;;;;"4.16.5";"ch04.html#Heading326";0
"DEL_O46";9;;;;;"4.16.13";"ch04.html#Heading322";0
"DEL_O46";10;;;;;"4.16.13";"ch04.html#Heading1775";0
"DEL_O46";91;;;;;"4.16.13";"ch04.html#Heading334";0
"DEL_O46";92;;;;;"4.16.13";"ch04.html#Heading334";0
"DEO_O45";9;;;;;"4.16.12";"ch04.html#Heading321";0
"DEO_O45";10;;;;;"4.16.12";"ch04.html#Heading1774";0
"DEO_O45";91;;;;;"4.16.12";"ch04.html#Heading333";0
"DEO_O45";92;;;;;"4.16.12";"ch04.html#Heading333";0
"DER_O44";9;;;;;"4.16.11";"ch04.html#Heading320";0
"DER_O44";10;;;;;"4.16.11";"ch04.html#Heading1773";0
"DER_O44";91;;;;;"4.16.11";"ch04.html#Heading332";0
"DER_O44";92;;;;;"4.16.11";"ch04.html#Heading332";0
"DFT_P03";0;;;;;;;0
"DFT_P03";3;;"P03";"DFT";;;;0
"DFT_P03";4;;"P03";"DFT";;;;0
"DFT_P03";5;;;;;"6.4.3";"ch06.htm#Heading8";0
"DFT_P03";6;;;;;"6.4.3";"ch06.html#Heading8";0
"DFT_P03";7;;;;;"6.4.3";"ch06.html#Heading8";0
"DFT_P03";8;"Detail Financial Transaction";;;;"6.4.3";"ch06.html#Heading8";0
"DFT_P03";9;"Detail Financial Transaction";;;;"6.4.3";"ch06.html#Heading8";0
"DFT_P03";10;"Detail Financial Transaction";;;;"6.4.3";"ch06.html#Heading2319";0
"DFT_P03";32;"Detail Financial Transaction";;;;;;0
"DFT_P03";61;"Detail Financial Transaction";;;;"6.4.3";"ch06.html#Heading8";0
"DFT_P03";81;"Detail Financial Transaction";;;;"6.4.3";"ch06.html#Heading8";0
"DFT_P03";91;"Detail Financial Transaction";;;;"6.4.3";"ch06.html#Heading8";0
"DFT_P03";92;"Detail Financial Transaction";;;;"6.4.3";"ch06.html#Heading8";0
"DFT_P11";5;"Detail Financial Transaction - Expanded";;;;"6.4.3";"ch06.htm#Heading8";0
"DFT_P11";6;"Detail Financial Transaction - Expanded";;;;"6.4.8";"ch06.html#Heading13";0
"DFT_P11";7;"Detail Financial Transaction - Expanded";;;;"6.4.8";"ch06.html#Heading13";0
"DFT_P11";8;"Detail Financial Transaction - Expanded";;;;"6.4.8";"ch06.html#Heading13";0
"DFT_P11";9;"Detail Financial Transaction - Expanded";;;;"6.4.8";"ch06.html#Heading13";0
"DFT_P11";10;"Detail Financial Transaction - Expanded";;;;"6.4.8";"ch06.html#Heading2324";0
"DFT_P11";61;"Detail Financial Transaction - Expanded";;;;"6.4.8";"ch06.html#Heading13";0
"DFT_P11";81;"Detail Financial Transaction - Expanded";;;;"6.4.8";"ch06.html#Heading13";0
"DFT_P11";91;"Detail Financial Transaction - Expanded";;;;"6.4.8";"ch06.html#Heading13";0
"DFT_P11";92;"Detail Financial Transaction - Expanded";;;;"6.4.8";"ch06.html#Heading13";0
"DOC_T12";3;;"T12";"DOC";;;;0
"DOC_T12";4;;"T12";"DOC";;;;0
"DOC_T12";5;;;;;"9";;0
"DOC_T12";6;;;;;"9.8.1";"ch09.html#Heading69";0
"DOC_T12";7;;;;;"9.8.1";"ch09.html#Heading69";0
"DOC_T12";61;;;;;"9.8.1";"ch09.html#Heading69";0
"DPR_O48";9;;;;;"4.16.15";"ch04.html#Heading324";0
"DPR_O48";10;;;;;"4.16.15";"ch04.html#Heading1777";0
"DPR_O48";91;;;;;"4.16.15";"ch04.html#Heading336";0
"DPR_O48";92;;;;;"4.16.15";"ch04.html#Heading336";0
"DRC_O47";9;;;;;"4.16.14";"ch04.html#Heading323";0
"DRC_O47";10;;;;;"4.16.14";"ch04.html#Heading1776";0
"DRC_O47";91;;;;;"4.16.14";"ch04.html#Heading335";0
"DRC_O47";92;;;;;"4.16.14";"ch04.html#Heading335";0
"DRG_O43";9;;;;;"4.16.10";"ch04.html#Heading319";0
"DRG_O43";10;;;;;"4.16.10";"ch04.html#Heading1772";0
"DRG_O43";91;;;;;"4.16.10";"ch04.html#Heading331";0
"DRG_O43";92;;;;;"4.16.10";"ch04.html#Heading331";0
"DSR_P04";5;;;;;"6";;0
"DSR_Q01";3;;"Q01";"DSR";;;;0
"DSR_Q01";4;;"Q01";"DSR";;;;0
"DSR_Q01";5;;;;;"5";;0
"DSR_Q03";3;;"Q03";"DSR";;;;0
"DSR_Q03";4;;"Q03";"DSR";;;;0
"DSR_Q03";5;;;;;"5";;0
"EAC_U07";5;"Equipment Command Message";;;;"13";;0
"EAC_U07";6;"Equipment Command Message";;;;"13.3.7";"ch13.html#Heading81";0
"EAC_U07";7;"Equipment Command Message";;;;"13.3.7";"ch13.html#Heading81";0
"EAC_U07";8;"Equipment Command Message";;;;"13.3.7";"ch13.html#Heading81";0
"EAC_U07";9;"Equipment Command Message";;;;"13.3.7";"ch13.html#Heading81";0
"EAC_U07";10;"Equipment Command Message";;;;"13.3.7";"ch13.html#Heading4364";0
"EAC_U07";61;"Equipment Command Message";;;;"13.3.7";"ch13.html#Heading81";0
"EAC_U07";81;"Equipment Command Message";;;;"13.3.7";"ch13.html#Heading81";0
"EAC_U07";91;"Equipment Command Message";;;;"13.3.7";"ch13.html#Heading81";0
"EAC_U07";92;"Equipment Command Message";;;;"13.3.7";"ch13.html#Heading81";0
"EAN_U09";5;"Equipment Status Message";;;;"13";;0
"EAN_U09";6;"Equipment Status Message";;;;"13.3.9";"ch13.html#Heading83";0
"EAN_U09";7;"Equipment Status Message";;;;"13.3.9";"ch13.html#Heading83";0
"EAN_U09";8;"Equipment Status Message";;;;"13.3.9";"ch13.html#Heading83";0
"EAN_U09";9;"Equipment Status Message";;;;"13.3.9";"ch13.html#Heading83";0
"EAN_U09";10;"Equipment Status Message";;;;"13.3.9";"ch13.html#Heading4366";0
"EAN_U09";61;"Equipment Status Message";;;;"13.3.9";"ch13.html#Heading83";0
"EAN_U09";81;"Equipment Status Message";;;;"13.3.9";"ch13.html#Heading83";0
"EAN_U09";91;"Equipment Status Message";;;;"13.3.9";"ch13.html#Heading83";0
"EAN_U09";92;"Equipment Status Message";;;;"13.3.9";"ch13.html#Heading83";0
"EAR_U08";5;"Equipment Command Message";;;;"13";;0
"EAR_U08";6;"Equipment Command Message";;;;"13.3.8";"ch13.html#Heading82";0
"EAR_U08";7;"Equipment Command Message";;;;"13.3.8";"ch13.html#Heading82";0
"EAR_U08";8;"Equipment Command Message";;;;"13.3.8";"ch13.html#Heading82";0
"EAR_U08";9;"Equipment Command Message";;;;"13.3.8";"ch13.html#Heading82";0
"EAR_U08";10;"Equipment Command Message";;;;"13.3.8";"ch13.html#Heading4365";0
"EAR_U08";61;"Equipment Command Message";;;;"13.3.8";"ch13.html#Heading82";0
"EAR_U08";81;"Equipment Command Message";;;;"13.3.8";"ch13.html#Heading82";0
"EAR_U08";91;"Equipment Command Message";;;;"13.3.8";"ch13.html#Heading82";0
"EAR_U08";92;"Equipment Command Message";;;;"13.3.8";"ch13.html#Heading82";0
"EDR_Q01";3;;"Q01";"EDR";;;;0
"EDR_Q01";4;;"Q01";"EDR";;;;0
"EDR_R07";4;;"R07";"EDR";;;;0
"EDR_R07";5;;;;;"5";;0
"EHC_E01";7;"Submit HealthCare Services Invoice";;;;"16.3.1";"ch16.html#Heading6";0
"EHC_E01";8;"Submit HealthCare Services Invoice";;;;"16.3.1";"ch16.html#Heading6";0
"EHC_E01";9;"Submit HealthCare Services Invoice";;;;"16.3.1";"ch16.html#Heading6";0
"EHC_E01";10;"Submit HealthCare Services Invoice";;;;"16.3.1";"ch16.html#Heading4752";0
"EHC_E01";81;"Submit HealthCare Services Invoice";;;;"16.3.1";"ch16.html#Heading6";0
"EHC_E01";91;"Submit HealthCare Services Invoice";;;;"16.3.1";"ch16.html#Heading6";0
"EHC_E01";92;"Submit HealthCare Services Invoice";;;;"16.3.1";"ch16.html#Heading6";0
"EHC_E02";7;"Cancel HealthCare Services Invoice";;;;"16.3.2";"ch16.html#Heading7";0
"EHC_E02";8;"Cancel HealthCare Services Invoice";;;;"16.3.2";"ch16.html#Heading7";0
"EHC_E02";9;"Cancel HealthCare Services Invoice";;;;"16.3.2";"ch16.html#Heading7";0
"EHC_E02";10;"Cancel HealthCare Services Invoice";;;;"16.3.2";"ch16.html#Heading4753";0
"EHC_E02";81;"Cancel HealthCare Services Invoice";;;;"16.3.2";"ch16.html#Heading7";0
"EHC_E02";91;"Cancel HealthCare Services Invoice";;;;"16.3.2";"ch16.html#Heading7";0
"EHC_E02";92;"Cancel HealthCare Services Invoice";;;;"16.3.2";"ch16.html#Heading7";0
"EHC_E04";7;"Re-Assess HealthCare Services Invoice Request";;;;"16.3.5";"ch16.html#Heading10";0
"EHC_E04";8;"Re-Assess HealthCare Services Invoice Request";;;;"16.3.5";"ch16.html#Heading10";0
"EHC_E04";9;"Re-Assess HealthCare Services Invoice Request";;;;"16.3.5";"ch16.html#Heading10";0
"EHC_E04";10;"Re-Assess HealthCare Services Invoice Request";;;;"16.3.5";"ch16.html#Heading4756";0
"EHC_E04";81;"Re-Assess HealthCare Services Invoice Request";;;;"16.3.5";"ch16.html#Heading10";0
"EHC_E04";91;"Re-Assess HealthCare Services Invoice Request";;;;"16.3.5";"ch16.html#Heading10";0
"EHC_E04";92;"Re-Assess HealthCare Services Invoice Request";;;;"16.3.5";"ch16.html#Heading10";0
"EHC_E10";7;"Edit/Adjudication Results";;;;"16.3.6";"ch16.html#Heading11";0
"EHC_E10";8;"Edit/Adjudication Results";;;;"16.3.6";"ch16.html#Heading11";0
"EHC_E10";9;"Edit/Adjudication Results";;;;"16.3.6";"ch16.html#Heading11";0
"EHC_E10";10;"Edit/Adjudication Results";;;;"16.3.6";"ch16.html#Heading4757";0
"EHC_E10";81;"Edit/Adjudication Results";;;;"16.3.6";"ch16.html#Heading11";0
"EHC_E10";91;"Edit/Adjudication Results";;;;"16.3.6";"ch16.html#Heading11";0
"EHC_E10";92;"Edit/Adjudication Results";;;;"16.3.6";"ch16.html#Heading11";0
"EHC_E12";7;"Request Additional Information";;;;"16.3.7";"ch16.html#Heading12";0
"EHC_E12";8;"Request Additional Information";;;;"16.3.7";"ch16.html#Heading12";0
"EHC_E12";9;"Request Additional Information";;;;"16.3.7";"ch16.html#Heading12";0
"EHC_E12";10;"Request Additional Information";;;;"16.3.7";"ch16.html#Heading4758";0
"EHC_E12";81;"Request Additional Information";;;;"16.3.7";"ch16.html#Heading12";0
"EHC_E12";91;"Request Additional Information";;;;"16.3.7";"ch16.html#Heading12";0
"EHC_E12";92;"Request Additional Information";;;;"16.3.7";"ch16.html#Heading12";0
"EHC_E13";7;"Additional Information Response";;;;"16.3.8";"ch16.html#Heading13";0
"EHC_E13";8;"Additional Information Response";;;;"16.3.8";"ch16.html#Heading13";0
"EHC_E13";9;"Additional Information Response";;;;"16.3.8";"ch16.html#Heading13";0
"EHC_E13";10;"Additional Information Response";;;;"16.3.8";"ch16.html#Heading4759";0
"EHC_E13";81;"Additional Information Response";;;;"16.3.8";"ch16.html#Heading13";0
"EHC_E13";91;"Additional Information Response";;;;"16.3.8";"ch16.html#Heading13";0
"EHC_E13";92;"Additional Information Response";;;;"16.3.8";"ch16.html#Heading13";0
"EHC_E15";7;"Payment/Remittance Advice";;;;"16.3.9";"ch16.html#Heading14";0
"EHC_E15";8;"Payment/Remittance Advice";;;;"16.3.9";"ch16.html#Heading14";0
"EHC_E15";9;"Payment/Remittance Advice";;;;"16.3.9";"ch16.html#Heading14";0
"EHC_E15";10;"Payment/Remittance Advice";;;;"16.3.9";"ch16.html#Heading4760";0
"EHC_E15";81;"Payment/Remittance Advice";;;;"16.3.9";"ch16.html#Heading14";0
"EHC_E15";91;"Payment/Remittance Advice";;;;"16.3.9";"ch16.html#Heading14";0
"EHC_E15";92;"Payment/Remittance Advice";;;;"16.3.9";"ch16.html#Heading14";0
"EHC_E20";7;"Submit Authorization Request";;;;"16.3.10";"ch16.html#Heading15";0
"EHC_E20";8;"Submit Authorization Request";;;;"16.3.10";"ch16.html#Heading15";0
"EHC_E20";9;"Submit Authorization Request";;;;"16.3.10";"ch16.html#Heading15";0
"EHC_E20";10;"Submit Authorization Request";;;;"16.3.10";"ch16.html#Heading4761";0
"EHC_E20";81;"Submit Authorization Request";;;;"16.3.10";"ch16.html#Heading15";0
"EHC_E20";91;"Submit Authorization Request";;;;"16.3.10";"ch16.html#Heading15";0
"EHC_E20";92;"Submit Authorization Request";;;;"16.3.10";"ch16.html#Heading15";0
"EHC_E21";7;"Cancel Authorization Request";;;;"16.3.11";"ch16.html#Heading16";0
"EHC_E21";8;"Cancel Authorization Request";;;;"16.3.11";"ch16.html#Heading16";0
"EHC_E21";9;"Cancel Authorization Request";;;;"16.3.11";"ch16.html#Heading16";0
"EHC_E21";10;"Cancel Authorization Request";;;;"16.3.11";"ch16.html#Heading4762";0
"EHC_E21";81;"Cancel Authorization Request";;;;"16.3.11";"ch16.html#Heading16";0
"EHC_E21";91;"Cancel Authorization Request";;;;"16.3.11";"ch16.html#Heading16";0
"EHC_E21";92;"Cancel Authorization Request";;;;"16.3.11";"ch16.html#Heading16";0
"EHC_E24";7;"Authorization Response";;;;"16.3.14";"ch16.html#Heading19";0
"EHC_E24";8;"Authorization Response";;;;"16.3.14";"ch16.html#Heading19";0
"EHC_E24";9;"Authorization Response";;;;"16.3.14";"ch16.html#Heading19";0
"EHC_E24";10;"Authorization Response";;;;"16.3.14";"ch16.html#Heading4765";0
"EHC_E24";81;"Authorization Response";;;;"16.3.14";"ch16.html#Heading19";0
"EHC_E24";91;"Authorization Response";;;;"16.3.14";"ch16.html#Heading19";0
"EHC_E24";92;"Authorization Response";;;;"16.3.14";"ch16.html#Heading19";0
"EQQ_Q01";3;;"Q01";"EQQ";;;;0
"EQQ_Q04";4;;"Q04";"EQQ";;;;0
"EQQ_Q04";5;;;;;"5";;0
"ERP_Q01";3;;"Q01";"ERP";;;;0
"ERP_Q01";4;;"Q01";"ERP";;;;0
"ERP_R09";4;;"R09";"ERP";;;;0
"ERP_R09";5;;;;;"5";;0
"ESR_U02";5;"Equipment Status Message";;;;"13";;0
"ESR_U02";6;"Equipment Status Message";;;;"13.3.2";"ch13.html#Heading76";0
"ESR_U02";7;"Equipment Status Message";;;;"13.3.2";"ch13.html#Heading76";0
"ESR_U02";8;"Equipment Status Message";;;;"13.3.2";"ch13.html#Heading76";0
"ESR_U02";9;"Equipment Status Message";;;;"13.3.2";"ch13.html#Heading76";0
"ESR_U02";10;"Equipment Status Message";;;;"13.3.2";"ch13.html#Heading4359";0
"ESR_U02";61;"Equipment Status Message";;;;"13.3.2";"ch13.html#Heading76";0
"ESR_U02";81;"Equipment Status Message";;;;"13.3.2";"ch13.html#Heading76";0
"ESR_U02";91;"Equipment Status Message";;;;"13.3.2";"ch13.html#Heading76";0
"ESR_U02";92;"Equipment Status Message";;;;"13.3.2";"ch13.html#Heading76";0
"ESU_U01";5;"Equipment Status Message";;;;"13";;0
"ESU_U01";6;"Equipment Status Message";;;;"13.3.1";"ch13.html#Heading75";0
"ESU_U01";7;"Equipment Status Message";;;;"13.3.1";"ch13.html#Heading75";0
"ESU_U01";8;"Equipment Status Message";;;;"13.3.1";"ch13.html#Heading75";0
"ESU_U01";9;"Equipment Status Message";;;;"13.3.1";"ch13.html#Heading75";0
"ESU_U01";10;"Equipment Status Message";;;;"13.3.1";"ch13.html#Heading4358";0
"ESU_U01";61;"Equipment Status Message";;;;"13.3.1";"ch13.html#Heading75";0
"ESU_U01";81;"Equipment Status Message";;;;"13.3.1";"ch13.html#Heading75";0
"ESU_U01";91;"Equipment Status Message";;;;"13.3.1";"ch13.html#Heading75";0
"ESU_U01";92;"Equipment Status Message";;;;"13.3.1";"ch13.html#Heading75";0
"INR_U06";5;"Inventory Request Message";;;;"13";;0
"INR_U06";6;"Inventory Request Message";;;;"13.3.6";"ch13.html#Heading80";0
"INR_U06";7;"Inventory Request Message";;;;"13.3.6";"ch13.html#Heading80";0
"INR_U06";8;"Inventory Request Message";;;;"13.3.6";"ch13.html#Heading80";0
"INR_U06";9;"Inventory Request Message";;;;"13.3.6";"ch13.html#Heading80";0
"INR_U06";10;"Inventory Request Message";;;;"13.3.6";"ch13.html#Heading4363";0
"INR_U06";61;"Inventory Request Message";;;;"13.3.6";"ch13.html#Heading80";0
"INR_U06";81;"Inventory Request Message";;;;"13.3.6";"ch13.html#Heading80";0
"INR_U06";91;"Inventory Request Message";;;;"13.3.6";"ch13.html#Heading80";0
"INR_U06";92;"Inventory Request Message";;;;"13.3.6";"ch13.html#Heading80";0
"INR_U14";10;;;;;"13.3.14";"ch13.html#Heading4371";0
"INU_U05";5;"Inventory Update Message";;;;"13";;0
"INU_U05";6;"Inventory Update Message";;;;"13.3.5";"ch13.html#Heading79";0
"INU_U05";7;"Inventory Update Message";;;;"13.3.5";"ch13.html#Heading79";0
"INU_U05";8;"Inventory Update Message";;;;"13.3.5";"ch13.html#Heading79";0
"INU_U05";9;"Inventory Update Message";;;;"13.3.5";"ch13.html#Heading79";0
"INU_U05";10;"Inventory Update Message";;;;"13.3.5";"ch13.html#Heading4362";0
"INU_U05";61;"Inventory Update Message";;;;"13.3.5";"ch13.html#Heading79";0
"INU_U05";81;"Inventory Update Message";;;;"13.3.5";"ch13.html#Heading79";0
"INU_U05";91;"Inventory Update Message";;;;"13.3.5";"ch13.html#Heading79";0
"INU_U05";92;"Inventory Update Message";;;;"13.3.5";"ch13.html#Heading79";0
"LSU_U12";5;"Equipment Log/Service Message";;;;"13";;0
"LSU_U12";6;"Equipment Log/Service Message";;;;"13.3.12";"ch13.html#Heading86";0
"LSU_U12";7;"Equipment Log/Service Message";;;;"13.3.12";"ch13.html#Heading86";0
"LSU_U12";8;"Equipment Log/Service Message";;;;"13.3.12";"ch13.html#Heading86";0
"LSU_U12";9;"Equipment Log/Service Message";;;;"13.3.12";"ch13.html#Heading86";0
"LSU_U12";10;"Equipment Log/Service Message";;;;"13.3.12";"ch13.html#Heading4369";0
"LSU_U12";61;"Equipment Log/Service Message";;;;"13.3.12";"ch13.html#Heading86";0
"LSU_U12";81;"Equipment Log/Service Message";;;;"13.3.12";"ch13.html#Heading86";0
"LSU_U12";91;"Equipment Log/Service Message";;;;"13.3.12";"ch13.html#Heading86";0
"LSU_U12";92;"Equipment Log/Service Message";;;;"13.3.12";"ch13.html#Heading86";0
"MDM_T01";3;;"T01";"MDM";;;;0
"MDM_T01";4;;"T01";"MDM";;;;0
"MDM_T01";5;;;;;"9";;0
"MDM_T01";6;;;;;"9.5.1";"ch09.html#Heading29";0
"MDM_T01";7;;;;;"9.5.1";"ch09.html#Heading29";0
"MDM_T01";8;"Document Cancel Notification";;;;"9.6.1";"ch09.html#Heading52";0
"MDM_T01";9;"Document Cancel Notification";;;;"9.6.1";"ch09.html#Heading52";0
"MDM_T01";10;;;;;"9.6.1";"ch09.html#Heading3702";0
"MDM_T01";61;;;;;"9.5.1";"ch09.html#Heading29";0
"MDM_T01";81;"Document Cancel Notification";;;;"9.6.1";"ch09.html#Heading52";0
"MDM_T01";91;;;;;"9.6.1";"ch09.html#Heading52";0
"MDM_T01";92;;;;;"9.6.1";"ch09.html#Heading52";0
"MDM_T02";3;;"T02";"MDM";;;;0
"MDM_T02";4;;"T02";"MDM";;;;0
"MDM_T02";5;;;;;"9";;0
"MDM_T02";6;;;;;"9.5.2";"ch09.html#Heading30";0
"MDM_T02";7;;;;;"9.5.2";"ch09.html#Heading30";0
"MDM_T02";8;"Document Replacement Notification & Content";;;;"9.6.2";"ch09.html#Heading53";0
"MDM_T02";9;"Document Replacement Notification & Content";;;;"9.6.2";"ch09.html#Heading53";0
"MDM_T02";10;;;;;"9.6.2";"ch09.html#Heading3703";0
"MDM_T02";61;;;;;"9.5.2";"ch09.html#Heading30";0
"MDM_T02";81;"Document Replacement Notification & Content";;;;"9.6.2";"ch09.html#Heading53";0
"MDM_T02";91;;;;;"9.6.2";"ch09.html#Heading53";0
"MDM_T02";92;;;;;"9.6.2";"ch09.html#Heading53";0
"MFD_P09";3;;"P09";"MFD";;;;0
"MFD_P09";4;;"P09";"MFD";;;;0
"MFK_M01";3;"Master File Acknowledgment";"M01";"MFK";;;;0
"MFK_M01";4;"Master File Acknowledgment";"M01";"MFK";;;;0
"MFK_M01";5;"Master File Acknowledgment";;;;"8";;0
"MFK_M01";6;"Master File Acknowledgment";;;;"8.4.1";"ch08.html#Heading7";0
"MFK_M01";7;"Master File Acknowledgment";;;;"8.4.1";"ch08.html#Heading6";0
"MFK_M01";8;"Master File Acknowledgment";;;;"8.4.2";"ch08.html#Heading7";0
"MFK_M01";9;"Master File Acknowledgment";;;;"8.4.2";"ch08.html#Heading7";0
"MFK_M01";10;"Master File Acknowledgment";;;;"8.4.2";"ch08.html#Heading3250";0
"MFK_M01";61;"Master File Acknowledgment";;;;"8.4.1";"ch08.html#Heading7";0
"MFK_M01";81;"Master File Acknowledgment";;;;"8.4.2";"ch08.html#Heading7";0
"MFK_M01";91;"Master File Acknowledgment";;;;"8.4.2";"ch08.html#Heading7";0
"MFK_M01";92;"Master File Acknowledgment";;;;"8.4.2";"ch08.html#Heading7";0
"MFN_M01";3;;"M01";"MFN";;;;0
"MFN_M01";4;;"M01";"MFN";;;;0
"MFN_M01";5;;;;;"8";;0
"MFN_M01";6;;;;;"8.4.1";"ch08.html#Heading7";0
"MFN_M01";7;;;;;"8.4.1";"ch08.html#Heading6";0
"MFN_M01";61;;;;;"8.4.1";"ch08.html#Heading7";0
"MFN_M02";3;"Master File Notification for Staff/Practitioner";"M02";"MFN";;;;0
"MFN_M02";4;"Master File Notification for Staff/Practitioner";"M02";"MFN";;;;0
"MFN_M02";5;"Master File Notification for Staff/Practitioner";;;;"8";;0
"MFN_M02";6;"Master File Notification for Staff/Practitioner";;;;"8.7.1";"ch08.html#Heading61";0
"MFN_M02";7;"Master File Notification for Staff/Practitioner";;;;"8.7.1";"ch08.html#Heading62";0
"MFN_M02";8;"Master File Notification for Staff/Practitioner";;;;"8.7.1";"ch08.html#Heading45";0
"MFN_M02";9;"Master File Notification for Staff/Practitioner";;;;"8.7.1";"ch08.html#Heading53";0
"MFN_M02";10;"Master File Notification for Staff/Practitioner";;;;"8.7.1";"ch08.html#Heading3296";0
"MFN_M02";61;"Master File Notification for Staff/Practitioner";;;;"8.7.1";"ch08.html#Heading61";0
"MFN_M02";81;"Master File Notification for Staff/Practitioner";;;;"8.7.1";"ch08.html#Heading45";0
"MFN_M02";91;"Master File Notification for Staff/Practitioner";;;;"8.7.1";"ch08.html#Heading53";0
"MFN_M02";92;"Master File Notification for Staff/Practitioner";;;;"8.7.1";"ch08.html#Heading53";0
"MFN_M03";3;;"M03";"MFN";;;;0
"MFN_M03";4;;"M03";"MFN";;;;0
"MFN_M03";5;;;;;"8";;0
"MFN_M03";6;;;;;"8.8.2";"ch08.html#Heading65";0
"MFN_M03";7;;;;;"8.8.2";"ch08.html#Heading66";0
"MFN_M03";61;;;;;"8.8.2";"ch08.html#Heading65";0
"MFN_M04";4;"Master File Notification - Charge Description";"M04";"MFN";;;;0
"MFN_M04";5;"Master File Notification - Charge Description";;;;"8";;0
"MFN_M04";6;"Master File Notification - Charge Description";;;;"8.10.1";"ch08.html#Heading242";0
"MFN_M04";7;"Master File Notification - Charge Description";;;;"8.10.1";"ch08.html#Heading243";0
"MFN_M04";8;"Master File Notification - Charge Description";;;;"8.10.1";"ch08.html#Heading214";0
"MFN_M04";9;"Master File Notification - Charge Description";;;;"8.10.1";"ch08.html#Heading242";0
"MFN_M04";10;"Master File Notification - Charge Description";;;;"8.10.1";"ch08.html#Heading3548";0
"MFN_M04";61;"Master File Notification - Charge Description";;;;"8.10.1";"ch08.html#Heading242";0
"MFN_M04";81;"Master File Notification - Charge Description";;;;"8.10.1";"ch08.html#Heading214";0
"MFN_M04";91;"Master File Notification - Charge Description";;;;"8.10.1";"ch08.html#Heading246";0
"MFN_M04";92;"Master File Notification - Charge Description";;;;"8.10.1";"ch08.html#Heading306";0
"MFN_M05";3;"Master File Notification - Patient Location";"M05";"MFN";;;;0
"MFN_M05";4;"Master File Notification - Patient Location";"M05";"MFN";;;;0
"MFN_M05";5;"Master File Notification - Patient Location";;;;"8";;0
"MFN_M05";6;"Master File Notification - Patient Location";;;;"8.9.1";"ch08.html#Heading193";0
"MFN_M05";7;"Master File Notification - Patient Location";;;;"8.9.1";"ch08.html#Heading194";0
"MFN_M05";8;"Master File Notification - Patient Location";;;;"8.9.1";"ch08.html#Heading170";0
"MFN_M05";9;"Master File Notification - Patient Location";;;;"8.9.1";"ch08.html#Heading193";0
"MFN_M05";10;"Master File Notification - Patient Location";;;;"8.9.1";"ch08.html#Heading3500";0
"MFN_M05";61;"Master File Notification - Patient Location";;;;"8.9.1";"ch08.html#Heading193";0
"MFN_M05";81;"Master File Notification - Patient Location";;;;"8.9.1";"ch08.html#Heading170";0
"MFN_M05";91;"Master File Notification - Patient Location";;;;"8.9.1";"ch08.html#Heading197";0
"MFN_M05";92;"Master File Notification - Patient Location";;;;"8.9.1";"ch08.html#Heading257";0
"MFN_M06";3;"Master File Notification - Clinical Study with Pha";"M06";"MFN";;;;0
"MFN_M06";4;"Master File Notification - Clinical Study with Pha";"M06";"MFN";;;;0
"MFN_M06";5;"Master File Notification - Clinical Study with Pha";;;;"8";;0
"MFN_M06";6;"Master File Notification - Clinical Study with Pha";;;;"8.11.1";"ch08.html#Heading280";0
"MFN_M06";7;"Master File Notification - Clinical Study with Pha";;;;"8.11.1";"ch08.html#Heading281";0
"MFN_M06";8;"Master File Notification - Clinical Study with Pha";;;;"8.11.1";"ch08.html#Heading250";0
"MFN_M06";9;"Master File Notification - Clinical Study with Pha";;;;"8.11.1";"ch08.html#Heading280";0
"MFN_M06";10;"Master File Notification - Clinical Study with Pha";;;;"8.11.1";"ch08.html#Heading3586";0
"MFN_M06";61;"Master File Notification - Clinical Study with Pha";;;;"8.11.1";"ch08.html#Heading280";0
"MFN_M06";81;"Master File Notification - Clinical Study with Pha";;;;"8.11.1";"ch08.html#Heading250";0
"MFN_M06";91;"Master File Notification - Clinical Study with Pha";;;;"8.11.1";"ch08.html#Heading284";0
"MFN_M06";92;"Master File Notification - Clinical Study with Pha";;;;"8.11.1";"ch08.html#Heading344";0
"MFN_M07";3;"Master File Notification - Clinical Study without";"M07";"MFN";;;;0
"MFN_M07";4;"Master File Notification - Clinical Study without";"M07";"MFN";;;;0
"MFN_M07";5;"Master File Notification - Clinical Study without";;;;"8";;0
"MFN_M07";6;"Master File Notification - Clinical Study without";;;;"8.11.1";"ch08.html#Heading280";0
"MFN_M07";7;"Master File Notification - Clinical Study without";;;;"8.11.1";"ch08.html#Heading281";0
"MFN_M07";8;"Master File Notification - Clinical Study without ";;;;"8.11.1";"ch08.html#Heading250";0
"MFN_M07";9;"Master File Notification - Clinical Study without ";;;;"8.11.1";"ch08.html#Heading280";0
"MFN_M07";10;"Master File Notification - Clinical Study without";;;;"8.11.1";"ch08.html#Heading3586";0
"MFN_M07";61;"Master File Notification - Clinical Study without";;;;"8.11.1";"ch08.html#Heading280";0
"MFN_M07";81;"Master File Notification - Clinical Study without ";;;;"8.11.1";"ch08.html#Heading250";0
"MFN_M07";91;"Master File Notification - Clinical Study without";;;;"8.11.1";"ch08.html#Heading284";0
"MFN_M07";92;"Master File Notification - Clinical Study without";;;;"8.11.1";"ch08.html#Heading344";0
"MFN_M08";3;"Master File Notification - Test/Observation (Numer";"M08";"MFN";;;;0
"MFN_M08";4;"Master File Notification - Test/Observation (Numer";"M08";"MFN";;;;0
"MFN_M08";5;"Master File Notification - Test/Observation (Numer";;;;"8";;0
"MFN_M08";6;"Master File Notification - Test/Observation (Numer";;;;"8.8.3";"ch08.html#Heading66";0
"MFN_M08";7;"Master File Notification - Test/Observation (Numer";;;;"8.8.3";"ch08.html#Heading67";0
"MFN_M08";8;"Master File Notification - Test/Observation (Numer";;;;"8.8.3";"ch08.html#Heading50";0
"MFN_M08";9;"Master File Notification - Test/Observation (Numer";;;;"8.8.3";"ch08.html#Heading58";0
"MFN_M08";10;"Master File Notification - Test/Observation (Numer";;;;"8.8.3";"ch08.html#Heading3301";0
"MFN_M08";61;"Master File Notification - Test/Observation (Numer";;;;"8.8.3";"ch08.html#Heading66";0
"MFN_M08";81;"Master File Notification - Test/Observation (Numer";;;;"8.8.3";"ch08.html#Heading50";0
"MFN_M08";91;"Master File Notification - Test/Observation (Numer";;;;"8.8.3";"ch08.html#Heading58";0
"MFN_M08";92;"Master File Notification - Test/Observation (Numer";;;;"8.8.3";"ch08.html#Heading58";0
"MFN_M09";3;"Master File Notification - Test/Observation (Categ";"M09";"MFN";;;;0
"MFN_M09";4;"Master File Notification - Test/Observation (Categ";"M09";"MFN";;;;0
"MFN_M09";5;"Master File Notification - Test/Observation (Categ";;;;"8";;0
"MFN_M09";6;"Master File Notification - Test/Observation (Categ";;;;"8.8.4";"ch08.html#Heading67";0
"MFN_M09";7;"Master File Notification - Test/Observation (Categ";;;;"8.8.4";"ch08.html#Heading68";0
"MFN_M09";8;"Master File Notification - Test/Observation (Categ";;;;"8.8.4";"ch08.html#Heading51";0
"MFN_M09";9;"Master File Notification - Test/Observation (Categ";;;;"8.8.4";"ch08.html#Heading59";0
"MFN_M09";10;"Master File Notification - Test/Observation (Categ";;;;"8.8.4";"ch08.html#Heading3302";0
"MFN_M09";61;"Master File Notification - Test/Observation (Categ";;;;"8.8.4";"ch08.html#Heading67";0
"MFN_M09";81;"Master File Notification - Test/Observation (Categ";;;;"8.8.4";"ch08.html#Heading51";0
"MFN_M09";91;"Master File Notification - Test/Observation (Categ";;;;"8.8.4";"ch08.html#Heading59";0
"MFN_M09";92;"Master File Notification - Test/Observation (Categ";;;;"8.8.4";"ch08.html#Heading59";0
"MFN_M10";3;"Master File Notification - Test/Observation Batter";"M10";"MFN";;;;0
"MFN_M10";4;"Master File Notification - Test/Observation Batter";"M10";"MFN";;;;0
"MFN_M10";5;"Master File Notification - Test/Observation Batter";;;;"8";;0
"MFN_M10";6;"Master File Notification - Test/Observation Batter";;;;"8.8.5";"ch08.html#Heading68";0
"MFN_M10";7;"Master File Notification - Test/Observation Batter";;;;"8.8.5";"ch08.html#Heading69";0
"MFN_M10";8;"Master File Notification - Test/Observation Batter";;;;"8.8.5";"ch08.html#Heading52";0
"MFN_M10";9;"Master File Notification - Test/Observation Batter";;;;"8.8.5";"ch08.html#Heading60";0
"MFN_M10";10;"Master File Notification - Test/Observation Batter";;;;"8.8.5";"ch08.html#Heading3303";0
"MFN_M10";61;"Master File Notification - Test/Observation Batter";;;;"8.8.5";"ch08.html#Heading68";0
"MFN_M10";81;"Master File Notification - Test/Observation Batter";;;;"8.8.5";"ch08.html#Heading52";0
"MFN_M10";91;"Master File Notification - Test/Observation Batter";;;;"8.8.5";"ch08.html#Heading60";0
"MFN_M10";92;"Master File Notification - Test/Observation Batter";;;;"8.8.3";"ch08.html#Heading58";0
"MFN_M11";3;"Master File Notification - Test/Calculated Observa";"M11";"MFN";;;;0
"MFN_M11";4;"Master File Notification - Test/Calculated Observa";"M11";"MFN";;;;0
"MFN_M11";5;"Master File Notification - Test/Calculated Observa";;;;"8";;0
"MFN_M11";6;"Master File Notification - Test/Calculated Observa";;;;"8.8.6";"ch08.html#Heading69";0
"MFN_M11";7;"Master File Notification - Test/Calculated Observa";;;;"8.8.6";"ch08.html#Heading70";0
"MFN_M11";8;"Master File Notification - Test/Calculated Observa";;;;"8.8.6";"ch08.html#Heading53";0
"MFN_M11";9;"Master File Notification - Test/Calculated Observa";;;;"8.8.6";"ch08.html#Heading61";0
"MFN_M11";10;"Master File Notification - Test/Calculated Observa";;;;"8.8.6";"ch08.html#Heading3304";0
"MFN_M11";61;"Master File Notification - Test/Calculated Observa";;;;"8.8.6";"ch08.html#Heading69";0
"MFN_M11";81;"Master File Notification - Test/Calculated Observa";;;;"8.8.6";"ch08.html#Heading53";0
"MFN_M11";91;"Master File Notification - Test/Calculated Observa";;;;"8.8.6";"ch08.html#Heading61";0
"MFN_M11";92;"Master File Notification - Test/Calculated Observa";;;;"8.8.6";"ch08.html#Heading61";0
"MFN_M12";5;"Master File Notification - Additional Basic Observ";;;;"8";;0
"MFN_M12";6;"Master File Notification - Additional Basic Observ";;;;"8.8.7";"ch08.html#Heading70";0
"MFN_M12";7;"Master File Notification - Additional Basic Observ";;;;"8.8.7";"ch08.html#Heading71";0
"MFN_M12";8;"Master File Notification - Additional Basic Observ";;;;"8.8.7";"ch08.html#Heading54";0
"MFN_M12";9;"Master File Notification - Additional Basic Observ";;;;"8.8.7";"ch08.html#Heading62";0
"MFN_M12";10;"Master File Notification - Additional Basic Observ";;;;"8.8.7";"ch08.html#Heading3305";0
"MFN_M12";61;"Master File Notification - Additional Basic Observ";;;;"8.8.7";"ch08.html#Heading70";0
"MFN_M12";81;"Master File Notification - Additional Basic Observ";;;;"8.8.7";"ch08.html#Heading54";0
"MFN_M12";91;"Master File Notification - Additional Basic Observ";;;;"8.8.7";"ch08.html#Heading62";0
"MFN_M12";92;"Master File Notification - Additional Basic Observ";;;;"8.8.7";"ch08.html#Heading62";0
"MFN_M13";6;"Master File Notification - General";;;;"8.4.2";"ch08.html#Heading11";0
"MFN_M13";7;"Master File Notification - General";;;;"8.4.2";"ch08.html#Heading10";0
"MFN_M13";8;"Master File Notification - General";;;;"8.4.2";"ch08.html#Heading7";0
"MFN_M13";9;"Master File Notification - General";;;;"8.4.2";"ch08.html#Heading7";0
"MFN_M13";10;"Master File Notification - General";;;;"8.4.2";"ch08.html#Heading3250";0
"MFN_M13";61;"Master File Notification - General";;;;"8.4.2";"ch08.html#Heading11";0
"MFN_M13";81;"Master File Notification - General";;;;"8.4.2";"ch08.html#Heading7";0
"MFN_M13";91;"Master File Notification - General";;;;"8.4.2";"ch08.html#Heading7";0
"MFN_M13";92;"Master File Notification - General";;;;"8.4.2";"ch08.html#Heading7";0
"MFN_M15";6;"Master File Notification - Inventory Item";;;;"8.12.1";"ch08.html#Heading306";0
"MFN_M15";7;"Master File Notification - Inventory Item";;;;"8.12.1";"ch08.html#Heading307";0
"MFN_M15";8;"Master File Notification - Inventory Item";;;;"8.12.1";"ch08.html#Heading273";0
"MFN_M15";9;"Master File Notification - Inventory Item";;;;"8.12.1";"ch08.html#Heading306";0
"MFN_M15";10;"Master File Notification - Inventory Item";;;;"8.12.1";"ch08.html#Heading3612";0
"MFN_M15";61;"Master File Notification - Inventory Item";;;;"8.12.1";"ch08.html#Heading306";0
"MFN_M15";81;"Master File Notification - Inventory Item";;;;"8.12.1";"ch08.html#Heading273";0
"MFN_M15";91;"Master File Notification - Inventory Item";;;;"8.12.1";"ch08.html#Heading310";0
"MFN_M15";92;"Master File Notification - Inventory Item";;;;"8.12.1";"ch08.html#Heading370";0
"MFN_M16";7;"Master File Notification - Inventory Item Enhanced";;;;"8.12.2";"ch08.html#Heading308";0
"MFN_M16";8;"Master File Notification - Inventory Item Enhanced";;;;"8.12.2";"ch08.html#Heading274";0
"MFN_M16";9;"Master File Notification - Inventory Item Enhanced";;;;"8.12.2";"ch08.html#Heading307";0
"MFN_M16";10;"Master File Notification - Inventory Item Enhanced";;;;"8.12.2";"ch08.html#Heading3613";0
"MFN_M16";81;"Master File Notification - Inventory Item Enhanced";;;;"8.12.2";"ch08.html#Heading274";0
"MFN_M16";91;"Master File Notification - Inventory Item Enhanced";;;;"8.12.2";"ch08.html#Heading311";0
"MFN_M16";92;"Master File Notification - Inventory Item Enhanced";;;;"8.12.2";"ch08.html#Heading371";0
"MFN_M17";7;"Master File Notification - DRG";;;;"8.13.1";"ch08.html#Heading310";0
"MFN_M17";8;"Master File Notification - DRG";;;;"8.13.1";"ch08.html#Heading276";0
"MFN_M17";9;"Master File Notification - DRG";;;;"8.13.1";"ch08.html#Heading309";0
"MFN_M17";10;"Master File Notification - DRG";;;;"8.13.1";"ch08.html#Heading3615";0
"MFN_M17";81;"Master File Notification - DRG";;;;"8.13.1";"ch08.html#Heading276";0
"MFN_M17";91;"Master File Notification - DRG";;;;"8.13.1";"ch08.html#Heading313";0
"MFN_M17";92;"Master File Notification - DRG";;;;"8.13.1";"ch08.html#Heading373";0
"MFN_M18";10;;;;;"8.8.8";"ch08.html#Heading3306";0
"MFN_M18";92;;;;;"8.8.8";"ch08.html#Heading63";0
"MFN_M19";10;;;;;"8.14.1";"ch08.html#Heading3624";0
"MFN_Znn";6;"Master File Notification - Site Defined";;;;"8.4.3";"ch08.html#Heading14";0
"MFN_Znn";7;"Master File Notification - Site Defined";;;;"8.4.3";"ch08.html#Heading13";0
"MFN_Znn";8;"Master File Notification - Site Defined";;;;"8.4.3";"ch08.html#Heading9";0
"MFN_Znn";9;"Master File Notification - Site Defined";;;;"8.4.3";"ch08.html#Heading10";0
"MFN_Znn";10;"Master File Notification - Site Defined";;;;"8.4.3";"ch08.html#Heading3253";0
"MFN_Znn";61;"Master File Notification - Site Defined";;;;"8.4.3";"ch08.html#Heading14";0
"MFN_Znn";81;"Master File Notification - Site Defined";;;;"8.4.3";"ch08.html#Heading9";0
"MFN_Znn";91;"Master File Notification - Site Defined";;;;"8.4.3";"ch08.html#Heading10";0
"MFN_Znn";92;"Master File Notification - Site Defined";;;;"8.4.3";"ch08.html#Heading10";0
"MFQ_M01";4;;"M01";"MFQ";;;;0
"MFQ_M01";5;;;;;"8";;0
"MFQ_M01";6;;;;;"8.4.4";"ch08.html#Heading18";0
"MFQ_M01";7;;;;;"8.4.4";"ch08.html#Heading17";0
"MFQ_M01";61;;;;;"8.4.4";"ch08.html#Heading18";0
"MFR_M01";4;;"M01";"MFR";;;;0
"MFR_M01";5;;;;;"8";;0
"MFR_M01";6;;;;;"8.4.4";"ch08.html#Heading18";0
"MFR_M01";7;;;;;"8.4.4";"ch08.html#Heading17";0
"MFR_M01";61;;;;;"8.4.4";"ch08.html#Heading18";0
"MFR_M04";6;;;;;"8.10.1";"ch08.html#Heading242";0
"MFR_M04";7;;;;;"8.10.1";"ch08.html#Heading243";0
"MFR_M04";61;;;;;"8.10.1";"ch08.html#Heading242";0
"MFR_M05";6;;;;;"8.9.1";"ch08.html#Heading193";0
"MFR_M05";7;;;;;"8.9.1";"ch08.html#Heading194";0
"MFR_M05";61;;;;;"8.9.1";"ch08.html#Heading193";0
"MFR_M06";6;;;;;"8.11.1";"ch08.html#Heading280";0
"MFR_M06";7;;;;;"8.11.1";"ch08.html#Heading281";0
"MFR_M06";61;;;;;"8.11.1";"ch08.html#Heading280";0
"MFR_M07";6;;;;;"8.11.1";"ch08.html#Heading280";0
"MFR_M07";7;;;;;"8.11.1";"ch08.html#Heading281";0
"MFR_M07";61;;;;;"8.11.1";"ch08.html#Heading280";0
"NMD_N02";4;"Application Management Data";;;;"14";;0
"NMD_N02";5;"Application Management Data";;;;"14";;0
"NMD_N02";6;"Application Management Data";;;;"14.3.2";"ch14.html#Heading7";0
"NMD_N02";7;"Application Management Data";;;;"14.3.2";"ch14.html#Heading7";0
"NMD_N02";8;"Application Management Data";;;;"14.3.2";"ch14.html#Heading6";0
"NMD_N02";9;"Application Management Data";;;;"14.3.2";"ch14.html#Heading6";0
"NMD_N02";10;"Application Management Data";;;;"14.3.2";"ch14.html#Heading4563";0
"NMD_N02";61;"Application Management Data";;;;"14.3.2";"ch14.html#Heading7";0
"NMD_N02";81;"Application Management Data";;;;"14.3.2";"ch14.html#Heading6";0
"NMD_N02";91;"Application Management Data";;;;"14.3.2";"ch14.html#Heading6";0
"NMD_N02";92;"Application Management Data";;;;"14.3.2";"ch14.html#Heading6";0
"NMQ_N01";4;;;;;"14";;0
"NMQ_N01";5;;;;;"14";;0
"NMQ_N01";6;;;;;"14.3.1";"ch14.html#Heading5";0
"NMQ_N01";7;;;;;"14.3.1";"ch14.html#Heading5";0
"NMQ_N01";61;;;;;"14.3.1";"ch14.html#Heading5";0
"NMR_N01";4;"APP_STATUS";;;;"14";;0
"NMR_N01";5;"APP_STATUS";;;;"14";;0
"NMR_N01";6;"APP_STATUS";;;;"14.3.1";"ch14.html#Heading5";0
"NMR_N01";7;"APP_STATUS";;;;"14.3.1";"ch14.html#Heading5";0
"NMR_N01";61;"APP_STATUS";;;;"14.3.1";"ch14.html#Heading5";0
"NUL";3;"no message";"NUL";"NUL";;;;0
"NUL";4;"no message";"NUL";"NUL";;;;0
"NUL";5;"no message";;;;"0";;0
"NUL";6;"no message";;;;;;0
"NUL";7;"no message";;;;;;0
"NUL";8;"no message";;;;;;0
"NUL";9;"no message";;;;;;0
"NUL";10;"no message";;;;;;0
"NUL";32;"no message";;;;;;0
"NUL";61;"no message";;;;;;0
"NUL";91;"no message";;;;;;0
"NUL";92;"no message";;;;;;0
"NUL";540;"no message";;;;;;0
"OMB_O27";6;"Blood Product Order Message";;;;"4.20.1";"ch04.html#Heading466";0
"OMB_O27";7;"Blood Product Order Message";;;;"4.20.1";"ch04.html#Heading482";0
"OMB_O27";8;"Blood Product Order Message";;;;"4.13.1";"ch04.html#Heading214";0
"OMB_O27";9;"Blood Product Order Message";;;;"4.13.1";"ch04.html#Heading230";0
"OMB_O27";10;"Blood Product Order Message";;;;"4.13.2";"ch04.html#Heading1681";0
"OMB_O27";61;"Blood Product Order Message";;;;"4.20.1";"ch04.html#Heading468";0
"OMB_O27";81;"Blood Product Order Message";;;;"4.12.1";"ch04.html#Heading214";0
"OMB_O27";91;"Blood Product Order Message";;;;"4.13.1";"ch04.html#Heading242";0
"OMB_O27";92;"Blood Product Order Message";;;;"4.13.1";"ch04.html#Heading242";0
"OMD_O01";3;"Diet Order Message";"O01";"ORM";"order";"4.6";;0
"OMD_O01";4;"Diet Order Message";"O01";"ORM";"order";"4.6";;0
"OMD_O03";5;"Dietary Order";;;;"4";;0
"OMD_O03";6;"Dietary Order";;;;"4.7.1";"ch04.html#Heading168";0
"OMD_O03";7;"Dietary Order";;;;"4.7.1";"ch04.html#Heading171";0
"OMD_O03";8;"Dietary Order";;;;"4.7.1";"ch04.html#Heading168";0
"OMD_O03";9;"Dietary Order";;;;"4.7.1";"ch04.html#Heading180";0
"OMD_O03";10;"Dietary Order";;;;"4.7.1";"ch04.html#Heading1630";0
"OMD_O03";61;"Dietary Order";;;;"4.7.1";"ch04.html#Heading170";0
"OMD_O03";81;"Dietary Order";;;;"4.6.1";"ch04.html#Heading168";0
"OMD_O03";91;"Dietary Order";;;;"4.7.1";"ch04.html#Heading192";0
"OMD_O03";92;"Dietary Order";;;;"4.7.1";"ch04.html#Heading192";0
"OMG_O19";5;"General Clinical Order Message";;;;"4";;0
"OMG_O19";6;"General Clinical Order Message";;;;"4.4.4";"ch04.html#Heading22";0
"OMG_O19";7;"General Clinical Order Message";;;;"4.4.4";"ch04.html#Heading22";0
"OMG_O19";8;"General Clinical Order Message";;;;"4.4.4";"ch04.html#Heading18";0
"OMG_O19";9;"General Clinical Order Message";;;;"4.4.4";"ch04.html#Heading19";0
"OMG_O19";10;"General Clinical Order Message";;;;"4.4.4";"ch04.html#Heading1453";0
"OMG_O19";61;"General Clinical Order Message";;;;"4.4.4";"ch04.html#Heading22";0
"OMG_O19";81;"General Clinical Order Message";;;;"4.3.4";"ch04.html#Heading17";0
"OMG_O19";91;"General Clinical Order Message";;;;"4.4.4";"ch04.html#Heading19";0
"OMG_O19";92;"General Clinical Order Message";;;;"4.4.4";"ch04.html#Heading19";0
"OMI_O23";6;"Imaging Order Message";;;;"4.4.12";"ch04.html#Heading30";0
"OMI_O23";7;"Imaging Order Message";;;;"4.4.12";"ch04.html#Heading30";0
"OMI_O23";8;"Imaging Order Message";;;;"4.4.14";"ch04.html#Heading28";0
"OMI_O23";9;"Imaging Order Message";;;;"4.4.14";"ch04.html#Heading29";0
"OMI_O23";10;"Imaging Order Message";;;;"4.4.14";"ch04.html#Heading1471";0
"OMI_O23";61;"Imaging Order Message";;;;"4.4.12";"ch04.html#Heading30";0
"OMI_O23";81;"Imaging Order Message";;;;"4.3.14";"ch04.html#Heading27";0
"OMI_O23";91;"Imaging Order Message";;;;"4.4.14";"ch04.html#Heading41";0
"OMI_O23";92;"Imaging Order Message";;;;"4.4.14";"ch04.html#Heading41";0
"OML_O21";5;"Laboratory Order Message";;;;"4";;0
"OML_O21";6;"Laboratory Order Message";;;;"4.4.6";"ch04.html#Heading24";0
"OML_O21";7;"Laboratory Order Message";;;;"4.4.6";"ch04.html#Heading24";0
"OML_O21";8;"Laboratory Order Message";;;;"4.4.6";"ch04.html#Heading20";0
"OML_O21";9;"Laboratory Order Message";;;;"4.4.6";"ch04.html#Heading21";0
"OML_O21";10;"Laboratory Order Message";;;;"4.4.6";"ch04.html#Heading1455";0
"OML_O21";61;"Laboratory Order Message";;;;"4.4.6";"ch04.html#Heading24";0
"OML_O21";81;"Laboratory Order Message";;;;"4.3.6";"ch04.html#Heading19";0
"OML_O21";91;"Laboratory Order Message";;;;"4.4.6";"ch04.html#Heading21";0
"OML_O21";92;"Laboratory Order Message";;;;"4.4.6";"ch04.html#Heading21";0
"OML_O33";6;"Laboratory Order - Multiple Order Per Specimen Mes";;;;"4.4.8";"ch04.html#Heading26";0
"OML_O33";7;"Laboratory Order - Multiple Order Per Specimen Mes";;;;"4.4.8";"ch04.html#Heading26";0
"OML_O33";8;"Laboratory Order - Multiple Order Per Specimen Mes";;;;"4.4.8";"ch04.html#Heading22";0
"OML_O33";9;"Laboratory Order - Multiple Order Per Specimen Mes";;;;"4.4.8";"ch04.html#Heading23";0
"OML_O33";10;"Laboratory Order - Multiple Order Per Specimen Mes";;;;"4.4.8";"ch04.html#Heading1459";0
"OML_O33";61;"Laboratory Order - Multiple Order Per Specimen Mes";;;;"4.4.8";"ch04.html#Heading26";0
"OML_O33";81;"Laboratory Order - Multiple Order Per Specimen Mes";;;;"4.3.8";"ch04.html#Heading21";0
"OML_O33";91;"Laboratory Order - Multiple Order Per Specimen Mes";;;;"4.4.8";"ch04.html#Heading26";0
"OML_O33";92;"Laboratory Order - Multiple Order Per Specimen Mes";;;;"4.4.8";"ch04.html#Heading26";0
"OML_O35";6;"Laboratory Order - Multiple Order Per Container of";;;;"4.4.10";"ch04.html#Heading28";0
"OML_O35";7;"Laboratory Order - Multiple Order Per Container of";;;;"4.4.10";"ch04.html#Heading28";0
"OML_O35";8;"Laboratory Order - Multiple Order Per Container of";;;;"4.4.10";"ch04.html#Heading24";0
"OML_O35";9;"Laboratory Order - Multiple Order Per Container of";;;;"4.4.10";"ch04.html#Heading25";0
"OML_O35";10;"Laboratory Order - Multiple Order Per Container of";;;;"4.4.10";"ch04.html#Heading1463";0
"OML_O35";61;"Laboratory Order - Multiple Order Per Container of";;;;"4.4.10";"ch04.html#Heading28";0
"OML_O35";81;"Laboratory Order - Multiple Order Per Container of";;;;"4.3.10";"ch04.html#Heading23";0
"OML_O35";91;"Laboratory Order - Multiple Order Per Container of";;;;"4.4.10";"ch04.html#Heading31";0
"OML_O35";92;"Laboratory Order - Multiple Order Per Container of";;;;"4.4.10";"ch04.html#Heading31";0
"OML_O39";8;"Specimen Shipment Centric Laboratory Order Message";;;;"4.4.12";"ch04.html#Heading26";0
"OML_O39";9;"Specimen Shipment Centric Laboratory Order Message";;;;"4.4.12";"ch04.html#Heading27";0
"OML_O39";10;"Specimen Shipment Centric Laboratory Order Message";;;;"4.4.12";"ch04.html#Heading1467";0
"OML_O39";81;"Specimen Shipment Centric Laboratory Order Message";;;;"4.3.12";"ch04.html#Heading25";0
"OML_O39";91;"Specimen Shipment Centric Laboratory Order Message";;;;"4.4.12";"ch04.html#Heading36";0
"OML_O39";92;"Specimen Shipment Centric Laboratory Order Message";;;;"4.4.12";"ch04.html#Heading36";0
"OML_O59";10;"Non-Stock Supply Order Message";;;;"4.4.22";"ch04.html#Heading1479";0
"OMN_O01";3;"Non-Stock Supply Order Message";"O02";"ORR";"order";"4.7";;0
"OMN_O01";4;"Non-Stock Supply Order Message";"O01";"ORM";"order";"4.7";;0
"OMN_O07";5;"Nonstock Requisition Order Message";;;;"4";;0
"OMN_O07";6;"Nonstock Requisition Order Message";;;;"4.10.3";"ch04.html#Heading190";0
"OMN_O07";7;"Nonstock Requisition Order Message";;;;"4.10.3";"ch04.html#Heading193";0
"OMN_O07";8;"Nonstock Requisition Order Message";;;;"4.10.3";"ch04.html#Heading188";0
"OMN_O07";9;"Nonstock Requisition Order Message";;;;"4.10.3";"ch04.html#Heading202";0
"OMN_O07";10;"Nonstock Requisition Order Message";;;;"4.10.3";"ch04.html#Heading1652";0
"OMN_O07";61;"Nonstock Requisition Order Message";;;;"4.10.3";"ch04.html#Heading192";0
"OMN_O07";81;"Nonstock Requisition Order Message";;;;"4.9.3";"ch04.html#Heading188";0
"OMN_O07";91;"Nonstock Requisition Order Message";;;;"4.10.3";"ch04.html#Heading214";0
"OMN_O07";92;"Nonstock Requisition Order Message";;;;"4.10.3";"ch04.html#Heading214";0
"OMP_O09";5;"Pharmacy/treatment Order Message";;;;"4";;0
"OMP_O09";6;"Pharmacy/treatment Order Message";;;;"4.13.3";"ch04.html#Heading220";0
"OMP_O09";7;"Pharmacy/treatment Order Message";;;;"4.13.3";"ch04.html#Heading223";0
"OMP_O09";8;"Pharmacy/treatment Order Message";;;;"4.A.3.2";"ch04a.html#Heading8";0
"OMP_O09";9;"Pharmacy/treatment Order Message";;;;"4.A.3";"ch04a.html#Heading8";0
"OMP_O09";10;"Pharmacy/treatment Order Message";;;;"4A.3.3";"ch04A.html#Heading1841";0
"OMP_O09";61;"Pharmacy/treatment Order Message";;;;"4.13.3";"ch04.html#Heading222";0
"OMP_O09";81;"Pharmacy/treatment Order Message";;;;"4.A.3";"ch04a.html#Heading7";0
"OMP_O09";91;"Pharmacy/treatment Order Message";;;;"4.A.3";"ch04a.html#Heading8";0
"OMP_O09";92;"Pharmacy/treatment Order Message";;;;"4.A.3";"ch04a.html#Heading8";0
"OMQ_O57";9;;;;;"4.4.19";"ch04.html#Heading34";0
"OMQ_O57";10;;;;;"4.4.20";"ch04.html#Heading1477";0
"OMQ_O57";91;;;;;"4.4.19";"ch04.html#Heading46";0
"OMQ_O57";92;;;;;"4.4.19";"ch04.html#Heading46";0
"OMS_O01";3;"Stock Supply Order Message";"O02";"OMS";"order";"4.7";;0
"OMS_O01";4;"Stock Supply Order Message";"O01";"ORM";"order";"4.7";;0
"OMS_O05";5;"Stock Requisition Order Message";;;;"4";;0
"OMS_O05";6;"Stock Requisition Order Message";;;;"4.10.1";"ch04.html#Heading188";0
"OMS_O05";7;"Stock Requisition Order Message";;;;"4.10.1";"ch04.html#Heading191";0
"OMS_O05";8;"Stock Requisition Order Message";;;;"4.10.1";"ch04.html#Heading186";0
"OMS_O05";9;"Stock Requisition Order Message";;;;"4.10.1";"ch04.html#Heading200";0
"OMS_O05";10;"Stock Requisition Order Message";;;;"4.10.1";"ch04.html#Heading1650";0
"OMS_O05";61;"Stock Requisition Order Message";;;;"4.10.1";"ch04.html#Heading190";0
"OMS_O05";81;"Stock Requisition Order Message";;;;"4.9.1";"ch04.html#Heading186";0
"OMS_O05";91;"Stock Requisition Order Message";;;;"4.10.1";"ch04.html#Heading212";0
"OMS_O05";92;"Stock Requisition Order Message";;;;"4.10.1";"ch04.html#Heading212";0
"OPL_O37";7;"Population/Location-Based Laboratory Order Message";;;;"4.4.14";"ch04.html#Heading32";0
"OPL_O37";8;"Population/Location-Based Laboratory Order Message";;;;"4.4.16";"ch04.html#Heading30";0
"OPL_O37";9;"Population/Location-Based Laboratory Order Message";;;;"4.4.16";"ch04.html#Heading31";0
"OPL_O37";10;"Population/Location-Based Laboratory Order Message";;;;"4.4.16";"ch04.html#Heading1473";0
"OPL_O37";81;"Population/Location-Based Laboratory Order Message";;;;"4.3.16";"ch04.html#Heading29";0
"OPL_O37";91;"Population/Location-Based Laboratory Order Message";;;;"4.4.16";"ch04.html#Heading43";0
"OPL_O37";92;"Population/Location-Based Laboratory Order Message";;;;"4.4.16";"ch04.html#Heading43";0
"OPR_O38";7;"Population/Location-Based Laboratory Order Acknowl";;;;"4.4.15";"ch04.html#Heading33";0
"OPR_O38";8;"Population/Location-Based Laboratory Order Acknowl";;;;"4.4.17";"ch04.html#Heading31";0
"OPR_O38";9;"Population/Location-Based Laboratory Order Acknowl";;;;"4.4.17";"ch04.html#Heading32";0
"OPR_O38";10;"Population/Location-Based Laboratory Order Acknowl";;;;"4.4.17";"ch04.html#Heading1474";0
"OPR_O38";81;"Population/Location-Based Laboratory Order Acknowl";;;;"4.3.17";"ch04.html#Heading30";0
"OPR_O38";91;"Population/Location-Based Laboratory Order Acknowl";;;;"4.4.17";"ch04.html#Heading44";0
"OPR_O38";92;"Population/Location-Based Laboratory Order Acknowl";;;;"4.4.17";"ch04.html#Heading44";0
"OPU_R25";7;"Observation Message";;;;"7.3.10";"ch07.html#Heading52";0
"OPU_R25";8;"Observation Message";;;;"7.3.11";"ch07.html#Heading51";0
"OPU_R25";9;"Observation Message";;;;"7.3.11";"ch07.html#Heading53";0
"OPU_R25";10;"Observation Message";;;;"7.3.11";"ch07.html#Heading2837";0
"OPU_R25";81;"Observation Message";;;;"7.3.11";"ch07.html#Heading51";0
"OPU_R25";91;"Observation Message";;;;"7.3.11";"ch07.html#Heading53";0
"OPU_R25";92;"Observation Message";;;;"7.3.11";"ch07.html#Heading54";0
"ORA_R33";8;"Observation Report Acknowledgement";;;;"7.3.7";"ch07.html#Heading47";0
"ORA_R33";9;"Observation Report Acknowledgement";;;;"7.3.7";"ch07.html#Heading49";0
"ORA_R33";10;"Observation Report Acknowledgement";;;;"7.3.7";"ch07.html#Heading2833";0
"ORA_R33";81;"Observation Report Acknowledgement";;;;"7.3.7";"ch07.html#Heading47";0
"ORA_R33";91;"Observation Report Acknowledgement";;;;"7.3.7";"ch07.html#Heading49";0
"ORA_R33";92;"Observation Report Acknowledgement";;;;"7.3.7";"ch07.html#Heading50";0
"ORA_R41";9;;;;;"7.3.13";"ch07.html#Heading55";0
"ORA_R41";10;;;;;"7.3.13";"ch07.html#Heading2839";0
"ORA_R41";91;;;;;"7.3.13";"ch07.html#Heading55";0
"ORA_R41";92;;;;;"7.3.13";"ch07.html#Heading56";0
"ORB_O28";6;;;;;"4.20.2";"ch04.html#Heading468";0
"ORB_O28";7;;;;;"4.20.2";"ch04.html#Heading484";0
"ORB_O28";8;"Description";;;;"4.13.2";"ch04.html#Heading216";0
"ORB_O28";9;"Description";;;;"4.13.2";"ch04.html#Heading232";0
"ORB_O28";10;;;;;"4.13.3";"ch04.html#Heading1683";0
"ORB_O28";61;;;;;"4.20.2";"ch04.html#Heading470";0
"ORB_O28";81;"Description";;;;"4.12.2";"ch04.html#Heading216";0
"ORB_O28";91;;;;;"4.13.2";"ch04.html#Heading244";0
"ORB_O28";92;;;;;"4.13.2";"ch04.html#Heading244";0
"ORD_O02";3;"Diet Order Message Response";"O02";"ORR";"respond";"4.6";;0
"ORD_O02";4;"Diet Order Message Response";"O02";"ORR";"respond";"4.6";;0
"ORD_O04";5;"Dietary Order Acknowledgment Message";;;;"4";;0
"ORD_O04";6;"Dietary Order Acknowledgment Message";;;;"4.7.2";"ch04.html#Heading169";0
"ORD_O04";7;"Dietary Order Acknowledgment Message";;;;"4.7.2";"ch04.html#Heading172";0
"ORD_O04";8;"Dietary Order Acknowledgment Message";;;;"4.7.2";"ch04.html#Heading169";0
"ORD_O04";9;"Dietary Order Acknowledgment Message";;;;"4.7.2";"ch04.html#Heading181";0
"ORD_O04";10;"Dietary Order Acknowledgment Message";;;;"4.7.2";"ch04.html#Heading1631";0
"ORD_O04";61;"Dietary Order Acknowledgment Message";;;;"4.7.2";"ch04.html#Heading171";0
"ORD_O04";81;"Dietary Order Acknowledgment Message";;;;"4.6.2";"ch04.html#Heading169";0
"ORD_O04";91;"Dietary Order Acknowledgment Message";;;;"4.7.2";"ch04.html#Heading193";0
"ORD_O04";92;"Dietary Order Acknowledgment Message";;;;"4.7.2";"ch04.html#Heading193";0
"ORF_R04";3;;"R02";"ORF";;;;0
"ORF_R04";4;;"R04";"ORF";;;;0
"ORF_R04";5;;;;;"7";;0
"ORF_R04";6;;;;;"7.3.3";"ch07.html#Heading45";0
"ORF_R04";7;;;;;"7.3.3";"ch07.html#Heading45";0
"ORF_R04";61;;;;;"7.3.3";"ch07.html#Heading45";0
"ORG_O20";5;"General Clinical Order Acknowledgment Message";;;;"4";;0
"ORG_O20";6;"General Clinical Order Acknowledgment Message";;;;"4.4.5";"ch04.html#Heading23";0
"ORG_O20";7;"General Clinical Order Acknowledgment Message";;;;"4.4.5";"ch04.html#Heading23";0
"ORG_O20";8;"General Clinical Order Acknowledgment Message";;;;"4.4.5";"ch04.html#Heading19";0
"ORG_O20";9;"General Clinical Order Acknowledgment Message";;;;"4.4.5";"ch04.html#Heading20";0
"ORG_O20";10;"General Clinical Order Acknowledgment Message";;;;"4.4.5";"ch04.html#Heading1454";0
"ORG_O20";61;"General Clinical Order Acknowledgment Message";;;;"4.4.5";"ch04.html#Heading23";0
"ORG_O20";81;"General Clinical Order Acknowledgment Message";;;;"4.3.5";"ch04.html#Heading18";0
"ORG_O20";91;"General Clinical Order Acknowledgment Message";;;;"4.4.5";"ch04.html#Heading20";0
"ORG_O20";92;"General Clinical Order Acknowledgment Message";;;;"4.4.5";"ch04.html#Heading20";0
"ORI_O24";6;"Imaging Order Acknowledgment Message";;;;"4.4.13";"ch04.html#Heading31";0
"ORI_O24";7;"Imaging Order Acknowledgment Message";;;;"4.4.13";"ch04.html#Heading31";0
"ORI_O24";8;"Imaging Order Acknowledgment Message";;;;"4.4.15";"ch04.html#Heading29";0
"ORI_O24";9;"Imaging Order Acknowledgment Message";;;;"4.4.15";"ch04.html#Heading30";0
"ORI_O24";10;"Imaging Order Acknowledgment Message";;;;"4.4.15";"ch04.html#Heading1472";0
"ORI_O24";61;"Imaging Order Acknowledgment Message";;;;"4.4.13";"ch04.html#Heading31";0
"ORI_O24";81;"Imaging Order Acknowledgment Message";;;;"4.3.15";"ch04.html#Heading28";0
"ORI_O24";91;"Imaging Order Acknowledgment Message";;;;"4.4.15";"ch04.html#Heading42";0
"ORI_O24";92;"Imaging Order Acknowledgment Message";;;;"4.4.15";"ch04.html#Heading42";0
"ORL_O22";5;"General Laboratory Order Acknowledgment Message";;;;"4";;0
"ORL_O22";6;"General Laboratory Order Acknowledgment Message";;;;"4.4.7";"ch04.html#Heading25";0
"ORL_O22";7;"General Laboratory Order Acknowledgment Message";;;;"4.4.7";"ch04.html#Heading25";0
"ORL_O22";8;"General Laboratory Order Acknowledgment Message";;;;"4.4.7";"ch04.html#Heading21";0
"ORL_O22";9;"General Laboratory Order Acknowledgment Message";;;;"4.4.7";"ch04.html#Heading22";0
"ORL_O22";10;"General Laboratory Order Acknowledgment Message";;;;"4.4.7.0";"ch04.html#Heading1457";0
"ORL_O22";61;"General Laboratory Order Acknowledgment Message";;;;"4.4.7";"ch04.html#Heading25";0
"ORL_O22";81;"General Laboratory Order Acknowledgment Message";;;;"4.3.7";"ch04.html#Heading20";0
"ORL_O22";91;"General Laboratory Order Acknowledgment Message";;;;"4.4.7.1";"ch04.html#Heading24";0
"ORL_O22";92;"General Laboratory Order Acknowledgment Message";;;;"4.4.7.1";"ch04.html#Heading24";0
"ORL_O34";6;"Laboratory Order Acknowledgment Message  - Multipl";;;;"4.4.9";"ch04.html#Heading27";0
"ORL_O34";7;"Laboratory Order Acknowledgment Message  - Multipl";;;;"4.4.9";"ch04.html#Heading27";0
"ORL_O34";8;"Laboratory Order Acknowledgment Message  - Multipl";;;;"4.4.9";"ch04.html#Heading23";0
"ORL_O34";9;"Laboratory Order Acknowledgment Message  - Multipl";;;;"4.4.9";"ch04.html#Heading24";0
"ORL_O34";10;"Laboratory Order Acknowledgment Message  - Multipl";;;;"4.4.9.0";"ch04.html#Heading1461";0
"ORL_O34";61;"Laboratory Order Acknowledgment Message  - Multipl";;;;"4.4.9";"ch04.html#Heading27";0
"ORL_O34";81;"Laboratory Order Acknowledgment Message  - Multipl";;;;"4.3.9";"ch04.html#Heading22";0
"ORL_O34";91;"Laboratory Order Acknowledgment Message  - Multipl";;;;"4.4.9.1";"ch04.html#Heading29";0
"ORL_O34";92;"Laboratory Order Acknowledgment Message  - Multipl";;;;"4.4.9.1";"ch04.html#Heading29";0
"ORL_O36";6;"Laboratory Order Acknowledgment Message  - Multipl";;;;"4.4.11";"ch04.html#Heading29";0
"ORL_O36";7;"Laboratory Order Acknowledgment Message  - Multipl";;;;"4.4.11";"ch04.html#Heading29";0
"ORL_O36";8;"Laboratory Order Acknowledgment Message  - Multipl";;;;"4.4.11";"ch04.html#Heading25";0
"ORL_O36";9;"Laboratory Order Acknowledgment Message  - Multipl";;;;"4.4.11";"ch04.html#Heading26";0
"ORL_O36";10;"Laboratory Order Acknowledgment Message  - Multipl";;;;"4.4.11.0";"ch04.html#Heading1465";0
"ORL_O36";61;"Laboratory Order Acknowledgment Message  - Multipl";;;;"4.4.11";"ch04.html#Heading29";0
"ORL_O36";81;"Laboratory Order Acknowledgment Message  - Multipl";;;;"4.3.11";"ch04.html#Heading24";0
"ORL_O36";91;"Laboratory Order Acknowledgment Message  - Multipl";;;;"4.4.11.1";"ch04.html#Heading34";0
"ORL_O36";92;"Laboratory Order Acknowledgment Message  - Multipl";;;;"4.4.11.1";"ch04.html#Heading34";0
"ORL_O40";8;"Specimen Shipment Centric Laboratory Order Acknowl";;;;"4.4.13";"ch04.html#Heading27";0
"ORL_O40";9;"Specimen Shipment Centric Laboratory Order Acknowl";;;;"4.4.13";"ch04.html#Heading28";0
"ORL_O40";10;"Specimen Shipment Centric Laboratory Order Acknowl";;;;"4.4.13.0";"ch04.html#Heading1469";0
"ORL_O40";81;"Specimen Shipment Centric Laboratory Order Acknowl";;;;"4.3.13";"ch04.html#Heading26";0
"ORL_O40";91;"Specimen Shipment Centric Laboratory Order Acknowl";;;;"4.4.13.1";"ch04.html#Heading39";0
"ORL_O40";92;"Specimen Shipment Centric Laboratory Order Acknowl";;;;"4.4.13.1";"ch04.html#Heading39";0
"ORL_O41";91;;;;;"4.4.7.2";"ch04.html#Heading25";0
"ORL_O41";92;;;;;"4.4.7.2";"ch04.html#Heading25";0
"ORL_O42";91;;;;;"4.4.9.2";"ch04.html#Heading30";0
"ORL_O42";92;;;;;"4.4.9.2";"ch04.html#Heading30";0
"ORL_O43";91;;;;;"4.4.11.2";"ch04.html#Heading35";0
"ORL_O43";92;;;;;"4.4.11.2";"ch04.html#Heading35";0
"ORL_O44";91;;;;;"4.4.13.2";"ch04.html#Heading40";0
"ORL_O44";92;;;;;"4.4.13.2";"ch04.html#Heading40";0
"ORL_O53";10;;;;;"4.4.7.1";"ch04.html#Heading1458";0
"ORL_O54";10;;;;;"4.4.9.1";"ch04.html#Heading1462";0
"ORL_O55";10;;;;;"4.4.11.1";"ch04.html#Heading1466";0
"ORL_O56";10;;;;;"4.4.13.1";"ch04.html#Heading1470";0
"ORM_O01";3;"General Order Message";"O01";"ORM";"order";"4.2.1";;0
"ORM_O01";4;"General Order Message";"O01";"ORM";"order";"4.2.1";;0
"ORM_O01";5;"General Order Message";;;;"4";;0
"ORM_O01";6;"General Order Message";;;;"4.4.1";"ch04.html#Heading15";0
"ORM_O01";7;"General Order Message";;;;"4.4.1";"ch04.html#Heading15";1
"ORM_O01";61;"General Order Message";;;;"4.4.1";"ch04.html#Heading15";0
"ORM_Q06";3;;"Q06";"ORM";;;;0
"ORM_Q06";4;;"Q06";"ORM";;;;0
"ORN_O02";3;"Non-Stock Supply Response";"O02";"ORR";"respond";"4.7";;0
"ORN_O02";4;"non-stock Supply Order Message";"O02";"ORR";"respond";"4.7";;0
"ORN_O08";5;"General Order Acknowledgment Message";;;;"4";;0
"ORN_O08";6;"General Order Acknowledgment Message";;;;"4.10.4";"ch04.html#Heading191";0
"ORN_O08";7;"General Order Acknowledgment Message";;;;"4.10.4";"ch04.html#Heading194";0
"ORN_O08";8;"General Order Acknowledgment Message";;;;"4.10.4";"ch04.html#Heading189";0
"ORN_O08";9;"General Order Acknowledgment Message";;;;"4.10.4";"ch04.html#Heading203";0
"ORN_O08";10;"General Order Acknowledgment Message";;;;"4.10.4";"ch04.html#Heading1653";0
"ORN_O08";61;"General Order Acknowledgment Message";;;;"4.10.4";"ch04.html#Heading193";0
"ORN_O08";81;"General Order Acknowledgment Message";;;;"4.9.4";"ch04.html#Heading189";0
"ORN_O08";91;"General Order Acknowledgment Message";;;;"4.10.4";"ch04.html#Heading215";0
"ORN_O08";92;"General Order Acknowledgment Message";;;;"4.10.4";"ch04.html#Heading215";0
"ORP_O10";5;;;;;"4";;0
"ORP_O10";6;;;;;"4.13.4";"ch04.html#Heading221";0
"ORP_O10";7;;;;;"4.13.4";"ch04.html#Heading224";0
"ORP_O10";8;"Description";;;;"4.A.3.3";"ch04a.html#Heading9";0
"ORP_O10";9;"Description";;;;"4.A.4";"ch04a.html#Heading9";0
"ORP_O10";10;;;;;"4A.3.4";"ch04A.html#Heading1842";0
"ORP_O10";61;;;;;"4.13.4";"ch04.html#Heading223";0
"ORP_O10";81;"Description";;;;"4.A.4";"ch04a.html#Heading8";0
"ORP_O10";91;;;;;"4.A.4";"ch04a.html#Heading9";0
"ORP_O10";92;;;;;"4.A.4";"ch04a.html#Heading9";0
"ORR_O02";3;"General Order Response";"O02";"ORR";"respond";"4.2.2";;0
"ORR_O02";4;"General Order Response";"O02";"ORR";"response";"4.2.2";;0
"ORR_O02";5;"General Order Response";;;;"4";;0
"ORR_O02";6;"General Order Response";;;;"4.4.2";"ch04.html#Heading18";0
"ORR_O02";7;"General Order Response";;;;"4.4.2";"ch04.html#Heading18";1
"ORR_O02";61;"General Order Response";;;;"4.4.2";"ch04.html#Heading18";0
"ORR_Q06";3;;"Q06";"ORR";;;;0
"ORR_Q06";4;;"Q06";"ORR";;;;0
"ORS_O02";3;"Stock Supply Order Message Response";"O02";"ORR";"respond";"4.7";;0
"ORS_O02";4;"Stock Supply Order Message Response";"O02";"ORR";"respond";"4.7";;0
"ORS_O06";5;"Stock Order Acknowledgment Message";;;;"4";;0
"ORS_O06";6;"Stock Order Acknowledgment Message";;;;"4.10.2";"ch04.html#Heading189";0
"ORS_O06";7;"Stock Order Acknowledgment Message";;;;"4.10.2";"ch04.html#Heading192";0
"ORS_O06";8;"Stock Order Acknowledgment Message";;;;"4.10.2";"ch04.html#Heading187";0
"ORS_O06";9;"Stock Order Acknowledgment Message";;;;"4.10.2";"ch04.html#Heading201";0
"ORS_O06";10;"Stock Order Acknowledgment Message";;;;"4.10.2";"ch04.html#Heading1651";0
"ORS_O06";61;"Stock Order Acknowledgment Message";;;;"4.10.2";"ch04.html#Heading191";0
"ORS_O06";81;"Stock Order Acknowledgment Message";;;;"4.9.2";"ch04.html#Heading187";0
"ORS_O06";91;"Stock Order Acknowledgment Message";;;;"4.10.2";"ch04.html#Heading213";0
"ORS_O06";92;"Stock Order Acknowledgment Message";;;;"4.10.2";"ch04.html#Heading213";0
"ORU_R01";3;"Observation Message";"R01";"ORU";;;;0
"ORU_R01";4;"Observation Message";"R01";"ORU";;;;0
"ORU_R01";5;"Observation Message";;;;"7";;0
"ORU_R01";6;"Observation Message";;;;"5.7.3.1";"ch05.html#Heading120";0
"ORU_R01";7;"Observation Message";;;;"5.7.3.1";"ch05.html#Heading120";1
"ORU_R01";8;"Observation Message";;;;"7.3.1";"ch07.html#Heading41";0
"ORU_R01";9;"Observation Message";;;;"7.3.1";"ch07.html#Heading43";0
"ORU_R01";10;"Observation Message";;;;"7.3.1";"ch07.html#Heading2827";0
"ORU_R01";61;"Observation Message";;;;"5.7.3.1";"ch05.html#Heading120";0
"ORU_R01";81;"Observation Message";;;;"5.7.3.0";"ch05.html#Heading104";0
"ORU_R01";91;"Observation Message";;;;"7.3.1";"ch07.html#Heading43";0
"ORU_R01";92;"Observation Message";;;;"7.3.1";"ch07.html#Heading44";0
"ORU_R30";6;"Observation Message";;;;"7.3.4";"ch07.html#Heading46";0
"ORU_R30";7;"Observation Message";;;;"7.3.4";"ch07.html#Heading46";0
"ORU_R30";8;"Observation Message";;;;"7.3.4";"ch07.html#Heading44";0
"ORU_R30";9;"Observation Message";;;;"7.3.4";"ch07.html#Heading46";0
"ORU_R30";10;"Observation Message";;;;"7.3.4";"ch07.html#Heading2830";0
"ORU_R30";61;"Observation Message";;;;"7.3.4";"ch07.html#Heading46";0
"ORU_R30";81;"Observation Message";;;;"7.3.4";"ch07.html#Heading44";0
"ORU_R30";91;"Observation Message";;;;"7.3.4";"ch07.html#Heading46";0
"ORU_R30";92;"Observation Message";;;;"7.3.4";"ch07.html#Heading47";0
"ORU_W01";3;;"W01";"ORU";;;;0
"ORU_W01";4;;"W01";"ORU";;;;0
"ORX_O58";9;;;;;"4.4.20";"ch04.html#Heading35";0
"ORX_O58";10;;;;;"4.4.21";"ch04.html#Heading1478";0
"ORX_O58";91;;;;;"4.4.20";"ch04.html#Heading47";0
"ORX_O58";92;;;;;"4.4.20";"ch04.html#Heading47";0
"OSM_R26";8;"Specimen Shipment Message";;;;"7.18.1";"ch07.html#Heading400";0
"OSM_R26";9;"Specimen Shipment Message";;;;"7.18.1";"ch07.html#Heading424";0
"OSM_R26";10;"Specimen Shipment Message";;;;"7.16.1";"ch07.html#Heading3208";0
"OSM_R26";81;"Specimen Shipment Message";;;;"7.18.1";"ch07.html#Heading401";0
"OSM_R26";91;"Specimen Shipment Message";;;;"7.18.1";"ch07.html#Heading425";0
"OSM_R26";92;"Specimen Shipment Message";;;;"7.18.1";"ch07.html#Heading434";0
"OSQ_Q06";3;;"Q06";"OSQ";;;;0
"OSQ_Q06";4;;"Q06";"OSQ";;;;0
"OSQ_Q06";5;;;;;"4";;0
"OSQ_Q06";6;;;;;"4.4.3";"ch04.html#Heading19";0
"OSQ_Q06";7;;;;;"4.4.3";"ch04.html#Heading19";0
"OSQ_Q06";61;;;;;"4.4.3";"ch04.html#Heading19";0
"OSR_Q06";3;;"Q06";"OSR";;;;0
"OSR_Q06";4;;"Q06";"OSR";;;;0
"OSR_Q06";5;;;;;"4";;0
"OSR_Q06";6;;;;;"4.4.3";"ch04.html#Heading19";0
"OSR_Q06";7;;;;;"4.4.3";"ch04.html#Heading19";0
"OSR_Q06";61;;;;;"4.4.3";"ch04.html#Heading19";0
"OSU_O51";9;;;;;"4.4.18";"ch04.html#Heading33";0
"OSU_O51";10;;;;;"4.4.18";"ch04.html#Heading1475";0
"OSU_O51";91;;;;;"4.4.18";"ch04.html#Heading45";0
"OSU_O51";92;;;;;"4.4.18";"ch04.html#Heading45";0
"OSU_O52";10;;;;;"4.4.19";"ch04.html#Heading1476";0
"OUL_R21";5;;;;;"7";;0
"OUL_R21";6;;;;;"7.3.2";"ch07.html#Heading44";0
"OUL_R21";7;;;;;"7.3.2";"ch07.html#Heading44";0
"OUL_R21";61;;;;;"7.3.2";"ch07.html#Heading44";0
"OUL_R22";6;"Observation Message";;;;"7.3.7";"ch07.html#Heading49";0
"OUL_R22";7;"Observation Message";;;;"7.3.7";"ch07.html#Heading49";0
"OUL_R22";8;"Observation Message";;;;"7.3.8";"ch07.html#Heading48";0
"OUL_R22";9;"Observation Message";;;;"7.3.8";"ch07.html#Heading50";0
"OUL_R22";10;"Observation Message";;;;"7.3.8";"ch07.html#Heading2834";0
"OUL_R22";61;"Observation Message";;;;"7.3.7";"ch07.html#Heading49";0
"OUL_R22";81;"Observation Message";;;;"7.3.8";"ch07.html#Heading48";0
"OUL_R22";91;"Observation Message";;;;"7.3.8";"ch07.html#Heading50";0
"OUL_R22";92;"Observation Message";;;;"7.3.8";"ch07.html#Heading51";0
"OUL_R23";6;"Observation Message";;;;"7.3.8";"ch07.html#Heading50";0
"OUL_R23";7;"Observation Message";;;;"7.3.8";"ch07.html#Heading50";0
"OUL_R23";8;"Observation Message";;;;"7.3.9";"ch07.html#Heading49";0
"OUL_R23";9;"Observation Message";;;;"7.3.9";"ch07.html#Heading51";0
"OUL_R23";10;"Observation Message";;;;"7.3.9";"ch07.html#Heading2835";0
"OUL_R23";61;"Observation Message";;;;"7.3.8";"ch07.html#Heading50";0
"OUL_R23";81;"Observation Message";;;;"7.3.9";"ch07.html#Heading49";0
"OUL_R23";91;"Observation Message";;;;"7.3.9";"ch07.html#Heading51";0
"OUL_R23";92;"Observation Message";;;;"7.3.9";"ch07.html#Heading52";0
"OUL_R24";6;"Observation Message";;;;"7.3.9";"ch07.html#Heading51";0
"OUL_R24";7;"Observation Message";;;;"7.3.9";"ch07.html#Heading51";0
"OUL_R24";8;"Observation Message";;;;"7.3.10";"ch07.html#Heading50";0
"OUL_R24";9;"Observation Message";;;;"7.3.10";"ch07.html#Heading52";0
"OUL_R24";10;"Observation Message";;;;"7.3.10";"ch07.html#Heading2836";0
"OUL_R24";61;"Observation Message";;;;"7.3.9";"ch07.html#Heading51";0
"OUL_R24";81;"Observation Message";;;;"7.3.10";"ch07.html#Heading50";0
"OUL_R24";91;"Observation Message";;;;"7.3.10";"ch07.html#Heading52";0
"OUL_R24";92;"Observation Message";;;;"7.3.10";"ch07.html#Heading53";0
"PEX_P07";3;"Product Experience Message";"P07";"PEX";;;;0
"PEX_P07";4;"Product Experience Message";"P07";"PEX";;;;0
"PEX_P07";5;"Product Experience Message";;;;"7";;0
"PEX_P07";6;"Product Experience Message";;;;"7.11.1";"ch07.html#Heading248";0
"PEX_P07";7;"Product Experience Message";;;;"7.11.1";"ch07.html#Heading256";0
"PEX_P07";8;"Product Experience Message";;;;"7.11.1";"ch07.html#Heading266";0
"PEX_P07";9;"Product Experience Message";;;;"7.11.1";"ch07.html#Heading283";0
"PEX_P07";10;"Product Experience Message";;;;"7.11.1";"ch07.html#Heading3088";0
"PEX_P07";61;"Product Experience Message";;;;"7.11.1";"ch07.html#Heading253";0
"PEX_P07";81;"Product Experience Message";;;;"7.11.1";"ch07.html#Heading267";0
"PEX_P07";91;"Product Experience Message";;;;"7.11.1";"ch07.html#Heading284";0
"PEX_P07";92;"Product Experience Message";;;;"7.11.1";"ch07.html#Heading293";0
"PGL_PC6";3;"Patient Goal Message";"PC6";"PGL";;;;0
"PGL_PC6";4;"Patient Goal Message";"PC6";"PGL";;;;0
"PGL_PC6";5;"Patient Goal Message";;;;"12";;0
"PGL_PC6";6;"Patient Goal Message";;;;"12.3.1";"ch12.html#Heading30";0
"PGL_PC6";7;"Patient Goal Message";;;;"12.3.1";"ch12.html#Heading30";0
"PGL_PC6";8;"Patient Goal Message";;;;"12.3.1";"ch12.html#Heading26";0
"PGL_PC6";9;"Patient Goal Message";;;;"12.3.1";"ch12.html#Heading30";0
"PGL_PC6";10;"Patient Goal Message";;;;"12.3.1";"ch12.html#Heading4176";0
"PGL_PC6";61;"Patient Goal Message";;;;"12.3.1";"ch12.html#Heading30";0
"PGL_PC6";81;"Patient Goal Message";;;;"12.3.1";"ch12.html#Heading26";0
"PGL_PC6";91;"Patient Goal Message";;;;"12.3.1";"ch12.html#Heading30";0
"PGL_PC6";92;"Patient Goal Message";;;;"12.3.1";"ch12.html#Heading30";0
"PIN_I07";3;;"I07";"PIN";;;;0
"PIN_I07";4;;"I07";"PIN";;;;0
"PMU_B01";5;"Personnel Record Message";;;;"15";;0
"PMU_B01";6;"Personnel Record Message";;;;"15.3.1";"ch15.html#Heading6";0
"PMU_B01";7;"Personnel Record Message";;;;"15.3.1";"ch15.html#Heading6";0
"PMU_B01";8;"Personnel Record Message";;;;"15.3.1";"ch15.html#Heading6";0
"PMU_B01";9;"Personnel Record Message";;;;"15.3.1";"ch15.html#Heading6";0
"PMU_B01";10;"Personnel Record Message";;;;"15.3.1";"ch15.html#Heading4603";0
"PMU_B01";61;"Personnel Record Message";;;;"15.3.1";"ch15.html#Heading6";0
"PMU_B01";81;"Personnel Record Message";;;;"15.3.1";"ch15.html#Heading6";0
"PMU_B01";91;"Personnel Record Message";;;;"15.3.1";"ch15.html#Heading6";0
"PMU_B01";92;"Personnel Record Message";;;;"15.3.1";"ch15.html#Heading6";0
"PMU_B03";5;"Delete Personnel Record Message";;;;"15";;0
"PMU_B03";6;"Delete Personnel Record Message";;;;"15.3.3";"ch15.html#Heading8";0
"PMU_B03";7;"Delete Personnel Record Message";;;;"15.3.3";"ch15.html#Heading8";0
"PMU_B03";8;"Delete Personnel Record Message";;;;"15.3.3";"ch15.html#Heading8";0
"PMU_B03";9;"Delete Personnel Record Message";;;;"15.3.3";"ch15.html#Heading8";0
"PMU_B03";10;"Delete Personnel Record Message";;;;"15.3.3";"ch15.html#Heading4605";0
"PMU_B03";61;"Delete Personnel Record Message";;;;"15.3.3";"ch15.html#Heading8";0
"PMU_B03";81;"Delete Personnel Record Message";;;;"15.3.3";"ch15.html#Heading8";0
"PMU_B03";91;"Delete Personnel Record Message";;;;"15.3.3";"ch15.html#Heading8";0
"PMU_B03";92;"Delete Personnel Record Message";;;;"15.3.3";"ch15.html#Heading8";0
"PMU_B04";5;"Terminate Practicing Person Message";;;;"15";;0
"PMU_B04";6;"Terminate Practicing Person Message";;;;"15.3.4";"ch15.html#Heading9";0
"PMU_B04";7;"Terminate Practicing Person Message";;;;"15.3.4";"ch15.html#Heading9";0
"PMU_B04";8;"Terminate Practicing Person Message";;;;"15.3.4";"ch15.html#Heading9";0
"PMU_B04";9;"Terminate Practicing Person Message";;;;"15.3.4";"ch15.html#Heading9";0
"PMU_B04";10;"Terminate Practicing Person Message";;;;"15.3.4";"ch15.html#Heading4606";0
"PMU_B04";61;"Terminate Practicing Person Message";;;;"15.3.4";"ch15.html#Heading9";0
"PMU_B04";81;"Terminate Practicing Person Message";;;;"15.3.4";"ch15.html#Heading9";0
"PMU_B04";91;"Terminate Practicing Person Message";;;;"15.3.4";"ch15.html#Heading9";0
"PMU_B04";92;"Terminate Practicing Person Message";;;;"15.3.4";"ch15.html#Heading9";0
"PMU_B07";6;"Grant Certificate Message";;;;"15.3.8";"ch15.html#Heading13";0
"PMU_B07";7;"Grant Certificate Message";;;;"15.3.8";"ch15.html#Heading13";0
"PMU_B07";8;"Grant Certificate Message";;;;"15.3.8";"ch15.html#Heading13";0
"PMU_B07";9;"Grant Certificate Message";;;;"15.3.8";"ch15.html#Heading13";0
"PMU_B07";10;"Grant Certificate Message";;;;"15.3.8";"ch15.html#Heading4610";0
"PMU_B07";61;"Grant Certificate Message";;;;"15.3.8";"ch15.html#Heading13";0
"PMU_B07";81;"Grant Certificate Message";;;;"15.3.8";"ch15.html#Heading13";0
"PMU_B07";91;"Grant Certificate Message";;;;"15.3.8";"ch15.html#Heading13";0
"PMU_B07";92;"Grant Certificate Message";;;;"15.3.8";"ch15.html#Heading13";0
"PMU_B08";6;"Revoke Certificate Message";;;;"15.3.9";"ch15.html#Heading14";0
"PMU_B08";7;"Revoke Certificate Message";;;;"15.3.9";"ch15.html#Heading14";0
"PMU_B08";8;"Revoke Certificate Message";;;;"15.3.9";"ch15.html#Heading14";0
"PMU_B08";9;"Revoke Certificate Message";;;;"15.3.9";"ch15.html#Heading14";0
"PMU_B08";10;"Revoke Certificate Message";;;;"15.3.9";"ch15.html#Heading4611";0
"PMU_B08";61;"Revoke Certificate Message";;;;"15.3.9";"ch15.html#Heading14";0
"PMU_B08";81;"Revoke Certificate Message";;;;"15.3.9";"ch15.html#Heading14";0
"PMU_B08";91;"Revoke Certificate Message";;;;"15.3.9";"ch15.html#Heading14";0
"PMU_B08";92;"Revoke Certificate Message";;;;"15.3.9";"ch15.html#Heading14";0
"PPG_PCG";3;"Patient Pathway Goal-Oriented Message";"PCG";"PPG";;;;0
"PPG_PCG";4;"Patient Pathway Goal-Oriented Message";"PCG";"PPG";;;;0
"PPG_PCG";5;"Patient Pathway Goal-Oriented Message";;;;"12";;0
"PPG_PCG";6;"Patient Pathway Goal-Oriented Message";;;;"12.3.4";"ch12.html#Heading33";0
"PPG_PCG";7;"Patient Pathway Goal-Oriented Message";;;;"12.3.4";"ch12.html#Heading33";0
"PPG_PCG";8;"Patient Pathway Goal-Oriented Message";;;;"12.3.4";"ch12.html#Heading29";0
"PPG_PCG";9;"Patient Pathway Goal-Oriented Message";;;;"12.3.4";"ch12.html#Heading33";0
"PPG_PCG";10;"Patient Pathway Goal-Oriented Message";;;;"12.3.4";"ch12.html#Heading4179";0
"PPG_PCG";61;"Patient Pathway Goal-Oriented Message";;;;"12.3.4";"ch12.html#Heading33";0
"PPG_PCG";81;"Patient Pathway Goal-Oriented Message";;;;"12.3.4";"ch12.html#Heading29";0
"PPG_PCG";91;"Patient Pathway Goal-Oriented Message";;;;"12.3.4";"ch12.html#Heading33";0
"PPG_PCG";92;"Patient Pathway Goal-Oriented Message";;;;"12.3.4";"ch12.html#Heading33";0
"PPP_PCB";3;"Patient Pathway Problem-Oriented Message";"PCB";"PPP";;;;0
"PPP_PCB";4;"Patient Pathway Problem-Oriented Message";"PCB";"PPP";;;;0
"PPP_PCB";5;"Patient Pathway Problem-Oriented Message";;;;"12";;0
"PPP_PCB";6;"Patient Pathway Problem-Oriented Message";;;;"12.3.3";"ch12.html#Heading32";0
"PPP_PCB";7;"Patient Pathway Problem-Oriented Message";;;;"12.3.3";"ch12.html#Heading32";0
"PPP_PCB";8;"Patient Pathway Problem-Oriented Message";;;;"12.3.3";"ch12.html#Heading28";0
"PPP_PCB";9;"Patient Pathway Problem-Oriented Message";;;;"12.3.3";"ch12.html#Heading32";0
"PPP_PCB";10;"Patient Pathway Problem-Oriented Message";;;;"12.3.3";"ch12.html#Heading4178";0
"PPP_PCB";61;"Patient Pathway Problem-Oriented Message";;;;"12.3.3";"ch12.html#Heading32";0
"PPP_PCB";81;"Patient Pathway Problem-Oriented Message";;;;"12.3.3";"ch12.html#Heading28";0
"PPP_PCB";91;"Patient Pathway Problem-Oriented Message";;;;"12.3.3";"ch12.html#Heading32";0
"PPP_PCB";92;"Patient Pathway Problem-Oriented Message";;;;"12.3.3";"ch12.html#Heading32";0
"PPR_PC1";3;"Patient Problem Message";"PC1";"PPR";;;;0
"PPR_PC1";4;"Patient Problem Message";"PC1";"PPR";;;;0
"PPR_PC1";5;"Patient Problem Message";;;;"12";;0
"PPR_PC1";6;"Patient Problem Message";;;;"12.3.2";"ch12.html#Heading31";0
"PPR_PC1";7;"Patient Problem Message";;;;"12.3.2";"ch12.html#Heading31";0
"PPR_PC1";8;"Patient Problem Message";;;;"12.3.2";"ch12.html#Heading27";0
"PPR_PC1";9;"Patient Problem Message";;;;"12.3.2";"ch12.html#Heading31";0
"PPR_PC1";10;"Patient Problem Message";;;;"12.3.2";"ch12.html#Heading4177";0
"PPR_PC1";61;"Patient Problem Message";;;;"12.3.2";"ch12.html#Heading31";0
"PPR_PC1";81;"Patient Problem Message";;;;"12.3.2";"ch12.html#Heading27";0
"PPR_PC1";91;"Patient Problem Message";;;;"12.3.2";"ch12.html#Heading31";0
"PPR_PC1";92;"Patient Problem Message";;;;"12.3.2";"ch12.html#Heading31";0
"PPT_PCL";3;"Patient Pathway Goal-Oriented Response";"PCL";"PPT";;;;0
"PPT_PCL";4;"Patient Pathway Goal-Oriented Response";"PCL";"PPT";;;;0
"PPT_PCL";5;"Patient Pathway Goal-Oriented Response";;;;"12";;0
"PPT_PCL";6;"Patient Pathway Goal-Oriented Response";;;;"12.3.12";"ch12.html#Heading41";0
"PPT_PCL";7;"Patient Pathway Goal-Oriented Response";;;;"12.3.12";"ch12.html#Heading41";0
"PPT_PCL";8;"Patient Pathway Goal-Oriented Response";;;;"12.3.12";"ch12.html#Heading37";0
"PPT_PCL";61;"Patient Pathway Goal-Oriented Response";;;;"12.3.12";"ch12.html#Heading41";0
"PPT_PCL";81;"Patient Pathway Goal-Oriented Response";;;;"12.3.12";"ch12.html#Heading37";0
"PPV_PCA";3;"Goal Query Response";"PCA";"PPV";;;;0
"PPV_PCA";4;"Goal Query Response";"PCA";"PPV";;;;0
"PPV_PCA";5;"Goal Query Response";;;;"12";;0
"PPV_PCA";6;"Goal Query Response";;;;"12.3.8";"ch12.html#Heading37";0
"PPV_PCA";7;"Goal Query Response";;;;"12.3.8";"ch12.html#Heading37";0
"PPV_PCA";8;"Goal Query Response";;;;"12.3.8";"ch12.html#Heading33";0
"PPV_PCA";61;"Goal Query Response";;;;"12.3.8";"ch12.html#Heading37";0
"PPV_PCA";81;"Goal Query Response";;;;"12.3.8";"ch12.html#Heading33";0
"PRR_PC5";3;"Problem Query Response";"PC5";"PRR";;;;0
"PRR_PC5";4;"Problem Query Response";"PC5";"PRR";;;;0
"PRR_PC5";5;"Problem Query Response";;;;"12";;0
"PRR_PC5";6;"Problem Query Response";;;;"12.3.6";"ch12.html#Heading35";0
"PRR_PC5";7;"Problem Query Response";;;;"12.3.6";"ch12.html#Heading35";0
"PRR_PC5";8;"Problem Query Response";;;;"12.3.6";"ch12.html#Heading31";0
"PRR_PC5";61;"Problem Query Response";;;;"12.3.6";"ch12.html#Heading35";0
"PRR_PC5";81;"Problem Query Response";;;;"12.3.6";"ch12.html#Heading31";0
"PTR_PCF";3;"Patient Pathway Problem-Oriented Response";"PCF";"PTR";;;;0
"PTR_PCF";4;"Patient Pathway Problem-Oriented Response";"PCF";"PTR";;;;0
"PTR_PCF";5;"Patient Pathway Problem-Oriented Response";;;;"12";;0
"PTR_PCF";6;"Patient Pathway Problem-Oriented Response";;;;"12.3.10";"ch12.html#Heading39";0
"PTR_PCF";7;"Patient Pathway Problem-Oriented Response";;;;"12.3.10";"ch12.html#Heading39";0
"PTR_PCF";8;"Patient Pathway Problem-Oriented Response";;;;"12.3.10";"ch12.html#Heading35";0
"PTR_PCF";61;"Patient Pathway Problem-Oriented Response";;;;"12.3.10";"ch12.html#Heading39";0
"PTR_PCF";81;"Patient Pathway Problem-Oriented Response";;;;"12.3.10";"ch12.html#Heading35";0
"QBP_E03";7;"Query HealthCare Services Invoice";;;;"16.3.3";"ch16.html#Heading8";0
"QBP_E03";8;"Query HealthCare Services Invoice";;;;"16.3.3";"ch16.html#Heading8";0
"QBP_E03";9;"Query HealthCare Services Invoice";;;;"16.3.3";"ch16.html#Heading8";0
"QBP_E03";10;"Query HealthCare Services Invoice";;;;"16.3.3";"ch16.html#Heading4754";0
"QBP_E03";81;"Query HealthCare Services Invoice";;;;"16.3.3";"ch16.html#Heading8";0
"QBP_E03";91;"Query HealthCare Services Invoice";;;;"16.3.3";"ch16.html#Heading8";0
"QBP_E03";92;"Query HealthCare Services Invoice";;;;"16.3.3";"ch16.html#Heading8";0
"QBP_E22";7;"Query Authorization Request";;;;"16.3.12";"ch16.html#Heading17";0
"QBP_E22";8;"Query Authorization Request";;;;"16.3.12";"ch16.html#Heading17";0
"QBP_E22";9;"Query Authorization Request";;;;"16.3.12";"ch16.html#Heading17";0
"QBP_E22";10;"Query Authorization Request";;;;"16.3.12";"ch16.html#Heading4763";0
"QBP_E22";81;"Query Authorization Request";;;;"16.3.12";"ch16.html#Heading17";0
"QBP_E22";91;"Query Authorization Request";;;;"16.3.12";"ch16.html#Heading17";0
"QBP_E22";92;"Query Authorization Request";;;;"16.3.12";"ch16.html#Heading17";0
"QBP_K13";5;;;;;"5";;0
"QBP_K13";6;;;;;"5";;0
"QBP_O33";9;;;;;"4.16.6";"ch04.html#Heading315";0
"QBP_O33";10;;;;;"4.16.6";"ch04.html#Heading1768";0
"QBP_O33";91;;;;;"4.16.6";"ch04.html#Heading327";0
"QBP_O33";92;;;;;"4.16.6";"ch04.html#Heading327";0
"QBP_O34";9;;;;;"4.16.8";"ch04.html#Heading317";0
"QBP_O34";10;;;;;"4.16.8";"ch04.html#Heading1770";0
"QBP_O34";91;;;;;"4.16.8";"ch04.html#Heading329";0
"QBP_O34";92;;;;;"4.16.8";"ch04.html#Heading329";0
"QBP_Q11";5;"Query Grammar:  QBS Message";;;;"5";;0
"QBP_Q11";6;"Query Grammar:  QBS Message";;;;"5.3.3.2";"ch05.html#Heading43";0
"QBP_Q11";7;"Query Grammar:  QBS Message";;;;"4.13.20";"ch04.html#Heading240";0
"QBP_Q11";8;"Query Grammar:  QBS Message";;;;"4.A.3.19";"ch04a.html#Heading25";0
"QBP_Q11";9;"Query Grammar:  QBS Message";;;;"4.A.20";"ch04a.html#Heading25";0
"QBP_Q11";10;"Query Grammar:  QBS Message";;;;"4A.3.23";"ch04A.html#Heading1861";0
"QBP_Q11";61;"Query Grammar:  QBS Message";;;;"4.13.20";"ch04.html#Heading239";0
"QBP_Q11";81;"Query Grammar:  QBS Message";;;;"4.A.20";"ch04a.html#Heading24";0
"QBP_Q11";91;"Query Grammar:  QBS Message";;;;"4.A.20";"ch04a.html#Heading25";0
"QBP_Q11";92;"Query Grammar:  QBS Message";;;;"4.A.20";"ch04a.html#Heading25";0
"QBP_Q13";5;"Query Grammar:  QBP Message";;;;"5";;0
"QBP_Q13";6;"Query Grammar:  QBP Message";;;;"5.3.1.2";"ch05.html#Heading24";0
"QBP_Q13";7;"Query Grammar:  QBP Message";;;;"5.3.1.2";"ch05.html#Heading24";0
"QBP_Q13";8;"Query Grammar:  QBP Message";;;;"5.3.1.1";"ch05.html#Heading21";0
"QBP_Q13";9;"Query Grammar:  QBP Message";;;;"5.3.1.2";"ch05.html#Heading24";0
"QBP_Q13";10;"Query Grammar:  QBP Message";;;;"5.3.1.2";"ch05.html#Heading2169";0
"QBP_Q13";61;"Query Grammar:  QBP Message";;;;"5.3.1.2";"ch05.html#Heading24";0
"QBP_Q13";81;"Query Grammar:  QBP Message";;;;"5.3.1.1";"ch05.html#Heading21";0
"QBP_Q13";91;"Query Grammar:  QBP Message";;;;"5.3.1.2";"ch05.html#Heading24";0
"QBP_Q13";92;"Query Grammar:  QBP Message";;;;"5.3.1.2";"ch05.html#Heading24";0
"QBP_Q15";5;"Query Grammar:  QBS Message";;;;"5";;0
"QBP_Q15";6;"Query Grammar:  QBS Message";;;;"5.3.3.3";"ch05.html#Heading44";0
"QBP_Q15";7;"Query Grammar:  QBS Message";;;;"5.3.3.3";"ch05.html#Heading44";0
"QBP_Q15";8;"Query Grammar:  QBS Message";;;;"5.3.3.2";"ch05.html#Heading39";0
"QBP_Q15";9;"Query Grammar:  QBS Message";;;;"5.4.3";"ch05.html#Heading49";0
"QBP_Q15";10;"Query Grammar:  QBS Message";;;;"5.4.3";"ch05.html#Heading2194";0
"QBP_Q15";61;"Query Grammar:  QBS Message";;;;"5.3.3.3";"ch05.html#Heading44";0
"QBP_Q15";81;"Query Grammar:  QBS Message";;;;"5.3.3.2";"ch05.html#Heading39";0
"QBP_Q15";91;"Query Grammar:  QBS Message";;;;"5.4.3";"ch05.html#Heading49";0
"QBP_Q15";92;"Query Grammar:  QBS Message";;;;"5.4.3";"ch05.html#Heading49";0
"QBP_Q21";5;"Query Personnel Information Message";;;;"15";;0
"QBP_Q21";6;"Query Personnel Information Message";;;;"3.3.56";"ch03.html#Heading62";0
"QBP_Q21";7;"Query Personnel Information Message";;;;"3.3.56";"ch03.html#Heading62";0
"QBP_Q21";8;"Query Personnel Information Message";;;;"3.3.56";"ch03.html#Heading60";0
"QBP_Q21";9;"Query Personnel Information Message";;;;"3.3.56";"ch03.html#Heading60";0
"QBP_Q21";10;"Query Personnel Information Message";;;;"3.3.56";"ch03.html#Heading996";0
"QBP_Q21";61;"Query Personnel Information Message";;;;"3.3.56";"ch03.html#Heading62";0
"QBP_Q21";81;"Query Personnel Information Message";;;;"3.3.56";"ch03.html#Heading60";0
"QBP_Q21";91;"Query Personnel Information Message";;;;"3.3.56";"ch03.html#Heading60";0
"QBP_Q21";92;"Query Personnel Information Message";;;;"3.3.56";"ch03.html#Heading60";0
"QBP_Qnn";5;;;;;"5";;0
"QBP_Qnn";6;;;;;"5.3.2.3";"ch05.html#Heading29";0
"QBP_Qnn";7;;;;;"5.3.2.3";"ch05.html#Heading29";0
"QBP_Qnn";8;"Query Grammar: QBP Message";;;;"5.3.2.2";"ch05.html#Heading25";0
"QBP_Qnn";9;"Query Grammar: QBP Message";;;;"5.3.2.3";"ch05.html#Heading29";0
"QBP_Qnn";10;;;;;"5.3.2.3";"ch05.html#Heading2174";0
"QBP_Qnn";61;;;;;"5.3.2.3";"ch05.html#Heading29";0
"QBP_Qnn";81;"Query Grammar: QBP Message";;;;"5.3.2.2";"ch05.html#Heading25";0
"QBP_Qnn";91;;;;;"5.3.2.3";"ch05.html#Heading29";0
"QBP_Qnn";92;;;;;"5.3.2.3";"ch05.html#Heading29";0
"QBP_Z73";5;;;;;"4";;0
"QBP_Z73";6;;;;;"4.6.2";"ch04.html#Heading164";0
"QBP_Z73";7;;;;;"4.6.2";"ch04.html#Heading167";0
"QBP_Z73";8;"QBP Message";;;;"4.6.2";"ch04.html#Heading165";0
"QBP_Z73";9;"QBP Message";;;;"4.6.2";"ch04.html#Heading176";0
"QBP_Z73";10;;;;;"4.6.2";"ch04.html#Heading1626";0
"QBP_Z73";61;;;;;"4.6.2";"ch04.html#Heading166";0
"QBP_Z73";81;"QBP Message";;;;"4.5.2";"ch04.html#Heading165";0
"QBP_Z73";91;;;;;"4.6.2";"ch04.html#Heading188";0
"QBP_Z73";92;;;;;"4.6.2";"ch04.html#Heading188";0
"QCK_Q02";3;;"Q02";"QCK";;;;0
"QCK_Q02";4;;"Q02";"QCK";;;;0
"QCK_Q02";5;;;;;"5";;0
"QCN_J01";5;"Cancel Subscription";;;;"5";;0
"QCN_J01";6;"Cancel Subscription";;;;"5.4.6";"ch05.html#Heading52";0
"QCN_J01";7;"Cancel Subscription";;;;"5.4.6";"ch05.html#Heading52";0
"QCN_J01";8;"Cancel Subscription";;;;"5.4.6";"ch05.html#Heading47";0
"QCN_J01";9;"Cancel Subscription";;;;"5.4.6";"ch05.html#Heading52";0
"QCN_J01";10;"Cancel Subscription";;;;"5.4.6";"ch05.html#Heading2197";0
"QCN_J01";61;"Cancel Subscription";;;;"5.4.6";"ch05.html#Heading52";0
"QCN_J01";81;"Cancel Subscription";;;;"5.4.6";"ch05.html#Heading47";0
"QCN_J01";91;"Cancel Subscription";;;;"5.4.6";"ch05.html#Heading52";0
"QCN_J01";92;"Cancel Subscription";;;;"5.4.6";"ch05.html#Heading52";0
"QRY";6;;;;;"9.8.1";"ch09.html#Heading69";0
"QRY";61;;;;;"9.8.1";"ch09.html#Heading69";0
"QRY_A19";3;;"A19";"QRY";;;;0
"QRY_A19";4;;"A19";"QRY";;;;0
"QRY_A19";5;;;;;"3";;0
"QRY_A19";6;;;;;"3.3.19";"ch03.html#Heading23";0
"QRY_A19";7;;;;;"3.3.19";"ch03.html#Heading23";0
"QRY_A19";61;;;;;"3.3.19";"ch03.html#Heading23";0
"QRY_P04";5;;;;;"6";;0
"QRY_PC4";3;;"PC4";"QRY";;;;0
"QRY_PC4";4;;"PC4";"QRY";;;;0
"QRY_PC4";5;;;;;"12";;0
"QRY_PC4";6;;;;;"12.3.5";"ch12.html#Heading34";0
"QRY_PC4";7;"Query";;;;"12.3.5";"ch12.html#Heading34";0
"QRY_PC4";8;"Query";;;;"12.3.5";"ch12.html#Heading30";0
"QRY_PC4";61;"Query";;;;"12.3.5";"ch12.html#Heading34";0
"QRY_PC4";81;"Query";;;;"12.3.5";"ch12.html#Heading30";0
"QRY_Q01";3;;"Q01";"QRY";;;;0
"QRY_Q01";4;;"Q01";"QRY";;;;0
"QRY_Q01";5;;;;;"5";;0
"QRY_Q01";6;;;;;"4.13.15";"ch04.html#Heading232";0
"QRY_Q01";7;;;;;"4.13.15";"ch04.html#Heading235";0
"QRY_Q01";61;;;;;"4.13.15";"ch04.html#Heading234";0
"QRY_Q02";3;;"Q02";"QRY";;;;0
"QRY_Q02";4;;"Q02";"QRY";;;;0
"QRY_Q02";5;;;;;"5";;0
"QRY_R02";3;;"R02";"QRY";;;;0
"QRY_R02";4;;"R02";"QRY";;;;0
"QRY_R02";5;;;;;"7";;0
"QRY_R02";6;;;;;"7.3.3";"ch07.html#Heading45";0
"QRY_R02";7;;;;;"7.3.3";"ch07.html#Heading45";0
"QRY_R02";61;;;;;"7.3.3";"ch07.html#Heading45";0
"QRY_T12";3;;"T12";"QRY";;;;0
"QRY_T12";4;;"T12";"QRY";;;;0
"QRY_T12";5;;;;;"9";;0
"QRY_T12";7;;;;;"9.8.1";"ch09.html#Heading69";0
"QSB_Q16";5;"Query Grammar:  QSB Message";;;;"5";;0
"QSB_Q16";6;"Query Grammar:  QSB Message";;;;"5.4.4";"ch05.html#Heading50";0
"QSB_Q16";7;"Query Grammar:  QSB Message";;;;"5.4.4";"ch05.html#Heading50";0
"QSB_Q16";8;"Query Grammar:  QSB Message";;;;"5.4.4";"ch05.html#Heading45";0
"QSB_Q16";9;"Query Grammar:  QSB Message";;;;"5.4.4";"ch05.html#Heading50";0
"QSB_Q16";10;"Query Grammar:  QSB Message";;;;"5.4.4";"ch05.html#Heading2195";0
"QSB_Q16";61;"Query Grammar:  QSB Message";;;;"5.4.4";"ch05.html#Heading50";0
"QSB_Q16";81;"Query Grammar:  QSB Message";;;;"5.4.4";"ch05.html#Heading45";0
"QSB_Q16";91;"Query Grammar:  QSB Message";;;;"5.4.4";"ch05.html#Heading50";0
"QSB_Q16";92;"Query Grammar:  QSB Message";;;;"5.4.4";"ch05.html#Heading50";0
"QVR_Q17";5;"Query for Previous Events";;;;"5";;0
"QVR_Q17";6;"Query for Previous Events";;;;"5.4.5";"ch05.html#Heading51";0
"QVR_Q17";7;"Query for Previous Events";;;;"5.4.5";"ch05.html#Heading51";0
"QVR_Q17";8;"Query for Previous Events";;;;"5.4.5";"ch05.html#Heading46";0
"QVR_Q17";9;"Query for Previous Events";;;;"5.4.5";"ch05.html#Heading51";0
"QVR_Q17";10;"Query for Previous Events";;;;"5.4.5";"ch05.html#Heading2196";0
"QVR_Q17";61;"Query for Previous Events";;;;"5.4.5";"ch05.html#Heading51";0
"QVR_Q17";81;"Query for Previous Events";;;;"5.4.5";"ch05.html#Heading46";0
"QVR_Q17";91;"Query for Previous Events";;;;"5.4.5";"ch05.html#Heading51";0
"QVR_Q17";92;"Query for Previous Events";;;;"5.4.5";"ch05.html#Heading51";0
"RAR_RAR";3;;"RAR";"RAR";;;;0
"RAR_RAR";4;;"RAR";"RAR";;;;0
"RAR_RAR";5;;;;;"4";;0
"RAR_RAR";6;;;;;"4.13.16";"ch04.html#Heading233";0
"RAR_RAR";7;;;;;"4.13.16";"ch04.html#Heading236";0
"RAR_RAR";61;;;;;"4.13.16";"ch04.html#Heading235";0
"RAS_O01";3;;"O01";"RAS";;;;0
"RAS_O01";4;;"O01";"RAS";;;;0
"RAS_O17";5;"Pharmacy/Treatment Administration";;;;"4";;0
"RAS_O17";6;"Pharmacy/Treatment Administration";;;;"4.13.11";"ch04.html#Heading228";0
"RAS_O17";7;"Pharmacy/Treatment Administration";;;;"4.13.11";"ch04.html#Heading231";0
"RAS_O17";8;"Pharmacy/Treatment Administration";;;;"4.A.3.10";"ch04a.html#Heading16";0
"RAS_O17";9;"Pharmacy/Treatment Administration";;;;"4.A.11";"ch04a.html#Heading16";0
"RAS_O17";10;"Pharmacy/Treatment Administration";;;;"4A.3.14";"ch04A.html#Heading1852";0
"RAS_O17";61;"Pharmacy/Treatment Administration";;;;"4.13.11";"ch04.html#Heading230";0
"RAS_O17";81;"Pharmacy/Treatment Administration";;;;"4.A.11";"ch04a.html#Heading15";0
"RAS_O17";91;"Pharmacy/Treatment Administration";;;;"4.A.11";"ch04a.html#Heading16";0
"RAS_O17";92;"Pharmacy/Treatment Administration";;;;"4.A.11";"ch04a.html#Heading16";0
"RCI_I05";3;"Return Clinical Information";"I05";"RCI";;;;0
"RCI_I05";4;"Return Clinical Information";"I05";"RCI";;;;0
"RCI_I05";5;"Return Clinical Information";;;;"11";;0
"RCI_I05";6;"Return Clinical Information";;;;"11.3.5";"ch11.html#Heading38";0
"RCI_I05";7;"Return Clinical Information";;;;"11.3.5";"ch11.html#Heading38";0
"RCI_I05";8;"Return Clinical Information";;;;"11.3.5";"ch11.html#Heading36";0
"RCI_I05";61;"Return Clinical Information";;;;"11.3.5";"ch11.html#Heading38";0
"RCI_I05";81;"Return Clinical Information";;;;"11.2.5";"ch11.html#Heading35";0
"RCL_I06";3;"Return Clinical List";"I06";"RCL";;;;0
"RCL_I06";4;"Return Clinical List";"I06";"RCL";;;;0
"RCL_I06";5;"Return Clinical List";;;;"11";;0
"RCL_I06";6;"Return Clinical List";;;;"11.3.6";"ch11.html#Heading39";0
"RCL_I06";7;"Return Clinical List";;;;"11.3.6";"ch11.html#Heading39";0
"RCL_I06";8;"Return Clinical List";;;;"11.3.6";"ch11.html#Heading37";0
"RCL_I06";61;"Return Clinical List";;;;"11.3.6";"ch11.html#Heading39";0
"RCL_I06";81;"Return Clinical List";;;;"11.2.6";"ch11.html#Heading36";0
"RCV_O59";10;;;;;"4A.3.26";"ch04A.html#Heading1865";0
"RDE_O01";3;;"O01";"RDE";;;;0
"RDE_O01";4;;"O01";"RDE";;;;0
"RDE_O11";5;"Pharmacy/Treatment Refill Authorization Request";;;;"4";;0
"RDE_O11";6;"Pharmacy/Treatment Refill Authorization Request";;;;"4.13.5";"ch04.html#Heading222";0
"RDE_O11";7;"Pharmacy/Treatment Refill Authorization Request";;;;"4.13.5";"ch04.html#Heading225";0
"RDE_O11";8;"Pharmacy/Treatment Refill Authorization Request";;;;"4.A.3.4";"ch04a.html#Heading10";0
"RDE_O11";9;"Pharmacy/Treatment Refill Authorization Request";;;;"4.A.5";"ch04a.html#Heading10";0
"RDE_O11";10;"Pharmacy/Treatment Refill Authorization Request";;;;"4A.3.6";"ch04A.html#Heading1844";0
"RDE_O11";61;"Pharmacy/Treatment Refill Authorization Request";;;;"4.13.5";"ch04.html#Heading224";0
"RDE_O11";81;"Pharmacy/Treatment Refill Authorization Request";;;;"4.A.5";"ch04a.html#Heading9";0
"RDE_O11";91;"Pharmacy/Treatment Refill Authorization Request";;;;"4.A.5";"ch04a.html#Heading10";0
"RDE_O11";92;"Pharmacy/Treatment Refill Authorization Request";;;;"4.A.5";"ch04a.html#Heading10";0
"RDE_O49";10;;;;;"4A.3.24";"ch04A.html#Heading1863";0
"RDO_O01";3;"Pharmacy/Treatment Order Message";"O01";"ORR";"order";"4.8.1";;0
"RDO_O01";4;"Pharmacy/Treatment Order Message";"O01";"ORM";"order";"4.8.1";;0
"RDR_RDR";3;"Pharmacy/treatment Dispense Information";"RDR";"RDR";;;;0
"RDR_RDR";4;"Pharmacy/treatment Dispense Information";"RDR";"RDR";;;;0
"RDR_RDR";5;"Pharmacy/treatment Dispense Information";;;;"5";;0
"RDR_RDR";6;"Pharmacy/treatment Dispense Information";;;;"4.13.17";"ch04.html#Heading234";0
"RDR_RDR";7;"Pharmacy/treatment Dispense Information";;;;"4.13.17";"ch04.html#Heading237";0
"RDR_RDR";8;"Pharmacy/treatment Dispense Information";;;;"5.9.1.0";"ch05.html#Heading110";0
"RDR_RDR";9;"Pharmacy/treatment Dispense Information";;;;"5.9.1.1";"ch05.html#Heading127";0
"RDR_RDR";10;"Pharmacy/treatment Dispense Information";;;;"5.9.1.1";"ch05.html#Heading2272";0
"RDR_RDR";61;"Pharmacy/treatment Dispense Information";;;;"4.13.17";"ch04.html#Heading236";0
"RDR_RDR";81;"Pharmacy/treatment Dispense Information";;;;"5.9.1.0";"ch05.html#Heading110";0
"RDR_RDR";91;"Pharmacy/treatment Dispense Information";;;;"5.9.1.1";"ch05.html#Heading127";0
"RDR_RDR";92;"Pharmacy/treatment Dispense Information";;;;"5.9.1.1";"ch05.html#Heading127";0
"RDS_O01";3;;"O01";"RDS";;;;0
"RDS_O01";4;;"O01";"RDS";;;;0
"RDS_O13";5;"Pharmacy/Treatment Dispense Message";;;;"4";;0
"RDS_O13";6;"Pharmacy/Treatment Dispense Message";;;;"4.13.7";"ch04.html#Heading224";0
"RDS_O13";7;"Pharmacy/Treatment Dispense Message";;;;"4.13.7";"ch04.html#Heading227";0
"RDS_O13";8;"Pharmacy/Treatment Dispense Message";;;;"4.A.3.6";"ch04a.html#Heading12";0
"RDS_O13";9;"Pharmacy/Treatment Dispense Message";;;;"4.A.7";"ch04a.html#Heading12";0
"RDS_O13";10;"Pharmacy/Treatment Dispense Message";;;;"4A.3.8";"ch04A.html#Heading1846";0
"RDS_O13";61;"Pharmacy/Treatment Dispense Message";;;;"4.13.7";"ch04.html#Heading226";0
"RDS_O13";81;"Pharmacy/Treatment Dispense Message";;;;"4.A.7";"ch04a.html#Heading11";0
"RDS_O13";91;"Pharmacy/Treatment Dispense Message";;;;"4.A.7";"ch04a.html#Heading12";0
"RDS_O13";92;"Pharmacy/Treatment Dispense Message";;;;"4.A.7";"ch04a.html#Heading12";0
"RDY_K15";5;"Response Grammar:  Dispense History";;;;"5";;0
"RDY_K15";6;"Response Grammar:  Dispense History";;;;"5.3.2.5";"ch05.html#Heading31";0
"RDY_K15";7;"Response Grammar:  Dispense History";;;;"5.3.2.5";"ch05.html#Heading31";0
"RDY_K15";8;"Response Grammar:  Dispense History";;;;"5.3.2.4";"ch05.html#Heading27";0
"RDY_K15";9;"Response Grammar:  Dispense History";;;;"5.3.2.5";"ch05.html#Heading31";0
"RDY_K15";10;"Response Grammar:  Dispense History";;;;"5.3.2.5";"ch05.html#Heading2176";0
"RDY_K15";61;"Response Grammar:  Dispense History";;;;"5.3.2.5";"ch05.html#Heading31";0
"RDY_K15";81;"Response Grammar:  Dispense History";;;;"5.3.2.4";"ch05.html#Heading27";0
"RDY_K15";91;"Response Grammar:  Dispense History";;;;"5.3.2.5";"ch05.html#Heading31";0
"RDY_K15";92;"Response Grammar:  Dispense History";;;;"5.3.2.5";"ch05.html#Heading31";0
"RDY_Z80";9;;;;;"5.9.6.1";"ch05.html#Heading154";0
"RDY_Z80";10;;;;;"5.9.6.0";"ch05.html#Heading2298";0
"RDY_Z80";91;;;;;"5.9.6.1";"ch05.html#Heading154";0
"RDY_Z80";92;;;;;"5.9.6.1";"ch05.html#Heading154";0
"REF_I12";3;"Patient Referral";"I12";"REF";;;;0
"REF_I12";4;"Patient Referral";"I12";"REF";;;;0
"REF_I12";5;"Patient Referral";;;;"11";;0
"REF_I12";6;"Patient Referral";;;;"11.5.1";"ch11.html#Heading48";0
"REF_I12";7;"Patient Referral";;;;"11.5.1";"ch11.html#Heading48";0
"REF_I12";8;"Patient Referral";;;;"11.5.1";"ch11.html#Heading46";0
"REF_I12";9;"Patient Referral";;;;"11.5.1";"ch11.html#Heading49";0
"REF_I12";10;"Patient Referral";;;;"11.5.1";"ch11.html#Heading4037";0
"REF_I12";61;"Patient Referral";;;;"11.5.1";"ch11.html#Heading48";0
"REF_I12";81;"Patient Referral";;;;"11.4.1";"ch11.html#Heading45";0
"REF_I12";91;"Patient Referral";;;;"11.5.1";"ch11.html#Heading49";0
"REF_I12";92;"Patient Referral";;;;"11.5.1";"ch11.html#Heading49";0
"RER_RER";3;;"RER";"RER";;;;0
"RER_RER";4;;"RER";"RER";;;;0
"RER_RER";5;;;;;"4";;0
"RER_RER";6;;;;;"4.13.18";"ch04.html#Heading235";0
"RER_RER";7;;;;;"4.13.18";"ch04.html#Heading238";0
"RER_RER";61;;;;;"4.13.18";"ch04.html#Heading237";0
"RGR_RGR";3;;"RGR";"RGR";;;;0
"RGR_RGR";4;;"RGR";"RGR";;;;0
"RGR_RGR";5;;;;;"4";;0
"RGR_RGR";6;;;;;"4.13.19";"ch04.html#Heading236";0
"RGR_RGR";7;;;;;"4.13.19";"ch04.html#Heading239";0
"RGR_RGR";61;;;;;"4.13.19";"ch04.html#Heading238";0
"RGV_O01";3;;"O01";"RGV";;;;0
"RGV_O01";4;;"O01";"RGV";;;;0
"RGV_O15";5;"Pharmacy/Treatment Give";;;;"4";;0
"RGV_O15";6;"Pharmacy/Treatment Give";;;;"4.13.9";"ch04.html#Heading226";0
"RGV_O15";7;"Pharmacy/Treatment Give";;;;"4.13.9";"ch04.html#Heading229";0
"RGV_O15";8;"Pharmacy/Treatment Give";;;;"4.A.3.8";"ch04a.html#Heading14";0
"RGV_O15";9;"Pharmacy/Treatment Give";;;;"4.A.9";"ch04a.html#Heading14";0
"RGV_O15";10;"Pharmacy/Treatment Give";;;;"4A.3.11";"ch04A.html#Heading1849";0
"RGV_O15";61;"Pharmacy/Treatment Give";;;;"4.13.9";"ch04.html#Heading228";0
"RGV_O15";81;"Pharmacy/Treatment Give";;;;"4.A.9";"ch04a.html#Heading13";0
"RGV_O15";91;"Pharmacy/Treatment Give";;;;"4.A.9";"ch04a.html#Heading14";0
"RGV_O15";92;"Pharmacy/Treatment Give";;;;"4.A.9";"ch04a.html#Heading14";0
"ROR_ROR";3;;"ROR";"ROR";;;;0
"ROR_ROR";4;;"R0R";"ROR";;;;0
"ROR_ROR";5;;;;;"4";;0
"ROR_ROR";6;;;;;"4.13.15";"ch04.html#Heading232";0
"ROR_ROR";7;;;;;"4.13.15";"ch04.html#Heading235";0
"ROR_ROR";61;;;;;"4.13.15";"ch04.html#Heading234";0
"RPA_I08";3;"Return Patient Authorization";"I08";"RPA";;;;0
"RPA_I08";4;"Return Patient Authorization";"I08";"RPA";;;;0
"RPA_I08";5;"Return Patient Authorization";;;;"11";;0
"RPA_I08";6;"Return Patient Authorization";;;;"11.4.1";"ch11.html#Heading42";0
"RPA_I08";7;"Return Patient Authorization";;;;"11.4.1";"ch11.html#Heading42";0
"RPA_I08";8;"Return Patient Authorization";;;;"11.4.1";"ch11.html#Heading40";0
"RPA_I08";9;"Return Patient Authorization";;;;"11.4.1";"ch11.html#Heading43";0
"RPA_I08";10;"Return Patient Authorization";;;;"11.4.1";"ch11.html#Heading4031";0
"RPA_I08";61;"Return Patient Authorization";;;;"11.4.1";"ch11.html#Heading42";0
"RPA_I08";81;"Return Patient Authorization";;;;"11.3.1";"ch11.html#Heading39";0
"RPA_I08";91;"Return Patient Authorization";;;;"11.4.1";"ch11.html#Heading43";0
"RPA_I08";92;"Return Patient Authorization";;;;"11.4.1";"ch11.html#Heading43";0
"RPI_I01";3;"Return Patient Information";"I01";"RPI";;;;0
"RPI_I01";4;"Return Patient Information";"I01";"RPI";;;;0
"RPI_I01";5;"Return Patient Information";;;;"11";;0
"RPI_I01";6;"Return Patient Information";;;;"11.3.1";"ch11.html#Heading34";0
"RPI_I01";7;"Return Patient Information";;;;"11.3.1";"ch11.html#Heading34";0
"RPI_I01";8;"Return Patient Information";;;;"11.3.1";"ch11.html#Heading32";0
"RPI_I01";9;"Return Patient Information";;;;"11.3.1";"ch11.html#Heading35";0
"RPI_I01";10;"Return Patient Information";;;;"11.3.1";"ch11.html#Heading4023";0
"RPI_I01";61;"Return Patient Information";;;;"11.3.1";"ch11.html#Heading34";0
"RPI_I01";81;"Return Patient Information";;;;"11.2.1";"ch11.html#Heading31";0
"RPI_I01";91;"Return Patient Information";;;;"11.3.1";"ch11.html#Heading35";0
"RPI_I01";92;"Return Patient Information";;;;"11.3.1";"ch11.html#Heading35";0
"RPI_I04";5;"Return Patient Information";;;;"11";;0
"RPI_I04";6;"Return Patient Information";;;;"11.3.4";"ch11.html#Heading37";0
"RPI_I04";7;"Return Patient Information";;;;"11.3.4";"ch11.html#Heading37";0
"RPI_I04";8;"Return Patient Information";;;;"11.3.4";"ch11.html#Heading35";0
"RPI_I04";9;"Return Patient Information";;;;"11.3.4";"ch11.html#Heading38";0
"RPI_I04";10;"Return Patient Information";;;;"11.3.4";"ch11.html#Heading4026";0
"RPI_I04";61;"Return Patient Information";;;;"11.3.4";"ch11.html#Heading37";0
"RPI_I04";81;"Return Patient Information";;;;"11.2.4";"ch11.html#Heading34";0
"RPI_I04";91;"Return Patient Information";;;;"11.3.4";"ch11.html#Heading38";0
"RPI_I04";92;"Return Patient Information";;;;"11.3.4";"ch11.html#Heading38";0
"RPL_I02";3;"Return Patient Display List";"I02";"RPL";;;;0
"RPL_I02";4;"Return Patient Display List";"I02";"RPL";;;;0
"RPL_I02";5;"Return Patient Display List";;;;"11";;0
"RPL_I02";6;"Return Patient Display List";;;;"11.3.2";"ch11.html#Heading35";0
"RPL_I02";7;"Return Patient Display List";;;;"11.3.2";"ch11.html#Heading35";0
"RPL_I02";8;"Return Patient Display List";;;;"11.3.2";"ch11.html#Heading33";0
"RPL_I02";9;"Return Patient Display List";;;;"11.3.2";"ch11.html#Heading36";0
"RPL_I02";10;"Return Patient Display List";;;;"11.3.2";"ch11.html#Heading4024";0
"RPL_I02";61;"Return Patient Display List";;;;"11.3.2";"ch11.html#Heading35";0
"RPL_I02";81;"Return Patient Display List";;;;"11.2.2";"ch11.html#Heading32";0
"RPL_I02";91;"Return Patient Display List";;;;"11.3.2";"ch11.html#Heading36";0
"RPL_I02";92;"Return Patient Display List";;;;"11.3.2";"ch11.html#Heading36";0
"RPR_I03";3;"Return Patient List";"I03";"RPR";;;;0
"RPR_I03";4;"Return Patient List";"I03";"RPR";;;;0
"RPR_I03";5;"Return Patient List";;;;"11";;0
"RPR_I03";6;"Return Patient List";;;;"11.3.3";"ch11.html#Heading36";0
"RPR_I03";7;"Return Patient List";;;;"11.3.3";"ch11.html#Heading36";0
"RPR_I03";8;"Return Patient List";;;;"11.3.3";"ch11.html#Heading34";0
"RPR_I03";9;"Return Patient List";;;;"11.3.3";"ch11.html#Heading37";0
"RPR_I03";10;"Return Patient List";;;;"11.3.3";"ch11.html#Heading4025";0
"RPR_I03";61;"Return Patient List";;;;"11.3.3";"ch11.html#Heading36";0
"RPR_I03";81;"Return Patient List";;;;"11.2.3";"ch11.html#Heading33";0
"RPR_I03";91;"Return Patient List";;;;"11.3.3";"ch11.html#Heading37";0
"RPR_I03";92;"Return Patient List";;;;"11.3.3";"ch11.html#Heading37";0
"RQA_I08";3;"Request Patient Authorization";"I08";"RQA";;;;0
"RQA_I08";4;"Request Patient Authorization";"I08";"RQA";;;;0
"RQA_I08";5;"Request Patient Authorization";;;;"11";;0
"RQA_I08";6;"Request Patient Authorization";;;;"11.4.1";"ch11.html#Heading42";0
"RQA_I08";7;"Request Patient Authorization";;;;"11.4.1";"ch11.html#Heading42";0
"RQA_I08";8;"Request Patient Authorization";;;;"11.4.1";"ch11.html#Heading40";0
"RQA_I08";9;"Request Patient Authorization";;;;"11.4.1";"ch11.html#Heading43";0
"RQA_I08";10;"Request Patient Authorization";;;;"11.4.1";"ch11.html#Heading4031";0
"RQA_I08";61;"Request Patient Authorization";;;;"11.4.1";"ch11.html#Heading42";0
"RQA_I08";81;"Request Patient Authorization";;;;"11.3.1";"ch11.html#Heading39";0
"RQA_I08";91;"Request Patient Authorization";;;;"11.4.1";"ch11.html#Heading43";0
"RQA_I08";92;"Request Patient Authorization";;;;"11.4.1";"ch11.html#Heading43";0
"RQC_I05";3;"Request Clinical Information";"I05";"RQC";;;;0
"RQC_I05";4;"Request Clinical Information";"I05";"RQC";;;;0
"RQC_I05";5;"Request Clinical Information";;;;"11";;0
"RQC_I05";6;"Request Clinical Information";;;;"11.3.5";"ch11.html#Heading38";0
"RQC_I05";7;"Request Clinical Information";;;;"11.3.5";"ch11.html#Heading38";0
"RQC_I05";8;"Request Clinical Information";;;;"11.3.5";"ch11.html#Heading36";0
"RQC_I05";61;"Request Clinical Information";;;;"11.3.5";"ch11.html#Heading38";0
"RQC_I05";81;"Request Clinical Information";;;;"11.2.5";"ch11.html#Heading35";0
"RQC_I06";3;;"I06";"RQC";;;;0
"RQC_I06";4;;"I06";"RQC";;;;0
"RQI_I01";3;"Patient Insurance Information";"I01";"RQI";;;;0
"RQI_I01";4;"Patient Insurance Information";"I01";"RQI";;;;0
"RQI_I01";5;"Patient Insurance Information";;;;"11";;0
"RQI_I01";6;"Patient Insurance Information";;;;"11.3.1";"ch11.html#Heading34";0
"RQI_I01";7;"Patient Insurance Information";;;;"11.3.1";"ch11.html#Heading34";0
"RQI_I01";8;"Patient Insurance Information";;;;"11.3.1";"ch11.html#Heading32";0
"RQI_I01";9;"Patient Insurance Information";;;;"11.3.1";"ch11.html#Heading35";0
"RQI_I01";10;"Patient Insurance Information";;;;"11.3.1";"ch11.html#Heading4023";0
"RQI_I01";61;"Patient Insurance Information";;;;"11.3.1";"ch11.html#Heading34";0
"RQI_I01";81;"Patient Insurance Information";;;;"11.2.1";"ch11.html#Heading31";0
"RQI_I01";91;"Patient Insurance Information";;;;"11.3.1";"ch11.html#Heading35";0
"RQI_I01";92;"Patient Insurance Information";;;;"11.3.1";"ch11.html#Heading35";0
"RQP_I04";3;"Request Patient Demographics";"I04";"RQP";;;;0
"RQP_I04";4;"Request Patient Demographics";"I04";"RQP";;;;0
"RQP_I04";5;"Request Patient Demographics";;;;"11";;0
"RQP_I04";6;"Request Patient Demographics";;;;"11.3.4";"ch11.html#Heading37";0
"RQP_I04";7;"Request Patient Demographics";;;;"11.3.4";"ch11.html#Heading37";0
"RQP_I04";8;"Request Patient Demographics";;;;"11.3.4";"ch11.html#Heading35";0
"RQP_I04";9;"Request Patient Demographics";;;;"11.3.4";"ch11.html#Heading38";0
"RQP_I04";10;"Request Patient Demographics";;;;"11.3.4";"ch11.html#Heading4026";0
"RQP_I04";61;"Request Patient Demographics";;;;"11.3.4";"ch11.html#Heading37";0
"RQP_I04";81;"Request Patient Demographics";;;;"11.2.4";"ch11.html#Heading34";0
"RQP_I04";91;"Request Patient Demographics";;;;"11.3.4";"ch11.html#Heading38";0
"RQP_I04";92;"Request Patient Demographics";;;;"11.3.4";"ch11.html#Heading38";0
"RQQ_Q01";3;;"Q01";"RQQ";;;;0
"RQQ_Q09";4;;"Q09";"RQQ";;;;0
"RQQ_Q09";5;;;;;"5";;0
"RRA_O02";3;;"O02";"RRA";;;;0
"RRA_O02";4;;"O02";"RRA";;;;0
"RRA_O18";5;"Pharmacy/Treatment Administration Acknowledgment M";;;;"4";;0
"RRA_O18";6;"Pharmacy/Treatment Administration Acknowledgment M";;;;"4.13.12";"ch04.html#Heading229";0
"RRA_O18";7;"Pharmacy/Treatment Administration Acknowledgment M";;;;"4.13.12";"ch04.html#Heading232";0
"RRA_O18";8;"Pharmacy/Treatment Administration Acknowledgment M";;;;"4.A.3.11";"ch04a.html#Heading17";0
"RRA_O18";9;"Pharmacy/Treatment Administration Acknowledgment M";;;;"4.A.12";"ch04a.html#Heading17";0
"RRA_O18";10;"Pharmacy/Treatment Administration Acknowledgment M";;;;"4A.3.15";"ch04A.html#Heading1853";0
"RRA_O18";61;"Pharmacy/Treatment Administration Acknowledgment M";;;;"4.13.12";"ch04.html#Heading231";0
"RRA_O18";81;"Pharmacy/Treatment Administration Acknowledgment M";;;;"4.A.12";"ch04a.html#Heading16";0
"RRA_O18";91;"Pharmacy/Treatment Administration Acknowledgment M";;;;"4.A.12";"ch04a.html#Heading17";0
"RRA_O18";92;"Pharmacy/Treatment Administration Acknowledgment M";;;;"4.A.12";"ch04a.html#Heading17";0
"RRD_O02";3;;"O02";"RRD";;;;0
"RRD_O02";4;;"O02";"RRD";;;;0
"RRD_O14";5;"Pharmacy/Treatment Dispense Acknowledgment Message";;;;"4";;0
"RRD_O14";6;"Pharmacy/Treatment Dispense Acknowledgment Message";;;;"4.13.8";"ch04.html#Heading225";0
"RRD_O14";7;"Pharmacy/Treatment Dispense Acknowledgment Message";;;;"4.13.8";"ch04.html#Heading228";0
"RRD_O14";8;"Pharmacy/Treatment Dispense Acknowledgment Message";;;;"4.A.3.7";"ch04a.html#Heading13";0
"RRD_O14";9;"Pharmacy/Treatment Dispense Acknowledgment Message";;;;"4.A.8";"ch04a.html#Heading13";0
"RRD_O14";10;"Pharmacy/Treatment Dispense Acknowledgment Message";;;;"4A.3.9";"ch04A.html#Heading1847";0
"RRD_O14";61;"Pharmacy/Treatment Dispense Acknowledgment Message";;;;"4.13.8";"ch04.html#Heading227";0
"RRD_O14";81;"Pharmacy/Treatment Dispense Acknowledgment Message";;;;"4.A.8";"ch04a.html#Heading12";0
"RRD_O14";91;"Pharmacy/Treatment Dispense Acknowledgment Message";;;;"4.A.8";"ch04a.html#Heading13";0
"RRD_O14";92;"Pharmacy/Treatment Dispense Acknowledgment Message";;;;"4.A.8";"ch04a.html#Heading13";0
"RRE_O01";4;;"O01";"RRE";;;;0
"RRE_O02";3;;"O02";"RRE";;;;0
"RRE_O02";4;;"O02";"RRE";;;;0
"RRE_O12";5;"Pharmacy/Treatment Refill Authorization Request Ac";;;;"4";;0
"RRE_O12";6;"Pharmacy/Treatment Refill Authorization Request Ac";;;;"4.13.6";"ch04.html#Heading223";0
"RRE_O12";7;"Pharmacy/Treatment Refill Authorization Request Ac";;;;"4.13.6";"ch04.html#Heading226";0
"RRE_O12";8;"Pharmacy/Treatment Refill Authorization Request Ac";;;;"4.A.3.5";"ch04a.html#Heading11";0
"RRE_O12";9;"Pharmacy/Treatment Refill Authorization Request Ac";;;;"4.A.6";"ch04a.html#Heading11";0
"RRE_O12";10;"Pharmacy/Treatment Refill Authorization Request Ac";;;;"4A.3.7";"ch04A.html#Heading1845";0
"RRE_O12";61;"Pharmacy/Treatment Refill Authorization Request Ac";;;;"4.13.6";"ch04.html#Heading225";0
"RRE_O12";81;"Pharmacy/Treatment Refill Authorization Request Ac";;;;"4.A.6";"ch04a.html#Heading10";0
"RRE_O12";91;"Pharmacy/Treatment Refill Authorization Request Ac";;;;"4.A.6";"ch04a.html#Heading11";0
"RRE_O12";92;"Pharmacy/Treatment Refill Authorization Request Ac";;;;"4.A.6";"ch04a.html#Heading11";0
"RRE_O50";10;;;;;"4A.3.25";"ch04A.html#Heading1864";0
"RRG_O02";3;;"O02";"RRG";;;;0
"RRG_O02";4;;"O02";"RRG";;;;0
"RRG_O16";5;"Pharmacy/Treatment Give Acknowledgment Message";;;;"4";;0
"RRG_O16";6;"Pharmacy/Treatment Give Acknowledgment Message";;;;"4.13.10";"ch04.html#Heading227";0
"RRG_O16";7;"Pharmacy/Treatment Give Acknowledgment Message";;;;"4.13.10";"ch04.html#Heading230";0
"RRG_O16";8;"Pharmacy/Treatment Give Acknowledgment Message";;;;"4.A.3.9";"ch04a.html#Heading15";0
"RRG_O16";9;"Pharmacy/Treatment Give Acknowledgment Message";;;;"4.A.10";"ch04a.html#Heading15";0
"RRG_O16";10;"Pharmacy/Treatment Give Acknowledgment Message";;;;"4A.3.12";"ch04A.html#Heading1850";0
"RRG_O16";61;"Pharmacy/Treatment Give Acknowledgment Message";;;;"4.13.10";"ch04.html#Heading229";0
"RRG_O16";81;"Pharmacy/Treatment Give Acknowledgment Message";;;;"4.A.10";"ch04a.html#Heading14";0
"RRG_O16";91;"Pharmacy/Treatment Give Acknowledgment Message";;;;"4.A.10";"ch04a.html#Heading15";0
"RRG_O16";92;"Pharmacy/Treatment Give Acknowledgment Message";;;;"4.A.10";"ch04a.html#Heading15";0
"RRI_I12";3;"Return Referral Information";"I12";"RRI";;;;0
"RRI_I12";4;"Return Referral Information";"I12";"RRI";;;;0
"RRI_I12";5;"Return Referral Information";;;;"11";;0
"RRI_I12";6;"Return Referral Information";;;;"11.5.1";"ch11.html#Heading48";0
"RRI_I12";7;"Return Referral Information";;;;"11.5.1";"ch11.html#Heading48";0
"RRI_I12";8;"Return Referral Information";;;;"11.5.1";"ch11.html#Heading46";0
"RRI_I12";9;"Return Referral Information";;;;"11.5.1";"ch11.html#Heading49";0
"RRI_I12";10;"Return Referral Information";;;;"11.5.1";"ch11.html#Heading4037";0
"RRI_I12";61;"Return Referral Information";;;;"11.5.1";"ch11.html#Heading48";0
"RRI_I12";81;"Return Referral Information";;;;"11.4.1";"ch11.html#Heading45";0
"RRI_I12";91;"Return Referral Information";;;;"11.5.1";"ch11.html#Heading49";0
"RRI_I12";92;"Return Referral Information";;;;"11.5.1";"ch11.html#Heading49";0
"RRO_O02";3;"Pharmacy Treatment Response Message";"O02";"ORR";"respond";"4.8.1";;0
"RRO_O02";4;"Pharmacy/Treatment Order Message";"O02";"ORR";"respond";"4.8.1";;0
"RSP_E03";7;"HealthCare Services Invoice Query Response";;;;"16.3.4";"ch16.html#Heading9";0
"RSP_E03";8;"HealthCare Services Invoice Query Response";;;;"16.3.4";"ch16.html#Heading9";0
"RSP_E03";9;"HealthCare Services Invoice Query Response";;;;"16.3.4";"ch16.html#Heading9";0
"RSP_E03";10;"HealthCare Services Invoice Query Response";;;;"16.3.4";"ch16.html#Heading4755";0
"RSP_E03";81;"HealthCare Services Invoice Query Response";;;;"16.3.4";"ch16.html#Heading9";0
"RSP_E03";91;"HealthCare Services Invoice Query Response";;;;"16.3.4";"ch16.html#Heading9";0
"RSP_E03";92;"HealthCare Services Invoice Query Response";;;;"16.3.4";"ch16.html#Heading9";0
"RSP_E22";7;"Authorization Request Query Response";;;;"16.3.13";"ch16.html#Heading18";0
"RSP_E22";8;"Authorization Request Query Response";;;;"16.3.13";"ch16.html#Heading18";0
"RSP_E22";9;"Authorization Request Query Response";;;;"16.3.13";"ch16.html#Heading18";0
"RSP_E22";10;"Authorization Request Query Response";;;;"16.3.13";"ch16.html#Heading4764";0
"RSP_E22";81;"Authorization Request Query Response";;;;"16.3.13";"ch16.html#Heading18";0
"RSP_E22";91;"Authorization Request Query Response";;;;"16.3.13";"ch16.html#Heading18";0
"RSP_E22";92;"Authorization Request Query Response";;;;"16.3.13";"ch16.html#Heading18";0
"RSP_K11";5;"Response Grammar:  Dispense History";;;;"5";;0
"RSP_K11";6;"Response Grammar:  Dispense History";;;;"5.3.1.2";"ch05.html#Heading24";0
"RSP_K11";7;"Response Grammar:  Dispense History";;;;"5.3.1.2";"ch05.html#Heading24";0
"RSP_K11";8;"Response Grammar:  Dispense History";;;;"5.3.1.1";"ch05.html#Heading21";0
"RSP_K11";9;"Response Grammar:  Dispense History";;;;"5.4.1";"ch05.html#Heading47";0
"RSP_K11";10;"Response Grammar:  Dispense History";;;;"5.4.1";"ch05.html#Heading2192";0
"RSP_K11";61;"Response Grammar:  Dispense History";;;;"5.3.1.2";"ch05.html#Heading24";0
"RSP_K11";81;"Response Grammar:  Dispense History";;;;"5.3.1.1";"ch05.html#Heading21";0
"RSP_K11";91;"Response Grammar:  Dispense History";;;;"5.4.1";"ch05.html#Heading47";0
"RSP_K11";92;"Response Grammar:  Dispense History";;;;"5.4.1";"ch05.html#Heading47";0
"RSP_K13";5;;;;;"5";;0
"RSP_K15";5;;;;;"5";;0
"RSP_K21";5;"Segment Pattern Response";;;;"3";;0
"RSP_K21";6;"Segment Pattern Response";;;;"3.3.56";"ch03.html#Heading62";0
"RSP_K21";7;"Segment Pattern Response";;;;"3.3.56";"ch03.html#Heading62";0
"RSP_K21";8;"Segment Pattern Response";;;;"3.3.56";"ch03.html#Heading60";0
"RSP_K21";9;"Segment Pattern Response";;;;"3.3.56";"ch03.html#Heading60";0
"RSP_K21";10;"Segment Pattern Response";;;;"3.3.56";"ch03.html#Heading996";0
"RSP_K21";61;"Segment Pattern Response";;;;"3.3.56";"ch03.html#Heading62";0
"RSP_K21";81;"Segment Pattern Response";;;;"3.3.56";"ch03.html#Heading60";0
"RSP_K21";91;"Segment Pattern Response";;;;"3.3.56";"ch03.html#Heading60";0
"RSP_K21";92;"Segment Pattern Response";;;;"3.3.56";"ch03.html#Heading60";0
"RSP_K22";5;"Segment Pattern Response";;;;"3";;0
"RSP_K22";7;"Segment Pattern Response";;;;"3.3.56";"ch03.html#Heading62";0
"RSP_K22";8;"Segment Pattern Response";;;;"3.3.57";"ch03.html#Heading61";0
"RSP_K22";9;"Segment Pattern Response";;;;"3.3.57";"ch03.html#Heading61";0
"RSP_K22";10;"Segment Pattern Response";;;;"3.3.57";"ch03.html#Heading997";0
"RSP_K22";81;"Segment Pattern Response";;;;"3.3.57";"ch03.html#Heading61";0
"RSP_K22";91;"Segment Pattern Response";;;;"3.3.57";"ch03.html#Heading61";0
"RSP_K22";92;"Segment Pattern Response";;;;"3.3.57";"ch03.html#Heading61";0
"RSP_K23";5;"Segment Pattern Response";;;;"3";;0
"RSP_K23";6;"Segment Pattern Response";;;;"3.3.58";"ch03.html#Heading64";0
"RSP_K23";7;"Segment Pattern Response";;;;"3.3.58";"ch03.html#Heading64";0
"RSP_K23";8;"Segment Pattern Response";;;;"3.3.58";"ch03.html#Heading62";0
"RSP_K23";9;"Segment Pattern Response";;;;"3.3.58";"ch03.html#Heading62";0
"RSP_K23";10;"Segment Pattern Response";;;;"3.3.58";"ch03.html#Heading998";0
"RSP_K23";61;"Segment Pattern Response";;;;"3.3.58";"ch03.html#Heading64";0
"RSP_K23";81;"Segment Pattern Response";;;;"3.3.58";"ch03.html#Heading62";0
"RSP_K23";91;"Segment Pattern Response";;;;"3.3.58";"ch03.html#Heading62";0
"RSP_K23";92;"Segment Pattern Response";;;;"3.3.58";"ch03.html#Heading62";0
"RSP_K24";5;;;;;"3";;0
"RSP_K25";5;"Personnel Information Response Message";;;;"15";;0
"RSP_K25";6;"Personnel Information Response Message";;;;"15.3.7";"ch15.html#Heading12";0
"RSP_K25";7;"Personnel Information Response Message";;;;"15.3.7";"ch15.html#Heading12";0
"RSP_K25";8;"Personnel Information Response Message";;;;"15.3.7";"ch15.html#Heading12";0
"RSP_K25";9;"Personnel Information Response Message";;;;"15.3.7";"ch15.html#Heading12";0
"RSP_K25";10;"Personnel Information Response Message";;;;"15.3.7";"ch15.html#Heading4609";0
"RSP_K25";61;"Personnel Information Response Message";;;;"15.3.7";"ch15.html#Heading12";0
"RSP_K25";81;"Personnel Information Response Message";;;;"15.3.7";"ch15.html#Heading12";0
"RSP_K25";91;"Personnel Information Response Message";;;;"15.3.7";"ch15.html#Heading12";0
"RSP_K25";92;"Personnel Information Response Message";;;;"15.3.7";"ch15.html#Heading12";0
"RSP_K31";6;"Response Grammar:  Pharmacy Dispense Message";;;;"4.13.20";"ch04.html#Heading237";0
"RSP_K31";7;"Response Grammar:  Pharmacy Dispense Message";;;;"4.13.20";"ch04.html#Heading240";0
"RSP_K31";8;"Response Grammar:  Pharmacy Dispense Message";;;;"4.A.3.19";"ch04a.html#Heading25";0
"RSP_K31";9;"Response Grammar:  Pharmacy Dispense Message";;;;"4.A.20";"ch04a.html#Heading25";0
"RSP_K31";10;"Response Grammar:  Pharmacy Dispense Message";;;;"4A.3.23";"ch04A.html#Heading1861";0
"RSP_K31";61;"Response Grammar:  Pharmacy Dispense Message";;;;"4.13.20";"ch04.html#Heading239";0
"RSP_K31";81;"Response Grammar:  Pharmacy Dispense Message";;;;"4.A.20";"ch04a.html#Heading24";0
"RSP_K31";91;"Response Grammar:  Pharmacy Dispense Message";;;;"4.A.20";"ch04a.html#Heading25";0
"RSP_K31";92;"Response Grammar:  Pharmacy Dispense Message";;;;"4.A.20";"ch04a.html#Heading25";0
"RSP_K32";8;"Segment Pattern Response";;;;"3.3.63";"ch03.html#Heading67";0
"RSP_K32";9;"Segment Pattern Response";;;;"3.3.63";"ch03.html#Heading67";0
"RSP_K32";10;"Segment Pattern Response";;;;"3.3.63";"ch03.html#Heading1003";0
"RSP_K32";81;"Segment Pattern Response";;;;"3.3.63";"ch03.html#Heading67";0
"RSP_K32";91;"Segment Pattern Response";;;;"3.3.63";"ch03.html#Heading67";0
"RSP_K32";92;"Segment Pattern Response";;;;"3.3.63";"ch03.html#Heading67";0
"RSP_O33";9;;;;;"4.16.7";"ch04.html#Heading316";0
"RSP_O33";10;;;;;"4.16.7";"ch04.html#Heading1769";0
"RSP_O33";91;;;;;"4.16.7";"ch04.html#Heading328";0
"RSP_O33";92;;;;;"4.16.7";"ch04.html#Heading328";0
"RSP_O34";9;;;;;"4.16.9";"ch04.html#Heading318";0
"RSP_O34";10;;;;;"4.16.9";"ch04.html#Heading1771";0
"RSP_O34";91;;;;;"4.16.9";"ch04.html#Heading330";0
"RSP_O34";92;;;;;"4.16.9";"ch04.html#Heading330";0
"RSP_Q11";6;;;;;"8.4.5.1";"ch08.html#Heading23";0
"RSP_Q11";7;;;;;"8.4.5.1";"ch08.html#Heading22";0
"RSP_Q11";61;;;;;"8.4.5.1";"ch08.html#Heading23";0
"RSP_Z82";5;"Response Grammar:  Pharmacy Dispense Message";;;;"5";;0
"RSP_Z82";6;"Response Grammar:  Pharmacy Dispense Message";;;;"5.9.1.1.1";"ch05.html#Heading128";0
"RSP_Z82";7;"Response Grammar:  Pharmacy Dispense Message";;;;"5.9.1.1.1";"ch05.html#Heading128";0
"RSP_Z82";8;"Response Grammar:  Pharmacy Dispense Message";;;;"5.9.1.0.1";"ch05.html#Heading111";0
"RSP_Z82";9;"Response Grammar:  Pharmacy Dispense Message";;;;"5.9.1.1.1";"ch05.html#Heading128";0
"RSP_Z82";10;"Response Grammar:  Pharmacy Dispense Message";;;;"5.9.1.1.1";"ch05.html#Heading2273";0
"RSP_Z82";61;"Response Grammar:  Pharmacy Dispense Message";;;;"5.9.1.1.1";"ch05.html#Heading128";0
"RSP_Z82";81;"Response Grammar:  Pharmacy Dispense Message";;;;"5.9.1.0.1";"ch05.html#Heading111";0
"RSP_Z82";91;"Response Grammar:  Pharmacy Dispense Message";;;;"5.9.1.1.1";"ch05.html#Heading128";0
"RSP_Z82";92;"Response Grammar:  Pharmacy Dispense Message";;;;"5.9.1.1.1";"ch05.html#Heading128";0
"RSP_Z84";9;;;;;"5.3.1.2";"ch05.html#Heading24";0
"RSP_Z84";10;;;;;"5.3.1.2";"ch05.html#Heading2169";0
"RSP_Z84";91;;;;;"5.3.1.2";"ch05.html#Heading24";0
"RSP_Z84";92;;;;;"5.3.1.2";"ch05.html#Heading24";0
"RSP_Z86";5;"Response Grammar:  Pharmacy Information Comprehens";;;;"5";;0
"RSP_Z86";6;"Response Grammar:  Pharmacy Information Comprehens";;;;"5.9.1.2.1";"ch05.html#Heading130";0
"RSP_Z86";7;"Response Grammar:  Pharmacy Information Comprehens";;;;"5.9.1.2.1";"ch05.html#Heading130";0
"RSP_Z86";8;"Response Grammar:  Pharmacy Information Comprehens";;;;"5.9.1.1.1";"ch05.html#Heading113";0
"RSP_Z86";9;"Response Grammar:  Pharmacy Information Comprehens";;;;"5.9.1.2.1";"ch05.html#Heading130";0
"RSP_Z86";10;"Response Grammar:  Pharmacy Information Comprehens";;;;"5.9.1.2.1";"ch05.html#Heading2275";0
"RSP_Z86";61;"Response Grammar:  Pharmacy Information Comprehens";;;;"5.9.1.2.1";"ch05.html#Heading130";0
"RSP_Z86";81;"Response Grammar:  Pharmacy Information Comprehens";;;;"5.9.1.1.1";"ch05.html#Heading113";0
"RSP_Z86";91;"Response Grammar:  Pharmacy Information Comprehens";;;;"5.9.1.2.1";"ch05.html#Heading130";0
"RSP_Z86";92;"Response Grammar:  Pharmacy Information Comprehens";;;;"5.9.1.2.1";"ch05.html#Heading130";0
"RSP_Z88";5;"Response Grammar:  Pharmacy Information Comprehens";;;;"5";;0
"RSP_Z88";6;"Response Grammar:  Pharmacy Information Comprehens";;;;"5.9.2.1.1";"ch05.html#Heading134";0
"RSP_Z88";7;"Response Grammar:  Pharmacy Information Comprehens";;;;"5.9.2.1.1";"ch05.html#Heading134";0
"RSP_Z88";8;"Response Grammar:  Pharmacy Information Comprehens";;;;"5.9.2.0.1";"ch05.html#Heading116";0
"RSP_Z88";9;"Response Grammar:  Pharmacy Information Comprehens";;;;"5.9.2.1.1";"ch05.html#Heading134";0
"RSP_Z88";10;"Response Grammar:  Pharmacy Information Comprehens";;;;"5.9.2.1.1";"ch05.html#Heading2279";0
"RSP_Z88";61;"Response Grammar:  Pharmacy Information Comprehens";;;;"5.9.2.1.1";"ch05.html#Heading134";0
"RSP_Z88";81;"Response Grammar:  Pharmacy Information Comprehens";;;;"5.9.2.0.1";"ch05.html#Heading116";0
"RSP_Z88";91;"Response Grammar:  Pharmacy Information Comprehens";;;;"5.9.2.1.1";"ch05.html#Heading134";0
"RSP_Z88";92;"Response Grammar:  Pharmacy Information Comprehens";;;;"5.9.2.1.1";"ch05.html#Heading134";0
"RSP_Z90";5;;;;;"5";;0
"RSP_Z90";6;;;;;"5.9.2.4";"ch05.html#Heading137";0
"RSP_Z90";7;;;;;"5.9.2.4";"ch05.html#Heading137";0
"RSP_Z90";8;"Response Grammar:  Pharmacy Information Comprehens";;;;"5.9.2.3";"ch05.html#Heading119";0
"RSP_Z90";9;"Response Grammar:  Pharmacy Information Comprehens";;;;"5.9.2.4";"ch05.html#Heading137";0
"RSP_Z90";10;"Response Grammar:  Pharmacy Information Comprehens";;;;"5.9.2.4";"ch05.html#Heading2282";0
"RSP_Z90";61;"Response Grammar:  Pharmacy Information Comprehens";;;;"5.9.2.4";"ch05.html#Heading137";0
"RSP_Z90";81;"Response Grammar:  Pharmacy Information Comprehens";;;;"5.9.2.3";"ch05.html#Heading119";0
"RSP_Z90";91;"Response Grammar:  Pharmacy Information Comprehens";;;;"5.9.2.4";"ch05.html#Heading137";0
"RSP_Z90";92;"Response Grammar:  Pharmacy Information Comprehens";;;;"5.9.2.4";"ch05.html#Heading137";0
"RSP_Znn";9;;;;;"5.3.3.2";"ch05.html#Heading43";0
"RSP_Znn";10;;;;;"5.3.3.2";"ch05.html#Heading2188";0
"RSP_Znn";91;;;;;"5.3.3.2";"ch05.html#Heading43";0
"RSP_Znn";92;;;;;"5.3.3.2";"ch05.html#Heading43";0
"RTB_K13";5;"Response Grammar: Who Am I";;;;"5";;0
"RTB_K13";6;"Response Grammar: Who Am I";;;;"5.3.3.1";"ch05.html#Heading42";0
"RTB_K13";7;"Response Grammar: Who Am I";;;;"5.3.3.1";"ch05.html#Heading42";0
"RTB_K13";8;"Response Grammar: Who Am I";;;;"5.3.3.0";"ch05.html#Heading37";0
"RTB_K13";9;"Response Grammar: Who Am I";;;;"5.3.3.1";"ch05.html#Heading42";0
"RTB_K13";10;"Response Grammar: Who Am I";;;;"5.3.3.1";"ch05.html#Heading2187";0
"RTB_K13";61;"Response Grammar: Who Am I";;;;"5.3.3.1";"ch05.html#Heading42";0
"RTB_K13";81;"Response Grammar: Who Am I";;;;"5.3.3.0";"ch05.html#Heading37";0
"RTB_K13";91;"Response Grammar: Who Am I";;;;"5.3.3.1";"ch05.html#Heading42";0
"RTB_K13";92;"Response Grammar: Who Am I";;;;"5.3.3.1";"ch05.html#Heading42";0
"RTB_Knn";5;"Response Grammar: Widget Dispense Message";;;;"5";;0
"RTB_Knn";6;"Response Grammar: Widget Dispense Message";;;;"5.3.2.4";"ch05.html#Heading30";0
"RTB_Knn";8;"Response Grammar: Widget Dispense Message";;;;"5.3.2.3";"ch05.html#Heading26";0
"RTB_Knn";9;"Response Grammar: Widget Dispense Message";;;;"5.3.2.4";"ch05.html#Heading30";0
"RTB_Knn";10;"Response Grammar: Widget Dispense Message";;;;"5.3.2.4";"ch05.html#Heading2175";0
"RTB_Knn";61;"Response Grammar: Widget Dispense Message";;;;"5.3.2.4";"ch05.html#Heading30";0
"RTB_Knn";81;"Response Grammar: Widget Dispense Message";;;;"5.3.2.3";"ch05.html#Heading26";0
"RTB_Knn";91;"Response Grammar: Widget Dispense Message";;;;"5.3.2.4";"ch05.html#Heading30";0
"RTB_Knn";92;"Response Grammar: Widget Dispense Message";;;;"5.3.2.4";"ch05.html#Heading30";0
"RTB_Q13";5;;;;;"5";;0
"RTB_Z74";5;"Personnel Information Message";;;;"4";;0
"RTB_Z74";6;"Personnel Information Message";;;;"4.6.2";"ch04.html#Heading164";0
"RTB_Z74";7;"Personnel Information Message";;;;"4.6.2";"ch04.html#Heading167";0
"RTB_Z74";8;"Personnel Information Message";;;;"4.6.2";"ch04.html#Heading165";0
"RTB_Z74";9;"Personnel Information Message";;;;"4.6.2";"ch04.html#Heading176";0
"RTB_Z74";10;"Personnel Information Message";;;;"4.6.2";"ch04.html#Heading1626";0
"RTB_Z74";61;"Personnel Information Message";;;;"4.6.2";"ch04.html#Heading166";0
"RTB_Z74";81;"Personnel Information Message";;;;"4.5.2";"ch04.html#Heading165";0
"RTB_Z74";91;"Personnel Information Message";;;;"4.6.2";"ch04.html#Heading188";0
"RTB_Z74";92;"Personnel Information Message";;;;"4.6.2";"ch04.html#Heading188";0
"SDR_S31";7;"Anti-Microbial Device Data Notification";;;;"17.5.4";"ch17.html#Heading154";0
"SDR_S31";8;"Anti-Microbial Device Data Notification";;;;"17.5.4";"ch17.html#Heading146";0
"SDR_S31";9;"Anti-Microbial Device Data Notification";;;;"17.5.4";"ch17.html#Heading159";0
"SDR_S31";10;"Anti-Microbial Device Data Notification";;;;"17.5.4";"ch17.html#Heading5096";0
"SDR_S31";81;"Anti-Microbial Device Data Notification";;;;"17.5.4";"ch17.html#Heading146";0
"SDR_S31";91;"Anti-Microbial Device Data Notification";;;;"17.5.4";"ch17.html#Heading159";0
"SDR_S31";92;"Anti-Microbial Device Data Notification";;;;"17.5.4";"ch17.html#Heading159";0
"SDR_S32";7;"Anti-Microbial Device Cycle Data Notification";;;;"17.5.5";"ch17.html#Heading155";0
"SDR_S32";8;"Anti-Microbial Device Cycle Data Notification";;;;"17.5.5";"ch17.html#Heading147";0
"SDR_S32";9;"Anti-Microbial Device Cycle Data Notification";;;;"17.5.5";"ch17.html#Heading160";0
"SDR_S32";10;"Anti-Microbial Device Cycle Data Notification";;;;"17.5.5";"ch17.html#Heading5097";0
"SDR_S32";81;"Anti-Microbial Device Cycle Data Notification";;;;"17.5.5";"ch17.html#Heading147";0
"SDR_S32";91;"Anti-Microbial Device Cycle Data Notification";;;;"17.5.5";"ch17.html#Heading160";0
"SDR_S32";92;"Anti-Microbial Device Cycle Data Notification";;;;"17.5.5";"ch17.html#Heading160";0
"SIU_S12";3;"Schedule Information Unsolicited";"S12";"SIU";;;;0
"SIU_S12";4;"Schedule Information Unsolicited";"S12";"SIU";;;;0
"SIU_S12";5;"Schedule Information Unsolicited";;;;"10";;0
"SIU_S12";6;"Schedule Information Unsolicited";;;;"10.4";"ch10.html#Heading54";0
"SIU_S12";7;"Schedule Information Unsolicited";;;;"10.4";"ch10.html#Heading54";0
"SIU_S12";8;"Schedule Information Unsolicited";;;;"10.4";"ch10.html#Heading49";0
"SIU_S12";9;"Schedule Information Unsolicited";;;;"10.4";"ch10.html#Heading54";0
"SIU_S12";10;"Schedule Information Unsolicited";;;;"10.4";"ch10.html#Heading3831";0
"SIU_S12";61;"Schedule Information Unsolicited";;;;"10.4";"ch10.html#Heading54";0
"SIU_S12";81;"Schedule Information Unsolicited";;;;"10.4";"ch10.html#Heading49";0
"SIU_S12";91;"Schedule Information Unsolicited";;;;"10.4";"ch10.html#Heading54";0
"SIU_S12";92;"Schedule Information Unsolicited";;;;"10.4";"ch10.html#Heading54";0
"SLR_S28";7;"Notification of Sterilization Lot Deletion";;;;"17.5.1";"ch17.html#Heading151";0
"SLR_S28";8;"Notification of Sterilization Lot Deletion";;;;"17.5.1";"ch17.html#Heading143";0
"SLR_S28";9;"Notification of Sterilization Lot Deletion";;;;"17.5.1";"ch17.html#Heading156";0
"SLR_S28";10;"Notification of Sterilization Lot Deletion";;;;"17.5.1";"ch17.html#Heading5093";0
"SLR_S28";81;"Notification of Sterilization Lot Deletion";;;;"17.5.1";"ch17.html#Heading143";0
"SLR_S28";91;"Notification of Sterilization Lot Deletion";;;;"17.5.1";"ch17.html#Heading156";0
"SLR_S28";92;"Notification of Sterilization Lot Deletion";;;;"17.5.1";"ch17.html#Heading156";0
"SPQ_Q01";3;;"Q01";"SPQ";;;;0
"SPQ_Q08";4;;"Q08";"SPQ";;;;0
"SPQ_Q08";5;;;;;"5";;0
"SQM_S25";3;;"S25";"SQM";;;;0
"SQM_S25";4;;"S25";"SQM";;;;0
"SQM_S25";5;;;;;"10";;0
"SQM_S25";6;;;;;"10.5.3";"ch10.html#Heading72";0
"SQM_S25";7;;;;;"10.5.3";"ch10.html#Heading72";0
"SQM_S25";61;;;;;"10.5.3";"ch10.html#Heading72";0
"SQR_S25";3;;"S25";"SQR";;;;0
"SQR_S25";4;;"S25";"SQR";;;;0
"SQR_S25";5;;;;;"10";;0
"SQR_S25";6;;;;;"10.5.3";"ch10.html#Heading72";0
"SQR_S25";7;;;;;"10.5.3";"ch10.html#Heading72";0
"SQR_S25";61;;;;;"10.5.3";"ch10.html#Heading72";0
"SRM_S01";3;"Schedule Request Message";"S01";"SRM";;;;0
"SRM_S01";4;"Schedule Request Message";"S01";"SRM";;;;0
"SRM_S01";5;"Schedule Request Message";;;;"10";;0
"SRM_S01";6;"Schedule Request Message";;;;"10.3";"ch10.html#Heading42";0
"SRM_S01";7;"Schedule Request Message";;;;"10.3";"ch10.html#Heading42";0
"SRM_S01";8;"Schedule Request Message";;;;"10.3";"ch10.html#Heading37";0
"SRM_S01";9;"Schedule Request Message";;;;"10.3";"ch10.html#Heading42";0
"SRM_S01";10;"Schedule Request Message";;;;"10.3";"ch10.html#Heading3819";0
"SRM_S01";61;"Schedule Request Message";;;;"10.3";"ch10.html#Heading42";0
"SRM_S01";81;"Schedule Request Message";;;;"10.3";"ch10.html#Heading37";0
"SRM_S01";91;"Schedule Request Message";;;;"10.3";"ch10.html#Heading42";0
"SRM_S01";92;"Schedule Request Message";;;;"10.3";"ch10.html#Heading42";0
"SRM_T12";3;;"T12";"SRM";;;;0
"SRM_T12";4;;"T12";"SRM";;;;0
"SRR_S01";3;"Scheduled Request Response";"S01";"SRR";;;;0
"SRR_S01";4;"Scheduled Request Response";"S01";"SRR";;;;0
"SRR_S01";5;"Scheduled Request Response";;;;"10";;0
"SRR_S01";6;"Scheduled Request Response";;;;"10.3";"ch10.html#Heading42";0
"SRR_S01";7;"Scheduled Request Response";;;;"10.3";"ch10.html#Heading42";0
"SRR_S01";8;"Scheduled Request Response";;;;"10.3";"ch10.html#Heading37";0
"SRR_S01";9;"Scheduled Request Response";;;;"10.3";"ch10.html#Heading42";0
"SRR_S01";10;"Scheduled Request Response";;;;"10.3";"ch10.html#Heading3819";0
"SRR_S01";61;"Scheduled Request Response";;;;"10.3";"ch10.html#Heading42";0
"SRR_S01";81;"Scheduled Request Response";;;;"10.3";"ch10.html#Heading37";0
"SRR_S01";91;"Scheduled Request Response";;;;"10.3";"ch10.html#Heading42";0
"SRR_S01";92;"Scheduled Request Response";;;;"10.3";"ch10.html#Heading42";0
"SRR_T12";3;;"T12";"SRR";;;;0
"SRR_T12";4;;"T12";"SRR";;;;0
"SSR_U04";5;"Specimen Status Message";;;;"13";;0
"SSR_U04";6;"Specimen Status Message";;;;"13.3.4";"ch13.html#Heading78";0
"SSR_U04";7;"Specimen Status Message";;;;"13.3.4";"ch13.html#Heading78";0
"SSR_U04";8;"Specimen Status Message";;;;"13.3.4";"ch13.html#Heading78";0
"SSR_U04";9;"Specimen Status Message";;;;"13.3.4";"ch13.html#Heading78";0
"SSR_U04";10;"Specimen Status Message";;;;"13.3.4";"ch13.html#Heading4361";0
"SSR_U04";61;"Specimen Status Message";;;;"13.3.4";"ch13.html#Heading78";0
"SSR_U04";81;"Specimen Status Message";;;;"13.3.4";"ch13.html#Heading78";0
"SSR_U04";91;"Specimen Status Message";;;;"13.3.4";"ch13.html#Heading78";0
"SSR_U04";92;"Specimen Status Message";;;;"13.3.4";"ch13.html#Heading78";0
"SSU_U03";5;"Specimen Status Message";;;;"13";;0
"SSU_U03";6;"Specimen Status Message";;;;"13.3.3";"ch13.html#Heading77";0
"SSU_U03";7;"Specimen Status Message";;;;"13.3.3";"ch13.html#Heading77";0
"SSU_U03";8;"Specimen Status Message";;;;"13.3.3";"ch13.html#Heading77";0
"SSU_U03";9;"Specimen Status Message";;;;"13.3.3";"ch13.html#Heading77";0
"SSU_U03";10;"Specimen Status Message";;;;"13.3.3";"ch13.html#Heading4360";0
"SSU_U03";61;"Specimen Status Message";;;;"13.3.3";"ch13.html#Heading77";0
"SSU_U03";81;"Specimen Status Message";;;;"13.3.3";"ch13.html#Heading77";0
"SSU_U03";91;"Specimen Status Message";;;;"13.3.3";"ch13.html#Heading77";0
"SSU_U03";92;"Specimen Status Message";;;;"13.3.3";"ch13.html#Heading77";0
"STC_S33";7;"Sterilization Configuration Notification";;;;"17.6.1";"ch17.html#Heading157";0
"STC_S33";8;"Sterilization Configuration Notification";;;;"17.6.1";"ch17.html#Heading149";0
"STC_S33";9;"Sterilization Configuration Notification";;;;"17.6.1";"ch17.html#Heading162";0
"STC_S33";10;"Sterilization Configuration Notification";;;;"17.6.1";"ch17.html#Heading5099";0
"STC_S33";81;"Sterilization Configuration Notification";;;;"17.6.1";"ch17.html#Heading149";0
"STC_S33";91;"Sterilization Configuration Notification";;;;"17.6.1";"ch17.html#Heading162";0
"STC_S33";92;"Sterilization Configuration Notification";;;;"17.6.1";"ch17.html#Heading162";0
"SUR_P09";3;;"P09";"SUR";;;;0
"SUR_P09";4;;"P09";"SUR";;;;0
"SUR_P09";5;;;;;"7";;0
"SUR_P09";6;;;;;"7.11.2";"ch07.html#Heading249";0
"SUR_P09";7;;;;;"7.11.2";"ch07.html#Heading257";0
"SUR_P09";61;;;;;"7.11.2";"ch07.html#Heading254";0
"TBR_Q01";3;;"Q01";"TBR";;;;0
"TBR_QQ0";4;;"Q01";"TBR";;;;0
"TBR_R08";4;;"R08";"TBR";;;;0
"TBR_R08";5;;;;;"5";;0
"TCU_U10";5;"Test Code Settings Request";;;;"13";;0
"TCU_U10";6;"Test Code Settings Request";;;;"13.3.10";"ch13.html#Heading84";0
"TCU_U10";7;"Test Code Settings Request";;;;"13.3.10";"ch13.html#Heading84";0
"TCU_U10";8;"Test Code Settings Request";;;;"13.3.10";"ch13.html#Heading84";0
"TCU_U10";9;"Test Code Settings Request";;;;"13.3.10";"ch13.html#Heading84";0
"TCU_U10";10;"Test Code Settings Request";;;;"13.3.10";"ch13.html#Heading4367";0
"TCU_U10";61;"Test Code Settings Request";;;;"13.3.10";"ch13.html#Heading84";0
"TCU_U10";81;"Test Code Settings Request";;;;"13.3.10";"ch13.html#Heading84";0
"TCU_U10";91;"Test Code Settings Request";;;;"13.3.10";"ch13.html#Heading84";0
"TCU_U10";92;"Test Code Settings Request";;;;"13.3.10";"ch13.html#Heading84";0
"UDM_Q05";3;"Unsolicited Display Message";"Q05";"UDM";;;;0
"UDM_Q05";4;"Unsolicited Display Message";"Q05";"UDM";;;;0
"UDM_Q05";5;"Unsolicited Display Message";;;;"5";;0
"UDM_Q05";8;"Unsolicited Display Message";;;;"5.10.1.1";"ch05.html#Heading139";0
"UDM_Q05";9;"Unsolicited Display Message";;;;"5.10.1.1";"ch05.html#Heading162";0
"UDM_Q05";10;"Unsolicited Display Message";;;;"5.10.1.2";"ch05.html#Heading2307";0
"UDM_Q05";81;"Unsolicited Display Message";;;;"5.10.1.1";"ch05.html#Heading139";0
"UDM_Q05";91;"Unsolicited Display Message";;;;"5.10.1.1";"ch05.html#Heading162";0
"UDM_Q05";92;"Unsolicited Display Message";;;;"5.10.1.1";"ch05.html#Heading162";0
"VQQ_Q01";3;;"Q01";"VQQ";;;;0
"VQQ_Q07";4;;"Q07";"VQQ";;;;0
"VQQ_Q07";5;;;;;"5";;0
"VXQ_V01";3;"Query Vaccine Record";"V01";"VXQ";;;;0
"VXQ_V01";4;"Query Vaccine Record";"V01";"VXQ";;;;0
"VXQ_V01";5;"Query Vaccine Record";;;;"4";;0
"VXQ_V01";6;"Query Vaccine Record";;;;"4.17.3";"ch04.html#Heading450";0
"VXQ_V01";7;"Query Vaccine Record";;;;"4.17.3";"ch04.html#Heading466";0
"VXQ_V01";61;"Query Vaccine Record";;;;"4.17.3";"ch04.html#Heading452";0
"VXR_V03";3;"Response Single";"V03";"VXR";;;;0
"VXR_V03";4;"Response Single";"V03";"VXR";;;;0
"VXR_V03";5;"Response Single";;;;"4";;0
"VXR_V03";6;"Response Single";;;;"4.17.5";"ch04.html#Heading452";0
"VXR_V03";7;"Response Single";;;;"4.17.5";"ch04.html#Heading468";0
"VXR_V03";61;"Response Single";;;;"4.17.5";"ch04.html#Heading454";0
"VXU_V04";3;"Unsolicited Vaccination Update";"V04";"VXU";;;;0
"VXU_V04";4;"Unsolicited Vaccination Update";"V04";"VXU";;;;0
"VXU_V04";5;"Unsolicited Vaccination Update";;;;"4";;0
"VXU_V04";6;"Unsolicited Vaccination Update";;;;"4.17.6";"ch04.html#Heading453";0
"VXU_V04";7;"Unsolicited Vaccination Update";;;;"4.17.6";"ch04.html#Heading469";0
"VXU_V04";8;"Unsolicited Vaccination Update";;;;"4.A.7.5";"ch04a.html#Heading247";0
"VXU_V04";9;"Unsolicited Vaccination Update";;;;"4.A.6";"ch04a.html#Heading294";0
"VXU_V04";10;"Unsolicited Vaccination Update";;;;"4A.7.6";"ch04A.html#Heading2132";0
"VXU_V04";61;"Unsolicited Vaccination Update";;;;"4.17.6";"ch04.html#Heading455";0
"VXU_V04";81;"Unsolicited Vaccination Update";;;;"4.A.6";"ch04a.html#Heading246";0
"VXU_V04";91;"Unsolicited Vaccination Update";;;;"4.A.6";"ch04a.html#Heading294";0
"VXU_V04";92;"Unsolicited Vaccination Update";;;;"4.A.6";"ch04a.html#Heading294";0
"VXX_V02";3;"Response Multiple";"V02";"VXX";;;;0
"VXX_V02";4;"Response Multiple";"V02";"VXX";;;;0
"VXX_V02";5;"Response Multiple";;;;"4";;0
"VXX_V02";6;"Response Multiple";;;;"4.17.4";"ch04.html#Heading451";0
"VXX_V02";7;"Response Multiple";;;;"4.17.4";"ch04.html#Heading467";0
"VXX_V02";61;"Response Multiple";;;;"4.17.4";"ch04.html#Heading453";0
