"seg_code";"version_id";"description";"interpretation";"function_area";"generate";"last_field_repeatable";"visible";"section";"anchor";"owl_gen";"steward";"segment_type"
"[";0;"begin optional";;;0;0;0;;;0;;2
"[";1;"begin optional";;;0;0;0;;;0;;2
"[";2;"begin optional";;;0;0;0;;;0;;2
"[";3;"begin optional";;;0;0;0;;;0;;2
"[";4;"begin optional";;;0;0;0;;;0;;2
"[";5;"begin optional";;;0;0;0;;;0;;2
"[";6;"begin optional";;;0;0;0;;;0;;2
"[";7;"begin optional";;;0;0;0;;;0;;2
"[";8;"begin optional";;;0;0;0;;;0;;2
"[";9;"begin optional";;;0;0;0;"";"";0;;2
"[";10;"begin optional";;;0;0;0;"";"";0;;2
"[";61;"begin optional";;;0;0;0;;;0;;2
"[";81;"begin optional";;;0;0;0;"";"";0;;2
"[";91;"begin optional";;;0;0;0;"";"";0;;2
"[";92;"begin optional";;;0;0;0;"";"";0;;2
"[{";3;"begin optional + repeating";;;0;0;0;;;0;;2
"[{";4;"begin optional + repeating";;;0;0;0;;;0;;2
"[{";5;"begin optional + repeating";;;0;0;0;;;0;;2
"[{";6;"begin optional + repeating";;;0;0;0;;;0;;2
"[{";7;"begin optional + repeating";;;0;0;0;;;0;;2
"[{";8;"begin optional + repeating";;;0;0;0;"";"";0;;2
"[{";9;"begin optional + repeating";;;0;0;0;"";"";0;;2
"[{";10;"begin optional + repeating";;;0;0;0;"";"";0;;2
"[{";32;"begin optional + repeating";;;0;0;0;;;0;;2
"[{";61;"begin optional + repeating";;;0;0;0;;;0;;2
"[{";81;"begin optional + repeating";;;0;0;0;"";"";0;;2
"[{";91;"begin optional + repeating";;;0;0;0;"";"";0;;2
"[{";92;"begin optional + repeating";;;0;0;0;"";"";0;;2
"]";1;"end optional";;;0;0;0;;;0;;2
"]";2;"end optional";;;0;0;0;;;0;;2
"]";3;"end optional";;;0;0;0;;;0;;2
"]";4;"end optional";;;0;0;0;;;0;;2
"]";5;"end optional";;;0;0;0;;;0;;2
"]";6;"end optional";;;0;0;0;;;0;;2
"]";7;"end optional";;;0;0;0;;;0;;2
"]";8;"end optional";;;0;0;0;"";"";0;;2
"]";9;"end optional";;;0;0;0;"";"";0;;2
"]";10;"end optional";;;0;0;0;"";"";0;;2
"]";32;"end optional";;;0;0;0;;;0;;2
"]";61;"end optional";;;0;0;0;;;0;;2
"]";81;"end optional";;;0;0;0;"";"";0;;2
"]";91;"end optional";;;0;0;0;"";"";0;;2
"]";92;"end optional";;;0;0;0;"";"";0;;2
"{";1;"begin repetition";;;0;0;0;;;0;;2
"{";2;"begin repetition";;;0;0;0;;;0;;2
"{";3;"begin repetition";;;0;0;0;;;0;;2
"{";4;"begin repetition";;;0;0;0;;;0;;2
"{";5;"begin repetition";;;0;0;0;;;0;;2
"{";6;"begin repetition";;;0;0;0;;;0;;2
"{";7;"begin repetition";;;0;0;0;;;0;;2
"{";8;"begin repetition";;;0;0;0;"";"";0;;2
"{";9;"begin repetition";;;0;0;0;"";"";0;;2
"{";10;"begin repetition";;;0;0;0;"";"";0;;2
"{";32;"begin repetition";;;0;0;0;;;0;;2
"{";61;"begin repetition";;;0;0;0;;;0;;2
"{";81;"begin repetition";;;0;0;0;"";"";0;;2
"{";91;"begin repetition";;;0;0;0;"";"";0;;2
"{";92;"begin repetition";;;0;0;0;"";"";0;;2
"|";1;"next choice";;;0;0;0;;;0;;2
"|";2;"next choice";;;0;0;0;;;0;;2
"|";3;"next choice";;;0;0;0;;;0;;2
"|";4;"next choice";;;0;0;0;;;0;;2
"|";5;"next choice";;;0;0;0;;;0;;2
"|";6;"next choice";;;0;0;0;;;0;;2
"|";7;"next choice";;;0;0;0;;;0;;2
"|";8;"next choice";;;0;0;0;"";"";0;;2
"|";9;"next choice";;;0;0;0;"";"";0;;2
"|";10;"next choice";;;0;0;0;"";"";0;;2
"|";61;"next choice";;;0;0;0;;;0;;2
"|";81;"next choice";;;0;0;0;"";"";0;;2
"|";91;"next choice";;;0;0;0;"";"";0;;2
"|";92;"next choice";;;0;0;0;"";"";0;;2
"}";1;"end repetition";;;0;0;0;;;0;;2
"}";2;"end repetition";;;0;0;0;;;0;;2
"}";3;"end repetition";;;0;0;0;;;0;;2
"}";4;"end repetition";;;0;0;0;;;0;;2
"}";5;"end repetition";;;0;0;0;;;0;;2
"}";6;"end repetition";;;0;0;0;;;0;;2
"}";7;"end repetition";;;0;0;0;;;0;;2
"}";8;"end repetition";;;0;0;0;"";"";0;;2
"}";9;"end repetition";;;0;0;0;"";"";0;;2
"}";10;"end repetition";;;0;0;0;"";"";0;;2
"}";32;"end repetition";;;0;0;0;;;0;;2
"}";61;"end repetition";;;0;0;0;;;0;;2
"}";81;"end repetition";;;0;0;0;"";"";0;;2
"}";91;"end repetition";;;0;0;0;"";"";0;;2
"}";92;"end repetition";;;0;0;0;"";"";0;;2
"}]";3;"end optional + repeating";;;0;0;0;;;0;;2
"}]";4;"end optional + repeating";;;0;0;0;;;0;;2
"}]";5;"end optional + repeating";;;0;0;0;;;0;;2
"}]";6;"end optional + repeating";;;0;0;0;;;0;;2
"}]";7;"end optional + repeating";;;0;0;0;;;0;;2
"}]";8;"end optional + repeating";;;0;0;0;"";"";0;;2
"}]";9;"end optional + repeating";;;0;0;0;"";"";0;;2
"}]";10;"end optional + repeating";;;0;0;0;"";"";0;;2
"}]";32;"end optional + repeating";;;0;0;0;;;0;;2
"}]";61;"end optional + repeating";;;0;0;0;;;0;;2
"}]";81;"end optional + repeating";;;0;0;0;"";"";0;;2
"}]";91;"end optional + repeating";;;0;0;0;"";"";0;;2
"}]";92;"end optional + repeating";;;0;0;0;"";"";0;;2
"<";1;"begin choice";;;0;0;0;;;0;;2
"<";2;"begin choice";;;0;0;0;;;0;;2
"<";3;"begin choice";;;0;0;0;;;0;;2
"<";4;"begin choice";;;0;0;0;;;0;;2
"<";5;"begin choice";;;0;0;0;;;0;;2
"<";6;"begin choice";;;0;0;0;;;0;;2
"<";7;"begin choice";;;0;0;0;;;0;;2
"<";8;"begin choice";;;0;0;0;"";"";0;;2
"<";9;"begin choice";;;0;0;0;"";"";0;;2
"<";10;"begin choice";;;0;0;0;"";"";0;;2
"<";61;"begin choice";;;0;0;0;;;0;;2
"<";81;"begin choice";;;0;0;0;"";"";0;;2
"<";91;"begin choice";;;0;0;0;"";"";0;;2
"<";92;"begin choice";;;0;0;0;"";"";0;;2
">";1;"end choice";;;0;0;0;;;0;;2
">";2;"end choice";;;0;0;0;;;0;;2
">";3;"end choice";;;0;0;0;;;0;;2
">";4;"end choice";;;0;0;0;;;0;;2
">";5;"end choice";;;0;0;0;;;0;;2
">";6;"end choice";;;0;0;0;;;0;;2
">";7;"end choice";;;0;0;0;;;0;;2
">";8;"end choice";;;0;0;0;"";"";0;;2
">";9;"end choice";;;0;0;0;"";"";0;;2
">";10;"end choice";;;0;0;0;"";"";0;;2
">";61;"end choice";;;0;0;0;;;0;;2
">";81;"end choice";;;0;0;0;"";"";0;;2
">";91;"end choice";;;0;0;0;"";"";0;;2
">";92;"end choice";;;0;0;0;"";"";0;;2
"ABS";5;"Abstract";"Abstraktes Segment";;0;0;1;"6.5.12";"ch06.htm#Heading361";0;;2
"ABS";6;"Abstract";"Abstraktes Segment";;0;0;1;"6.5.12";"ch06.html#Heading378";0;;2
"ABS";7;"Abstract";"Abstraktes Segment";;0;0;1;"6.5.12";"ch06.html#Heading408";0;;2
"ABS";8;"Abstract";"Abstraktes Segment";;0;0;1;"6.5.12";"ch06.html#Heading414";0;;2
"ABS";9;"Abstract";"Abstraktes Segment";;0;0;1;"6.5.12";"ch06.html#Heading429";0;;2
"ABS";10;"Abstract";"Abstraktes Segment";;0;0;1;"6.5.12";"ch06.html#Heading2758";0;;2
"ABS";61;"Abstract";"Abstraktes Segment";;0;0;1;"6.5.12";"ch06.html#Heading378";0;;2
"ABS";81;"Abstract";"Abstraktes Segment";;0;0;1;"6.5.12";"ch06.html#Heading414";0;;2
"ABS";91;"Abstract";"Abstraktes Segment";;0;0;1;"6.5.12";"ch06.html#Heading429";0;;2
"ABS";92;"Abstract";"Abstraktes Segment";;0;0;1;"6.5.12";"ch06.html#Heading429";0;;2
"ACC";1;"ACCIDENT";"Unfallinformationen";"BLN";0;0;1;;;0;;2
"ACC";2;"ACCIDENT";"Unfallinformationen";"BLN";0;0;1;"6.4.8";"hl7chp6.html#Heading192";0;;2
"ACC";3;"Accident";"Unfallinformationen";;0;0;1;"6.4.9";"ch6.htm#Heading290";0;;2
"ACC";4;"Accident";"Unfallinformationen";;0;0;1;"6.4.9";"ch6.html#Heading301";0;;2
"ACC";5;"Accident";"Unfallinformationen";;0;0;1;"6.5.9";"ch06.htm#Heading305";0;;2
"ACC";6;"Accident";"Unfallinformationen";;0;0;1;"6.5.9";"ch06.html#Heading322";0;;2
"ACC";7;"Accident";"Unfallinformationen";;0;0;1;"6.5.9";"ch06.html#Heading351";0;;2
"ACC";8;"Accident";"Unfallinformationen";;0;0;1;"6.5.9";"ch06.html#Heading359";0;;2
"ACC";9;"Accident";"Unfallinformationen";;0;0;1;"6.5.9";"ch06.html#Heading370";0;;2
"ACC";10;"Accident";"Unfallinformationen";;0;0;1;"6.5.9";"ch06.html#Heading2699";0;;2
"ACC";32;"Accident";"Unfallinformationen";;0;0;1;;;0;;2
"ACC";61;"Accident";"Unfallinformationen";;0;0;1;"6.5.9";"ch06.html#Heading322";0;;2
"ACC";81;"Accident";"Unfallinformationen";;0;0;1;"6.5.9";"ch06.html#Heading359";0;;2
"ACC";91;"Accident";"Unfallinformationen";;0;0;1;"6.5.9";"ch06.html#Heading370";0;;2
"ACC";92;"Accident";"Unfallinformationen";;0;0;1;"6.5.9";"ch06.html#Heading370";0;;2
"ADD";1;"ADDENDUM";"Informationen über zugehörige Fortsetzungsnachrich";"CNT";0;1;1;"2.5.1";"kap2.html#Heading53";0;"InM";2
"ADD";2;"ADDENDUM";"Informationen über zugehörige Fortsetzungsnachrich";"CNT";0;1;1;"2.10.10";"hl7chp2.html#Heading158";0;"InM";2
"ADD";3;"Addendum";"Informationen über zugehörige Fortsetzungsnachrich";;0;1;1;"2.24.10";"ch2.htm#Heading389";0;"InM";2
"ADD";4;"Addendum";"Informationen über zugehörige Fortsetzungsnachrich";;0;1;1;"2.24.10";"ch2.html#Heading478";0;"InM";2
"ADD";5;"Addendum";"Informationen über zugehörige Fortsetzungsnachrich";;0;1;1;"2.16.1";"ch02.htm#Heading388";0;"InM";2
"ADD";6;"Addendum";"Informationen über zugehörige Fortsetzungsnachrich";;0;1;1;"2.15.1";"ch02.html#Heading145";0;"InM";2
"ADD";7;"Addendum";"Informationen über zugehörige Fortsetzungsnachrich";;0;1;1;"2.14.1";"ch02.html#Heading94";0;"InM";2
"ADD";8;"Addendum";"Informationen über zugehörige Fortsetzungsnachrich";;0;1;1;"2.14.1";"ch02.html#Heading95";0;"InM";2
"ADD";9;"Addendum";"Informationen über zugehörige Fortsetzungsnachrich";;0;1;1;"2.14.1";"ch02.html#Heading103";0;"InM";2
"ADD";10;"Addendum";"Informationen über zugehörige Fortsetzungsnachrich";;0;0;1;"2.14.1";"ch02.html#Heading153";0;"InM";2
"ADD";61;"Addendum";"Informationen über zugehörige Fortsetzungsnachrich";;0;1;1;"2.15.1";"ch02.html#Heading145";0;"InM";2
"ADD";81;"Addendum";"Informationen über zugehörige Fortsetzungsnachrich";;0;1;1;"2.14.1";"ch02.html#Heading95";0;"InM";2
"ADD";91;"Addendum";"Informationen über zugehörige Fortsetzungsnachrich";;0;1;1;"2.14.1";"ch02.html#Heading103";0;"InM";2
"ADD";92;"Addendum";"Informationen über zugehörige Fortsetzungsnachrich";;0;1;1;"2.14.1";"ch02.html#Heading103";0;"InM";2
"ADJ";7;"Adjustment";"Korrektur";;0;0;1;"16.4.7";"ch16.html#Heading135";0;;2
"ADJ";8;"Adjustment";"Korrektur";;0;0;1;"16.4.7";"ch16.html#Heading129";0;;2
"ADJ";9;"Adjustment";"Korrektur";;0;0;1;"16.4.7";"ch16.html#Heading135";0;;2
"ADJ";10;"Adjustment";"Korrektur";;0;0;1;"16.4.7";"ch16.html#Heading4881";0;;2
"ADJ";81;"Adjustment";"Korrektur";;0;0;1;"16.4.7";"ch16.html#Heading129";0;;2
"ADJ";91;"Adjustment";"Korrektur";;0;0;1;"16.4.7";"ch16.html#Heading135";0;;2
"ADJ";92;"Adjustment";"Korrektur";;0;0;1;"16.4.7";"ch16.html#Heading135";0;;2
"AFF";5;"Professional Affiliation";"Zugehörigkeit zu Berufsverbänden";;0;0;1;"15.4.1";"ch15.htm#Heading14";0;"PA";2
"AFF";6;"Professional Affiliation";"Zugehörigkeit zu Berufsverbänden";;0;0;1;"15.4.1";"ch15.html#Heading16";0;"PA";2
"AFF";7;"Professional Affiliation";"Zugehörigkeit zu Berufsverbänden";;0;0;1;"15.4.1";"ch15.html#Heading16";0;"PA";2
"AFF";8;"Professional Affiliation";"Zugehörigkeit zu Berufsverbänden";;0;0;1;"15.4.1";"ch15.html#Heading16";0;"PA";2
"AFF";9;"Professional Affiliation";"Zugehörigkeit zu Berufsverbänden";;0;0;1;"15.4.1";"ch15.html#Heading16";0;"PA";2
"AFF";10;"Professional Affiliation";"Zugehörigkeit zu Berufsverbänden";;0;0;1;"15.4.1";"ch15.html#Heading4613";0;"PA";2
"AFF";61;"Professional Affiliation";"Zugehörigkeit zu Berufsverbänden";;0;0;1;"15.4.1";"ch15.html#Heading16";0;"PA";2
"AFF";81;"Professional Affiliation";"Zugehörigkeit zu Berufsverbänden";;0;0;1;"15.4.1";"ch15.html#Heading16";0;"PA";2
"AFF";91;"Professional Affiliation";"Zugehörigkeit zu Berufsverbänden";;0;0;1;"15.4.1";"ch15.html#Heading16";0;"PA";2
"AFF";92;"Professional Affiliation";"Zugehörigkeit zu Berufsverbänden";;0;0;1;"15.4.1";"ch15.html#Heading16";0;"PA";2
"AIG";3;"Appointment Information - General Resource";"Terminvereinbarungen - allgemeine Ressourcen";;0;0;1;"10.5.5";"ch10.htm#Heading134";0;;2
"AIG";4;"Appointment Information - General Resource";"Terminvereinbarungen - allgemeine Ressourcen";;0;0;1;"10.5.5";"ch10.html#Heading143";0;;2
"AIG";5;"Appointment Information - General Resource";"Terminvereinbarungen - allgemeine Ressourcen";;0;0;1;"10.6.5";"ch10.htm#Heading150";0;;2
"AIG";6;"Appointment Information - General Resource";"Terminvereinbarungen - allgemeine Ressourcen";;0;0;1;"10.6.5";"ch10.html#Heading150";0;;2
"AIG";7;"Appointment Information - General Resource";"Terminvereinbarungen - allgemeine Ressourcen";;0;0;1;"10.6.5";"ch10.html#Heading150";0;;2
"AIG";8;"Appointment Information - General Resource";"Terminvereinbarungen - allgemeine Ressourcen";;0;0;1;"10.6.5";"ch10.html#Heading142";0;;2
"AIG";9;"Appointment Information - General Resource";"Terminvereinbarungen - allgemeine Ressourcen";;0;0;1;"10.6.5";"ch10.html#Heading151";0;;2
"AIG";10;"Appointment Information - General Resource";"Terminvereinbarungen - allgemeine Ressourcen";;0;0;1;"10.6.5";"ch10.html#Heading3930";0;;2
"AIG";61;"Appointment Information - General Resource";"Terminvereinbarungen - allgemeine Ressourcen";;0;0;1;"10.6.5";"ch10.html#Heading150";0;;2
"AIG";81;"Appointment Information - General Resource";"Terminvereinbarungen - allgemeine Ressourcen";;0;0;1;"10.6.5";"ch10.html#Heading142";0;;2
"AIG";91;"Appointment Information - General Resource";"Terminvereinbarungen - allgemeine Ressourcen";;0;0;1;"10.6.5";"ch10.html#Heading151";0;;2
"AIG";92;"Appointment Information - General Resource";"Terminvereinbarungen - allgemeine Ressourcen";;0;0;1;"10.6.5";"ch10.html#Heading151";0;;2
"AIL";3;"Appointment Information - Location Resource";"Terminvereinbarungen - räumliche Ressourcen";;0;0;1;"10.5.6";"ch10.htm#Heading149";0;;2
"AIL";4;"Appointment Information - Location Resource";"Terminvereinbarungen - räumliche Ressourcen";;0;0;1;"10.5.6";"ch10.html#Heading159";0;;2
"AIL";5;"Appointment Information - Location Resource";"Terminvereinbarungen - räumliche Ressourcen";;0;0;1;"10.6.6";"ch10.htm#Heading166";0;;2
"AIL";6;"Appointment Information - Location Resource";"Terminvereinbarungen - räumliche Ressourcen";;0;0;1;"10.6.6";"ch10.html#Heading166";0;;2
"AIL";7;"Appointment Information - Location Resource";"Terminvereinbarungen - räumliche Ressourcen";;0;0;1;"10.6.6";"ch10.html#Heading166";0;;2
"AIL";8;"Appointment Information - Location Resource";"Terminvereinbarungen - räumliche Ressourcen";;0;0;1;"10.6.6";"ch10.html#Heading157";0;;2
"AIL";9;"Appointment Information - Location Resource";"Terminvereinbarungen - räumliche Ressourcen";;0;0;1;"10.6.6";"ch10.html#Heading167";0;;2
"AIL";10;"Appointment Information - Location Resource";"Terminvereinbarungen - räumliche Ressourcen";;0;0;1;"10.6.6";"ch10.html#Heading3946";0;;2
"AIL";61;"Appointment Information - Location Resource";"Terminvereinbarungen - räumliche Ressourcen";;0;0;1;"10.6.6";"ch10.html#Heading166";0;;2
"AIL";81;"Appointment Information - Location Resource";"Terminvereinbarungen - räumliche Ressourcen";;0;0;1;"10.6.6";"ch10.html#Heading157";0;;2
"AIL";91;"Appointment Information - Location Resource";"Terminvereinbarungen - räumliche Ressourcen";;0;0;1;"10.6.6";"ch10.html#Heading167";0;;2
"AIL";92;"Appointment Information - Location Resource";"Terminvereinbarungen - räumliche Ressourcen";;0;0;1;"10.6.6";"ch10.html#Heading167";0;;2
"AIP";3;"Appointment Information - Personnel Resource";"Terminbereinbarungen - Personalressourcen";;0;0;1;"10.5.7";"ch10.htm#Heading162";0;;2
"AIP";4;"Appointment Information - Personnel Resource";"Terminbereinbarungen - Personalressourcen";;0;0;1;"10.5.7";"ch10.html#Heading173";0;;2
"AIP";5;"Appointment Information - Personnel Resource";"Terminbereinbarungen - Personalressourcen";;0;0;1;"10.6.7";"ch10.htm#Heading180";0;;2
"AIP";6;"Appointment Information - Personnel Resource";"Terminbereinbarungen - Personalressourcen";;0;0;1;"10.6.7";"ch10.html#Heading180";0;;2
"AIP";7;"Appointment Information - Personnel Resource";"Terminbereinbarungen - Personalressourcen";;0;0;1;"10.6.7";"ch10.html#Heading180";0;;2
"AIP";8;"Appointment Information - Personnel Resource";"Terminbereinbarungen - Personalressourcen";;0;0;1;"10.6.7";"ch10.html#Heading170";0;;2
"AIP";9;"Appointment Information - Personnel Resource";"Terminbereinbarungen - Personalressourcen";;0;0;1;"10.6.7";"ch10.html#Heading181";0;;2
"AIP";10;"Appointment Information - Personnel Resource";"Terminbereinbarungen - Personalressourcen";;0;0;1;"10.6.7";"ch10.html#Heading3960";0;;2
"AIP";61;"Appointment Information - Personnel Resource";"Terminbereinbarungen - Personalressourcen";;0;0;1;"10.6.7";"ch10.html#Heading180";0;;2
"AIP";81;"Appointment Information - Personnel Resource";"Terminbereinbarungen - Personalressourcen";;0;0;1;"10.6.7";"ch10.html#Heading170";0;;2
"AIP";91;"Appointment Information - Personnel Resource";"Terminbereinbarungen - Personalressourcen";;0;0;1;"10.6.7";"ch10.html#Heading181";0;;2
"AIP";92;"Appointment Information - Personnel Resource";"Terminbereinbarungen - Personalressourcen";;0;0;1;"10.6.7";"ch10.html#Heading181";0;;2
"AIS";3;"Appointment Information - Service";"Terminvereinbarungen - Service Informationen";;0;0;1;"10.5.4";"ch10.htm#Heading123";0;;2
"AIS";4;"Appointment Information - Service";"Terminvereinbarungen - Service Informationen";;0;0;1;"10.5.4";"ch10.html#Heading131";0;;2
"AIS";5;"Appointment Information - Service";"Terminvereinbarungen - Service Informationen";;0;0;1;"10.6.4";"ch10.htm#Heading136";0;;2
"AIS";6;"Appointment Information";"Terminvereinbarungen - Service Informationen";;0;0;1;"10.6.4";"ch10.html#Heading136";0;;2
"AIS";7;"Appointment Information";"Terminvereinbarungen - Service Informationen";;0;0;1;"10.6.4";"ch10.html#Heading136";0;;2
"AIS";8;"Appointment Information";"Terminvereinbarungen - Service Informationen";;0;0;1;"10.6.4";"ch10.html#Heading129";0;;2
"AIS";9;"Appointment Information";"Terminvereinbarungen - Service Informationen";;0;0;1;"10.6.4";"ch10.html#Heading137";0;;2
"AIS";10;"Appointment Information";"Terminvereinbarungen - Service Informationen";;0;0;1;"10.6.4";"ch10.html#Heading3916";0;;2
"AIS";61;"Appointment Information";"Terminvereinbarungen - Service Informationen";;0;0;1;"10.6.4";"ch10.html#Heading136";0;;2
"AIS";81;"Appointment Information";"Terminvereinbarungen - Service Informationen";;0;0;1;"10.6.4";"ch10.html#Heading129";0;;2
"AIS";91;"Appointment Information";"Terminvereinbarungen - Service Informationen";;0;0;1;"10.6.4";"ch10.html#Heading137";0;;2
"AIS";92;"Appointment Information";"Terminvereinbarungen - Service Informationen";;0;0;1;"10.6.4";"ch10.html#Heading137";0;;2
"AL1";2;"PATIENT ALLERGY INFORMATION";"Allergieinformationen zum Patienten";;0;0;1;"3.3.6";"hl7chp3.html#Heading154";0;"PA";2
"AL1";3;"Patient allergy information";"Allergieinformationen zum Patienten";;0;0;1;"3.3.6";"ch3.htm#Heading226";0;"PA";2
"AL1";4;"Patient allergy information";"Allergieinformationen zum Patienten";;0;0;1;"3.3.6";"ch3.html#Heading232";0;"PA";2
"AL1";5;"Patient allergy information";"Allergieinformationen zum Patienten";;0;0;1;"3.4.6";"ch03.htm#Heading261";0;"PA";2
"AL1";6;"Patient Allergy Information";"Allergieinformationen zum Patienten";;0;0;1;"3.4.6";"ch03.html#Heading266";0;"PA";2
"AL1";7;"Patient Allergy Information";"Allergieinformationen zum Patienten";;0;0;1;"3.4.6";"ch03.html#Heading267";0;"PA";2
"AL1";8;"Patient Allergy Information";"Allergieinformationen zum Patienten";;0;0;1;"3.4.6";"ch03.html#Heading266";0;"PA";2
"AL1";9;"Patient Allergy Information";"Allergieinformationen zum Patienten";;0;0;1;"3.4.6";"ch03.html#Heading271";0;"PA";2
"AL1";10;"Patient Allergy Information";"Allergieinformationen zum Patienten";;0;0;1;"3.4.6";"ch03.html#Heading1207";0;"PA";2
"AL1";32;"Patient Allergy Information";"Allergieinformationen zum Patienten";;0;0;1;;;0;;2
"AL1";61;"Patient Allergy Information";"Allergieinformationen zum Patienten";;0;0;1;"3.4.6";"ch03.html#Heading266";0;"PA";2
"AL1";81;"Patient Allergy Information";"Allergieinformationen zum Patienten";;0;0;1;"3.4.6";"ch03.html#Heading266";0;"PA";2
"AL1";91;"Patient Allergy Information";"Allergieinformationen zum Patienten";;0;0;1;"3.4.6";"ch03.html#Heading271";0;"PA";2
"AL1";92;"Patient Allergy Information";"Allergieinformationen zum Patienten";;0;0;1;"3.4.6";"ch03.html#Heading271";0;"PA";2
"AL1";540;"Patient Allergy";"Allergie des Patienten";;0;0;1;;;0;;2
"APR";3;"Appointment Preferences";"Terminvorschlag - bervorzugte Auswahlkriteriien";;0;0;1;"10.5.8";"ch10.htm#Heading175";0;;2
"APR";4;"Appointment Preferences";"Terminvorschlag - bervorzugte Auswahlkriteriien";;0;0;1;"10.5.8";"ch10.html#Heading187";0;;2
"APR";5;"Appointment Preferences";"Terminvorschlag - bervorzugte Auswahlkriteriien";;0;0;1;"10.6.8";"ch10.htm#Heading194";0;;2
"APR";6;"Appointment Preferences";"Terminvorschlag - bervorzugte Auswahlkriteriien";;0;0;1;"10.6.8";"ch10.html#Heading194";0;;2
"APR";7;"Appointment Preferences";"Terminvorschlag - bervorzugte Auswahlkriteriien";;0;0;1;"10.6.8";"ch10.html#Heading194";0;;2
"APR";8;"Appointment Preferences";"Terminvorschlag - bervorzugte Auswahlkriteriien";;0;0;1;"10.6.8";"ch10.html#Heading183";0;;2
"APR";9;"Appointment Preferences";"Terminvorschlag - bervorzugte Auswahlkriteriien";;0;0;1;"10.6.8";"ch10.html#Heading195";0;;2
"APR";10;"Appointment Preferences";"Terminvorschlag - bervorzugte Auswahlkriteriien";;0;0;1;"10.6.8";"ch10.html#Heading3974";0;;2
"APR";61;"Appointment Preferences";"Terminvorschlag - bervorzugte Auswahlkriteriien";;0;0;1;"10.6.8";"ch10.html#Heading194";0;;2
"APR";81;"Appointment Preferences";"Terminvorschlag - bervorzugte Auswahlkriteriien";;0;0;1;"10.6.8";"ch10.html#Heading183";0;;2
"APR";91;"Appointment Preferences";"Terminvorschlag - bervorzugte Auswahlkriteriien";;0;0;1;"10.6.8";"ch10.html#Heading195";0;;2
"APR";92;"Appointment Preferences";"Terminvorschlag - bervorzugte Auswahlkriteriien";;0;0;1;"10.6.8";"ch10.html#Heading195";0;;2
"ARQ";3;"Appointment Request";"Terminanforderung";;0;0;1;"10.5.1";"ch10.htm#Heading69";0;;2
"ARQ";4;"Appointment Request";"Terminanforderung";;0;0;1;"10.5.1";"ch10.html#Heading74";0;;2
"ARQ";5;"Appointment Request";"Terminanforderung";;0;0;1;"10.6.1";"ch10.htm#Heading75";0;;2
"ARQ";6;"Appointment Request";"Terminanforderung";;0;0;1;"10.6.1";"ch10.html#Heading75";0;;2
"ARQ";7;"Appointment Request";"Terminanforderung";;0;0;1;"10.6.1";"ch10.html#Heading75";0;;2
"ARQ";8;"Appointment Request";"Terminanforderung";;0;0;1;"10.6.1";"ch10.html#Heading71";0;;2
"ARQ";9;"Appointment Request";"Terminanforderung";;0;0;1;"10.6.1";"ch10.html#Heading76";0;;2
"ARQ";10;"Appointment Request";"Terminanforderung";;0;0;1;"10.6.1";"ch10.html#Heading3853";0;;2
"ARQ";61;"Appointment Request";"Terminanforderung";;0;0;1;"10.6.1";"ch10.html#Heading75";0;;2
"ARQ";81;"Appointment Request";"Terminanforderung";;0;0;1;"10.6.1";"ch10.html#Heading71";0;;2
"ARQ";91;"Appointment Request";"Terminanforderung";;0;0;1;"10.6.1";"ch10.html#Heading76";0;;2
"ARQ";92;"Appointment Request";"Terminanforderung";;0;0;1;"10.6.1";"ch10.html#Heading76";0;;2
"ARV";7;"Access Restriction";"Zugriffsbeschränkung";;0;0;1;"3.4.13";"ch03.html#Heading355";0;"PA";2
"ARV";8;"Access Restriction";"Zugriffsbeschränkung";;0;0;1;"3.4.14";"ch03.html#Heading362";0;"PA";2
"ARV";9;"Access Restriction";"Zugriffsbeschränkung";;0;0;1;"3.4.14";"ch03.html#Heading375";0;"PA";2
"ARV";10;"Access Restriction";"Zugriffsbeschränkung";;0;0;1;"3.4.14";"ch03.html#Heading1312";0;"PA";2
"ARV";81;"Access Restriction";"Zugriffsbeschränkung";;0;0;1;"3.4.14";"ch03.html#Heading362";0;"PA";2
"ARV";91;"Access Restriction";"Zugriffsbeschränkung";;0;0;1;"3.4.14";"ch03.html#Heading375";0;"PA";2
"ARV";92;"Access Restriction";"Zugriffsbeschränkung";;0;0;1;"3.4.14";"ch03.html#Heading375";0;"PA";2
"AUT";3;"Authorization Information";"Authorisierungsinformationen";;0;0;1;"11.5.2";"ch11.htm#Heading58";0;;2
"AUT";4;"Authorization Information";"Authorisierungsinformationen";;0;0;1;"11.5.2";"ch11.html#Heading66";0;;2
"AUT";5;"Authorization Information";"Authorisierungsinformationen";;0;0;1;"11.6.2";"ch11.htm#Heading67";0;;2
"AUT";6;"Authorization Information";"Authorisierungsinformationen";;0;0;1;"11.6.2";"ch11.html#Heading67";0;;2
"AUT";7;"Authorization Information";"Authorisierungsinformationen";;0;0;1;"11.6.2";"ch11.html#Heading68";0;;2
"AUT";8;"Authorization Information";"Authorisierungsinformationen";;0;0;1;"11.8.2";"ch11.html#Heading75";0;;2
"AUT";9;"Authorization Information";"Authorisierungsinformationen";;0;0;1;"11.8.2";"ch11.html#Heading92";0;;2
"AUT";10;"Authorization Information";"Authorisierungsinformationen";;0;0;1;"11.8.2";"ch11.html#Heading4080";0;;2
"AUT";61;"Authorization Information";"Authorisierungsinformationen";;0;0;1;"11.6.2";"ch11.html#Heading67";0;;2
"AUT";81;"Authorization Information";"Authorisierungsinformationen";;0;0;1;"11.7.2";"ch11.html#Heading74";0;;2
"AUT";91;"Authorization Information";"Authorisierungsinformationen";;0;0;1;"11.8.2";"ch11.html#Heading92";0;;2
"AUT";92;"Authorization Information";"Authorisierungsinformationen";;0;0;1;"11.8.2";"ch11.html#Heading92";0;;2
"BHS";1;"BATCH HEADER";"Stapelverarbeitung - Startinformationen";"CNT";0;0;1;"2.5.2";"kap2.html#Heading54";0;"InM";2
"BHS";2;"BATCH HEADER";"Stapelverarbeitung - Startinformationen";"CNT";0;0;1;"2.10.13";"hl7chp2.html#Heading176";0;"InM";2
"BHS";3;"Batch header";"Stapelverarbeitung - Startinformationen";;0;0;1;"2.24.13";"ch2.htm#Heading407";0;"InM";2
"BHS";4;"Batch header";"Stapelverarbeitung - Startinformationen";;0;0;1;"2.24.13";"ch2.html#Heading499";0;"InM";2
"BHS";5;"Batch Header";"Stapelverarbeitung - Startinformationen";;0;0;1;"2.16.2";"ch02.htm#Heading391";0;"InM";2
"BHS";6;"Batch Header";"Stapelverarbeitung - Startinformationen";;0;0;1;"2.15.2";"ch02.html#Heading148";0;"InM";2
"BHS";7;"Batch Header";"Stapelverarbeitung - Startinformationen";;0;0;1;"2.14.2";"ch02.html#Heading97";0;"InM";1
"BHS";8;"Batch Header";"Stapelverarbeitung - Startinformationen";;0;0;1;"2.14.2";"ch02.html#Heading97";0;"InM";2
"BHS";9;"Batch Header";"Stapelverarbeitung - Startinformationen";;0;0;1;"2.14.2";"ch02.html#Heading106";0;"InM";2
"BHS";10;"Batch Header";"Stapelverarbeitung - Startinformationen";;0;0;1;"2.14.2";"ch02.html#Heading156";0;"InM";2
"BHS";61;"Batch Header";"Stapelverarbeitung - Startinformationen";;0;0;1;"2.15.2";"ch02.html#Heading148";0;"InM";2
"BHS";81;"Batch Header";"Stapelverarbeitung - Startinformationen";;0;0;1;"2.14.2";"ch02.html#Heading97";0;"InM";2
"BHS";91;"Batch Header";"Stapelverarbeitung - Startinformationen";;0;0;1;"2.14.2";"ch02.html#Heading106";0;"InM";2
"BHS";92;"Batch Header";"Stapelverarbeitung - Startinformationen";;0;0;1;"2.14.2";"ch02.html#Heading106";0;"InM";2
"BLC";5;"Blood Code";"Blutkonservenidentifikation";;0;0;1;"6.5.13";"ch06.htm#Heading377";0;;2
"BLC";6;"Blood Code";"Blutkonservenidentifikation";;0;0;1;"6.5.13";"ch06.html#Heading394";0;;2
"BLC";7;"Blood Code";"Blutkonservenidentifikation";;0;0;1;"6.5.13";"ch06.html#Heading424";0;;2
"BLC";8;"Blood Code";"Blutkonservenidentifikation";;0;0;1;"6.5.13";"ch06.html#Heading429";0;;2
"BLC";9;"Blood Code";"Blutkonservenidentifikation";;0;0;1;"6.5.13";"ch06.html#Heading445";0;;2
"BLC";10;"Blood Code";"Blutkonservenidentifikation";;0;0;1;"6.5.13";"ch06.html#Heading2774";0;;2
"BLC";61;"Blood Code";"Blutkonservenidentifikation";;0;0;1;"6.5.13";"ch06.html#Heading394";0;;2
"BLC";81;"Blood Code";"Blutkonservenidentifikation";;0;0;1;"6.5.13";"ch06.html#Heading429";0;;2
"BLC";91;"Blood Code";"Blutkonservenidentifikation";;0;0;1;"6.5.13";"ch06.html#Heading445";0;;2
"BLC";92;"Blood Code";"Blutkonservenidentifikation";;0;0;1;"6.5.13";"ch06.html#Heading445";0;;2
"BLG";1;"BILLING";"Rechnungsinformationen";"ORD";0;0;1;;;0;;2
"BLG";2;"BILLING";"Rechnungsinformationen";"ORD";0;0;1;"4.3.2";"hl7chp4.html#Heading31";0;"OO";2
"BLG";3;"Billing Segment";"Rechnungsinformationen";;0;0;1;"4.3.2";"ch4.htm#Heading39";0;"OO";2
"BLG";4;"Billing Segment";"Rechnungsinformationen";;0;0;1;"4.3.2";"ch4.html#Heading48";0;"OO";2
"BLG";5;"Billing";"Rechnungsinformationen";;0;0;1;"4.5.2";"ch04.htm#Heading77";0;"OO";2
"BLG";6;"Billing";"Rechnungsinformationen";;0;0;1;"4.5.2";"ch04.html#Heading66";0;"OO";2
"BLG";7;"Billing";"Rechnungsinformationen";;0;0;1;"4.5.2";"ch04.html#Heading68";0;"OO";2
"BLG";8;"Billing";"Rechnungsinformationen";;0;0;1;"4.5.2";"ch04.html#Heading67";0;"OO";2
"BLG";9;"Billing";"Rechnungsinformationen";;0;0;1;"4.5.2";"ch04.html#Heading73";0;"OO";2
"BLG";10;"Billing";"Rechnungsinformationen";;0;0;1;"4.5.2";"ch04.html#Heading1521";0;"OO";2
"BLG";61;"Billing";"Rechnungsinformationen";;0;0;1;"4.5.2";"ch04.html#Heading67";0;"OO";2
"BLG";81;"Billing";"Rechnungsinformationen";;0;0;1;"4.4.2";"ch04.html#Heading66";0;"OO";2
"BLG";91;"Billing";"Rechnungsinformationen";;0;0;1;"4.5.2";"ch04.html#Heading85";0;"OO";2
"BLG";92;"Billing";"Rechnungsinformationen";;0;0;1;"4.5.2";"ch04.html#Heading85";0;"OO";2
"BPO";6;"Blood product order";"Anforderung von Blutprodukten";;0;0;1;"4.21.1";"ch04.html#Heading474";0;"OO";2
"BPO";7;"Blood product order";"Anforderung von Blutprodukten";;0;0;1;"4.21.1";"ch04.html#Heading490";0;"OO";2
"BPO";8;"Blood product order";"Anforderung von Blutprodukten";;0;0;1;"4.14.1";"ch04.html#Heading222";0;"OO";2
"BPO";9;"Blood product order";"Anforderung von Blutprodukten";;0;0;1;"4.14.1";"ch04.html#Heading238";0;"OO";2
"BPO";10;"Blood product order";"Anforderung von Blutprodukten";;0;0;1;"4.14.1";"ch04.html#Heading1689";0;"OO";2
"BPO";61;"Blood product order";"Anforderung von Blutprodukten";;0;0;1;"4.21.1";"ch04.html#Heading476";0;"OO";2
"BPO";81;"Blood product order";"Anforderung von Blutprodukten";;0;0;1;"4.13.1";"ch04.html#Heading222";0;"OO";2
"BPO";91;"Blood product order";"Anforderung von Blutprodukten";;0;0;1;"4.14.1";"ch04.html#Heading250";0;"OO";2
"BPO";92;"Blood product order";"Anforderung von Blutprodukten";;0;0;1;"4.14.1";"ch04.html#Heading250";0;"OO";2
"BPX";6;"Blood product dispense status";"Statusinformationen Blutprodukt";;0;0;1;"4.21.2";"ch04.html#Heading490";0;"OO";2
"BPX";7;"Blood product dispense status";"Statusinformationen Blutprodukt";;0;0;1;"4.21.2";"ch04.html#Heading506";0;"OO";2
"BPX";8;"Blood product dispense status";"Statusinformationen Blutprodukt";;0;0;1;"4.14.2";"ch04.html#Heading237";0;"OO";2
"BPX";9;"Blood product dispense status";"Statusinformationen Blutprodukt";;0;0;1;"4.14.2";"ch04.html#Heading254";0;"OO";2
"BPX";10;"Blood product dispense status";"Statusinformationen Blutprodukt";;0;0;1;"4.14.2";"ch04.html#Heading1705";0;"OO";2
"BPX";61;"Blood product dispense status";"Statusinformationen Blutprodukt";;0;0;1;"4.21.2";"ch04.html#Heading492";0;"OO";2
"BPX";81;"Blood product dispense status";"Statusinformationen Blutprodukt";;0;0;1;"4.13.2";"ch04.html#Heading237";0;"OO";2
"BPX";91;"Blood product dispense status";"Statusinformationen Blutprodukt";;0;0;1;"4.14.2";"ch04.html#Heading266";0;"OO";2
"BPX";92;"Blood product dispense status";"Statusinformationen Blutprodukt";;0;0;1;"4.14.2";"ch04.html#Heading266";0;"OO";2
"BTS";1;"BATCH TRAILER";"Stapelverarbeitung - Endeinformationen";"CNT";0;0;1;"2.5.3";"kap2.html#Heading55";0;"InM";1
"BTS";2;"BATCH TRAILER";"Stapelverarbeitung - Endeinformationen";"CNT";0;0;1;"2.10.14";"hl7chp2.html#Heading189";0;"InM";1
"BTS";3;"Batch trailer segment";"Stapelverarbeitung - Endeinformationen";;0;0;1;"2.24.14";"ch2.htm#Heading420";0;"InM";1
"BTS";4;"Batch trailer segment";"Stapelverarbeitung - Endeinformationen";;0;0;1;"2.24.14";"ch2.html#Heading513";0;"InM";1
"BTS";5;"Batch Trailer";"Stapelverarbeitung - Endeinformationen";;0;0;1;"2.16.3";"ch02.htm#Heading405";0;"InM";1
"BTS";6;"Batch Trailer";"Stapelverarbeitung - Endeinformationen";;0;0;1;"2.15.3";"ch02.html#Heading162";0;"InM";1
"BTS";7;"Batch Trailer";"Stapelverarbeitung - Endeinformationen";;0;0;1;"2.14.3";"ch02.html#Heading113";0;"InM";1
"BTS";8;"Batch Trailer";"Stapelverarbeitung - Endeinformationen";;0;0;1;"2.14.3";"ch02.html#Heading112";0;"InM";1
"BTS";9;"Batch Trailer";"Stapelverarbeitung - Endeinformationen";;0;0;1;"2.14.3";"ch02.html#Heading122";0;"InM";1
"BTS";10;"Batch Trailer";"Stapelverarbeitung - Endeinformationen";;0;0;1;"2.14.3";"ch02.html#Heading175";0;"InM";1
"BTS";61;"Batch Trailer";"Stapelverarbeitung - Endeinformationen";;0;0;1;"2.15.3";"ch02.html#Heading162";0;"InM";1
"BTS";81;"Batch Trailer";"Stapelverarbeitung - Endeinformationen";;0;0;1;"2.14.3";"ch02.html#Heading112";0;"InM";1
"BTS";91;"Batch Trailer";"Stapelverarbeitung - Endeinformationen";;0;0;1;"2.14.3";"ch02.html#Heading122";0;"InM";1
"BTS";92;"Batch Trailer";"Stapelverarbeitung - Endeinformationen";;0;0;1;"2.14.3";"ch02.html#Heading122";0;"InM";1
"BTX";6;"Blood Product Transfusion/Disposition";"Transfusionsstatus Blutprodukt";;0;0;1;"4.21.3";"ch04.html#Heading513";0;"OO";2
"BTX";7;"Blood Product Transfusion/Disposition";"Transfusionsstatus Blutprodukt";;0;0;1;"4.21.3";"ch04.html#Heading529";0;"OO";2
"BTX";8;"Blood Product Transfusion/Disposition";"Transfusionsstatus Blutprodukt";;0;0;1;"4.14.3";"ch04.html#Heading260";0;"OO";2
"BTX";9;"Blood Product Transfusion/Disposition";"Transfusionsstatus Blutprodukt";;0;0;1;"4.14.3";"ch04.html#Heading277";0;"OO";2
"BTX";10;"Blood Product Transfusion/Disposition";"Transfusionsstatus Blutprodukt";;0;0;1;"4.14.3";"ch04.html#Heading1729";0;"OO";2
"BTX";61;"Blood Product Transfusion/Disposition";"Transfusionsstatus Blutprodukt";;0;0;1;"4.21.3";"ch04.html#Heading515";0;"OO";2
"BTX";81;"Blood Product Transfusion/Disposition";"Transfusionsstatus Blutprodukt";;0;0;1;"4.13.3";"ch04.html#Heading260";0;"OO";2
"BTX";91;"Blood Product Transfusion/Disposition";"Transfusionsstatus Blutprodukt";;0;0;1;"4.14.3";"ch04.html#Heading289";0;"OO";2
"BTX";92;"Blood Product Transfusion/Disposition";"Transfusionsstatus Blutprodukt";;0;0;1;"4.14.3";"ch04.html#Heading289";0;"OO";2
"BUI";9;"Blood Unit Information";;;0;0;1;"4.17.2";"ch04.html#Heading361";0;"OO";2
"BUI";10;"Blood Unit Information";;;0;0;1;"4.17.2";"ch04.html#Heading1815";0;"OO";2
"BUI";91;"Blood Unit Information";;;0;0;1;"4.17.2";"ch04.html#Heading373";0;"OO";2
"BUI";92;"Blood Unit Information";;;0;0;1;"4.17.2";"ch04.html#Heading373";0;"OO";2
"CDM";3;"Charge Description Master";"Stammdaten - Abrechnungskatalog";;0;0;1;"8.9.2";"ch8.htm#Heading222";0;;2
"CDM";4;"Charge Description Master";"Stammdaten - Abrechnungskatalog";;0;0;1;"8.9.2";"ch8.html#Heading244";0;;2
"CDM";5;"Charge Description Master";"Stammdaten - Abrechnungskatalog";;0;0;1;"8.10.2";"ch08.htm#Heading235";0;;2
"CDM";6;"Charge Description Master";"Stammdaten - Abrechnungskatalog";;0;0;1;"8.10.2";"ch08.html#Heading243";0;;2
"CDM";7;"Charge Description Master";"Stammdaten - Abrechnungskatalog";;0;0;1;"8.10.2";"ch08.html#Heading244";0;;2
"CDM";8;"Charge Description Master";"Stammdaten - Abrechnungskatalog";;0;0;1;"8.10.2";"ch08.html#Heading215";0;;2
"CDM";9;"Charge Description Master";"Stammdaten - Abrechnungskatalog";;0;0;1;"8.10.2";"ch08.html#Heading243";0;;2
"CDM";10;"Charge Description Master";"Stammdaten - Abrechnungskatalog";;0;0;1;"8.10.2";"ch08.html#Heading3549";0;;2
"CDM";61;"Charge Description Master";"Stammdaten - Abrechnungskatalog";;0;0;1;"8.10.2";"ch08.html#Heading243";0;;2
"CDM";81;"Charge Description Master";"Stammdaten - Abrechnungskatalog";;0;0;1;"8.10.2";"ch08.html#Heading215";0;;2
"CDM";91;"Charge Description Master";"Stammdaten - Abrechnungskatalog";;0;0;1;"8.10.2";"ch08.html#Heading247";0;;2
"CDM";92;"Charge Description Master";"Stammdaten - Abrechnungskatalog";;0;0;1;"8.10.2";"ch08.html#Heading307";0;;2
"CDO";9;"Cumulative Dosage";;;0;0;1;"4.A.9";"ch04a.html#Heading262";0;"OO";2
"CDO";10;"Cumulative Dosage";;;0;0;1;"4A.4.9";"ch04A.html#Heading2100";0;"OO";2
"CDO";91;"Cumulative Dosage";;;0;0;1;"4.A.9";"ch04a.html#Heading262";0;"OO";2
"CDO";92;"Cumulative Dosage";;;0;0;1;"4.A.9";"ch04a.html#Heading262";0;"OO";2
"CER";6;"Certificate Detail";"Zertifikat";;0;0;1;"15.4.2";"ch15.html#Heading23";0;"PA";2
"CER";7;"Certificate Detail";"Zertifikat";;0;0;1;"15.4.2";"ch15.html#Heading23";0;"PA";2
"CER";8;"Certificate Detail";"Zertifikat";;0;0;1;"15.4.2";"ch15.html#Heading23";0;"PA";2
"CER";9;"Certificate Detail";"Zertifikat";;0;0;1;"15.4.2";"ch15.html#Heading23";0;"PA";2
"CER";10;"Certificate Detail";"Zertifikat";;0;0;1;"15.4.2";"ch15.html#Heading4620";0;"PA";2
"CER";61;"Certificate Detail";"Zertifikat";;0;0;1;"15.4.2";"ch15.html#Heading23";0;"PA";2
"CER";81;"Certificate Detail";"Zertifikat";;0;0;1;"15.4.2";"ch15.html#Heading23";0;"PA";2
"CER";91;"Certificate Detail";"Zertifikat";;0;0;1;"15.4.2";"ch15.html#Heading23";0;"PA";2
"CER";92;"Certificate Detail";"Zertifikat";;0;0;1;"15.4.2";"ch15.html#Heading23";0;"PA";2
"CM0";3;"Clinical Study Master";"Stammdaten - Klinische Studien";;0;0;1;"8.10.2";"ch8.htm#Heading258";0;;2
"CM0";4;"Clinical Study Master";"Stammdaten - Klinische Studien";;0;0;1;"8.10.2";"ch8.html#Heading282";0;;2
"CM0";5;"Clinical Study Master";"Stammdaten - Klinische Studien";;0;0;1;"8.11.2";"ch08.htm#Heading273";0;;2
"CM0";6;"Clinical Study Master";"Stammdaten - Klinische Studien";;0;0;1;"8.11.2";"ch08.html#Heading281";0;;2
"CM0";7;"Clinical Study Master";"Stammdaten - Klinische Studien";;0;0;1;"8.11.2";"ch08.html#Heading282";0;;2
"CM0";8;"Clinical Study Master";"Stammdaten - Klinische Studien";;0;0;1;"8.11.2";"ch08.html#Heading251";0;;2
"CM0";9;"Clinical Study Master";"Stammdaten - Klinische Studien";;0;0;1;"8.11.2";"ch08.html#Heading281";0;;2
"CM0";10;"Clinical Study Master";"Stammdaten - Klinische Studien";;0;0;1;"8.11.2";"ch08.html#Heading3587";0;;2
"CM0";61;"Clinical Study Master";"Stammdaten - Klinische Studien";;0;0;1;"8.11.2";"ch08.html#Heading281";0;;2
"CM0";81;"Clinical Study Master";"Stammdaten - Klinische Studien";;0;0;1;"8.11.2";"ch08.html#Heading251";0;;2
"CM0";91;"Clinical Study Master";"Stammdaten - Klinische Studien";;0;0;1;"8.11.2";"ch08.html#Heading285";0;;2
"CM0";92;"Clinical Study Master";"Stammdaten - Klinische Studien";;0;0;1;"8.11.2";"ch08.html#Heading345";0;;2
"CM1";3;"Clinical Study Phase Master";"Stammdaten - Phase der klinischen Studie";;0;0;1;"8.10.3";"ch8.htm#Heading270";0;;2
"CM1";4;"CM1 - clinical study phase master segment";"Stammdaten - Phase der klinischen Studie";;0;0;1;"8.10.3";"ch8.html#Heading295";0;;2
"CM1";5;"Clinical Study Phase Master";"Stammdaten - Phase der klinischen Studie";;0;0;1;"8.11.3";"ch08.htm#Heading286";0;;2
"CM1";6;"Clinical Study Phase Master";"Stammdaten - Phase der klinischen Studie";;0;0;1;"8.11.3";"ch08.html#Heading294";0;;2
"CM1";7;"Clinical Study Phase Master";"Stammdaten - Phase der klinischen Studie";;0;0;1;"8.11.3";"ch08.html#Heading295";0;;2
"CM1";8;"Clinical Study Phase Master";"Stammdaten - Phase der klinischen Studie";;0;0;1;"8.11.3";"ch08.html#Heading263";0;;2
"CM1";9;"Clinical Study Phase Master";"Stammdaten - Phase der klinischen Studie";;0;0;1;"8.11.3";"ch08.html#Heading294";0;;2
"CM1";10;"Clinical Study Phase Master";"Stammdaten - Phase der klinischen Studie";;0;0;1;"8.11.3";"ch08.html#Heading3600";0;;2
"CM1";61;"Clinical Study Phase Master";"Stammdaten - Phase der klinischen Studie";;0;0;1;"8.11.3";"ch08.html#Heading294";0;;2
"CM1";81;"Clinical Study Phase Master";"Stammdaten - Phase der klinischen Studie";;0;0;1;"8.11.3";"ch08.html#Heading263";0;;2
"CM1";91;"Clinical Study Phase Master";"Stammdaten - Phase der klinischen Studie";;0;0;1;"8.11.3";"ch08.html#Heading298";0;;2
"CM1";92;"Clinical Study Phase Master";"Stammdaten - Phase der klinischen Studie";;0;0;1;"8.11.3";"ch08.html#Heading358";0;;2
"CM2";3;"Clinical Study Schedule Master";"Stammdaten - Abläufe der klinischen Studie";;0;0;1;"8.10.4";"ch8.htm#Heading274";0;;2
"CM2";4;"Clinical Study Schedule Master";"Stammdaten - Abläufe der klinischen Studie";;0;0;1;"8.10.4";"ch8.html#Heading300";0;;2
"CM2";5;"Clinical Study Schedule Master";"Stammdaten - Abläufe der klinischen Studie";;0;0;1;"8.11.4";"ch08.htm#Heading291";0;;2
"CM2";6;"Clinical Study Schedule Master";"Stammdaten - Abläufe der klinischen Studie";;0;0;1;"8.11.4";"ch08.html#Heading299";0;;2
"CM2";7;"Clinical Study Schedule Master";"Stammdaten - Abläufe der klinischen Studie";;0;0;1;"8.11.4";"ch08.html#Heading300";0;;2
"CM2";8;"Clinical Study Schedule Master";"Stammdaten - Abläufe der klinischen Studie";;0;0;1;"8.11.4";"ch08.html#Heading267";0;;2
"CM2";9;"Clinical Study Schedule Master";"Stammdaten - Abläufe der klinischen Studie";;0;0;1;"8.11.4";"ch08.html#Heading299";0;;2
"CM2";10;"Clinical Study Schedule Master";"Stammdaten - Abläufe der klinischen Studie";;0;0;1;"8.11.4";"ch08.html#Heading3605";0;;2
"CM2";61;"Clinical Study Schedule Master";"Stammdaten - Abläufe der klinischen Studie";;0;0;1;"8.11.4";"ch08.html#Heading299";0;;2
"CM2";81;"Clinical Study Schedule Master";"Stammdaten - Abläufe der klinischen Studie";;0;0;1;"8.11.4";"ch08.html#Heading267";0;;2
"CM2";91;"Clinical Study Schedule Master";"Stammdaten - Abläufe der klinischen Studie";;0;0;1;"8.11.4";"ch08.html#Heading303";0;;2
"CM2";92;"Clinical Study Schedule Master";"Stammdaten - Abläufe der klinischen Studie";;0;0;1;"8.11.4";"ch08.html#Heading363";0;;2
"CNS";5;"Clear Notification";"Benachrichtigungen löschen";;0;0;1;"13.4.8";"ch13.htm#Heading186";0;;2
"CNS";6;"Clear Notification";"Benachrichtigungen löschen";;0;0;1;"13.4.8";"ch13.html#Heading187";0;;2
"CNS";7;"Clear Notification";"Benachrichtigungen löschen";;0;0;1;"13.4.8";"ch13.html#Heading187";0;;2
"CNS";8;"Clear Notification";"Benachrichtigungen löschen";;0;0;1;"13.4.8";"ch13.html#Heading180";0;;2
"CNS";9;"Clear Notification";"Benachrichtigungen löschen";;0;0;1;"13.4.8";"ch13.html#Heading187";0;;2
"CNS";10;"Clear Notification";"Benachrichtigungen löschen";;0;0;1;"13.4.8";"ch13.html#Heading4479";0;;2
"CNS";61;"Clear Notification";"Benachrichtigungen löschen";;0;0;1;"13.4.8";"ch13.html#Heading187";0;;2
"CNS";81;"Clear Notification";"Benachrichtigungen löschen";;0;0;1;"13.4.8";"ch13.html#Heading180";0;;2
"CNS";91;"Clear Notification";"Benachrichtigungen löschen";;0;0;1;"13.4.8";"ch13.html#Heading187";0;;2
"CNS";92;"Clear Notification";"Benachrichtigungen löschen";;0;0;1;"13.4.8";"ch13.html#Heading187";0;;2
"CON";6;"Consent Segment";"Einverständniserklärung";;0;0;1;"9.9.4";"ch09.html#Heading79";0;;2
"CON";7;"Consent Segment";"Einverständniserklärung";;0;0;1;"9.9.4";"ch09.html#Heading79";0;;2
"CON";8;"Consent Segment";"Einverständniserklärung";;0;0;1;"9.7.1";"ch09.html#Heading64";0;;2
"CON";9;"Consent Segment";"Einverständniserklärung";;0;0;1;"9.7.1";"ch09.html#Heading64";0;;2
"CON";10;"Consent Segment";"Einverständniserklärung";;0;0;1;"9.7.1";"ch09.html#Heading3714";0;;2
"CON";61;"Consent Segment";"Einverständniserklärung";;0;0;1;"9.9.4";"ch09.html#Heading79";0;;2
"CON";81;"Consent Segment";"Einverständniserklärung";;0;0;1;"9.7.1";"ch09.html#Heading64";0;;2
"CON";91;"Consent Segment";"Einverständniserklärung";;0;0;1;"9.7.1";"ch09.html#Heading64";0;;2
"CON";92;"Consent Segment";"Einverständniserklärung";;0;0;1;"9.7.1";"ch09.html#Heading64";0;;2
"CSP";3;"Clinical Study Phase";"Informationen zur Phase einer  klinischen Studie";;0;0;1;"7.7.2";"ch7.htm#Heading151";0;;2
"CSP";4;"Clinical Study Phase";"Informationen zur Phase einer  klinischen Studie";;0;0;1;"7.7.2";"ch7.html#Heading167";0;;2
"CSP";5;"Clinical Study Phase";"Informationen zur Phase einer  klinischen Studie";;0;0;1;"7.8.2";"ch07.htm#Heading170";0;;2
"CSP";6;"Clinical Study Phase";"Informationen zur Phase einer  klinischen Studie";;0;0;1;"7.8.2";"ch07.html#Heading206";0;;2
"CSP";7;"Clinical Study Phase";"Informationen zur Phase einer  klinischen Studie";;0;0;1;"7.8.2";"ch07.html#Heading214";0;;2
"CSP";8;"Clinical Study Phase";"Informationen zur Phase einer  klinischen Studie";;0;0;1;"7.8.2";"ch07.html#Heading228";0;;2
"CSP";9;"Clinical Study Phase";"Informationen zur Phase einer  klinischen Studie";;0;0;1;"7.8.2";"ch07.html#Heading241";0;;2
"CSP";10;"Clinical Study Phase";"Informationen zur Phase einer  klinischen Studie";;0;0;1;"7.8.2";"ch07.html#Heading3045";0;;2
"CSP";61;"Clinical Study Phase";"Informationen zur Phase einer  klinischen Studie";;0;0;1;"7.8.2";"ch07.html#Heading211";0;;2
"CSP";81;"Clinical Study Phase";"Informationen zur Phase einer  klinischen Studie";;0;0;1;"7.8.2";"ch07.html#Heading229";0;;2
"CSP";91;"Clinical Study Phase";"Informationen zur Phase einer  klinischen Studie";;0;0;1;"7.8.2";"ch07.html#Heading242";0;;2
"CSP";92;"Clinical Study Phase";"Informationen zur Phase einer  klinischen Studie";;0;0;1;"7.8.2";"ch07.html#Heading251";0;;2
"CSR";3;"Clinical Study Registration";"Informationen über Teilnahme an einer klinischen Studie";;0;0;1;"7.7.1";"ch7.htm#Heading134";0;;2
"CSR";4;"Clinical Study Registration";"Informationen über Teilnahme an einer klinischen Studie";;0;0;1;"7.7.1";"ch7.html#Heading149";0;;2
"CSR";5;"Clinical Study Registration";"Informationen über Teilnahme an einer klinischen Studie";;0;0;1;"7.8.1";"ch07.htm#Heading152";0;;2
"CSR";6;"Clinical Study Registration";"Informationen über Teilnahme an einer klinischen Studie";;0;0;1;"7.8.1";"ch07.html#Heading188";0;;2
"CSR";7;"Clinical Study Registration";"Informationen über Teilnahme an einer klinischen Studie";;0;0;1;"7.8.1";"ch07.html#Heading196";0;;2
"CSR";8;"Clinical Study Registration";"Informationen über Teilnahme an einer klinischen Studie";;0;0;1;"7.8.1";"ch07.html#Heading211";0;;2
"CSR";9;"Clinical Study Registration";"Informationen über Teilnahme an einer klinischen Studie";;0;0;1;"7.8.1";"ch07.html#Heading223";0;;2
"CSR";10;"Clinical Study Registration";"Informationen über Teilnahme an einer klinischen Studie";;0;0;1;"7.8.1";"ch07.html#Heading3026";0;;2
"CSR";61;"Clinical Study Registration";"Informationen über Teilnahme an einer klinischen Studie";;0;0;1;"7.8.1";"ch07.html#Heading193";0;;2
"CSR";81;"Clinical Study Registration";"Informationen über Teilnahme an einer klinischen Studie";;0;0;1;"7.8.1";"ch07.html#Heading212";0;;2
"CSR";91;"Clinical Study Registration";"Informationen über Teilnahme an einer klinischen Studie";;0;0;1;"7.8.1";"ch07.html#Heading224";0;;2
"CSR";92;"Clinical Study Registration";"Informationen über Teilnahme an einer klinischen Studie";;0;0;1;"7.8.1";"ch07.html#Heading233";0;;2
"CSS";3;"Clinical Study Data Schedule";"Ablaufinformationen zur klinischen Studie";;0;0;1;"7.7.3";"ch7.htm#Heading156";0;;2
"CSS";4;"Clinical Study Data Schedule";"Ablaufinformationen zur klinischen Studie";;0;0;1;"7.7.3";"ch7.html#Heading173";0;;2
"CSS";5;"Clinical Study Data Schedule Segment";"Ablaufinformationen zur klinischen Studie";;0;0;1;"7.8.3";"ch07.htm#Heading176";0;;2
"CSS";6;"Clinical Study Data Schedule Segment";"Ablaufinformationen zur klinischen Studie";;0;0;1;"7.8.3";"ch07.html#Heading212";0;;2
"CSS";7;"Clinical Study Data Schedule Segment";"Ablaufinformationen zur klinischen Studie";;0;0;1;"7.8.3";"ch07.html#Heading220";0;;2
"CSS";8;"Clinical Study Data Schedule Segment";"Ablaufinformationen zur klinischen Studie";;0;0;1;"7.8.3";"ch07.html#Heading233";0;;2
"CSS";9;"Clinical Study Data Schedule Segment";"Ablaufinformationen zur klinischen Studie";;0;0;1;"7.8.3";"ch07.html#Heading247";0;;2
"CSS";10;"Clinical Study Data Schedule Segment";"Ablaufinformationen zur klinischen Studie";;0;0;1;"7.8.3";"ch07.html#Heading3051";0;;2
"CSS";61;"Clinical Study Data Schedule Segment";"Ablaufinformationen zur klinischen Studie";;0;0;1;"7.8.3";"ch07.html#Heading217";0;;2
"CSS";81;"Clinical Study Data Schedule Segment";"Ablaufinformationen zur klinischen Studie";;0;0;1;"7.8.3";"ch07.html#Heading234";0;;2
"CSS";91;"Clinical Study Data Schedule Segment";"Ablaufinformationen zur klinischen Studie";;0;0;1;"7.8.3";"ch07.html#Heading248";0;;2
"CSS";92;"Clinical Study Data Schedule Segment";"Ablaufinformationen zur klinischen Studie";;0;0;1;"7.8.3";"ch07.html#Heading257";0;;2
"CTD";3;"Contact Data";"Kontaktinformationen";;0;0;1;"11.5.4";"ch11.htm#Heading79";0;;2
"CTD";4;"Contact Data";"Kontaktinformationen";;0;0;1;"11.5.4";"ch11.html#Heading89";0;;2
"CTD";5;"Contact Data";"Kontaktinformationen";;0;0;1;"11.6.4";"ch11.htm#Heading90";0;;2
"CTD";6;"Contact Data";"Kontaktinformationen";;0;0;1;"11.6.4";"ch11.html#Heading90";0;;2
"CTD";7;"Contact Data";"Kontaktinformationen";;0;0;1;"11.6.4";"ch11.html#Heading96";0;;2
"CTD";8;"Contact Data";"Kontaktinformationen";;0;0;1;"11.8.4";"ch11.html#Heading103";0;;2
"CTD";9;"Contact Data";"Kontaktinformationen";;0;0;1;"11.8.4";"ch11.html#Heading139";0;;2
"CTD";10;"Contact Data";"Kontaktinformationen";;0;0;1;"11.8.4";"ch11.html#Heading4127";0;;2
"CTD";61;"Contact Data";"Kontaktinformationen";;0;0;1;"11.6.4";"ch11.html#Heading90";0;;2
"CTD";81;"Contact Data";"Kontaktinformationen";;0;0;1;"11.7.4";"ch11.html#Heading102";0;;2
"CTD";91;"Contact Data";"Kontaktinformationen";;0;0;1;"11.8.4";"ch11.html#Heading139";0;;2
"CTD";92;"Contact Data";"Kontaktinformationen";;0;0;1;"11.8.4";"ch11.html#Heading139";0;;2
"CTI";3;"Clinical Trial Identification";"Studienidentifizierung";;0;0;1;"7.7.4";"ch7.htm#Heading160";0;;2
"CTI";4;"Clinical Trial Identification";"Studienidentifizierung";;0;0;1;"7.7.4";"ch7.html#Heading178";0;;2
"CTI";5;"Clinical Trial Identification";"Studienidentifizierung";;0;0;1;"7.8.4";"ch07.htm#Heading181";0;;2
"CTI";6;"Clinical Trial Identification";"Studienidentifizierung";;0;0;1;"7.8.4";"ch07.html#Heading217";0;;2
"CTI";7;"Clinical Trial Identification";"Studienidentifizierung";;0;0;1;"7.8.4";"ch07.html#Heading225";0;;2
"CTI";8;"Clinical Trial Identification";"Studienidentifizierung";;0;0;1;"7.8.4";"ch07.html#Heading237";0;;2
"CTI";9;"Clinical Trial Identification";"Studienidentifizierung";;0;0;1;"7.8.4";"ch07.html#Heading252";0;;2
"CTI";10;"Clinical Trial Identification";"Studienidentifizierung";;0;0;1;"7.8.4";"ch07.html#Heading3056";0;;2
"CTI";61;"Clinical Trial Identification";"Studienidentifizierung";;0;0;1;"7.8.4";"ch07.html#Heading222";0;;2
"CTI";81;"Clinical Trial Identification";"Studienidentifizierung";;0;0;1;"7.8.4";"ch07.html#Heading238";0;;2
"CTI";91;"Clinical Trial Identification";"Studienidentifizierung";;0;0;1;"7.8.4";"ch07.html#Heading253";0;;2
"CTI";92;"Clinical Trial Identification";"Studienidentifizierung";;0;0;1;"7.8.4";"ch07.html#Heading262";0;;2
"CTR";10;"Contract Master Outbound";;;0;0;1;"8.14.2";"ch08.html#Heading3625";0;;2
"DB1";3;"Disability Segment";"Informationen über Behinderungen";"ADT";0;0;1;"3.3.10";"ch3.htm#Heading258";0;"PA";2
"DB1";4;"Disability Segment";"Informationen über Behinderungen";;0;0;1;"3.3.10";"ch3.html#Heading268";0;"PA";2
"DB1";5;"Disability";"Informationen über Behinderungen";;0;0;1;"3.4.11";"ch03.htm#Heading327";0;"PA";2
"DB1";6;"Disability";"Informationen über Behinderungen";;0;0;1;"3.4.11";"ch03.html#Heading332";0;"PA";2
"DB1";7;"Disability";"Informationen über Behinderungen";;0;0;1;"3.4.11";"ch03.html#Heading334";0;"PA";2
"DB1";8;"Disability";"Informationen über Behinderungen";;0;0;1;"3.4.12";"ch03.html#Heading343";0;"PA";2
"DB1";9;"Disability";"Informationen über Behinderungen";;0;0;1;"3.4.12";"ch03.html#Heading354";0;"PA";2
"DB1";10;"Disability";"Informationen über Behinderungen";;0;0;1;"3.4.12";"ch03.html#Heading1291";0;"PA";2
"DB1";61;"Disability";"Informationen über Behinderungen";;0;0;1;"3.4.11";"ch03.html#Heading332";0;"PA";2
"DB1";81;"Disability";"Informationen über Behinderungen";;0;0;1;"3.4.12";"ch03.html#Heading343";0;"PA";2
"DB1";91;"Disability";"Informationen über Behinderungen";;0;0;1;"3.4.12";"ch03.html#Heading354";0;"PA";2
"DB1";92;"Disability";"Informationen über Behinderungen";;0;0;1;"3.4.12";"ch03.html#Heading354";0;"PA";2
"DEV";10;"Device";"Gerät";;0;0;1;"17.8.1";"ch17.html#Heading5171";0;;2
"DG1";1;"DIAGNOSIS";"Diagnoseninformation";"BLN";0;0;1;"6.3.2";"kap6.html#Heading10";0;;2
"DG1";2;"DIAGNOSIS";"Diagnoseninformation";"BLN";0;0;1;"6.4.2";"hl7chp6.html#Heading34";0;;2
"DG1";3;"Diagnosis";"Diagnoseninformation";;0;0;1;"6.4.2";"ch6.htm#Heading38";0;;2
"DG1";4;"Diagnosis";"Diagnoseninformation";;0;0;1;"6.4.2";"ch6.html#Heading40";0;;2
"DG1";5;"Diagnosis";"Diagnoseninformation";;1;0;1;"6.5.2";"ch06.htm#Heading42";0;;2
"DG1";6;"Diagnosis";"Diagnoseninformation";;0;0;1;"6.5.2";"ch06.html#Heading49";0;;2
"DG1";7;"Diagnosis";"Diagnoseninformation";;0;0;1;"6.5.2";"ch06.html#Heading49";0;;2
"DG1";8;"Diagnosis";"Diagnoseninformation";;0;0;1;"6.5.2";"ch06.html#Heading60";0;;2
"DG1";9;"Diagnosis";"Diagnoseninformation";;0;0;1;"6.5.2";"ch06.html#Heading61";0;;2
"DG1";10;"Diagnosis";"Diagnoseninformation";;0;0;1;"6.5.2";"ch06.html#Heading2385";0;;2
"DG1";32;"Diagnosis";"Diagnoseninformation";;0;0;1;;;0;;2
"DG1";61;"Diagnosis";"Diagnoseninformation";;0;0;1;"6.5.2";"ch06.html#Heading49";0;;2
"DG1";81;"Diagnosis";"Diagnoseninformation";;0;0;1;"6.5.2";"ch06.html#Heading60";0;;2
"DG1";91;"Diagnosis";"Diagnoseninformation";;0;0;1;"6.5.2";"ch06.html#Heading61";0;;2
"DG1";92;"Diagnosis";"Diagnoseninformation";;0;0;1;"6.5.2";"ch06.html#Heading61";0;;2
"DG1";540;"Diagnosis";"Diagnoseninformation";;0;0;1;;;0;;2
"DMI";7;"DRG Master File Information";"DRG-Stammdaten";;0;0;1;"8.13.2";"ch08.html#Heading311";0;;2
"DMI";8;"DRG Master File Information";"DRG-Stammdaten";;0;0;1;"8.13.2";"ch08.html#Heading277";0;;2
"DMI";9;"DRG Master File Information";"DRG-Stammdaten";;0;0;1;"8.13.2";"ch08.html#Heading310";0;;2
"DMI";10;"DRG Master File Information";"DRG-Stammdaten";;0;0;1;"8.13.2";"ch08.html#Heading3616";0;;2
"DMI";81;"DRG Master File Information";"DRG-Stammdaten";;0;0;1;"8.13.2";"ch08.html#Heading277";0;;2
"DMI";91;"DRG Master File Information";"DRG-Stammdaten";;0;0;1;"8.13.2";"ch08.html#Heading314";0;;2
"DMI";92;"DRG Master File Information";"DRG-Stammdaten";;0;0;1;"8.13.2";"ch08.html#Heading374";0;;2
"DON";9;"Donation";;;0;0;1;"4.17.1";"ch04.html#Heading326";0;"OO";2
"DON";10;"Donation";;;0;0;1;"4.17.1";"ch04.html#Heading1779";0;"OO";2
"DON";91;"Donation";;;0;0;1;"4.17.1";"ch04.html#Heading338";0;"OO";2
"DON";92;"Donation";;;0;0;1;"4.17.1";"ch04.html#Heading338";0;"OO";2
"DPS";10;"Diagnosis and Procedure Code Segment";;;0;0;1;"8.8.19";"ch08.html#Heading3492";0;;2
"DPS";92;"Diagnosis and Procedure Code";;;0;0;1;"8.8.19";"ch08.html#Heading249";0;;2
"DRG";3;"Diagnosis Related Group";"Informationen zu DRG's";;0;0;1;"6.4.3";"ch6.htm#Heading58";0;;2
"DRG";4;"Diagnosis Related Group";"Informationen zu DRG's";;0;0;1;"6.4.3.8";"ch6.html#Heading70";0;;2
"DRG";5;"Diagnosis Related Group";"Informationen zu DRG's";;0;0;1;"6.5.3";"ch06.htm#Heading63";0;;2
"DRG";6;"Diagnosis Related Group";"Informationen zu DRG's";;0;0;1;"6.5.3";"ch06.html#Heading72";0;;2
"DRG";7;"Diagnosis Related Group";"Informationen zu DRG's";;0;0;1;"6.5.3";"ch06.html#Heading77";0;;2
"DRG";8;"Diagnosis Related Group";"Informationen zu DRG's";;0;0;1;"6.5.3";"ch06.html#Heading87";0;;2
"DRG";9;"Diagnosis Related Group";"Informationen zu DRG's";;0;0;1;"6.5.3";"ch06.html#Heading89";0;;2
"DRG";10;"Diagnosis Related Group";"Informationen zu DRG's";;0;0;1;"6.5.3";"ch06.html#Heading2413";0;;2
"DRG";61;"Diagnosis Related Group";"Informationen zu DRG's";;0;0;1;"6.5.3";"ch06.html#Heading72";0;;2
"DRG";81;"Diagnosis Related Group";"Informationen zu DRG's";;0;0;1;"6.5.3";"ch06.html#Heading87";0;;2
"DRG";91;"Diagnosis Related Group";"Informationen zu DRG's";;0;0;1;"6.5.3";"ch06.html#Heading89";0;;2
"DRG";92;"Diagnosis Related Group";"Informationen zu DRG's";;0;0;1;"6.5.3";"ch06.html#Heading89";0;;2
"DSC";1;"CONTINUATION POINTER";"Informationen über zugehörige Vorgängernachricht";"QRY";0;0;1;"5.3.1";"kap5.html#Heading15";0;;2
"DSC";2;"CONTINUATION POINTER";"Informationen über zugehörige Vorgängernachricht";"QRY";0;0;1;"2.10.8";"hl7chp2.html#Heading150";0;"InM";2
"DSC";3;"Continuation pointer segment";"Informationen über zugehörige Vorgängernachricht";;0;0;1;"2.24.8";"ch2.htm#Heading381";0;"InM";2
"DSC";4;"Continuation pointer segment";"Informationen über zugehörige Vorgängernachricht";;0;0;1;"2.24.8";"ch2.html#Heading468";0;"InM";2
"DSC";5;"Continuation Pointer";"Informationen über zugehörige Vorgängernachricht";;0;0;1;"2.16.4";"ch02.htm#Heading410";0;"InM";2
"DSC";6;"Continuation Pointer";"Informationen über zugehörige Vorgängernachricht";;0;0;1;"2.15.4";"ch02.html#Heading167";0;"InM";2
"DSC";7;"Continuation Pointer";"Informationen über zugehörige Vorgängernachricht";;0;0;1;"2.14.4";"ch02.html#Heading118";0;"InM";2
"DSC";8;"Continuation Pointer";"Informationen über zugehörige Vorgängernachricht";;0;0;1;"2.14.4";"ch02.html#Heading116";0;"InM";2
"DSC";9;"Continuation Pointer";"Informationen über zugehörige Vorgängernachricht";;0;0;1;"2.14.4";"ch02.html#Heading127";0;"InM";2
"DSC";10;"Continuation Pointer";"Informationen über zugehörige Vorgängernachricht";;0;0;1;"2.14.4";"ch02.html#Heading180";0;"InM";2
"DSC";61;"Continuation Pointer";"Informationen über zugehörige Vorgängernachricht";;0;0;1;"2.15.4";"ch02.html#Heading167";0;"InM";2
"DSC";81;"Continuation Pointer";"Informationen über zugehörige Vorgängernachricht";;0;0;1;"2.14.4";"ch02.html#Heading116";0;"InM";2
"DSC";91;"Continuation Pointer";"Informationen über zugehörige Vorgängernachricht";;0;0;1;"2.14.4";"ch02.html#Heading127";0;"InM";2
"DSC";92;"Continuation Pointer";"Informationen über zugehörige Vorgängernachricht";;0;0;1;"2.14.4";"ch02.html#Heading127";0;"InM";2
"DSP";1;"DISPLAY DATA";"Anzeigedaten";"QRY";0;0;1;"5.3.2";"kap5.html#Heading16";0;;2
"DSP";2;"DISPLAY DATA";"Anzeigedaten";"QRY";0;0;1;"2.10.9";"hl7chp2.html#Heading152";0;"InM";2
"DSP";3;"Display Data";"Anzeigedaten";;0;0;1;"2.24.9";"ch2.htm#Heading383";0;"InM";2
"DSP";4;"Display Data";"Anzeigedaten";;0;0;1;"2.24.9";"ch2.html#Heading471";0;"InM";2
"DSP";5;"Display Data";"Anzeigedaten";;0;0;1;"5.5.1";"ch05.htm#Heading55";0;;2
"DSP";6;"Display Data";"Anzeigedaten";;0;0;1;"5.5.1";"ch05.html#Heading55";0;;2
"DSP";7;"Display Data";"Anzeigedaten";;0;0;1;"5.5.1";"ch05.html#Heading55";0;;2
"DSP";8;"Display Data";"Anzeigedaten";;0;0;1;"5.5.1";"ch05.html#Heading50";0;;2
"DSP";9;"Display Data";"Anzeigedaten";;0;0;1;"5.5.1";"ch05.html#Heading55";0;;2
"DSP";10;"Display Data";"Anzeigedaten";;0;0;1;"5.5.1";"ch05.html#Heading2200";0;;2
"DSP";61;"Display Data";"Anzeigedaten";;0;0;1;"5.5.1";"ch05.html#Heading55";0;;2
"DSP";81;"Display Data";"Anzeigedaten";;0;0;1;"5.5.1";"ch05.html#Heading50";0;;2
"DSP";91;"Display Data";"Anzeigedaten";;0;0;1;"5.5.1";"ch05.html#Heading55";0;;2
"DSP";92;"Display Data";"Anzeigedaten";;0;0;1;"5.5.1";"ch05.html#Heading55";0;;2
"DST";10;"Transport Destination";;;0;0;1;"13.4.13";"ch13.html#Heading4530";0;;2
"ECD";5;"Equipment Command";"Gerätesteuerung";;0;0;1;"13.4.5";"ch13.htm#Heading168";0;;2
"ECD";6;"Equipment Command";"Gerätesteuerung";;0;0;1;"13.4.5";"ch13.html#Heading169";0;;2
"ECD";7;"Equipment Command";"Gerätesteuerung";;0;0;1;"13.4.5";"ch13.html#Heading169";0;;2
"ECD";8;"Equipment Command";"Gerätesteuerung";;0;0;1;"13.4.5";"ch13.html#Heading165";0;;2
"ECD";9;"Equipment Command";"Gerätesteuerung";;0;0;1;"13.4.5";"ch13.html#Heading169";0;;2
"ECD";10;"Equipment Command";"Gerätesteuerung";;0;0;1;"13.4.5";"ch13.html#Heading4461";0;;2
"ECD";61;"Equipment Command";"Gerätesteuerung";;0;0;1;"13.4.5";"ch13.html#Heading169";0;;2
"ECD";81;"Equipment Command";"Gerätesteuerung";;0;0;1;"13.4.5";"ch13.html#Heading165";0;;2
"ECD";91;"Equipment Command";"Gerätesteuerung";;0;0;1;"13.4.5";"ch13.html#Heading169";0;;2
"ECD";92;"Equipment Command";"Gerätesteuerung";;0;0;1;"13.4.5";"ch13.html#Heading169";0;;2
"ECR";5;"Equipment Command Response";"Antwort auf Gerätesteuerung";;0;0;1;"13.4.6";"ch13.htm#Heading175";0;;2
"ECR";6;"Equipment Command Response";"Antwort auf Gerätesteuerung";;0;0;1;"13.4.6";"ch13.html#Heading176";0;;2
"ECR";7;"Equipment Command Response";"Antwort auf Gerätesteuerung";;0;0;1;"13.4.6";"ch13.html#Heading176";0;;2
"ECR";8;"Equipment Command Response";"Antwort auf Gerätesteuerung";;0;0;1;"13.4.6";"ch13.html#Heading171";0;;2
"ECR";9;"Equipment Command Response";"Antwort auf Gerätesteuerung";;0;0;1;"13.4.6";"ch13.html#Heading176";0;;2
"ECR";10;"Equipment Command Response";"Antwort auf Gerätesteuerung";;0;0;1;"13.4.6";"ch13.html#Heading4468";0;;2
"ECR";61;"Equipment Command Response";"Antwort auf Gerätesteuerung";;0;0;1;"13.4.6";"ch13.html#Heading176";0;;2
"ECR";81;"Equipment Command Response";"Antwort auf Gerätesteuerung";;0;0;1;"13.4.6";"ch13.html#Heading171";0;;2
"ECR";91;"Equipment Command Response";"Antwort auf Gerätesteuerung";;0;0;1;"13.4.6";"ch13.html#Heading176";0;;2
"ECR";92;"Equipment Command Response";"Antwort auf Gerätesteuerung";;0;0;1;"13.4.6";"ch13.html#Heading176";0;;2
"ED";6;"Encapsulated Data (wrong segment)";"Encapsulated Data (falsche Segmentdefinition)";;0;0;1;"7.11.2";;0;;2
"ED";7;"Encapsulated Data (wrong segment)";"Encapsulated Data (falsche Segmentdefinition)";;0;0;1;"7.11.2";;0;;2
"ED";61;"Encapsulated Data (wrong segment)";"Encapsulated Data (falsche Segmentdefinition)";;0;0;1;"7.11.2";;0;;2
"EDU";5;"Educational Detail";"Ausbildungsinformationen";;0;0;1;"15.4.2";"ch15.htm#Heading21";0;"PA";2
"EDU";6;"Educational Detail";"Ausbildungsinformationen";;0;0;1;"15.4.3";"ch15.html#Heading56";0;"PA";2
"EDU";7;"Educational Detail";"Ausbildungsinformationen";;0;0;1;"15.4.3";"ch15.html#Heading56";0;"PA";2
"EDU";8;"Educational Detail";"Ausbildungsinformationen";;0;0;1;"15.4.3";"ch15.html#Heading56";0;"PA";2
"EDU";9;"Educational Detail";"Ausbildungsinformationen";;0;0;1;"15.4.3";"ch15.html#Heading56";0;"PA";2
"EDU";10;"Educational Detail";"Ausbildungsinformationen";;0;0;1;"15.4.3";"ch15.html#Heading4653";0;"PA";2
"EDU";61;"Educational Detail";"Ausbildungsinformationen";;0;0;1;"15.4.3";"ch15.html#Heading56";0;"PA";2
"EDU";81;"Educational Detail";"Ausbildungsinformationen";;0;0;1;"15.4.3";"ch15.html#Heading56";0;"PA";2
"EDU";91;"Educational Detail";"Ausbildungsinformationen";;0;0;1;"15.4.3";"ch15.html#Heading56";0;"PA";2
"EDU";92;"Educational Detail";"Ausbildungsinformationen";;0;0;1;"15.4.3";"ch15.html#Heading56";0;"PA";2
"EQL";3;"Embedded Query Language";"Embedded Query Language Abfrage";;0;0;1;"2.24.16";"ch2.htm#Heading428";0;"InM";2
"EQL";4;"Embedded Query Language";"Embedded Query Language Abfrage";;0;0;1;"2.24.16.4";"ch2.html#Heading529";0;"InM";2
"EQL";5;"Embedded Query Language";"Embedded Query Language Abfrage";;0;0;1;"5.10.5.1";"ch05.htm#Heading180";0;;2
"EQL";6;"Embedded Query Language";"Embedded Query Language Abfrage";;0;0;1;"5.10.5.1";"ch05.html#Heading180";0;;2
"EQL";61;"Embedded Query Language";"Embedded Query Language Abfrage";;0;0;1;"5.10.5.1";"ch05.html#Heading180";0;;2
"EQP";5;"Equipment/log Service";"Geräteprotokollinformationen";;0;0;1;"13.4.12";"ch13.htm#Heading226";0;;2
"EQP";6;"Equipment/log Service";"Geräteprotokollinformationen";;0;0;1;"13.4.12";"ch13.html#Heading227";0;;2
"EQP";7;"Equipment/log Service";"Geräteprotokollinformationen";;0;0;1;"13.4.12";"ch13.html#Heading227";0;;2
"EQP";8;"Equipment/log Service";"Geräteprotokollinformationen";;0;0;1;"13.4.12";"ch13.html#Heading216";0;;2
"EQP";9;"Equipment/log Service";"Geräteprotokollinformationen";;0;0;1;"13.4.12";"ch13.html#Heading228";0;;2
"EQP";10;"Equipment/log Service";"Geräteprotokollinformationen";;0;0;1;"13.4.12";"ch13.html#Heading4523";0;;2
"EQP";61;"Equipment/log Service";"Geräteprotokollinformationen";;0;0;1;"13.4.12";"ch13.html#Heading227";0;;2
"EQP";81;"Equipment/log Service";"Geräteprotokollinformationen";;0;0;1;"13.4.12";"ch13.html#Heading216";0;;2
"EQP";91;"Equipment/log Service";"Geräteprotokollinformationen";;0;0;1;"13.4.12";"ch13.html#Heading228";0;;2
"EQP";92;"Equipment/log Service";"Geräteprotokollinformationen";;0;0;1;"13.4.12";"ch13.html#Heading228";0;;2
"EQU";5;"Equipment Detail";"Geräteinformationen";;0;0;1;"13.4.1";"ch13.htm#Heading90";0;;2
"EQU";6;"Equipment Detail";"Geräteinformationen";;0;0;1;"13.4.1";"ch13.html#Heading89";0;;2
"EQU";7;"Equipment Detail";"Geräteinformationen";;0;0;1;"13.4.1";"ch13.html#Heading89";0;;2
"EQU";8;"Equipment Detail";"Geräteinformationen";;0;0;1;"13.4.1";"ch13.html#Heading89";0;;2
"EQU";9;"Equipment Detail";"Geräteinformationen";;0;0;1;"13.4.1";"ch13.html#Heading89";0;;2
"EQU";10;"Equipment Detail";"Geräteinformationen";;0;0;1;"13.4.1";"ch13.html#Heading4373";0;;2
"EQU";61;"Equipment Detail";"Geräteinformationen";;0;0;1;"13.4.1";"ch13.html#Heading89";0;;2
"EQU";81;"Equipment Detail";"Geräteinformationen";;0;0;1;"13.4.1";"ch13.html#Heading89";0;;2
"EQU";91;"Equipment Detail";"Geräteinformationen";;0;0;1;"13.4.1";"ch13.html#Heading89";0;;2
"EQU";92;"Equipment Detail";"Geräteinformationen";;0;0;1;"13.4.1";"ch13.html#Heading89";0;;2
"ERQ";3;"Event Replay Query";"Anfrage zur nochmaligen Übersendung";;0;0;1;"2.24.21";"ch2.htm#Heading449";0;"InM";2
"ERQ";4;"Event Replay Query";"Anfrage zur nochmaligen Übersendung";;0;0;1;"2.24.21";"ch2.html#Heading550";0;"InM";2
"ERQ";5;"Event Replay Query";"Anfrage zur nochmaligen Übersendung";;0;0;1;"5.10.5.2";"ch05.htm#Heading186";0;;2
"ERQ";6;"Event replay query";"Anfrage zur nochmaligen Übersendung";;0;0;1;"5.10.5.2";"ch05.html#Heading185";0;;2
"ERQ";61;"Event replay query";"Anfrage zur nochmaligen Übersendung";;0;0;1;"5.10.5.2";"ch05.html#Heading185";0;;2
"ERR";1;"ERROR";"Fehlerinformationen";"CNT";0;0;1;"2.5.4";"kap2.html#Heading56";0;"InM";2
"ERR";2;"ERROR";"Fehlerinformationen";"CNT";0;0;1;"2.10.3";"hl7chp2.html#Heading109";0;"InM";2
"ERR";3;"Error";"Fehlerinformationen";;0;0;1;"2.24.3";"ch2.htm#Heading338";0;"InM";2
"ERR";4;"Error";"Fehlerinformationen";;0;0;1;"2.24.3";"ch2.html#Heading420";0;"InM";2
"ERR";5;"Error";"Fehlerinformationen";;1;0;1;"2.16.5";"ch02.htm#Heading414";0;"InM";2
"ERR";6;"Error";"Fehlerinformationen";;0;0;1;"2.15.5";"ch02.html#Heading171";0;"InM";2
"ERR";7;"Error";"Fehlerinformationen";;0;0;1;"2.14.5";"ch02.html#Heading122";0;"InM";2
"ERR";8;"Error";"Fehlerinformationen";;0;0;1;"2.14.5";"ch02.html#Heading119";0;"InM";2
"ERR";9;"Error";"Fehlerinformationen";;0;0;1;"2.14.5";"ch02.html#Heading131";0;"InM";2
"ERR";10;"Error";"Fehlerinformationen";;0;0;1;"2.14.5";"ch02.html#Heading184";0;"InM";2
"ERR";61;"Error";"Fehlerinformationen";;0;0;1;"2.15.5";"ch02.html#Heading171";0;"InM";2
"ERR";81;"Error";"Fehlerinformationen";;0;0;1;"2.14.5";"ch02.html#Heading119";0;"InM";2
"ERR";91;"Error";"Fehlerinformationen";;0;0;1;"2.14.5";"ch02.html#Heading131";0;"InM";2
"ERR";92;"Error";"Fehlerinformationen";;0;0;1;"2.14.5";"ch02.html#Heading131";0;"InM";2
"ERR";540;"Error";"Fehlerinformationen";;0;0;1;;;0;;2
"EVN";1;"EVENT TYPE";"Ereignissinformationen";"ADT";0;0;1;"3.3.1";"kap3.html#Heading29";0;"PA";2
"EVN";2;"EVENT TYPE";"Ereignissinformationen";"ADT";0;0;1;"3.3.1";"hl7chp3.html#Heading43";0;"PA";2
"EVN";3;"Event type";"Ereignissinformationen";;0;0;1;"3.3.1";"ch3.htm#Heading57";0;"PA";2
"EVN";4;"Event Type";"Ereignissinformationen";;0;0;1;"3.3.1";"ch3.html#Heading58";0;"PA";2
"EVN";5;"Event Type";"Ereignissinformationen";;0;0;1;"3.4.1";"ch03.htm#Heading70";0;"PA";2
"EVN";6;"Event Type";"Ereignissinformationen";;0;0;1;"3.4.1";"ch03.html#Heading70";0;"PA";2
"EVN";7;"Event Type";"Ereignissinformationen";;0;0;1;"3.4.1";"ch03.html#Heading70";1;"PA";2
"EVN";8;"Event Type";"Ereignissinformationen";;0;0;1;"3.4.1";"ch03.html#Heading69";0;"PA";2
"EVN";9;"Event Type";"Ereignissinformationen";;0;0;1;"3.4.1";"ch03.html#Heading69";0;"PA";2
"EVN";10;"Event Type";"Ereignissinformationen";;0;0;1;"3.4.1";"ch03.html#Heading1005";0;"PA";2
"EVN";32;"Event Type";"Ereignissinformationen";;0;0;1;;;0;;2
"EVN";61;"Event Type";"Ereignissinformationen";;0;0;1;"3.4.1";"ch03.html#Heading70";0;"PA";2
"EVN";81;"Event Type";"Ereignissinformationen";;0;0;1;"3.4.1";"ch03.html#Heading69";0;"PA";2
"EVN";91;"Event Type";"Ereignissinformationen";;0;0;1;"3.4.1";"ch03.html#Heading69";0;"PA";2
"EVN";92;"Event Type";"Ereignissinformationen";;0;0;1;"3.4.1";"ch03.html#Heading69";0;"PA";2
"EVN";540;"Event Type";"Ereignissinformationen";;0;0;1;;;0;;2
"FAC";3;"Facility";"Einrichtungsinformationen";;0;0;1;"7.11.6";"ch7.htm#Heading284";0;;2
"FAC";4;"Facility";"Einrichtungsinformationen";;0;0;1;"7.11.6";"ch7.html#Heading311";0;;2
"FAC";5;"Facility";"Einrichtungsinformationen";;0;0;1;"7.12.6";"ch07.htm#Heading315";0;;2
"FAC";6;"Facility";"Einrichtungsinformationen";;0;0;1;"7.12.6";"ch07.html#Heading351";0;;2
"FAC";7;"Facility";"Einrichtungsinformationen";;0;0;1;"7.12.6";"ch07.html#Heading359";0;;2
"FAC";8;"Facility";"Einrichtungsinformationen";;0;0;1;"7.12.6";"ch07.html#Heading364";0;;2
"FAC";9;"Facility";"Einrichtungsinformationen";;0;0;1;"7.12.6";"ch07.html#Heading386";0;;2
"FAC";10;"Facility";"Einrichtungsinformationen";;0;0;1;"7.12.6";"ch07.html#Heading3190";0;;2
"FAC";61;"Facility";"Einrichtungsinformationen";;0;0;1;"7.12.6";"ch07.html#Heading356";0;;2
"FAC";81;"Facility";"Einrichtungsinformationen";;0;0;1;"7.12.6";"ch07.html#Heading365";0;;2
"FAC";91;"Facility";"Einrichtungsinformationen";;0;0;1;"7.12.6";"ch07.html#Heading387";0;;2
"FAC";92;"Facility";"Einrichtungsinformationen";;0;0;1;"7.12.6";"ch07.html#Heading396";0;;2
"FHS";1;"FILE HEADER";"Stapeldateien - Startinformationen";"CNT";0;0;1;"2.5.5";"kap2.html#Heading57";0;"InM";1
"FHS";2;"FILE HEADER";"Stapeldateien - Startinformationen";"CNT";0;0;1;"2.10.11";"hl7chp2.html#Heading160";0;"InM";1
"FHS";3;"File Header";"Stapeldateien - Startinformationen";;0;0;1;"2.24.11";"ch2.htm#Heading391";0;"InM";1
"FHS";4;"File Header";"Stapeldateien - Startinformationen";;0;0;1;"2.24.11";"ch2.html#Heading481";0;"InM";1
"FHS";5;"File Header";"Stapeldateien - Startinformationen";;0;0;1;"2.16.6";"ch02.htm#Heading417";0;"InM";1
"FHS";6;"File Header";"Stapeldateien - Startinformationen";;0;0;1;"2.15.6";"ch02.html#Heading185";0;"InM";1
"FHS";7;"File Header";"Stapeldateien - Startinformationen";;0;0;1;"2.14.6";"ch02.html#Heading136";0;"InM";1
"FHS";8;"File Header";"Stapeldateien - Startinformationen";;0;0;1;"2.14.6";"ch02.html#Heading132";0;"InM";1
"FHS";9;"File Header";"Stapeldateien - Startinformationen";;0;0;1;"2.14.6";"ch02.html#Heading145";0;"InM";1
"FHS";10;"File Header";"Stapeldateien - Startinformationen";;0;0;1;"2.14.6";"ch02.html#Heading198";0;"InM";1
"FHS";61;"File Header";"Stapeldateien - Startinformationen";;0;0;1;"2.15.6";"ch02.html#Heading185";0;"InM";1
"FHS";81;"File Header";"Stapeldateien - Startinformationen";;0;0;1;"2.14.6";"ch02.html#Heading132";0;"InM";1
"FHS";91;"File Header";"Stapeldateien - Startinformationen";;0;0;1;"2.14.6";"ch02.html#Heading145";0;"InM";1
"FHS";92;"File Header";"Stapeldateien - Startinformationen";;0;0;1;"2.14.6";"ch02.html#Heading145";0;"InM";1
"FT1";1;"FINANCIAL TRANSACTION";"Buchungsinformationen";"BLN";0;0;1;"6.3.3";"kap6.html#Heading11";0;;2
"FT1";2;"FINANCIAL TRANSACTION";"Buchungsinformationen";"BLN";0;0;1;"6.4.1";"hl7chp6.html#Heading10";0;;2
"FT1";3;"Financial transaction";"Buchungsinformationen";;0;0;1;"6.4.1";"ch6.htm#Heading12";0;;2
"FT1";4;"Financial Transaction";"Buchungsinformationen";;0;0;1;"6.4.1";"ch6.html#Heading12";0;;2
"FT1";5;"Financial Transaction";"Buchungsinformationen";;0;0;1;"6.5.1";"ch06.htm#Heading14";0;;2
"FT1";6;"Financial Transaction";"Buchungsinformationen";;0;0;1;"6.5.1";"ch06.html#Heading16";0;;2
"FT1";7;"Financial Transaction";"Buchungsinformationen";;0;0;1;"6.5.1";"ch06.html#Heading16";0;;2
"FT1";8;"Financial Transaction";"Buchungsinformationen";;0;0;1;"6.5.1";"ch06.html#Heading16";0;;2
"FT1";9;"Financial Transaction";"Buchungsinformationen";;0;0;1;"6.5.1";"ch06.html#Heading16";0;;2
"FT1";10;"Financial Transaction";"Buchungsinformationen";;0;0;1;"6.5.1";"ch06.html#Heading2327";0;;2
"FT1";32;"Financial Transaction";"Buchungsinformationen";;0;0;1;;;0;;2
"FT1";61;"Financial Transaction";"Buchungsinformationen";;0;0;1;"6.5.1";"ch06.html#Heading16";0;;2
"FT1";81;"Financial Transaction";"Buchungsinformationen";;0;0;1;"6.5.1";"ch06.html#Heading16";0;;2
"FT1";91;"Financial Transaction";"Buchungsinformationen";;0;0;1;"6.5.1";"ch06.html#Heading16";0;;2
"FT1";92;"Financial Transaction";"Buchungsinformationen";;0;0;1;"6.5.1";"ch06.html#Heading16";0;;2
"FTS";1;"FILE TRAILER";"Stapeldateien - Endeinformationen";"CNT";0;0;1;"2.5.6";"kap2.html#Heading58";0;"InM";1
"FTS";2;"FILE TRAILER";"Stapeldateien - Endeinformationen";"CNT";0;0;1;"2.10.12";"hl7chp2.html#Heading173";0;"InM";1
"FTS";3;"File Trailer";"Stapeldateien - Endeinformationen";;0;0;1;"2.24.12";"ch2.htm#Heading404";0;"InM";1
"FTS";4;"File Trailer";"Stapeldateien - Endeinformationen";;0;0;1;"2.24.12";"ch2.html#Heading495";0;"InM";1
"FTS";5;"File Trailer";"Stapeldateien - Endeinformationen";;0;0;1;"2.16.7";"ch02.htm#Heading431";0;"InM";1
"FTS";6;"File Trailer";"Stapeldateien - Endeinformationen";;0;0;1;"2.15.7";"ch02.html#Heading199";0;"InM";1
"FTS";7;"File Trailer";"Stapeldateien - Endeinformationen";;0;0;1;"2.14.7";"ch02.html#Heading152";0;"InM";1
"FTS";8;"File Trailer";"Stapeldateien - Endeinformationen";;0;0;1;"2.14.7";"ch02.html#Heading147";0;"InM";1
"FTS";9;"File Trailer";"Stapeldateien - Endeinformationen";;0;0;1;"2.14.7";"ch02.html#Heading161";0;"InM";1
"FTS";10;"File Trailer";"Stapeldateien - Endeinformationen";;0;0;1;"2.14.7";"ch02.html#Heading217";0;"InM";1
"FTS";61;"File Trailer";"Stapeldateien - Endeinformationen";;0;0;1;"2.15.7";"ch02.html#Heading199";0;"InM";1
"FTS";81;"File Trailer";"Stapeldateien - Endeinformationen";;0;0;1;"2.14.7";"ch02.html#Heading147";0;"InM";1
"FTS";91;"File Trailer";"Stapeldateien - Endeinformationen";;0;0;1;"2.14.7";"ch02.html#Heading161";0;"InM";1
"FTS";92;"File Trailer";"Stapeldateien - Endeinformationen";;0;0;1;"2.14.7";"ch02.html#Heading161";0;"InM";1
"GOL";3;"Goal Detail";"Informationen zur Zielbeschreibung";;0;0;1;"12.3.1";"ch12.htm#Heading38";0;;2
"GOL";4;"Goal Detail";"Informationen zur Zielbeschreibung";;0;0;1;"12.3.1";"ch12.html#Heading42";0;;2
"GOL";5;"Goal Detail";"Informationen zur Zielbeschreibung";;0;0;1;"12.4.1";"ch12.htm#Heading43";0;;2
"GOL";6;"Goal Detail";"Informationen zur Zielbeschreibung";;0;0;1;"12.4.1";"ch12.html#Heading43";0;;2
"GOL";7;"Goal Detail";"Informationen zur Zielbeschreibung";;0;0;1;"12.4.1";"ch12.html#Heading43";0;;2
"GOL";8;"Goal Detail";"Informationen zur Zielbeschreibung";;0;0;1;"12.4.1";"ch12.html#Heading39";0;;2
"GOL";9;"Goal Detail";"Informationen zur Zielbeschreibung";;0;0;1;"12.4.1";"ch12.html#Heading43";0;;2
"GOL";10;"Goal Detail";"Informationen zur Zielbeschreibung";;0;0;1;"12.4.1";"ch12.html#Heading4189";0;;2
"GOL";61;"Goal Detail";"Informationen zur Zielbeschreibung";;0;0;1;"12.4.1";"ch12.html#Heading43";0;;2
"GOL";81;"Goal Detail";"Informationen zur Zielbeschreibung";;0;0;1;"12.4.1";"ch12.html#Heading39";0;;2
"GOL";91;"Goal Detail";"Informationen zur Zielbeschreibung";;0;0;1;"12.4.1";"ch12.html#Heading43";0;;2
"GOL";92;"Goal Detail";"Informationen zur Zielbeschreibung";;0;0;1;"12.4.1";"ch12.html#Heading43";0;;2
"GP1";5;"Grouping/Reimbursement - Visit";"Momentan nicht verwendet";;0;0;1;"6.5.15";"ch06.htm#Heading386";0;;2
"GP1";6;"Grouping/Reimbursement - Visit";"Momentan nicht verwendet";;0;0;1;"6.5.15";"ch06.html#Heading403";0;;2
"GP1";7;"Grouping/Reimbursement - Visit";"Momentan nicht verwendet";;0;0;1;"6.5.15";"ch06.html#Heading433";0;;2
"GP1";8;"Grouping/Reimbursement - Visit";"Momentan nicht verwendet";;0;0;1;"6.5.15";"ch06.html#Heading436";0;;2
"GP1";9;"Grouping/Reimbursement - Visit";"Momentan nicht verwendet";;0;0;1;"6.5.15";"ch06.html#Heading454";0;;2
"GP1";10;"Grouping/Reimbursement - Visit";"Momentan nicht verwendet";;0;0;1;"6.5.15";"ch06.html#Heading2783";0;;2
"GP1";61;"Grouping/Reimbursement - Visit";"Momentan nicht verwendet";;0;0;1;"6.5.15";"ch06.html#Heading403";0;;2
"GP1";81;"Grouping/Reimbursement - Visit";"Momentan nicht verwendet";;0;0;1;"6.5.15";"ch06.html#Heading436";0;;2
"GP1";91;"Grouping/Reimbursement - Visit";"Momentan nicht verwendet";;0;0;1;"6.5.15";"ch06.html#Heading454";0;;2
"GP1";92;"Grouping/Reimbursement - Visit";"Momentan nicht verwendet";;0;0;1;"6.5.15";"ch06.html#Heading454";0;;2
"GP2";5;"Grouping/Reimbursement - Procedure Line Item";"Momentan nicht verwendet";;0;0;1;"6.5.16";"ch06.htm#Heading393";0;;2
"GP2";6;"Grouping/Reimbursement - Procedure Line Item";"Momentan nicht verwendet";;0;0;1;"6.5.16";"ch06.html#Heading410";0;;2
"GP2";7;"Grouping/Reimbursement - Procedure Line Item";"Momentan nicht verwendet";;0;0;1;"6.5.16";"ch06.html#Heading440";0;;2
"GP2";8;"Grouping/Reimbursement - Procedure Line Item";"Momentan nicht verwendet";;0;0;1;"6.5.16";"ch06.html#Heading442";0;;2
"GP2";9;"Grouping/Reimbursement - Procedure Line Item";"Momentan nicht verwendet";;0;0;1;"6.5.16";"ch06.html#Heading461";0;;2
"GP2";10;"Grouping/Reimbursement - Procedure Line Item";"Momentan nicht verwendet";;0;0;1;"6.5.16";"ch06.html#Heading2790";0;;2
"GP2";61;"Grouping/Reimbursement - Procedure Line Item";"Momentan nicht verwendet";;0;0;1;"6.5.16";"ch06.html#Heading410";0;;2
"GP2";81;"Grouping/Reimbursement - Procedure Line Item";"Momentan nicht verwendet";;0;0;1;"6.5.16";"ch06.html#Heading442";0;;2
"GP2";91;"Grouping/Reimbursement - Procedure Line Item";"Momentan nicht verwendet";;0;0;1;"6.5.16";"ch06.html#Heading461";0;;2
"GP2";92;"Grouping/Reimbursement - Procedure Line Item";"Momentan nicht verwendet";;0;0;1;"6.5.16";"ch06.html#Heading461";0;;2
"GT1";1;"GUARANTOR";"Informationen zum Zahlungspflichtigen";"BLN";0;0;1;"6.3.4";"kap6.html#Heading12";0;;2
"GT1";2;"GUARANTOR";"Informationen zum Zahlungspflichtigen";"BLN";0;0;1;"6.4.4";"hl7chp6.html#Heading66";0;;2
"GT1";3;"Guarantor";"Informationen zum Zahlungspflichtigen";;0;0;1;"6.4.5";"ch6.htm#Heading85";0;;2
"GT1";4;"Guarantor";"Informationen zum Zahlungspflichtigen";;0;0;1;"6.4.5";"ch6.html#Heading91";0;;2
"GT1";5;"Guarantor";"Informationen zum Zahlungspflichtigen";;0;0;1;"6.5.5";"ch06.htm#Heading96";0;;2
"GT1";6;"Guarantor";"Informationen zum Zahlungspflichtigen";;0;0;1;"6.5.5";"ch06.html#Heading107";0;;2
"GT1";7;"Guarantor";"Informationen zum Zahlungspflichtigen";;0;0;1;"6.5.5";"ch06.html#Heading136";0;;2
"GT1";8;"Guarantor";"Informationen zum Zahlungspflichtigen";;0;0;1;"6.5.5";"ch06.html#Heading147";0;;2
"GT1";9;"Guarantor";"Informationen zum Zahlungspflichtigen";;0;0;1;"6.5.5";"ch06.html#Heading151";0;;2
"GT1";10;"Guarantor";"Informationen zum Zahlungspflichtigen";;0;0;1;"6.5.5";"ch06.html#Heading2475";0;;2
"GT1";61;"Guarantor";"Informationen zum Zahlungspflichtigen";;0;0;1;"6.5.5";"ch06.html#Heading107";0;;2
"GT1";81;"Guarantor";"Informationen zum Zahlungspflichtigen";;0;0;1;"6.5.5";"ch06.html#Heading147";0;;2
"GT1";91;"Guarantor";"Informationen zum Zahlungspflichtigen";;0;0;1;"6.5.5";"ch06.html#Heading151";0;;2
"GT1";92;"Guarantor";"Informationen zum Zahlungspflichtigen";;0;0;1;"6.5.5";"ch06.html#Heading151";0;;2
"Hxx";3;"any HL7 segment";"beliebiges HL7-Segment";;0;0;1;"8.4";;0;;2
"Hxx";4;"any HL7 segment";"beliebiges HL7-Segment";;0;0;1;"8.4";;0;;2
"Hxx";5;"any HL7 segment";"beliebiges HL7-Segment";;0;0;1;"8.4";"ch08.htm";0;;2
"Hxx";6;"any HL7 segment";"beliebiges HL7-Segment";;0;0;1;"8.4";"ch08.htm";0;;2
"Hxx";7;"any HL7 segment";"beliebiges HL7-Segment";;0;0;1;;;0;;2
"Hxx";8;"any HL7 segment";"beliebiges HL7-Segment";;0;0;1;"";"";0;;2
"Hxx";9;"any HL7 segment";"beliebiges HL7-Segment";;0;0;1;"";"";0;;2
"Hxx";10;"any HL7 segment";"beliebiges HL7-Segment";;0;0;1;"";"";0;;2
"Hxx";61;"any HL7 segment";"beliebiges HL7-Segment";;0;0;1;;;0;;2
"Hxx";81;"any HL7 segment";"beliebiges HL7-Segment";;0;0;1;"";"";0;;2
"Hxx";91;"any HL7 segment";"beliebiges HL7-Segment";;0;0;1;"";"";0;;2
"Hxx";92;"any HL7 segment";"beliebiges HL7-Segment";;0;0;1;"";"";0;;2
"IAM";5;"Patient Adverse Reaction Information";"Informationen zu allergischen Reaktionen/Tests";;0;0;1;"3.4.7";"ch03.htm#Heading269";0;"PA";2
"IAM";6;"Patient Adverse Reaction Information";"Informationen zu allergischen Reaktionen/Tests";;0;0;1;"3.4.7";"ch03.html#Heading274";0;"PA";2
"IAM";7;"Patient Adverse Reaction Information";"Informationen zu allergischen Reaktionen/Tests";;0;0;1;"3.4.7";"ch03.html#Heading275";0;"PA";2
"IAM";8;"Patient Adverse Reaction Information";"Informationen zu allergischen Reaktionen/Tests";;0;0;1;"3.4.7";"ch03.html#Heading273";0;"PA";2
"IAM";9;"Patient Adverse Reaction Information";"Informationen zu allergischen Reaktionen/Tests";;0;0;1;"3.4.7";"ch03.html#Heading279";0;"PA";2
"IAM";10;"Patient Adverse Reaction Information";"Informationen zu allergischen Reaktionen/Tests";;0;0;1;"3.4.7";"ch03.html#Heading1215";0;"PA";2
"IAM";61;"Patient Adverse Reaction Information";"Informationen zu allergischen Reaktionen/Tests";;0;0;1;"3.4.7";"ch03.html#Heading274";0;"PA";2
"IAM";81;"Patient Adverse Reaction Information";"Informationen zu allergischen Reaktionen/Tests";;0;0;1;"3.4.7";"ch03.html#Heading273";0;"PA";2
"IAM";91;"Patient Adverse Reaction Information";"Informationen zu allergischen Reaktionen/Tests";;0;0;1;"3.4.7";"ch03.html#Heading279";0;"PA";2
"IAM";92;"Patient Adverse Reaction Information";"Informationen zu allergischen Reaktionen/Tests";;0;0;1;"3.4.7";"ch03.html#Heading279";0;"PA";2
"IAR";8;"allergy reaction";"allergische Reaktion";;0;0;1;"3.4.8";"ch03.html#Heading304";0;"PA";2
"IAR";9;"allergy reaction";"allergische Reaktion";;0;0;1;"3.4.8";"ch03.html#Heading311";0;"PA";2
"IAR";10;"allergy reaction";"allergische Reaktion";;0;0;1;"3.4.8";"ch03.html#Heading1247";0;"PA";2
"IAR";81;"allergy reaction";"allergische Reaktion";;0;0;1;"3.4.8";"ch03.html#Heading304";0;"PA";2
"IAR";91;"allergy reaction";"allergische Reaktion";;0;0;1;"3.4.8";"ch03.html#Heading311";0;"PA";2
"IAR";92;"allergy reaction";"allergische Reaktion";;0;0;1;"3.4.8";"ch03.html#Heading311";0;"PA";2
"IIM";6;"Inventory Item Master";"Informationen zu Lagerartikeln";;0;0;1;"8.12.2";"ch08.html#Heading307";0;;2
"IIM";7;"Inventory Item Master";"Informationen zu Lagerartikeln";;0;0;1;"17.4.1";"ch17.html#Heading34";0;;2
"IIM";8;"Inventory Item Master";"Informationen zu Lagerartikeln";;0;0;1;"17.4.1";"ch17.html#Heading34";0;;2
"IIM";9;"Inventory Item Master";"Informationen zu Lagerartikeln";;0;0;1;"17.4.1";"ch17.html#Heading34";0;;2
"IIM";10;"Inventory Item Master";"Informationen zu Lagerartikeln";;0;0;1;"17.4.1";"ch17.html#Heading4957";0;;2
"IIM";61;"Inventory Item Master";"Informationen zu Lagerartikeln";;0;0;1;"8.12.2";"ch08.html#Heading307";0;;2
"IIM";81;"Inventory Item Master";"Informationen zu Lagerartikeln";;0;0;1;"17.4.1";"ch17.html#Heading34";0;;2
"IIM";91;"Inventory Item Master";"Informationen zu Lagerartikeln";;0;0;1;"17.4.1";"ch17.html#Heading34";0;;2
"IIM";92;"Inventory Item Master";"Informationen zu Lagerartikeln";;0;0;1;"17.4.1";"ch17.html#Heading34";0;;2
"ILT";7;"Material Lot";"Informationen zu Material-Chargen";;0;0;1;"17.4.8";"ch17.html#Heading138";0;;2
"ILT";8;"Material Lot";"Informationen zu Material-Chargen";;0;0;1;"17.4.8";"ch17.html#Heading131";0;;2
"ILT";9;"Material Lot";"Informationen zu Material-Chargen";;0;0;1;"17.4.8";"ch17.html#Heading143";0;;2
"ILT";10;"Material Lot";"Informationen zu Material-Chargen";;0;0;1;"17.4.8";"ch17.html#Heading5080";0;;2
"ILT";81;"Material Lot";"Informationen zu Material-Chargen";;0;0;1;"17.4.8";"ch17.html#Heading131";0;;2
"ILT";91;"Material Lot";"Informationen zu Material-Chargen";;0;0;1;"17.4.8";"ch17.html#Heading143";0;;2
"ILT";92;"Material Lot";"Informationen zu Material-Chargen";;0;0;1;"17.4.8";"ch17.html#Heading143";0;;2
"IN1";1;"INSURANCE";"Versicherungsinformationen";"BLN";0;0;1;"6.3.5";"kap6.html#Heading13";0;;2
"IN1";2;"INSURANCE";"Versicherungsinformationen";"BLN";0;0;1;"6.4.5";"hl7chp6.html#Heading88";0;;2
"IN1";3;"Insurance";"Versicherungsinformationen";;0;0;1;"6.4.6";"ch6.htm#Heading141";0;;2
"IN1";4;"Insurance";"Versicherungsinformationen";;0;0;1;"6.4.6";"ch6.html#Heading148";0;;2
"IN1";5;"Insurance";"Versicherungsinformationen";;1;0;1;"6.5.6";"ch06.htm#Heading153";0;;2
"IN1";6;"Insurance";"Versicherungsinformationen";;0;0;1;"6.5.6";"ch06.html#Heading166";0;;2
"IN1";7;"Insurance";"Versicherungsinformationen";;0;0;1;"6.5.6";"ch06.html#Heading195";1;;2
"IN1";8;"Insurance";"Versicherungsinformationen";;0;0;1;"6.5.6";"ch06.html#Heading205";0;;2
"IN1";9;"Insurance";"Versicherungsinformationen";;0;0;1;"6.5.6";"ch06.html#Heading210";0;;2
"IN1";10;"Insurance";"Versicherungsinformationen";;0;0;1;"6.5.6";"ch06.html#Heading2534";0;;2
"IN1";32;"Insurance";"Versicherungsinformationen";;0;0;1;;;0;;2
"IN1";61;"Insurance";"Versicherungsinformationen";;0;0;1;"6.5.6";"ch06.html#Heading166";0;;2
"IN1";81;"Insurance";"Versicherungsinformationen";;0;0;1;"6.5.6";"ch06.html#Heading205";0;;2
"IN1";91;"Insurance";"Versicherungsinformationen";;0;0;1;"6.5.6";"ch06.html#Heading210";0;;2
"IN1";92;"Insurance";"Versicherungsinformationen";;0;0;1;"6.5.6";"ch06.html#Heading210";0;;2
"IN2";2;"INSURANCE ADDITIONAL INFO";"Zusätzliche Versicherungsinformationen";"BLN";0;0;1;"6.4.6";"hl7chp6.html#Heading135";0;;2
"IN2";3;"Insurance Additional Information";"Zusätzliche Versicherungsinformationen";;0;0;1;"6.4.7";"ch6.htm#Heading191";0;;2
"IN2";4;"Insurance Additional Information";"Zusätzliche Versicherungsinformationen";;0;0;1;"6.4.7";"ch6.html#Heading199";0;;2
"IN2";5;"Insurance Additional Information";"Zusätzliche Versicherungsinformationen";;1;0;1;"6.5.7";"ch06.htm#Heading204";0;;2
"IN2";6;"Insurance Additional Information";"Zusätzliche Versicherungsinformationen";;0;0;1;"6.5.7";"ch06.html#Heading221";0;;2
"IN2";7;"Insurance Additional Information";"Zusätzliche Versicherungsinformationen";;0;0;1;"6.5.7";"ch06.html#Heading250";1;;2
"IN2";8;"Insurance Additional Information";"Zusätzliche Versicherungsinformationen";;0;0;1;"6.5.7";"ch06.html#Heading260";0;;2
"IN2";9;"Insurance Additional Information";"Zusätzliche Versicherungsinformationen";;0;0;1;"6.5.7";"ch06.html#Heading267";0;;2
"IN2";10;"Insurance Additional Information";"Zusätzliche Versicherungsinformationen";;0;0;1;"6.5.7";"ch06.html#Heading2591";0;;2
"IN2";32;"Insurance Additional Information";"Zusätzliche Versicherungsinformationen";;0;0;1;;;0;;2
"IN2";61;"Insurance Additional Information";"Zusätzliche Versicherungsinformationen";;0;0;1;"6.5.7";"ch06.html#Heading221";0;;2
"IN2";81;"Insurance Additional Information";"Zusätzliche Versicherungsinformationen";;0;0;1;"6.5.7";"ch06.html#Heading260";0;;2
"IN2";91;"Insurance Additional Information";"Zusätzliche Versicherungsinformationen";;0;0;1;"6.5.7";"ch06.html#Heading267";0;;2
"IN2";92;"Insurance Additional Information";"Zusätzliche Versicherungsinformationen";;0;0;1;"6.5.7";"ch06.html#Heading267";0;;2
"IN3";2;"INSURANCE ADDITIONAL INFO-CERTIFICATION";"Versicherungsinformationen - Kostenübernahme";"QRY";0;0;1;"6.4.7";"hl7chp6.html#Heading166";0;;2
"IN3";3;"Insurance Additional Information, Certification";"Versicherungsinformationen - Kostenübernahme";;0;0;1;"6.4.8";"ch6.htm#Heading264";0;;2
"IN3";4;"Insurance Additional Information, Certification";"Versicherungsinformationen - Kostenübernahme";;0;0;1;"6.4.8";"ch6.html#Heading274";0;;2
"IN3";5;"Insurance Additional Information, Certification";"Versicherungsinformationen - Kostenübernahme";;1;0;1;"6.5.8";"ch06.htm#Heading278";0;;2
"IN3";6;"Insurance Additional Information, Certification";"Versicherungsinformationen - Kostenübernahme";;0;0;1;"6.5.8";"ch06.html#Heading295";0;;2
"IN3";7;"Insurance Additional Information, Certification";"Versicherungsinformationen - Kostenübernahme";;0;0;1;"6.5.8";"ch06.html#Heading324";0;;2
"IN3";8;"Insurance Additional Information, Certification";"Versicherungsinformationen - Kostenübernahme";;0;0;1;"6.5.8";"ch06.html#Heading333";0;;2
"IN3";9;"Insurance Additional Information, Certification";"Versicherungsinformationen - Kostenübernahme";;0;0;1;"6.5.8";"ch06.html#Heading341";0;;2
"IN3";10;"Insurance Additional Information, Certification";"Versicherungsinformationen - Kostenübernahme";;0;0;1;"6.5.8";"ch06.html#Heading2666";0;;2
"IN3";61;"Insurance Additional Information, Certification";"Versicherungsinformationen - Kostenübernahme";;0;0;1;"6.5.8";"ch06.html#Heading295";0;;2
"IN3";81;"Insurance Additional Information, Certification";"Versicherungsinformationen - Kostenübernahme";;0;0;1;"6.5.8";"ch06.html#Heading333";0;;2
"IN3";91;"Insurance Additional Information, Certification";"Versicherungsinformationen - Kostenübernahme";;0;0;1;"6.5.8";"ch06.html#Heading341";0;;2
"IN3";92;"Insurance Additional Information, Certification";"Versicherungsinformationen - Kostenübernahme";;0;0;1;"6.5.8";"ch06.html#Heading341";0;;2
"INV";5;"Inventory Detail";"Bestandsinformationen";;0;0;1;"13.4.4";"ch13.htm#Heading148";0;;2
"INV";6;"Inventory Detail";"Bestandsinformationen";;0;0;1;"13.4.4";"ch13.html#Heading147";0;;2
"INV";7;"Inventory Detail";"Bestandsinformationen";;0;0;1;"13.4.4";"ch13.html#Heading147";0;;2
"INV";8;"Inventory Detail";"Bestandsinformationen";;0;0;1;"13.4.4";"ch13.html#Heading144";0;;2
"INV";9;"Inventory Detail";"Bestandsinformationen";;0;0;1;"13.4.4";"ch13.html#Heading147";0;;2
"INV";10;"Inventory Detail";"Bestandsinformationen";;0;0;1;"13.4.4";"ch13.html#Heading4437";0;;2
"INV";61;"Inventory Detail";"Bestandsinformationen";;0;0;1;"13.4.4";"ch13.html#Heading147";0;;2
"INV";81;"Inventory Detail";"Bestandsinformationen";;0;0;1;"13.4.4";"ch13.html#Heading144";0;;2
"INV";91;"Inventory Detail";"Bestandsinformationen";;0;0;1;"13.4.4";"ch13.html#Heading147";0;;2
"INV";92;"Inventory Detail";"Bestandsinformationen";;0;0;1;"13.4.4";"ch13.html#Heading147";0;;2
"IPC";6;"Imaging Procedure Control Segment";"Anforderungsdetails bildgebende Verfahren";;0;0;1;"4.5.6";"ch04.html#Heading151";0;"OO";2
"IPC";7;"Imaging Procedure Control Segment";"Anforderungsdetails bildgebende Verfahren";;0;0;1;"4.5.6";"ch04.html#Heading154";0;"OO";2
"IPC";8;"Imaging Procedure Control Segment";"Anforderungsdetails bildgebende Verfahren";;0;0;1;"4.5.6";"ch04.html#Heading153";0;"OO";2
"IPC";9;"Imaging Procedure Control Segment";"Anforderungsdetails bildgebende Verfahren";;0;0;1;"4.5.6";"ch04.html#Heading163";0;"OO";2
"IPC";10;"Imaging Procedure Control Segment";"Anforderungsdetails bildgebende Verfahren";;0;0;1;"4.5.6";"ch04.html#Heading1612";0;"OO";2
"IPC";61;"Imaging Procedure Control Segment";"Anforderungsdetails bildgebende Verfahren";;0;0;1;"4.5.6";"ch04.html#Heading153";0;"OO";2
"IPC";81;"Imaging Procedure Control Segment";"Anforderungsdetails bildgebende Verfahren";;0;0;1;"4.4.6";"ch04.html#Heading153";0;"OO";2
"IPC";91;"Imaging Procedure Control Segment";"Anforderungsdetails bildgebende Verfahren";;0;0;1;"4.5.6";"ch04.html#Heading175";0;"OO";2
"IPC";92;"Imaging Procedure Control Segment";"Anforderungsdetails bildgebende Verfahren";;0;0;1;"4.5.6";"ch04.html#Heading175";0;"OO";2
"IPR";7;"Invoice Processing Results";"Ergebnisse der Rechnungsverarbeitung";;0;0;1;"16.4.9";"ch16.html#Heading166";0;;2
"IPR";8;"Invoice Processing Results";"Ergebnisse der Rechnungsverarbeitung";;0;0;1;"16.4.9";"ch16.html#Heading158";0;;2
"IPR";9;"Invoice Processing Results";"Ergebnisse der Rechnungsverarbeitung";;0;0;1;"16.4.9";"ch16.html#Heading166";0;;2
"IPR";10;"Invoice Processing Results";"Ergebnisse der Rechnungsverarbeitung";;0;0;1;"16.4.9";"ch16.html#Heading4912";0;;2
"IPR";81;"Invoice Processing Results";"Ergebnisse der Rechnungsverarbeitung";;0;0;1;"16.4.9";"ch16.html#Heading158";0;;2
"IPR";91;"Invoice Processing Results";"Ergebnisse der Rechnungsverarbeitung";;0;0;1;"16.4.9";"ch16.html#Heading166";0;;2
"IPR";92;"Invoice Processing Results";"Ergebnisse der Rechnungsverarbeitung";;0;0;1;"16.4.9";"ch16.html#Heading166";0;;2
"ISD";5;"Interaction Status Detail";"Geräteinteraktion";;0;0;1;"13.4.2";"ch13.htm#Heading97";0;;2
"ISD";6;"Interaction Status Detail";"Geräteinteraktion";;0;0;1;"13.4.2";"ch13.html#Heading96";0;;2
"ISD";7;"Interaction Status Detail";"Geräteinteraktion";;0;0;1;"13.4.2";"ch13.html#Heading96";0;;2
"ISD";8;"Interaction Status Detail";"Geräteinteraktion";;0;0;1;"13.4.2";"ch13.html#Heading95";0;;2
"ISD";9;"Interaction Status Detail";"Geräteinteraktion";;0;0;1;"13.4.2";"ch13.html#Heading96";0;;2
"ISD";10;"Interaction Status Detail";"Geräteinteraktion";;0;0;1;"13.4.2";"ch13.html#Heading4381";0;;2
"ISD";61;"Interaction Status Detail";"Geräteinteraktion";;0;0;1;"13.4.2";"ch13.html#Heading96";0;;2
"ISD";81;"Interaction Status Detail";"Geräteinteraktion";;0;0;1;"13.4.2";"ch13.html#Heading95";0;;2
"ISD";91;"Interaction Status Detail";"Geräteinteraktion";;0;0;1;"13.4.2";"ch13.html#Heading96";0;;2
"ISD";92;"Interaction Status Detail";"Geräteinteraktion";;0;0;1;"13.4.2";"ch13.html#Heading96";0;;2
"ITM";7;"Material Item";"Materialinformationen";;0;0;1;"17.4.2";"ch17.html#Heading51";0;;2
"ITM";8;"Material Item";"Materialinformationen";;0;0;1;"17.4.2";"ch17.html#Heading50";0;;2
"ITM";9;"Material Item";"Materialinformationen";;0;0;1;"17.4.2";"ch17.html#Heading51";0;;2
"ITM";10;"Material Item";"Materialinformationen";;0;0;1;"17.4.2";"ch17.html#Heading4974";0;;2
"ITM";81;"Material Item";"Materialinformationen";;0;0;1;"17.4.2";"ch17.html#Heading50";0;;2
"ITM";91;"Material Item";"Materialinformationen";;0;0;1;"17.4.2";"ch17.html#Heading51";0;;2
"ITM";92;"Material Item";"Materialinformationen";;0;0;1;"17.4.2";"ch17.html#Heading51";0;;2
"IVC";7;"Invoice Segment";"Allgemeine Rechnungsinformation";;0;0;1;"16.4.2";"ch16.html#Heading29";0;;2
"IVC";8;"Invoice Segment";"Allgemeine Rechnungsinformation";;0;0;1;"16.4.2";"ch16.html#Heading28";0;;2
"IVC";9;"Invoice Segment";"Allgemeine Rechnungsinformation";;0;0;1;"16.4.2";"ch16.html#Heading29";0;;2
"IVC";10;"Invoice Segment";"Allgemeine Rechnungsinformation";;0;0;1;"16.4.2";"ch16.html#Heading4775";0;;2
"IVC";81;"Invoice Segment";"Allgemeine Rechnungsinformation";;0;0;1;"16.4.2";"ch16.html#Heading28";0;;2
"IVC";91;"Invoice Segment";"Allgemeine Rechnungsinformation";;0;0;1;"16.4.2";"ch16.html#Heading29";0;;2
"IVC";92;"Invoice Segment";"Allgemeine Rechnungsinformation";;0;0;1;"16.4.2";"ch16.html#Heading29";0;;2
"IVT";7;"Material Location";"Lagerort von Materialien";;0;0;1;"17.4.7";"ch17.html#Heading110";0;;2
"IVT";8;"Material Location";"Lagerort von Materialien";;0;0;1;"17.4.7";"ch17.html#Heading104";0;;2
"IVT";9;"Material Location";"Lagerort von Materialien";;0;0;1;"17.4.7";"ch17.html#Heading115";0;;2
"IVT";10;"Material Location";"Lagerort von Materialien";;0;0;1;"17.4.7";"ch17.html#Heading5052";0;;2
"IVT";81;"Material Location";"Lagerort von Materialien";;0;0;1;"17.4.7";"ch17.html#Heading104";0;;2
"IVT";91;"Material Location";"Lagerort von Materialien";;0;0;1;"17.4.7";"ch17.html#Heading115";0;;2
"IVT";92;"Material Location";"Lagerort von Materialien";;0;0;1;"17.4.7";"ch17.html#Heading115";0;;2
"LAN";5;"Language Detail";"Informationen über Sprachkenntnisse";;0;0;1;"15.4.3";"ch15.htm#Heading31";0;"PA";2
"LAN";6;"Language Detail";"Informationen über Sprachkenntnisse";;0;0;1;"15.4.4";"ch15.html#Heading67";0;"PA";2
"LAN";7;"Language Detail";"Informationen über Sprachkenntnisse";;0;0;1;"15.4.4";"ch15.html#Heading67";0;"PA";2
"LAN";8;"Language Detail";"Informationen über Sprachkenntnisse";;0;0;1;"15.4.4";"ch15.html#Heading67";0;"PA";2
"LAN";9;"Language Detail";"Informationen über Sprachkenntnisse";;0;0;1;"15.4.4";"ch15.html#Heading67";0;"PA";2
"LAN";10;"Language Detail";"Informationen über Sprachkenntnisse";;0;0;1;"15.4.4";"ch15.html#Heading4664";0;"PA";2
"LAN";61;"Language Detail";"Informationen über Sprachkenntnisse";;0;0;1;"15.4.4";"ch15.html#Heading67";0;"PA";2
"LAN";81;"Language Detail";"Informationen über Sprachkenntnisse";;0;0;1;"15.4.4";"ch15.html#Heading67";0;"PA";2
"LAN";91;"Language Detail";"Informationen über Sprachkenntnisse";;0;0;1;"15.4.4";"ch15.html#Heading67";0;"PA";2
"LAN";92;"Language Detail";"Informationen über Sprachkenntnisse";;0;0;1;"15.4.4";"ch15.html#Heading67";0;"PA";2
"LCC";3;"Location Charge Code";"Stammdaten - Abrechnungsinformationen zu Räumlichkeiten";;0;0;1;"8.8.6";"ch8.htm#Heading214";0;;2
"LCC";4;"Location Charge Code";"Stammdaten - Abrechnungsinformationen zu Räumlichkeiten";;0;0;1;"8.8.6";"ch8.html#Heading235";0;;2
"LCC";5;"Location Charge Code";"Stammdaten - Abrechnungsinformationen zu Räumlichkeiten";;0;0;1;"8.9.6";"ch08.htm#Heading226";0;;2
"LCC";6;"Location Charge Code";"Stammdaten - Abrechnungsinformationen zu Räumlichkeiten";;0;0;1;"8.9.6";"ch08.html#Heading234";0;;2
"LCC";7;"Location Charge Code";"Stammdaten - Abrechnungsinformationen zu Räumlichkeiten";;0;0;1;"8.9.6";"ch08.html#Heading235";0;;2
"LCC";8;"Location Charge Code";"Stammdaten - Abrechnungsinformationen zu Räumlichkeiten";;0;0;1;"8.9.6";"ch08.html#Heading207";0;;2
"LCC";9;"Location Charge Code";"Stammdaten - Abrechnungsinformationen zu Räumlichkeiten";;0;0;1;"8.9.6";"ch08.html#Heading234";0;;2
"LCC";10;"Location Charge Code";"Stammdaten - Abrechnungsinformationen zu Räumlichkeiten";;0;0;1;"8.9.6";"ch08.html#Heading3541";0;;2
"LCC";61;"Location Charge Code";"Stammdaten - Abrechnungsinformationen zu Räumlichkeiten";;0;0;1;"8.9.6";"ch08.html#Heading234";0;;2
"LCC";81;"Location Charge Code";"Stammdaten - Abrechnungsinformationen zu Räumlichkeiten";;0;0;1;"8.9.6";"ch08.html#Heading207";0;;2
"LCC";91;"Location Charge Code";"Stammdaten - Abrechnungsinformationen zu Räumlichkeiten";;0;0;1;"8.9.6";"ch08.html#Heading238";0;;2
"LCC";92;"Location Charge Code";"Stammdaten - Abrechnungsinformationen zu Räumlichkeiten";;0;0;1;"8.9.6";"ch08.html#Heading298";0;;2
"LCH";3;"Location Characteristic";"Stammdaten - Eigenschaften der Räumlichkeiten";;0;0;1;"8.8.3";"ch8.htm#Heading189";0;;2
"LCH";4;"Location Characteristic";"Stammdaten - Eigenschaften der Räumlichkeiten";;0;0;1;"8.8.3";"ch8.html#Heading207";0;;2
"LCH";5;"Location Characteristic";"Stammdaten - Eigenschaften der Räumlichkeiten";;0;0;1;"8.9.3";"ch08.htm#Heading197";0;;2
"LCH";6;"Location Characteristic";"Stammdaten - Eigenschaften der Räumlichkeiten";;0;0;1;"8.9.3";"ch08.html#Heading205";0;;2
"LCH";7;"Location Characteristic";"Stammdaten - Eigenschaften der Räumlichkeiten";;0;0;1;"8.9.3";"ch08.html#Heading206";0;;2
"LCH";8;"Location Characteristic";"Stammdaten - Eigenschaften der Räumlichkeiten";;0;0;1;"8.9.3";"ch08.html#Heading181";0;;2
"LCH";9;"Location Characteristic";"Stammdaten - Eigenschaften der Räumlichkeiten";;0;0;1;"8.9.3";"ch08.html#Heading205";0;;2
"LCH";10;"Location Characteristic";"Stammdaten - Eigenschaften der Räumlichkeiten";;0;0;1;"8.9.3";"ch08.html#Heading3512";0;;2
"LCH";61;"Location Characteristic";"Stammdaten - Eigenschaften der Räumlichkeiten";;0;0;1;"8.9.3";"ch08.html#Heading205";0;;2
"LCH";81;"Location Characteristic";"Stammdaten - Eigenschaften der Räumlichkeiten";;0;0;1;"8.9.3";"ch08.html#Heading181";0;;2
"LCH";91;"Location Characteristic";"Stammdaten - Eigenschaften der Räumlichkeiten";;0;0;1;"8.9.3";"ch08.html#Heading209";0;;2
"LCH";92;"Location Characteristic";"Stammdaten - Eigenschaften der Räumlichkeiten";;0;0;1;"8.9.3";"ch08.html#Heading269";0;;2
"LDP";3;"Location Department";"Stammdaten - Abteilungsinformationen zu Räumlichkeiten";;0;0;1;"8.8.5";"ch8.htm#Heading202";0;;2
"LDP";4;"Location Department";"Stammdaten - Abteilungsinformationen zu Räumlichkeiten";;0;0;1;"8.8.5";"ch8.html#Heading222";0;;2
"LDP";5;"Location Department";"Stammdaten - Abteilungsinformationen zu Räumlichkeiten";;0;0;1;"8.9.5";"ch08.htm#Heading212";0;;2
"LDP";6;"Location Department";"Stammdaten - Abteilungsinformationen zu Räumlichkeiten";;0;0;1;"8.9.5";"ch08.html#Heading220";0;;2
"LDP";7;"Location Department";"Stammdaten - Abteilungsinformationen zu Räumlichkeiten";;0;0;1;"8.9.5";"ch08.html#Heading221";0;;2
"LDP";8;"Location Department";"Stammdaten - Abteilungsinformationen zu Räumlichkeiten";;0;0;1;"8.9.5";"ch08.html#Heading194";0;;2
"LDP";9;"Location Department";"Stammdaten - Abteilungsinformationen zu Räumlichkeiten";;0;0;1;"8.9.5";"ch08.html#Heading220";0;;2
"LDP";10;"Location Department";"Stammdaten - Abteilungsinformationen zu Räumlichkeiten";;0;0;1;"8.9.5";"ch08.html#Heading3527";0;;2
"LDP";61;"Location Department";"Stammdaten - Abteilungsinformationen zu Räumlichkeiten";;0;0;1;"8.9.5";"ch08.html#Heading220";0;;2
"LDP";81;"Location Department";"Stammdaten - Abteilungsinformationen zu Räumlichkeiten";;0;0;1;"8.9.5";"ch08.html#Heading194";0;;2
"LDP";91;"Location Department";"Stammdaten - Abteilungsinformationen zu Räumlichkeiten";;0;0;1;"8.9.5";"ch08.html#Heading224";0;;2
"LDP";92;"Location Department";"Stammdaten - Abteilungsinformationen zu Räumlichkeiten";;0;0;1;"8.9.5";"ch08.html#Heading284";0;;2
"LOC";3;"Location Identification";"Stammdaten - Räumlichkeiten";;0;0;1;"8.8.2";"ch8.htm#Heading180";0;;2
"LOC";4;"Location Identification";"Stammdaten - Räumlichkeiten";;0;0;1;"8.8.2";"ch8.html#Heading197";0;;2
"LOC";5;"Location Identification";"Stammdaten - Räumlichkeiten";;0;0;1;"8.9.2";"ch08.htm#Heading186";0;;2
"LOC";6;"Location Identification";"Stammdaten - Räumlichkeiten";;0;0;1;"8.9.2";"ch08.html#Heading194";0;;2
"LOC";7;"Location Identification";"Stammdaten - Räumlichkeiten";;0;0;1;"8.9.2";"ch08.html#Heading195";0;;2
"LOC";8;"Location Identification";"Stammdaten - Räumlichkeiten";;0;0;1;"8.9.2";"ch08.html#Heading171";0;;2
"LOC";9;"Location Identification";"Stammdaten - Räumlichkeiten";;0;0;1;"8.9.2";"ch08.html#Heading194";0;;2
"LOC";10;"Location Identification";"Stammdaten - Räumlichkeiten";;0;0;1;"8.9.2";"ch08.html#Heading3501";0;;2
"LOC";61;"Location Identification";"Stammdaten - Räumlichkeiten";;0;0;1;"8.9.2";"ch08.html#Heading194";0;;2
"LOC";81;"Location Identification";"Stammdaten - Räumlichkeiten";;0;0;1;"8.9.2";"ch08.html#Heading171";0;;2
"LOC";91;"Location Identification";"Stammdaten - Räumlichkeiten";;0;0;1;"8.9.2";"ch08.html#Heading198";0;;2
"LOC";92;"Location Identification";"Stammdaten - Räumlichkeiten";;0;0;1;"8.9.2";"ch08.html#Heading258";0;;2
"LOC";540;"Location";"Stammdaten - Räumlichkeiten";;0;0;1;"8.5.5";;0;;2
"LRL";3;"Location Relationship";"Stammdaten - Beziehungen zwischen Räumlichkeiten";;0;0;1;"8.8.4";"ch8.htm#Heading195";0;;2
"LRL";4;"Location Relationship";"Stammdaten - Beziehungen zwischen Räumlichkeiten";;0;0;1;"8.8.4";"ch8.html#Heading214";0;;2
"LRL";5;"Location Relationship";"Stammdaten - Beziehungen zwischen Räumlichkeiten";;0;0;1;"8.9.4";"ch08.htm#Heading204";0;;2
"LRL";6;"Location Relationship";"Stammdaten - Beziehungen zwischen Räumlichkeiten";;0;0;1;"8.9.4";"ch08.html#Heading212";0;;2
"LRL";7;"Location Relationship";"Stammdaten - Beziehungen zwischen Räumlichkeiten";;0;0;1;"8.9.4";"ch08.html#Heading213";0;;2
"LRL";8;"Location Relationship";"Stammdaten - Beziehungen zwischen Räumlichkeiten";;0;0;1;"8.9.4";"ch08.html#Heading187";0;;2
"LRL";9;"Location Relationship";"Stammdaten - Beziehungen zwischen Räumlichkeiten";;0;0;1;"8.9.4";"ch08.html#Heading212";0;;2
"LRL";10;"Location Relationship";"Stammdaten - Beziehungen zwischen Räumlichkeiten";;0;0;1;"8.9.4";"ch08.html#Heading3519";0;;2
"LRL";61;"Location Relationship";"Stammdaten - Beziehungen zwischen Räumlichkeiten";;0;0;1;"8.9.4";"ch08.html#Heading212";0;;2
"LRL";81;"Location Relationship";"Stammdaten - Beziehungen zwischen Räumlichkeiten";;0;0;1;"8.9.4";"ch08.html#Heading187";0;;2
"LRL";91;"Location Relationship";"Stammdaten - Beziehungen zwischen Räumlichkeiten";;0;0;1;"8.9.4";"ch08.html#Heading216";0;;2
"LRL";92;"Location Relationship";"Stammdaten - Beziehungen zwischen Räumlichkeiten";;0;0;1;"8.9.4";"ch08.html#Heading276";0;;2
"LRL";540;"Location Relationship";"Stammdaten - Beziehungen zwischen Räumlichkeiten";;0;0;1;"8.5.6";;0;;2
"MCP";10;"Master File Coverage";;;0;0;1;"8.8.18";"ch08.html#Heading3485";0;;2
"MCP";92;"Master File Coverage";;;0;0;1;"8.8.18";"ch08.html#Heading242";0;;2
"MFA";2;"MASTER FILE ACKNOWLEDGEMENT";"Bestätigung zu Stammdatennachrichten";;0;0;1;"8.4.3";"hl7chp8.html#Heading22";0;;2
"MFA";3;"Master File Acknowledgment";"Bestätigung zu Stammdatennachrichten";;0;0;1;"8.4.3";"ch8.htm#Heading22";0;;2
"MFA";4;"Master File Acknowledgment";"Bestätigung zu Stammdatennachrichten";;0;0;1;"8.4.3";"ch8.html#Heading26";0;;2
"MFA";5;"Master File Acknowledgment";"Bestätigung zu Stammdatennachrichten";;0;0;1;"8.5.3";"ch08.htm#Heading27";0;;2
"MFA";6;"Master File Acknowledgment";"Bestätigung zu Stammdatennachrichten";;0;0;1;"8.5.3";"ch08.html#Heading41";0;;2
"MFA";7;"Master File Acknowledgment";"Bestätigung zu Stammdatennachrichten";;0;0;1;"8.5.3";"ch08.html#Heading42";0;;2
"MFA";8;"Master File Acknowledgment";"Bestätigung zu Stammdatennachrichten";;0;0;1;"8.5.3";"ch08.html#Heading29";0;;2
"MFA";9;"Master File Acknowledgment";"Bestätigung zu Stammdatennachrichten";;0;0;1;"8.5.3";"ch08.html#Heading33";0;;2
"MFA";10;"Master File Acknowledgment";"Bestätigung zu Stammdatennachrichten";;0;0;1;"8.5.3";"ch08.html#Heading3276";0;;2
"MFA";61;"Master File Acknowledgment";"Bestätigung zu Stammdatennachrichten";;0;0;1;"8.5.3";"ch08.html#Heading41";0;;2
"MFA";81;"Master File Acknowledgment";"Bestätigung zu Stammdatennachrichten";;0;0;1;"8.5.3";"ch08.html#Heading29";0;;2
"MFA";91;"Master File Acknowledgment";"Bestätigung zu Stammdatennachrichten";;0;0;1;"8.5.3";"ch08.html#Heading33";0;;2
"MFA";92;"Master File Acknowledgment";"Bestätigung zu Stammdatennachrichten";;0;0;1;"8.5.3";"ch08.html#Heading33";0;;2
"MFE";2;"MASTER FILE ENTRY";"Informationen zum Stammdatenelement";;0;0;1;"8.4.2";"hl7chp8.html#Heading17";0;;2
"MFE";3;"Master File Entry";"Informationen zum Stammdatenelement";;0;0;1;"8.4.2";"ch8.htm#Heading17";0;;2
"MFE";4;"Master File Entry";"Informationen zum Stammdatenelement";;0;0;1;"8.4.2";"ch8.html#Heading19";0;;2
"MFE";5;"Master File Entry";"Informationen zum Stammdatenelement";;0;0;1;"8.5.2";"ch08.htm#Heading20";0;;2
"MFE";6;"Master File Entry";"Informationen zum Stammdatenelement";;0;0;1;"8.5.2";"ch08.html#Heading34";0;;2
"MFE";7;"Master File Entry";"Informationen zum Stammdatenelement";;0;0;1;"8.5.2";"ch08.html#Heading33";0;;2
"MFE";8;"Master File Entry";"Informationen zum Stammdatenelement";;0;0;1;"8.5.2";"ch08.html#Heading21";0;;2
"MFE";9;"Master File Entry";"Informationen zum Stammdatenelement";;0;0;1;"8.5.2";"ch08.html#Heading24";0;;2
"MFE";10;"Master File Entry";"Informationen zum Stammdatenelement";;0;0;1;"8.5.2";"ch08.html#Heading3267";0;;2
"MFE";61;"Master File Entry";"Informationen zum Stammdatenelement";;0;0;1;"8.5.2";"ch08.html#Heading34";0;;2
"MFE";81;"Master File Entry";"Informationen zum Stammdatenelement";;0;0;1;"8.5.2";"ch08.html#Heading21";0;;2
"MFE";91;"Master File Entry";"Informationen zum Stammdatenelement";;0;0;1;"8.5.2";"ch08.html#Heading24";0;;2
"MFE";92;"Master File Entry";"Informationen zum Stammdatenelement";;0;0;1;"8.5.2";"ch08.html#Heading24";0;;2
"MFE";540;"Master File Entry";"Informationen zum Stammdatenelement";;0;0;1;"8.5.2";;0;;2
"MFI";2;"MASTER FILE IDENTIFICATION";"Identifikation der Stammdatentabelle";;0;0;1;"8.4.1";"hl7chp8.html#Heading10";0;;2
"MFI";3;"Master File Identification";"Identifikation der Stammdatentabelle";;0;0;1;"8.4.1";"ch8.htm#Heading10";0;;2
"MFI";4;"Master File Identification";"Identifikation der Stammdatentabelle";;0;0;1;"8.4.1";"ch8.html#Heading11";0;;2
"MFI";5;"Master File Identification";"Identifikation der Stammdatentabelle";;0;0;1;"8.5.1";"ch08.htm#Heading12";0;;2
"MFI";6;"Master File Identification";"Identifikation der Stammdatentabelle";;0;0;1;"8.5.1";"ch08.html#Heading26";0;;2
"MFI";7;"Master File Identification";"Identifikation der Stammdatentabelle";;0;0;1;"8.5.1";"ch08.html#Heading25";0;;2
"MFI";8;"Master File Identification";"Identifikation der Stammdatentabelle";;0;0;1;"8.5.1";"ch08.html#Heading14";0;;2
"MFI";9;"Master File Identification";"Identifikation der Stammdatentabelle";;0;0;1;"8.5.1";"ch08.html#Heading16";0;;2
"MFI";10;"Master File Identification";"Identifikation der Stammdatentabelle";;0;0;1;"8.5.1";"ch08.html#Heading3259";0;;2
"MFI";61;"Master File Identification";"Identifikation der Stammdatentabelle";;0;0;1;"8.5.1";"ch08.html#Heading26";0;;2
"MFI";81;"Master File Identification";"Identifikation der Stammdatentabelle";;0;0;1;"8.5.1";"ch08.html#Heading14";0;;2
"MFI";91;"Master File Identification";"Identifikation der Stammdatentabelle";;0;0;1;"8.5.1";"ch08.html#Heading16";0;;2
"MFI";92;"Master File Identification";"Identifikation der Stammdatentabelle";;0;0;1;"8.5.1";"ch08.html#Heading16";0;;2
"MFI";540;"Master File Identification";"Identifikation der Stammdatentabelle";;0;0;1;"8.5.1";;0;;2
"MRG";1;"MERGE PATIENT INFORMATION";"Informationen zur Zusammenführung von Patientendaten";"ADT";0;0;1;;;0;;2
"MRG";2;"MERGE PATIENT INFORMATION";"Informationen zur Zusammenführung von Patientendaten";"ADT";0;0;1;"3.3.8";"hl7chp3.html#Heading164";0;"PA";2
"MRG";3;"Merge patient information";"Informationen zur Zusammenführung von Patientendaten";;0;0;1;"3.3.8";"ch3.htm#Heading236";0;"PA";2
"MRG";4;"Merge patient information";"Informationen zur Zusammenführung von Patientendaten";;0;0;1;"3.3.8";"ch3.html#Heading244";0;"PA";2
"MRG";5;"Merge patient information";"Informationen zur Zusammenführung von Patientendaten";;0;0;1;"3.4.9";"ch03.htm#Heading295";0;"PA";2
"MRG";6;"Merge Patient Information";"Informationen zur Zusammenführung von Patientendaten";;0;0;1;"3.4.9";"ch03.html#Heading300";0;"PA";2
"MRG";7;"Merge Patient Information";"Informationen zur Zusammenführung von Patientendaten";;0;0;1;"3.4.9";"ch03.html#Heading301";0;"PA";2
"MRG";8;"Merge Patient Information";"Informationen zur Zusammenführung von Patientendaten";;0;0;1;"3.4.10";"ch03.html#Heading312";0;"PA";2
"MRG";9;"Merge Patient Information";"Informationen zur Zusammenführung von Patientendaten";;0;0;1;"3.4.10";"ch03.html#Heading321";0;"PA";2
"MRG";10;"Merge Patient Information";"Informationen zur Zusammenführung von Patientendaten";;0;0;1;"3.4.10";"ch03.html#Heading1257";0;"PA";2
"MRG";32;"Merge Patient Information";"Informationen zur Zusammenführung von Patientendaten";;0;0;1;;;0;;2
"MRG";61;"Merge Patient Information";"Informationen zur Zusammenführung von Patientendaten";;0;0;1;"3.4.9";"ch03.html#Heading300";0;"PA";2
"MRG";81;"Merge Patient Information";"Informationen zur Zusammenführung von Patientendaten";;0;0;1;"3.4.10";"ch03.html#Heading312";0;"PA";2
"MRG";91;"Merge Patient Information";"Informationen zur Zusammenführung von Patientendaten";;0;0;1;"3.4.10";"ch03.html#Heading321";0;"PA";2
"MRG";92;"Merge Patient Information";"Informationen zur Zusammenführung von Patientendaten";;0;0;1;"3.4.10";"ch03.html#Heading321";0;"PA";2
"MRG";540;"Merge Patient Information";"Informationen zur Zusammenführung von Patientendaten";;0;0;1;;;0;;2
"MSA";1;"MESSAGE ACKNOWLEDGMENT";"Nachrichtenbestätigung";"CNT";0;0;1;"2.5.7";"kap2.html#Heading59";0;"InM";1
"MSA";2;"MESSAGE ACKNOWLEDGMENT";"Nachrichtenbestätigung";"CNT";0;0;1;"2.10.2";"hl7chp2.html#Heading102";0;"InM";1
"MSA";3;"Message Acknowledgment";"Nachrichtenbestätigung";;0;0;1;"2.24.2";"ch2.htm#Heading331";0;"InM";1
"MSA";4;"Message Acknowledgment";"Nachrichtenbestätigung";;0;0;1;"2.24.2";"ch2.html#Heading412";0;"InM";1
"MSA";5;"Message Acknowledgment";"Nachrichtenbestätigung";;0;0;1;"2.16.8";"ch02.htm#Heading435";0;"InM";1
"MSA";6;"Message Acknowledgment";"Nachrichtenbestätigung";;0;0;1;"2.15.8";"ch02.html#Heading203";0;"InM";1
"MSA";7;"Message Acknowledgment";"Nachrichtenbestätigung";;0;0;1;"2.14.8";"ch02.html#Heading156";1;"InM";1
"MSA";8;"Message Acknowledgment";"Nachrichtenbestätigung";;0;0;1;"2.14.8";"ch02.html#Heading150";0;"InM";1
"MSA";9;"Message Acknowledgment";"Nachrichtenbestätigung";;0;0;1;"2.14.8";"ch02.html#Heading165";0;"InM";1
"MSA";10;"Message Acknowledgment";"Nachrichtenbestätigung";;0;0;1;"2.14.8";"ch02.html#Heading221";0;"InM";1
"MSA";61;"Message Acknowledgment";"Nachrichtenbestätigung";;0;0;1;"2.15.8";"ch02.html#Heading203";0;"InM";1
"MSA";81;"Message Acknowledgment";"Nachrichtenbestätigung";;0;0;1;"2.14.8";"ch02.html#Heading150";0;"InM";1
"MSA";91;"Message Acknowledgment";"Nachrichtenbestätigung";;0;0;1;"2.14.8";"ch02.html#Heading165";0;"InM";1
"MSA";92;"Message Acknowledgment";"Nachrichtenbestätigung";;0;0;1;"2.14.8";"ch02.html#Heading165";0;"InM";1
"MSA";540;"Message Acknowledgement";"Nachrichtenbestätigung";;0;0;1;;;0;;1
"MSH";1;"MESSAGE HEADER";"Nachrichtenkopfinformationen";"CNT";0;0;1;"2.5.8";"kap2.html#Heading60";0;"InM";1
"MSH";2;"MESSAGE HEADER";"Nachrichtenkopfinformationen";"CNT";0;0;1;"2.10.1";"hl7chp2.html#Heading84";0;"InM";1
"MSH";3;"Message Header";"Nachrichtenkopfinformationen";;0;0;1;"2.24.1";"ch2.htm#Heading311";0;"InM";1
"MSH";4;"Message Header";"Nachrichtenkopfinformationen";;0;0;1;"2.24.1";"ch2.html#Heading390";0;"InM";1
"MSH";5;"Message Header";"Nachrichtenkopfinformationen";;0;0;1;"2.16.9";"ch02.htm#Heading443";0;"InM";1
"MSH";6;"Message Header";"Nachrichtenkopfinformationen";;0;0;1;"2.15.9";"ch02.html#Heading211";0;"InM";1
"MSH";7;"Message Header";"Nachrichtenkopfinformationen";;0;0;1;"2.14.9";"ch02.html#Heading166";1;"InM";1
"MSH";8;"Message Header";"Nachrichtenkopfinformationen";;0;0;1;"2.14.9";"ch02.html#Heading159";0;"InM";1
"MSH";9;"Message Header";"Nachrichtenkopfinformationen";;0;0;1;"2.14.9";"ch02.html#Heading175";0;"InM";1
"MSH";10;"Message Header";"Nachrichtenkopfinformationen";;0;0;1;"2.14.9";"ch02.html#Heading231";0;"InM";1
"MSH";32;"Message Header";"Nachrichtenkopfinformationen";;0;0;1;;;0;;1
"MSH";61;"Message Header";"Nachrichtenkopfinformationen";;0;0;1;"2.15.9";"ch02.html#Heading211";0;"InM";1
"MSH";81;"Message Header";"Nachrichtenkopfinformationen";;0;0;1;"2.14.9";"ch02.html#Heading159";0;"InM";1
"MSH";91;"Message Header";"Nachrichtenkopfinformationen";;0;0;1;"2.14.9";"ch02.html#Heading175";0;"InM";1
"MSH";92;"Message Header";"Nachrichtenkopfinformationen";;0;0;1;"2.14.9";"ch02.html#Heading175";0;"InM";1
"MSH";540;"Message Header";"Nachrichtenkopfinformationen";;0;0;1;;;0;;1
"NCK";1;"SYSTEM CLOCK";"Systemzeit";"NMT";0;0;1;;;0;;2
"NCK";2;"System Clock";"Systemzeit";;0;0;1;;;0;;2
"NCK";3;"System Clock";"Systemzeit";;0;0;1;"C.2.1";"appc.htm#Heading6";0;;2
"NCK";4;"System Clock";"Systemzeit";;0;0;1;"C.2.1.2";"appendixc.html#Heading9";0;;2
"NCK";5;"System clock";"Systemzeit";;0;0;1;"14.4.1";"ch14.htm#Heading9";0;;2
"NCK";6;"System Clock";"Systemzeit";;0;0;1;"14.4.1";"ch14.html#Heading9";0;;2
"NCK";7;"System Clock";"Systemzeit";;0;0;1;"14.4.1";"ch14.html#Heading9";0;;2
"NCK";8;"System Clock";"Systemzeit";;0;0;1;"14.4.1";"ch14.html#Heading8";0;;2
"NCK";9;"System Clock";"Systemzeit";;0;0;1;"14.4.1";"ch14.html#Heading8";0;;2
"NCK";10;"System Clock";"Systemzeit";;0;0;1;"14.4.1";"ch14.html#Heading4565";0;;2
"NCK";61;"System Clock";"Systemzeit";;0;0;1;"14.4.1";"ch14.html#Heading9";0;;2
"NCK";81;"System Clock";"Systemzeit";;0;0;1;"14.4.1";"ch14.html#Heading8";0;;2
"NCK";91;"System Clock";"Systemzeit";;0;0;1;"14.4.1";"ch14.html#Heading8";0;;2
"NCK";92;"System Clock";"Systemzeit";;0;0;1;"14.4.1";"ch14.html#Heading8";0;;2
"NDS";5;"Notification Detail";"Benachrichtigungsinformationen";;0;0;1;"13.4.7";"ch13.htm#Heading180";0;;2
"NDS";6;"Notification Detail";"Benachrichtigungsinformationen";;0;0;1;"13.4.7";"ch13.html#Heading181";0;;2
"NDS";7;"Notification Detail";"Benachrichtigungsinformationen";;0;0;1;"13.4.7";"ch13.html#Heading181";0;;2
"NDS";8;"Notification Detail";"Benachrichtigungsinformationen";;0;0;1;"13.4.7";"ch13.html#Heading175";0;;2
"NDS";9;"Notification Detail";"Benachrichtigungsinformationen";;0;0;1;"13.4.7";"ch13.html#Heading181";0;;2
"NDS";10;"Notification Detail";"Benachrichtigungsinformationen";;0;0;1;"13.4.7";"ch13.html#Heading4473";0;;2
"NDS";61;"Notification Detail";"Benachrichtigungsinformationen";;0;0;1;"13.4.7";"ch13.html#Heading181";0;;2
"NDS";81;"Notification Detail";"Benachrichtigungsinformationen";;0;0;1;"13.4.7";"ch13.html#Heading175";0;;2
"NDS";91;"Notification Detail";"Benachrichtigungsinformationen";;0;0;1;"13.4.7";"ch13.html#Heading181";0;;2
"NDS";92;"Notification Detail";"Benachrichtigungsinformationen";;0;0;1;"13.4.7";"ch13.html#Heading181";0;;2
"NK1";1;"NEXT OF KIN";"Informationen zu Bezugspersonen";"BLN";0;0;1;"6.3.6";"kap6.html#Heading14";0;;2
"NK1";2;"NEXT OF KIN";"Informationen zu Bezugspersonen";"BLN";0;0;1;"3.3.5";"hl7chp3.html#Heading140";0;"PA";2
"NK1";3;"Next of kin";"Informationen zu Bezugspersonen";;0;0;1;"3.3.5";"ch3.htm#Heading188";0;"PA";2
"NK1";4;"Next of Kin / Associated Parties";"Informationen zu Bezugspersonen";;0;0;1;"3.3.5";"ch3.html#Heading193";0;"PA";2
"NK1";5;"Next of Kin / Associated Parties";"Informationen zu Bezugspersonen";;0;0;1;"3.4.5";"ch03.htm#Heading222";0;"PA";2
"NK1";6;"Next of Kin / Associated Parties";"Informationen zu Bezugspersonen";;0;0;1;"3.4.5";"ch03.html#Heading225";0;"PA";2
"NK1";7;"Next of Kin / Associated Parties";"Informationen zu Bezugspersonen";;0;0;1;"3.4.5";"ch03.html#Heading226";0;"PA";2
"NK1";8;"Next of Kin / Associated Parties";"Informationen zu Bezugspersonen";;0;0;1;"3.4.5";"ch03.html#Heading224";0;"PA";2
"NK1";9;"Next of Kin / Associated Parties";"Informationen zu Bezugspersonen";;0;0;1;"3.4.5";"ch03.html#Heading228";0;"PA";2
"NK1";10;"Next of Kin / Associated Parties";"Informationen zu Bezugspersonen";;0;0;1;"3.4.5";"ch03.html#Heading1164";0;"PA";2
"NK1";32;"Next of Kin / Associated Parties";"Informationen zu Bezugspersonen";;0;0;1;;;0;;2
"NK1";61;"Next of Kin / Associated Parties";"Informationen zu Bezugspersonen";;0;0;1;"3.4.5";"ch03.html#Heading225";0;"PA";2
"NK1";81;"Next of Kin / Associated Parties";"Informationen zu Bezugspersonen";;0;0;1;"3.4.5";"ch03.html#Heading224";0;"PA";2
"NK1";91;"Next of Kin / Associated Parties";"Informationen zu Bezugspersonen";;0;0;1;"3.4.5";"ch03.html#Heading228";0;"PA";2
"NK1";92;"Next of Kin / Associated Parties";"Informationen zu Bezugspersonen";;0;0;1;"3.4.5";"ch03.html#Heading228";0;"PA";2
"NK1";540;"Next of Kin/Associated Parties";"Informationen zu Bezugspersonen";;0;0;1;;;0;;2
"NPU";1;"NON-PATIENT UPDATE";"Bettenstatus";"ADT";0;0;1;"3.3.5";"kap3.html#Heading33";0;"PA";2
"NPU";2;"BED STATUS UPDATE";"Bettenstatus";"ADT";0;0;1;"3.3.7";"hl7chp3.html#Heading161";0;"PA";2
"NPU";3;"Bed status update";"Bettenstatus";;0;0;1;"3.3.7";"ch3.htm#Heading233";0;"PA";2
"NPU";4;"Bed status update";"Bettenstatus";;0;0;1;"3.3.7";"ch3.html#Heading240";0;"PA";2
"NPU";5;"Bed status update";"Bettenstatus";;0;0;1;"3.4.8";"ch03.htm#Heading291";0;"PA";2
"NPU";6;"Bed Status Update";"Bettenstatus";;0;0;1;"3.4.8";"ch03.html#Heading296";0;"PA";2
"NPU";7;"Bed Status Update";"Bettenstatus";;0;0;1;"3.4.8";"ch03.html#Heading297";0;"PA";2
"NPU";8;"Bed Status Update";"Bettenstatus";;0;0;1;"3.4.9";"ch03.html#Heading309";0;"PA";2
"NPU";9;"Bed Status Update";"Bettenstatus";;0;0;1;"3.4.9";"ch03.html#Heading317";0;"PA";2
"NPU";10;"Bed Status Update";"Bettenstatus";;0;0;1;"3.4.9";"ch03.html#Heading1253";0;"PA";2
"NPU";61;"Bed Status Update";"Bettenstatus";;0;0;1;"3.4.8";"ch03.html#Heading296";0;"PA";2
"NPU";81;"Bed Status Update";"Bettenstatus";;0;0;1;"3.4.9";"ch03.html#Heading309";0;"PA";2
"NPU";91;"Bed Status Update";"Bettenstatus";;0;0;1;"3.4.9";"ch03.html#Heading317";0;"PA";2
"NPU";92;"Bed Status Update";"Bettenstatus";;0;0;1;"3.4.9";"ch03.html#Heading317";0;"PA";2
"NSC";1;"STATUS CHANGE";"Zuordnung von Applikationen zu Servern";"NMT";0;0;1;;;0;;2
"NSC";2;"STATUS CHANGE";"Zuordnung von Applikationen zu Servern";"NMT";0;0;1;;;0;;2
"NSC";3;"STATUS CHANGE";"Zuordnung von Applikationen zu Servern";;0;0;1;"C.2.3";"appc.htm#Heading26";0;;2
"NSC";4;"Application status change";"Zuordnung von Applikationen zu Servern";;0;0;1;"C.2.3.10";"appendixc.html#Heading39";0;;2
"NSC";5;"Application status change";"Zuordnung von Applikationen zu Servern";;0;0;1;"14.4.2";"ch14.htm#Heading13";0;;2
"NSC";6;"Application Status Change";"Zuordnung von Applikationen zu Servern";;0;0;1;"14.4.2";"ch14.html#Heading12";0;;2
"NSC";7;"Application Status Change";"Zuordnung von Applikationen zu Servern";;0;0;1;"14.4.2";"ch14.html#Heading12";0;;2
"NSC";8;"Application Status Change";"Zuordnung von Applikationen zu Servern";;0;0;1;"14.4.2";"ch14.html#Heading10";0;;2
"NSC";9;"Application Status Change";"Zuordnung von Applikationen zu Servern";;0;0;1;"14.4.2";"ch14.html#Heading11";0;;2
"NSC";10;"Application Status Change";"Zuordnung von Applikationen zu Servern";;0;0;1;"14.4.2";"ch14.html#Heading4568";0;;2
"NSC";61;"Application Status Change";"Zuordnung von Applikationen zu Servern";;0;0;1;"14.4.2";"ch14.html#Heading12";0;;2
"NSC";81;"Application Status Change";"Zuordnung von Applikationen zu Servern";;0;0;1;"14.4.2";"ch14.html#Heading10";0;;2
"NSC";91;"Application Status Change";"Zuordnung von Applikationen zu Servern";;0;0;1;"14.4.2";"ch14.html#Heading11";0;;2
"NSC";92;"Application Status Change";"Zuordnung von Applikationen zu Servern";;0;0;1;"14.4.2";"ch14.html#Heading11";0;;2
"NST";1;"STATISTICS";"Statistikinformationen zu Applikationen";"NMT";0;0;1;;;0;;2
"NST";2;"Statistics";"Statistikinformationen zu Applikationen";;0;0;1;;;0;;2
"NST";3;"Statistics";"Statistikinformationen zu Applikationen";;0;0;1;"C.2.2";"appc.htm#Heading9";0;;2
"NST";4;"Application control level statistics";"Statistikinformationen zu Applikationen";;0;0;1;"C.2.2.16";"appendixc.html#Heading27";0;;2
"NST";5;"Application control level statistics";"Statistikinformationen zu Applikationen";;0;0;1;"14.4.3";"ch14.htm#Heading25";0;;2
"NST";6;"Application control level statistics";"Statistikinformationen zu Applikationen";;0;0;1;"14.4.3";"ch14.html#Heading23";0;;2
"NST";7;"Application control level statistics";"Statistikinformationen zu Applikationen";;0;0;1;"14.4.3";"ch14.html#Heading23";0;;2
"NST";8;"Application control level statistics";"Statistikinformationen zu Applikationen";;0;0;1;"14.4.3";"ch14.html#Heading20";0;;2
"NST";9;"Application control level statistics";"Statistikinformationen zu Applikationen";;0;0;1;"14.4.3";"ch14.html#Heading22";0;;2
"NST";10;"Application control level statistics";"Statistikinformationen zu Applikationen";;0;0;1;"14.4.3";"ch14.html#Heading4579";0;;2
"NST";61;"Application control level statistics";"Statistikinformationen zu Applikationen";;0;0;1;"14.4.3";"ch14.html#Heading23";0;;2
"NST";81;"Application control level statistics";"Statistikinformationen zu Applikationen";;0;0;1;"14.4.3";"ch14.html#Heading20";0;;2
"NST";91;"Application control level statistics";"Statistikinformationen zu Applikationen";;0;0;1;"14.4.3";"ch14.html#Heading22";0;;2
"NST";92;"Application control level statistics";"Statistikinformationen zu Applikationen";;0;0;1;"14.4.3";"ch14.html#Heading22";0;;2
"NTE";1;"NOTES AND COMMENTS";"Anmerkungen und Kommentare";"CNT";0;0;1;"2.5.9";"kap2.html#Heading61";0;"InM";2
"NTE";2;"NOTES AND COMMENTS";"Anmerkungen und Kommentare";"CNT";0;0;1;"2.10.15";"hl7chp2.html#Heading193";0;"InM";2
"NTE";3;"Notes and Comments";"Anmerkungen und Kommentare";;0;0;1;"2.24.15";"ch2.htm#Heading424";0;"InM";2
"NTE";4;"Notes and Comments";"Anmerkungen und Kommentare";;0;0;1;"2.24.15";"ch2.html#Heading518";0;"InM";2
"NTE";5;"Notes and Comments";"Anmerkungen und Kommentare";;1;0;1;"2.16.10";"ch02.htm#Heading466";0;"InM";2
"NTE";6;"Notes and Comments";"Anmerkungen und Kommentare";;0;0;1;"2.15.10";"ch02.html#Heading236";0;"InM";2
"NTE";7;"Notes and Comments";"Anmerkungen und Kommentare";;0;0;1;"2.14.10";"ch02.html#Heading195";0;"InM";2
"NTE";8;"Notes and Comments";"Anmerkungen und Kommentare";;0;0;1;"2.14.10";"ch02.html#Heading187";0;"InM";2
"NTE";9;"Notes and Comments";"Anmerkungen und Kommentare";;0;0;1;"2.14.10";"ch02.html#Heading204";0;"InM";2
"NTE";10;"Notes and Comments";"Anmerkungen und Kommentare";;0;0;1;"2.14.10";"ch02.html#Heading263";0;"InM";2
"NTE";61;"Notes and Comments";"Anmerkungen und Kommentare";;0;0;1;"2.15.10";"ch02.html#Heading236";0;"InM";2
"NTE";81;"Notes and Comments";"Anmerkungen und Kommentare";;0;0;1;"2.14.10";"ch02.html#Heading187";0;"InM";2
"NTE";91;"Notes and Comments";"Anmerkungen und Kommentare";;0;0;1;"2.14.10";"ch02.html#Heading204";0;"InM";2
"NTE";92;"Notes and Comments";"Anmerkungen und Kommentare";;0;0;1;"2.14.10";"ch02.html#Heading204";0;"InM";2
"NTE";540;"Notes and Text";"Anmerkungen und Kommentare";;0;0;1;;;0;;2
"OBR";1;"OBSERVATION REQUEST";"Anforderung einer Untersuchung";"ANR";0;0;1;;;0;;2
"OBR";2;"OBSERVATION REQUEST";"Anforderung einer Untersuchung";"ANR";0;0;1;"7.3.1";"hl7chp7.html#Heading37";0;;2
"OBR";3;"Observation Request";"Anforderung einer Untersuchung";;0;0;1;"4.5.1";"ch4.htm#Heading61";0;"OO";2
"OBR";4;"Observation Request";"Anforderung einer Untersuchung";;0;0;1;"7.3.1";"ch7.html#Heading49";0;;2
"OBR";5;"Observation Request";"Anforderung einer Untersuchung";;0;0;1;"7.4.1";"ch07.htm#Heading51";0;;2
"OBR";6;"Observation Request";"Anforderung einer Untersuchung";;0;0;1;"4.5.3";"ch04.html#Heading72";0;"OO";2
"OBR";7;"Observation Request";"Anforderung einer Untersuchung";;0;0;1;"4.5.3";"ch04.html#Heading74";1;"OO";2
"OBR";8;"Observation Request";"Anforderung einer Untersuchung";;0;0;1;"4.5.3";"ch04.html#Heading72";0;"OO";2
"OBR";9;"Observation Request";"Anforderung einer Untersuchung";;0;0;1;"4.5.3";"ch04.html#Heading79";0;"OO";2
"OBR";10;"Observation Request";"Anforderung einer Untersuchung";;0;0;1;"4.5.3";"ch04.html#Heading1527";0;"OO";2
"OBR";32;"Observation Request";"Anforderung einer Untersuchung";;0;0;1;;;0;;2
"OBR";61;"Observation Request";"Anforderung einer Untersuchung";;0;0;1;"4.5.3";"ch04.html#Heading73";0;"OO";2
"OBR";81;"Observation Request";"Anforderung einer Untersuchung";;0;0;1;"4.4.3";"ch04.html#Heading71";0;"OO";2
"OBR";91;"Observation Request";"Anforderung einer Untersuchung";;0;0;1;"4.5.3";"ch04.html#Heading91";0;"OO";2
"OBR";92;"Observation Request";"Anforderung einer Untersuchung";;0;0;1;"4.5.3";"ch04.html#Heading91";0;"OO";2
"OBR";540;"Observation Request";"Anforderung einer Untersuchung";;0;0;1;"7.4.1";;0;;2
"OBX";1;"RESULT";"Ergebnis/Befund";"ANR";0;0;1;"7.3.1";"kap7.html#Heading9";0;;2
"OBX";2;"OBSERVATION RESULT";"Ergebnis/Befund";"ANR";0;0;1;"7.3.2";"hl7chp7.html#Heading38";0;;2
"OBX";3;"Observation/Result";"Ergebnis/Befund";;0;0;1;"7.3.2";"ch7.htm#Heading95";0;;2
"OBX";4;"Observation/Result";"Ergebnis/Befund";;0;0;1;"9.5.2";"ch9.html#Heading67";0;;2
"OBX";5;"Observation/Result";"Ergebnis/Befund";;0;0;1;"7.4.2";"ch07.htm#Heading100";0;;2
"OBX";6;"Observation/Result";"Ergebnis/Befund";;0;0;1;"7.4.2";"ch07.html#Heading104";0;;2
"OBX";7;"Observation/Result";"Ergebnis/Befund";;0;0;1;"7.4.2";"ch07.html#Heading106";1;;2
"OBX";8;"Observation/Result";"Ergebnis/Befund";;0;0;1;"7.4.2";"ch07.html#Heading108";0;;2
"OBX";9;"Observation/Result";"Ergebnis/Befund";;0;0;1;"7.4.2";"ch07.html#Heading113";0;;2
"OBX";10;"Observation/Result";"Ergebnis/Befund";;0;0;1;"7.4.2";"ch07.html#Heading2900";0;;2
"OBX";32;"Observation/Result";"Ergebnis/Befund";;0;0;1;;;0;;2
"OBX";61;"Observation/Result";"Ergebnis/Befund";;0;0;1;"7.4.2";"ch07.html#Heading105";0;;2
"OBX";81;"Observation/Result";"Ergebnis/Befund";;0;0;1;"7.4.2";"ch07.html#Heading109";0;;2
"OBX";91;"Observation/Result";"Ergebnis/Befund";;0;0;1;"7.4.2";"ch07.html#Heading113";0;;2
"OBX";92;"Observation/Result";"Ergebnis/Befund";;0;0;1;"7.4.2";"ch07.html#Heading114";0;;2
"OBX";540;"Observation/Result";"Ergebnis/Befund";;0;0;1;"7.4.2";;0;;2
"ODS";2;"DIETARY ORDERS, SUPPLEMENTS, and PREFERENCES";"Speisenanforderung";"ORD";0;0;1;"4.6.1";"hl7chp4.html#Heading93";0;"OO";2
"ODS";3;"Dietary orders, supplements, and preferences";"Speisenanforderung";;0;0;1;"4.6.1";"ch4.htm#Heading108";0;"OO";2
"ODS";4;"Dietary Orders, Supplements, and Preferences";"Speisenanforderung";;0;0;1;"4.6.1";"ch4.html#Heading126";0;"OO";2
"ODS";5;"Dietary Orders, Supplements, and Preferences";"Speisenanforderung";;0;0;1;"4.8.1";"ch04.htm#Heading140";0;"OO";2
"ODS";6;"Dietary Orders, Supplements, and Preferences";"Speisenanforderung";;0;0;1;"4.8.1";"ch04.html#Heading171";0;"OO";2
"ODS";7;"Dietary Orders, Supplements, and Preferences";"Speisenanforderung";;0;0;1;"4.8.1";"ch04.html#Heading174";0;"OO";2
"ODS";8;"Dietary Orders, Supplements, and Preferences";"Speisenanforderung";;0;0;1;"4.8.1";"ch04.html#Heading171";0;"OO";2
"ODS";9;"Dietary Orders, Supplements, and Preferences";"Speisenanforderung";;0;0;1;"4.8.1";"ch04.html#Heading183";0;"OO";2
"ODS";10;"Dietary Orders, Supplements, and Preferences";"Speisenanforderung";;0;0;1;"4.8.1";"ch04.html#Heading1633";0;"OO";2
"ODS";61;"Dietary Orders, Supplements, and Preferences";"Speisenanforderung";;0;0;1;"4.8.1";"ch04.html#Heading173";0;"OO";2
"ODS";81;"Dietary Orders, Supplements, and Preferences";"Speisenanforderung";;0;0;1;"4.7.1";"ch04.html#Heading171";0;"OO";2
"ODS";91;"Dietary Orders, Supplements, and Preferences";"Speisenanforderung";;0;0;1;"4.8.1";"ch04.html#Heading195";0;"OO";2
"ODS";92;"Dietary Orders, Supplements, and Preferences";"Speisenanforderung";;0;0;1;"4.8.1";"ch04.html#Heading195";0;"OO";2
"ODT";2;"DIET TRAY INSTRUCTION";"Speisengabe";"ORD";0;0;1;"4.6.2";"hl7chp4.html#Heading98";0;"OO";2
"ODT";3;"Diet Tray Instructions";"Speisengabe";;0;0;1;"4.6.2";"ch4.htm#Heading113";0;"OO";2
"ODT";4;"Diet Tray Instructions";"Speisengabe";;0;0;1;"4.6.2";"ch4.html#Heading132";0;"OO";2
"ODT";5;"Diet Tray Instructions";"Speisengabe";;0;0;1;"4.8.2";"ch04.htm#Heading146";0;"OO";2
"ODT";6;"Diet Tray Instructions";"Speisengabe";;0;0;1;"4.8.2";"ch04.html#Heading177";0;"OO";2
"ODT";7;"Diet Tray Instructions";"Speisengabe";;0;0;1;"4.8.2";"ch04.html#Heading180";0;"OO";2
"ODT";8;"Diet Tray Instructions";"Speisengabe";;0;0;1;"4.8.2";"ch04.html#Heading176";0;"OO";2
"ODT";9;"Diet Tray Instructions";"Speisengabe";;0;0;1;"4.8.2";"ch04.html#Heading189";0;"OO";2
"ODT";10;"Diet Tray Instructions";"Speisengabe";;0;0;1;"4.8.2";"ch04.html#Heading1639";0;"OO";2
"ODT";61;"Diet Tray Instructions";"Speisengabe";;0;0;1;"4.8.2";"ch04.html#Heading179";0;"OO";2
"ODT";81;"Diet Tray Instructions";"Speisengabe";;0;0;1;"4.7.2";"ch04.html#Heading176";0;"OO";2
"ODT";91;"Diet Tray Instructions";"Speisengabe";;0;0;1;"4.8.2";"ch04.html#Heading201";0;"OO";2
"ODT";92;"Diet Tray Instructions";"Speisengabe";;0;0;1;"4.8.2";"ch04.html#Heading201";0;"OO";2
"OH1";10;"Person Employment Status";;;0;0;1;"3.4.15";"ch03.html#Heading1324";0;"PA";2
"OH2";10;"Past or Present Job";;;0;0;1;"3.4.16";"ch03.html#Heading1333";0;"PA";2
"OH3";10;"Usual Work";;;0;0;1;"3.4.17";"ch03.html#Heading1353";0;"PA";2
"OH4";10;"Combat Zone Work";;;0;0;1;"3.4.18";"ch03.html#Heading1363";0;"PA";2
"OM1";2;"GENERAL - fields that apply to most observations";"Stammdaten - Untersuchungen allgemein";;0;0;1;"7.6.4";"hl7chp7.html#Heading71";0;;2
"OM1";3;"General - fields that apply to most observations";"Stammdaten - Untersuchungen allgemein";;0;0;1;"8.7.3";"ch8.htm#Heading81";0;;2
"OM1";4;"General Segment";"Stammdaten - Untersuchungen allgemein";;0;0;1;"8.7.3";"ch8.html#Heading92";0;;2
"OM1";5;"General Segment";"Stammdaten - Untersuchungen allgemein";;0;0;1;"8.8.3";"ch08.htm#Heading55";0;;2
"OM1";6;"General Segment";"Stammdaten - Untersuchungen allgemein";;0;0;1;"8.8.8";"ch08.html#Heading71";0;;2
"OM1";7;"General Segment";"Stammdaten - Untersuchungen allgemein";;0;0;1;"8.8.8";"ch08.html#Heading72";0;;2
"OM1";8;"General Segment";"Stammdaten - Untersuchungen allgemein";;0;0;1;"8.8.8";"ch08.html#Heading55";0;;2
"OM1";9;"General Segment";"Stammdaten - Untersuchungen allgemein";;0;0;1;"8.8.8";"ch08.html#Heading63";0;;2
"OM1";10;"General Segment";"Stammdaten - Untersuchungen allgemein";;0;0;1;"8.8.9";"ch08.html#Heading3307";0;;2
"OM1";61;"General Segment";"Stammdaten - Untersuchungen allgemein";;0;0;1;"8.8.8";"ch08.html#Heading71";0;;2
"OM1";81;"General Segment";"Stammdaten - Untersuchungen allgemein";;0;0;1;"8.8.8";"ch08.html#Heading55";0;;2
"OM1";91;"General Segment";"Stammdaten - Untersuchungen allgemein";;0;0;1;"8.8.8";"ch08.html#Heading63";0;;2
"OM1";92;"General Segment";"Stammdaten - Untersuchungen allgemein";;0;0;1;"8.8.9";"ch08.html#Heading64";0;;2
"OM2";2;"NUMERIC OBSERVATION";"Stammdaten zu Untersuchungen mit numerischen Ergebnisse";;0;0;1;"7.6.5";"hl7chp7.html#Heading114";0;;2
"OM2";3;"Numeric observation";"Stammdaten zu Untersuchungen mit numerischen Ergebnisse";;0;0;1;"8.7.4";"ch8.htm#Heading129";0;;2
"OM2";4;"Numeric Observation";"Stammdaten zu Untersuchungen mit numerischen Ergebnisse";;0;0;1;"8.7.4";"ch8.html#Heading141";0;;2
"OM2";5;"Numeric Observation";"Stammdaten zu Untersuchungen mit numerischen Ergebnisse";;0;0;1;"8.8.4";"ch08.htm#Heading104";0;;2
"OM2";6;"Numeric Observation";"Stammdaten zu Untersuchungen mit numerischen Ergebnisse";;0;0;1;"8.8.9";"ch08.html#Heading120";0;;2
"OM2";7;"Numeric Observation";"Stammdaten zu Untersuchungen mit numerischen Ergebnisse";;0;0;1;"8.8.9";"ch08.html#Heading121";0;;2
"OM2";8;"Numeric Observation";"Stammdaten zu Untersuchungen mit numerischen Ergebnisse";;0;0;1;"8.8.9";"ch08.html#Heading103";0;;2
"OM2";9;"Numeric Observation";"Stammdaten zu Untersuchungen mit numerischen Ergebnisse";;0;0;1;"8.8.9";"ch08.html#Heading116";0;;2
"OM2";10;"Numeric Observation";"Stammdaten zu Untersuchungen mit numerischen Ergebnisse";;0;0;1;"8.8.10";"ch08.html#Heading3368";0;;2
"OM2";61;"Numeric Observation";"Stammdaten zu Untersuchungen mit numerischen Ergebnisse";;0;0;1;"8.8.9";"ch08.html#Heading120";0;;2
"OM2";81;"Numeric Observation";"Stammdaten zu Untersuchungen mit numerischen Ergebnisse";;0;0;1;"8.8.9";"ch08.html#Heading103";0;;2
"OM2";91;"Numeric Observation";"Stammdaten zu Untersuchungen mit numerischen Ergebnisse";;0;0;1;"8.8.9";"ch08.html#Heading120";0;;2
"OM2";92;"Numeric Observation";"Stammdaten zu Untersuchungen mit numerischen Ergebnisse";;0;0;1;"8.8.10";"ch08.html#Heading125";0;;2
"OM3";2;"CATEGORICAL TEST/OBSERVATION";"Stammdaten zu Untersuchungen mit Ergebnisschlüssel";;0;0;1;"7.6.6";"hl7chp7.html#Heading134";0;;2
"OM3";3;"Categorical test/observation";"Stammdaten zu Untersuchungen mit Ergebnisschlüssel";;0;0;1;"8.7.5";"ch8.htm#Heading148";0;;2
"OM3";4;"Categorical Service/Test/Observation";"Stammdaten zu Untersuchungen mit Ergebnisschlüssel";;0;0;1;"8.7.5";"ch8.html#Heading161";0;;2
"OM3";5;"Categorical Service/Test/Observation";"Stammdaten zu Untersuchungen mit Ergebnisschlüssel";;0;0;1;"8.8.5";"ch08.htm#Heading124";0;;2
"OM3";6;"Categorical Service/Test/Observation";"Stammdaten zu Untersuchungen mit Ergebnisschlüssel";;0;0;1;"8.8.10";"ch08.html#Heading132";0;;2
"OM3";7;"Categorical Service/Test/Observation";"Stammdaten zu Untersuchungen mit Ergebnisschlüssel";;0;0;1;"8.8.10";"ch08.html#Heading133";0;;2
"OM3";8;"Categorical Service/Test/Observation";"Stammdaten zu Untersuchungen mit Ergebnisschlüssel";;0;0;1;"8.8.10";"ch08.html#Heading114";0;;2
"OM3";9;"Categorical Service/Test/Observation";"Stammdaten zu Untersuchungen mit Ergebnisschlüssel";;0;0;1;"8.8.10";"ch08.html#Heading128";0;;2
"OM3";10;"Categorical Service/Test/Observation";"Stammdaten zu Untersuchungen mit Ergebnisschlüssel";;0;0;1;"8.8.11";"ch08.html#Heading3380";0;;2
"OM3";61;"Categorical Service/Test/Observation";"Stammdaten zu Untersuchungen mit Ergebnisschlüssel";;0;0;1;"8.8.10";"ch08.html#Heading132";0;;2
"OM3";81;"Categorical Service/Test/Observation";"Stammdaten zu Untersuchungen mit Ergebnisschlüssel";;0;0;1;"8.8.10";"ch08.html#Heading114";0;;2
"OM3";91;"Categorical Service/Test/Observation";"Stammdaten zu Untersuchungen mit Ergebnisschlüssel";;0;0;1;"8.8.10";"ch08.html#Heading132";0;;2
"OM3";92;"Categorical Service/Test/Observation";"Stammdaten zu Untersuchungen mit Ergebnisschlüssel";;0;0;1;"8.8.11";"ch08.html#Heading137";0;;2
"OM4";2;"OBSERVATION that require specimens";"Stammdaten zu Probenmaterialien für Untersuchungen";;0;0;1;"7.6.7";"hl7chp7.html#Heading143";0;;2
"OM4";3;"Observations that require specimens";"Stammdaten zu Probenmaterialien für Untersuchungen";;0;0;1;"8.7.6";"ch8.htm#Heading156";0;;2
"OM4";4;"Observations that Require Specimens";"Stammdaten zu Probenmaterialien für Untersuchungen";;0;0;1;"8.7.6";"ch8.html#Heading170";0;;2
"OM4";5;"Observations that Require Specimens";"Stammdaten zu Probenmaterialien für Untersuchungen";;0;0;1;"8.8.6";"ch08.htm#Heading133";0;;2
"OM4";6;"Observations that Require Specimens";"Stammdaten zu Probenmaterialien für Untersuchungen";;0;0;1;"8.8.11";"ch08.html#Heading141";0;;2
"OM4";7;"Observations that Require Specimens";"Stammdaten zu Probenmaterialien für Untersuchungen";;0;0;1;"8.8.11";"ch08.html#Heading142";0;;2
"OM4";8;"Observations that Require Specimens";"Stammdaten zu Probenmaterialien für Untersuchungen";;0;0;1;"8.8.11";"ch08.html#Heading122";0;;2
"OM4";9;"Observations that Require Specimens";"Stammdaten zu Probenmaterialien für Untersuchungen";;0;0;1;"8.8.11";"ch08.html#Heading137";0;;2
"OM4";10;"Observations that Require Specimens";"Stammdaten zu Probenmaterialien für Untersuchungen";;0;0;1;"8.8.12";"ch08.html#Heading3389";0;;2
"OM4";61;"Observations that Require Specimens";"Stammdaten zu Probenmaterialien für Untersuchungen";;0;0;1;"8.8.11";"ch08.html#Heading141";0;;2
"OM4";81;"Observations that Require Specimens";"Stammdaten zu Probenmaterialien für Untersuchungen";;0;0;1;"8.8.11";"ch08.html#Heading122";0;;2
"OM4";91;"Observations that Require Specimens";"Stammdaten zu Probenmaterialien für Untersuchungen";;0;0;1;"8.8.11";"ch08.html#Heading141";0;;2
"OM4";92;"Observations that Require Specimens";"Stammdaten zu Probenmaterialien für Untersuchungen";;0;0;1;"8.8.12";"ch08.html#Heading146";0;;2
"OM5";2;"OBSERVATION BATTERIES";"Stammdaten zu Anforderungsprofilen";;0;0;1;"7.6.8";"hl7chp7.html#Heading159";0;;2
"OM5";3;"Observation batteries";"Stammdaten zu Anforderungsprofilen";;0;0;1;"8.7.7";"ch8.htm#Heading171";0;;2
"OM5";4;"Observation Batteries (Sets)";"Stammdaten zu Anforderungsprofilen";;0;0;1;"8.7.7";"ch8.html#Heading186";0;;2
"OM5";5;"Observation Batteries (Sets)";"Stammdaten zu Anforderungsprofilen";;0;0;1;"8.8.7";"ch08.htm#Heading149";0;;2
"OM5";6;"Observation Batteries (Sets)";"Stammdaten zu Anforderungsprofilen";;0;0;1;"8.8.12";"ch08.html#Heading157";0;;2
"OM5";7;"Observation Batteries (Sets)";"Stammdaten zu Anforderungsprofilen";;0;0;1;"8.8.12";"ch08.html#Heading158";0;;2
"OM5";8;"Observation Batteries (Sets)";"Stammdaten zu Anforderungsprofilen";;0;0;1;"8.8.12";"ch08.html#Heading137";0;;2
"OM5";9;"Observation Batteries (Sets)";"Stammdaten zu Anforderungsprofilen";;0;0;1;"8.8.12";"ch08.html#Heading157";0;;2
"OM5";10;"Observation Batteries (Sets)";"Stammdaten zu Anforderungsprofilen";;0;0;1;"8.8.13";"ch08.html#Heading3409";0;;2
"OM5";61;"Observation Batteries (Sets)";"Stammdaten zu Anforderungsprofilen";;0;0;1;"8.8.12";"ch08.html#Heading157";0;;2
"OM5";81;"Observation Batteries (Sets)";"Stammdaten zu Anforderungsprofilen";;0;0;1;"8.8.12";"ch08.html#Heading137";0;;2
"OM5";91;"Observation Batteries (Sets)";"Stammdaten zu Anforderungsprofilen";;0;0;1;"8.8.12";"ch08.html#Heading161";0;;2
"OM5";92;"Observation Batteries (Sets)";"Stammdaten zu Anforderungsprofilen";;0;0;1;"8.8.13";"ch08.html#Heading166";0;;2
"OM6";2;"OBSERVATIONS that are calculated from other obersvations";"Stammdaten zu berechneten Ergebnissen";;0;0;1;"7.6.9";"hl7chp7.html#Heading164";0;;2
"OM6";3;"Observations that are calculated from other observations";"Stammdaten zu berechneten Ergebnissen";;0;0;1;"8.7.8";"ch8.htm#Heading175";0;;2
"OM6";4;"Observations that are Calculated from Other Observations";"Stammdaten zu berechneten Ergebnissen";;0;0;1;"8.7.8";"ch8.html#Heading191";0;;2
"OM6";5;"Observations that are Calculated from Other Observations";"Stammdaten zu berechneten Ergebnissen";;0;0;1;"8.8.8";"ch08.htm#Heading154";0;;2
"OM6";6;"Observations that are Calculated from Other Observations";"Stammdaten zu berechneten Ergebnissen";;0;0;1;"8.8.13";"ch08.html#Heading162";0;;2
"OM6";7;"Observations that are Calculated from Other Observations";"Stammdaten zu berechneten Ergebnissen";;0;0;1;"8.8.13";"ch08.html#Heading163";0;;2
"OM6";8;"Observations that are Calculated from Other Observations";"Stammdaten zu berechneten Ergebnissen";;0;0;1;"8.8.13";"ch08.html#Heading141";0;;2
"OM6";9;"Observations that are Calculated from Other Observations";"Stammdaten zu berechneten Ergebnissen";;0;0;1;"8.8.13";"ch08.html#Heading162";0;;2
"OM6";10;"Observations that are Calculated from Other Observations";"Stammdaten zu berechneten Ergebnissen";;0;0;1;"8.8.14";"ch08.html#Heading3414";0;;2
"OM6";61;"Observations that are Calculated from Other Observations";"Stammdaten zu berechneten Ergebnissen";;0;0;1;"8.8.13";"ch08.html#Heading162";0;;2
"OM6";81;"Observations that are Calculated from Other Observations";"Stammdaten zu berechneten Ergebnissen";;0;0;1;"8.8.13";"ch08.html#Heading141";0;;2
"OM6";91;"Observations that are Calculated from Other Observations";"Stammdaten zu berechneten Ergebnissen";;0;0;1;"8.8.13";"ch08.html#Heading166";0;;2
"OM6";92;"Observations that are Calculated from Other Observations";"Stammdaten zu berechneten Ergebnissen";;0;0;1;"8.8.14";"ch08.html#Heading171";0;;2
"OM7";5;"Additional Basic Attributes";"Stammdaten - Zusatzinformationen zu Untersuchungen";;0;0;1;"8.8.9";"ch08.htm#Heading158";0;;2
"OM7";6;"Additional Basic Attributes";"Stammdaten - Zusatzinformationen zu Untersuchungen";;0;0;1;"8.8.14";"ch08.html#Heading166";0;;2
"OM7";7;"Additional Basic Attributes";"Stammdaten - Zusatzinformationen zu Untersuchungen";;0;0;1;"8.8.14";"ch08.html#Heading167";0;;2
"OM7";8;"Additional Basic Attributes";"Stammdaten - Zusatzinformationen zu Untersuchungen";;0;0;1;"8.8.14";"ch08.html#Heading144";0;;2
"OM7";9;"Additional Basic Attributes";"Stammdaten - Zusatzinformationen zu Untersuchungen";;0;0;1;"8.8.14";"ch08.html#Heading166";0;;2
"OM7";10;"Additional Basic Attributes";"Stammdaten - Zusatzinformationen zu Untersuchungen";;0;0;1;"8.8.15";"ch08.html#Heading3418";0;;2
"OM7";61;"Additional Basic Attributes";"Stammdaten - Zusatzinformationen zu Untersuchungen";;0;0;1;"8.8.14";"ch08.html#Heading166";0;;2
"OM7";81;"Additional Basic Attributes";"Stammdaten - Zusatzinformationen zu Untersuchungen";;0;0;1;"8.8.14";"ch08.html#Heading144";0;;2
"OM7";91;"Additional Basic Attributes";"Stammdaten - Zusatzinformationen zu Untersuchungen";;0;0;1;"8.8.14";"ch08.html#Heading170";0;;2
"OM7";92;"Additional Basic Attributes";"Stammdaten - Zusatzinformationen zu Untersuchungen";;0;0;1;"8.8.15";"ch08.html#Heading175";0;;2
"OMC";10;"Supporting Clinical Information";;;0;0;1;"8.8.16";"ch08.html#Heading3444";0;;2
"OMC";92;"Supporting Clinical Information";;;0;0;1;"8.8.16";"ch08.html#Heading201";0;;2
"ORC";1;"COMMON ORDER";"Allgemeine Auftragsinformationen";"ORD";0;0;1;;;0;;2
"ORC";2;"COMMOM ORDER";"Allgemeine Auftragsinformationen";;0;0;1;"4.3.1";"hl7chp4.html#Heading10";0;"OO";2
"ORC";3;"Common Order";"Allgemeine Auftragsinformationen";;0;0;1;"4.3.1";"ch4.htm#Heading18";0;"OO";2
"ORC";4;"Common Order";"Allgemeine Auftragsinformationen";;0;0;1;"4.3.1";"ch4.html#Heading21";0;"OO";2
"ORC";5;"Common Order";"Allgemeine Auftragsinformationen";;0;0;1;"4.5.1";"ch04.htm#Heading49";0;"OO";2
"ORC";6;"Common Order";"Allgemeine Auftragsinformationen";;0;0;1;"4.5.1";"ch04.html#Heading33";0;"OO";2
"ORC";7;"Common Order";"Allgemeine Auftragsinformationen";;0;0;1;"4.5.1";"ch04.html#Heading35";1;"OO";2
"ORC";8;"Common Order";"Allgemeine Auftragsinformationen";;0;0;1;"4.5.1";"ch04.html#Heading33";0;"OO";2
"ORC";9;"Common Order";"Allgemeine Auftragsinformationen";;0;0;1;"4.5.1";"ch04.html#Heading37";0;"OO";2
"ORC";10;"Common Order";"Allgemeine Auftragsinformationen";;0;0;1;"4.5.1";"ch04.html#Heading1481";0;"OO";2
"ORC";32;"Common Order";"Allgemeine Auftragsinformationen";;0;0;1;;;0;;2
"ORC";61;"Common Order";"Allgemeine Auftragsinformationen";;0;0;1;"4.5.1";"ch04.html#Heading33";0;"OO";2
"ORC";81;"Common Order";"Allgemeine Auftragsinformationen";;0;0;1;"4.4.1";"ch04.html#Heading32";0;"OO";2
"ORC";91;"Common Order";"Allgemeine Auftragsinformationen";;0;0;1;"4.5.1";"ch04.html#Heading49";0;"OO";2
"ORC";92;"Common Order";"Allgemeine Auftragsinformationen";;0;0;1;"4.5.1";"ch04.html#Heading49";0;"OO";2
"ORG";5;"Practitioner Organization Unit";"Zuordnung von Ärzten zu Einrichtungen";;0;0;1;"15.4.4";"ch15.htm#Heading37";0;"PA";2
"ORG";6;"Practitioner Organization Unit";"Zuordnung von Ärzten zu Einrichtungen";;0;0;1;"15.4.5";"ch15.html#Heading73";0;"PA";2
"ORG";7;"Practitioner Organization Unit";"Zuordnung von Ärzten zu Einrichtungen";;0;0;1;"15.4.5";"ch15.html#Heading73";0;"PA";2
"ORG";8;"Practitioner Organization Unit";"Zuordnung von Ärzten zu Einrichtungen";;0;0;1;"15.4.5";"ch15.html#Heading73";0;"PA";2
"ORG";9;"Practitioner Organization Unit";"Zuordnung von Ärzten zu Einrichtungen";;0;0;1;"15.4.5";"ch15.html#Heading73";0;"PA";2
"ORG";10;"Practitioner Organization Unit";"Zuordnung von Ärzten zu Einrichtungen";;0;0;1;"15.4.5";"ch15.html#Heading4670";0;"PA";2
"ORG";61;"Practitioner Organization Unit";"Zuordnung von Ärzten zu Einrichtungen";;0;0;1;"15.4.5";"ch15.html#Heading73";0;"PA";2
"ORG";81;"Practitioner Organization Unit";"Zuordnung von Ärzten zu Einrichtungen";;0;0;1;"15.4.5";"ch15.html#Heading73";0;"PA";2
"ORG";91;"Practitioner Organization Unit";"Zuordnung von Ärzten zu Einrichtungen";;0;0;1;"15.4.5";"ch15.html#Heading73";0;"PA";2
"ORG";92;"Practitioner Organization Unit";"Zuordnung von Ärzten zu Einrichtungen";;0;0;1;"15.4.5";"ch15.html#Heading73";0;"PA";2
"ORO";1;"ORDER OTHER";"veraltet";"ORD";0;0;1;;;0;;2
"OVR";6;"Override Segment";"Übersteuerung Verarbeitungsregeln";;0;0;1;"2.15.11";"ch02.html#Heading242";0;"InM";2
"OVR";7;"Override Segment";"Übersteuerung Verarbeitungsregeln";;0;0;1;"2.14.11";"ch02.html#Heading205";0;"InM";2
"OVR";8;"Override Segment";"Übersteuerung Verarbeitungsregeln";;0;0;1;"2.14.11";"ch02.html#Heading196";0;"InM";2
"OVR";9;"Override Segment";"Übersteuerung Verarbeitungsregeln";;0;0;1;"2.14.11";"ch02.html#Heading214";0;"InM";2
"OVR";10;"Override Segment";"Übersteuerung Verarbeitungsregeln";;0;0;1;"2.14.11";"ch02.html#Heading274";0;"InM";2
"OVR";61;"Override Segment";"Übersteuerung Verarbeitungsregeln";;0;0;1;"2.15.11";"ch02.html#Heading242";0;"InM";2
"OVR";81;"Override Segment";"Übersteuerung Verarbeitungsregeln";;0;0;1;"2.14.11";"ch02.html#Heading196";0;"InM";2
"OVR";91;"Override Segment";"Übersteuerung Verarbeitungsregeln";;0;0;1;"2.14.11";"ch02.html#Heading214";0;"InM";2
"OVR";92;"Override Segment";"Übersteuerung Verarbeitungsregeln";;0;0;1;"2.14.11";"ch02.html#Heading214";0;"InM";2
"PAC";8;"Shipment Package";;;0;0;1;"7.18.3";"ch07.html#Heading417";0;;2
"PAC";9;"Shipment Package";;;0;0;1;"7.18.3";"ch07.html#Heading442";0;;2
"PAC";10;"Shipment Package";;;0;0;1;"7.16.3";"ch07.html#Heading3228";0;;2
"PAC";81;"Shipment Package";;;0;0;1;"7.18.3";"ch07.html#Heading418";0;;2
"PAC";91;"Shipment Package";;;0;0;1;"7.18.3";"ch07.html#Heading443";0;;2
"PAC";92;"Shipment Package";;;0;0;1;"7.18.3";"ch07.html#Heading452";0;;2
"PCE";7;"Patient Charge Cost Center Exceptions";"Informationen über besondere Preisvereinbarungen";;0;0;1;"17.4.6";"ch17.html#Heading104";0;;2
"PCE";8;"Patient Charge Cost Center Exceptions";"Informationen über besondere Preisvereinbarungen";;0;0;1;"17.4.6";"ch17.html#Heading99";0;;2
"PCE";9;"Patient Charge Cost Center Exceptions";"Informationen über besondere Preisvereinbarungen";;0;0;1;"17.4.6";"ch17.html#Heading109";0;;2
"PCE";10;"Patient Charge Cost Center Exceptions";"Informationen über besondere Preisvereinbarungen";;0;0;1;"17.4.6";"ch17.html#Heading5046";0;;2
"PCE";81;"Patient Charge Cost Center Exceptions";"Informationen über besondere Preisvereinbarungen";;0;0;1;"17.4.6";"ch17.html#Heading99";0;;2
"PCE";91;"Patient Charge Cost Center Exceptions";"Informationen über besondere Preisvereinbarungen";;0;0;1;"17.4.6";"ch17.html#Heading109";0;;2
"PCE";92;"Patient Charge Cost Center Exceptions";"Informationen über besondere Preisvereinbarungen";;0;0;1;"17.4.6";"ch17.html#Heading109";0;;2
"PCR";3;"Possible Causal Relationship";"Mögliche Wirkungszusammenhänge";;0;0;1;"7.11.3";"ch7.htm#Heading229";0;;2
"PCR";4;"Possible Causal Relationship";"Mögliche Wirkungszusammenhänge";;0;0;1;"7.11.3";"ch7.html#Heading253";0;;2
"PCR";5;"Possible Causal Relationship";"Mögliche Wirkungszusammenhänge";;0;0;1;"7.12.3";"ch07.htm#Heading257";0;;2
"PCR";6;"Possible Causal Relationship";"Mögliche Wirkungszusammenhänge";;0;0;1;"7.12.3";"ch07.html#Heading293";0;;2
"PCR";7;"Possible Causal Relationship";"Mögliche Wirkungszusammenhänge";;0;0;1;"7.12.3";"ch07.html#Heading301";0;;2
"PCR";8;"Possible Causal Relationship";"Mögliche Wirkungszusammenhänge";;0;0;1;"7.12.3";"ch07.html#Heading309";0;;2
"PCR";9;"Possible Causal Relationship";"Mögliche Wirkungszusammenhänge";;0;0;1;"7.12.3";"ch07.html#Heading328";0;;2
"PCR";10;"Possible Causal Relationship";"Mögliche Wirkungszusammenhänge";;0;0;1;"7.12.3";"ch07.html#Heading3133";0;;2
"PCR";61;"Possible Causal Relationship";"Mögliche Wirkungszusammenhänge";;0;0;1;"7.12.3";"ch07.html#Heading298";0;;2
"PCR";81;"Possible Causal Relationship";"Mögliche Wirkungszusammenhänge";;0;0;1;"7.12.3";"ch07.html#Heading310";0;;2
"PCR";91;"Possible Causal Relationship";"Mögliche Wirkungszusammenhänge";;0;0;1;"7.12.3";"ch07.html#Heading329";0;;2
"PCR";92;"Possible Causal Relationship";"Mögliche Wirkungszusammenhänge";;0;0;1;"7.12.3";"ch07.html#Heading338";0;;2
"PD1";1;"PATIENT DEMOGRAPHICS";"Zusätzliche demographische Informationen zum Patienten";;0;0;1;;;0;;2
"PD1";3;"Patient Demographic";"Zusätzliche demographische Informationen zum Patienten";;0;0;1;"3.3.9";"ch3.htm#Heading245";0;"PA";2
"PD1";4;"Patient Additional Demographic";"Zusätzliche demographische Informationen zum Patienten";;0;0;1;"3.3.9";"ch3.html#Heading254";0;"PA";2
"PD1";5;"Patient Additional Demographic";"Zusätzliche demographische Informationen zum Patienten";;0;0;1;"3.4.10";"ch03.htm#Heading304";0;"PA";2
"PD1";6;"Patient Additional Demographic";"Zusätzliche demographische Informationen zum Patienten";;0;0;1;"3.4.10";"ch03.html#Heading309";0;"PA";2
"PD1";7;"Patient Additional Demographic";"Zusätzliche demographische Informationen zum Patienten";;0;0;1;"3.4.10";"ch03.html#Heading310";0;"PA";2
"PD1";8;"Patient Additional Demographic";"Zusätzliche demographische Informationen zum Patienten";;0;0;1;"3.4.11";"ch03.html#Heading320";0;"PA";2
"PD1";9;"Patient Additional Demographic";"Zusätzliche demographische Informationen zum Patienten";;0;0;1;"3.4.11";"ch03.html#Heading330";0;"PA";2
"PD1";10;"Patient Additional Demographic";"Zusätzliche demographische Informationen zum Patienten";;0;0;1;"3.4.11";"ch03.html#Heading1266";0;"PA";2
"PD1";61;"Patient Additional Demographic";"Zusätzliche demographische Informationen zum Patienten";;0;0;1;"3.4.10";"ch03.html#Heading309";0;"PA";2
"PD1";81;"Patient Additional Demographic";"Zusätzliche demographische Informationen zum Patienten";;0;0;1;"3.4.11";"ch03.html#Heading320";0;"PA";2
"PD1";91;"Patient Additional Demographic";"Zusätzliche demographische Informationen zum Patienten";;0;0;1;"3.4.11";"ch03.html#Heading330";0;"PA";2
"PD1";92;"Patient Additional Demographic";"Zusätzliche demographische Informationen zum Patienten";;0;0;1;"3.4.11";"ch03.html#Heading330";0;"PA";2
"PD1";540;"Patient Adidtional Demographic";"Zusätzliche demographische Informationen zum Patienten";;0;0;1;;;0;;2
"PDA";5;"Patient death and autopsy";"Totenschein";;0;0;1;"3.4.12";"ch03.htm#Heading337";0;"PA";2
"PDA";6;"Patient Death and Autopsy";"Totenschein";;0;0;1;"3.4.12";"ch03.html#Heading342";0;"PA";2
"PDA";7;"Patient Death and Autopsy";"Totenschein";;0;0;1;"3.4.12";"ch03.html#Heading344";0;"PA";2
"PDA";8;"Patient Death and Autopsy";"Totenschein";;0;0;1;"3.4.13";"ch03.html#Heading352";0;"PA";2
"PDA";9;"Patient Death and Autopsy";"Totenschein";;0;0;1;"3.4.13";"ch03.html#Heading364";0;"PA";2
"PDA";10;"Patient Death and Autopsy";"Totenschein";;0;0;1;"3.4.13";"ch03.html#Heading1301";0;"PA";2
"PDA";61;"Patient Death and Autopsy";"Totenschein";;0;0;1;"3.4.12";"ch03.html#Heading342";0;"PA";2
"PDA";81;"Patient Death and Autopsy";"Totenschein";;0;0;1;"3.4.13";"ch03.html#Heading352";0;"PA";2
"PDA";91;"Patient Death and Autopsy";"Totenschein";;0;0;1;"3.4.13";"ch03.html#Heading364";0;"PA";2
"PDA";92;"Patient Death and Autopsy";"Totenschein";;0;0;1;"3.4.13";"ch03.html#Heading364";0;"PA";2
"PDC";3;"Product Detail Country";"Länderspezifische Produktinformationen";;0;0;1;"7.11.5";"ch7.htm#Heading268";0;;2
"PDC";4;"Product Detail Country";"Länderspezifische Produktinformationen";;0;0;1;"7.11.5";"ch7.html#Heading294";0;;2
"PDC";5;"Product Detail Country";"Länderspezifische Produktinformationen";;0;0;1;"7.12.5";"ch07.htm#Heading298";0;;2
"PDC";6;"Product Detail Country";"Länderspezifische Produktinformationen";;0;0;1;"7.12.5";"ch07.html#Heading334";0;;2
"PDC";7;"Product Detail Country";"Länderspezifische Produktinformationen";;0;0;1;"7.12.5";"ch07.html#Heading342";0;;2
"PDC";8;"Product Detail Country";"Länderspezifische Produktinformationen";;0;0;1;"7.12.5";"ch07.html#Heading348";0;;2
"PDC";9;"Product Detail Country";"Länderspezifische Produktinformationen";;0;0;1;"7.12.5";"ch07.html#Heading369";0;;2
"PDC";10;"Product Detail Country";"Länderspezifische Produktinformationen";;0;0;1;"7.12.5";"ch07.html#Heading3174";0;;2
"PDC";61;"Product Detail Country";"Länderspezifische Produktinformationen";;0;0;1;"7.12.5";"ch07.html#Heading339";0;;2
"PDC";81;"Product Detail Country";"Länderspezifische Produktinformationen";;0;0;1;"7.12.5";"ch07.html#Heading349";0;;2
"PDC";91;"Product Detail Country";"Länderspezifische Produktinformationen";;0;0;1;"7.12.5";"ch07.html#Heading370";0;;2
"PDC";92;"Product Detail Country";"Länderspezifische Produktinformationen";;0;0;1;"7.12.5";"ch07.html#Heading379";0;;2
"PEO";3;"Product Experience Observation";"Ergebnisse zu Produkterfahrungen";;0;0;1;"7.11.2";"ch7.htm#Heading203";0;;2
"PEO";4;"Product Experience Observation";"Ergebnisse zu Produkterfahrungen";;0;0;1;"7.11.2";"ch7.html#Heading226";0;;2
"PEO";5;"Product Experience Observation";"Ergebnisse zu Produkterfahrungen";;0;0;1;"7.12.2";"ch07.htm#Heading230";0;;2
"PEO";6;"Product Experience Observation";"Ergebnisse zu Produkterfahrungen";;0;0;1;"7.12.2";"ch07.html#Heading266";0;;2
"PEO";7;"Product Experience Observation";"Ergebnisse zu Produkterfahrungen";;0;0;1;"7.12.2";"ch07.html#Heading274";0;;2
"PEO";8;"Product Experience Observation";"Ergebnisse zu Produkterfahrungen";;0;0;1;"7.12.2";"ch07.html#Heading283";0;;2
"PEO";9;"Product Experience Observation";"Ergebnisse zu Produkterfahrungen";;0;0;1;"7.12.2";"ch07.html#Heading301";0;;2
"PEO";10;"Product Experience Observation";"Ergebnisse zu Produkterfahrungen";;0;0;1;"7.12.2";"ch07.html#Heading3106";0;;2
"PEO";61;"Product Experience Observation";"Ergebnisse zu Produkterfahrungen";;0;0;1;"7.12.2";"ch07.html#Heading271";0;;2
"PEO";81;"Product Experience Observation";"Ergebnisse zu Produkterfahrungen";;0;0;1;"7.12.2";"ch07.html#Heading284";0;;2
"PEO";91;"Product Experience Observation";"Ergebnisse zu Produkterfahrungen";;0;0;1;"7.12.2";"ch07.html#Heading302";0;;2
"PEO";92;"Product Experience Observation";"Ergebnisse zu Produkterfahrungen";;0;0;1;"7.12.2";"ch07.html#Heading311";0;;2
"PES";3;"Product Experience Sender";"Absender der Produkterfahrungen";;0;0;1;"7.11.1";"ch7.htm#Heading189";0;;2
"PES";4;"Product Experience Sender";"Absender der Produkterfahrungen";;0;0;1;"7.11.1";"ch7.html#Heading211";0;;2
"PES";5;"Product Experience Sender";"Absender der Produkterfahrungen";;0;0;1;"7.12.1";"ch07.htm#Heading215";0;;2
"PES";6;"Product Experience Sender";"Absender der Produkterfahrungen";;0;0;1;"7.12.1";"ch07.html#Heading251";0;;2
"PES";7;"Product Experience Sender";"Absender der Produkterfahrungen";;0;0;1;"7.12.1";"ch07.html#Heading259";0;;2
"PES";8;"Product Experience Sender";"Absender der Produkterfahrungen";;0;0;1;"7.12.1";"ch07.html#Heading269";0;;2
"PES";9;"Product Experience Sender";"Absender der Produkterfahrungen";;0;0;1;"7.12.1";"ch07.html#Heading286";0;;2
"PES";10;"Product Experience Sender";"Absender der Produkterfahrungen";;0;0;1;"7.12.1";"ch07.html#Heading3091";0;;2
"PES";61;"Product Experience Sender";"Absender der Produkterfahrungen";;0;0;1;"7.12.1";"ch07.html#Heading256";0;;2
"PES";81;"Product Experience Sender";"Absender der Produkterfahrungen";;0;0;1;"7.12.1";"ch07.html#Heading270";0;;2
"PES";91;"Product Experience Sender";"Absender der Produkterfahrungen";;0;0;1;"7.12.1";"ch07.html#Heading287";0;;2
"PES";92;"Product Experience Sender";"Absender der Produkterfahrungen";;0;0;1;"7.12.1";"ch07.html#Heading296";0;;2
"PID";1;"PATIENT IDENTIFICATION";"Patienteninformationen";"ADT";0;0;1;"3.3.3";"kap3.html#Heading31";0;"PA";2
"PID";2;"PATIENT IDENTIFICATION";"Patienteninformationen";"ADT";0;0;1;"3.3.2";"hl7chp3.html#Heading49";0;"PA";2
"PID";3;"Patient Identification";"Patienteninformationen";;0;0;1;"3.3.2";"ch3.htm#Heading64";0;"PA";2
"PID";4;"Patient identification";"Patienteninformationen";;0;0;1;"3.3.2";"ch3.html#Heading66";0;"PA";2
"PID";5;"Patient identification";"Patienteninformationen";;0;0;1;"3.4.2";"ch03.htm#Heading79";0;"PA";2
"PID";6;"Patient Identification";"Patienteninformationen";;0;0;1;"3.4.2";"ch03.html#Heading79";0;"PA";2
"PID";7;"Patient Identification";"Patienteninformationen";;0;0;1;"3.4.2";"ch03.html#Heading79";1;"PA";2
"PID";8;"Patient Identification";"Patienteninformationen";;0;0;1;"3.4.2";"ch03.html#Heading77";0;"PA";2
"PID";9;"Patient Identification";"Patienteninformationen";;0;0;1;"3.4.2";"ch03.html#Heading78";0;"PA";2
"PID";10;"Patient Identification";"Patienteninformationen";;0;0;1;"3.4.2";"ch03.html#Heading1014";0;"PA";2
"PID";32;"Patient Identification";"Patienteninformationen";;0;0;1;;;0;;2
"PID";61;"Patient Identification";"Patienteninformationen";;0;0;1;"3.4.2";"ch03.html#Heading79";0;"PA";2
"PID";81;"Patient Identification";"Patienteninformationen";;0;0;1;"3.4.2";"ch03.html#Heading77";0;"PA";2
"PID";91;"Patient Identification";"Patienteninformationen";;0;0;1;"3.4.2";"ch03.html#Heading78";0;"PA";2
"PID";92;"Patient Identification";"Patienteninformationen";;0;0;1;"3.4.2";"ch03.html#Heading78";0;"PA";2
"PID";540;"Patient Identification";"Patienteninformationen";;0;0;1;;;0;;2
"PKG";7;"Item Packaging";"Verpackungseinheit";;0;0;1;"17.4.5";"ch17.html#Heading95";0;;2
"PKG";8;"Item Packaging";"Verpackungseinheit";;0;0;1;"17.4.5";"ch17.html#Heading91";0;;2
"PKG";9;"Item Packaging";"Verpackungseinheit";;0;0;1;"17.4.5";"ch17.html#Heading99";0;;2
"PKG";10;"Item Packaging";"Verpackungseinheit";;0;0;1;"17.4.5";"ch17.html#Heading5033";0;;2
"PKG";81;"Item Packaging";"Verpackungseinheit";;0;0;1;"17.4.5";"ch17.html#Heading91";0;;2
"PKG";91;"Item Packaging";"Verpackungseinheit";;0;0;1;"17.4.5";"ch17.html#Heading99";0;;2
"PKG";92;"Item Packaging";"Verpackungseinheit";;0;0;1;"17.4.5";"ch17.html#Heading99";0;;2
"PM1";10;"Payer Master File";;;0;0;1;"8.8.17";"ch08.html#Heading3459";0;;2
"PM1";92;"Payer Master File";;;0;0;1;"8.8.17";"ch08.html#Heading216";0;;2
"PMT";7;"Payment Information";"Information zu einer Zahlung";;0;0;1;"16.4.8";"ch16.html#Heading152";0;;2
"PMT";8;"Payment Information";"Information zu einer Zahlung";;0;0;1;"16.4.8";"ch16.html#Heading145";0;;2
"PMT";9;"Payment Information";"Information zu einer Zahlung";;0;0;1;"16.4.8";"ch16.html#Heading152";0;;2
"PMT";10;"Payment Information";"Information zu einer Zahlung";;0;0;1;"16.4.8";"ch16.html#Heading4898";0;;2
"PMT";81;"Payment Information";"Information zu einer Zahlung";;0;0;1;"16.4.8";"ch16.html#Heading145";0;;2
"PMT";91;"Payment Information";"Information zu einer Zahlung";;0;0;1;"16.4.8";"ch16.html#Heading152";0;;2
"PMT";92;"Payment Information";"Information zu einer Zahlung";;0;0;1;"16.4.8";"ch16.html#Heading152";0;;2
"PR1";1;"PROCEDURES";"Prozeduren";"BLN";0;0;1;"6.3.7";"kap6.html#Heading15";0;;2
"PR1";2;"PROCEDURES";"Prozeduren";"BLN";0;0;1;"6.4.3";"hl7chp6.html#Heading51";0;;2
"PR1";3;"Procedures";"Prozeduren";;0;0;1;"6.4.4";"ch6.htm#Heading69";0;;2
"PR1";4;"Procedures";"Prozeduren";;0;0;1;"6.4.4";"ch6.html#Heading73";0;;2
"PR1";5;"Procedures";"Prozeduren";;0;0;1;"6.5.4";"ch06.htm#Heading76";0;;2
"PR1";6;"Procedures";"Prozeduren";;0;0;1;"6.5.4";"ch06.html#Heading85";0;;2
"PR1";7;"Procedures";"Prozeduren";;0;0;1;"6.5.4";"ch06.html#Heading112";0;;2
"PR1";8;"Procedures";"Prozeduren";;0;0;1;"6.5.4";"ch06.html#Heading121";0;;2
"PR1";9;"Procedures";"Prozeduren";;0;0;1;"6.5.4";"ch06.html#Heading124";0;;2
"PR1";10;"Procedures";"Prozeduren";;0;0;1;"6.5.4";"ch06.html#Heading2448";0;;2
"PR1";32;"Procedures";"Prozeduren";;0;0;1;;;0;;2
"PR1";61;"Procedures";"Prozeduren";;0;0;1;"6.5.4";"ch06.html#Heading85";0;;2
"PR1";81;"Procedures";"Prozeduren";;0;0;1;"6.5.4";"ch06.html#Heading121";0;;2
"PR1";91;"Procedures";"Prozeduren";;0;0;1;"6.5.4";"ch06.html#Heading124";0;;2
"PR1";92;"Procedures";"Prozeduren";;0;0;1;"6.5.4";"ch06.html#Heading124";0;;2
"PR1";540;"Procedures";"Prozeduren";;0;0;1;;;0;;2
"PRA";2;"practitioner detail";"Arztinformationen";;0;0;1;"9.1.2";"hl7chp8.html#Heading59";0;;2
"PRA";3;"Practitioner Detail";"Arztinformationen";;0;0;1;"8.6.3";"ch8.htm#Heading68";0;;2
"PRA";4;"Practitioner Detail";"Arztinformationen";;0;0;1;"8.6.3";"ch8.html#Heading78";0;;2
"PRA";5;"Practitioner Detail";"Arztinformationen";;0;0;1;"15.4.5";"ch15.htm#Heading51";0;"PA";2
"PRA";6;"Practitioner Detail";"Arztinformationen";;0;0;1;"15.4.6";"ch15.html#Heading87";0;"PA";2
"PRA";7;"Practitioner Detail";"Arztinformationen";;0;0;1;"15.4.6";"ch15.html#Heading87";0;"PA";2
"PRA";8;"Practitioner Detail";"Arztinformationen";;0;0;1;"15.4.6";"ch15.html#Heading88";0;"PA";2
"PRA";9;"Practitioner Detail";"Arztinformationen";;0;0;1;"15.4.6";"ch15.html#Heading88";0;"PA";2
"PRA";10;"Practitioner Detail";"Arztinformationen";;0;0;1;"15.4.6";"ch15.html#Heading4685";0;"PA";2
"PRA";61;"Practitioner Detail";"Arztinformationen";;0;0;1;"15.4.6";"ch15.html#Heading87";0;"PA";2
"PRA";81;"Practitioner Detail";"Arztinformationen";;0;0;1;"15.4.6";"ch15.html#Heading88";0;"PA";2
"PRA";91;"Practitioner Detail";"Arztinformationen";;0;0;1;"15.4.6";"ch15.html#Heading88";0;"PA";2
"PRA";92;"Practitioner Detail";"Arztinformationen";;0;0;1;"15.4.6";"ch15.html#Heading88";0;"PA";2
"PRA";540;"Practitioner";"Arztinformationen";;0;0;1;"8.5.4";;0;;2
"PRB";3;"Problem Detail";"Probleminformationen";;0;0;1;"12.3.2";"ch12.htm#Heading60";0;;2
"PRB";4;"Problem Detail";"Probleminformationen";;0;0;1;"12.3.2";"ch12.html#Heading65";0;;2
"PRB";5;"Problem Details";"Probleminformationen";;0;0;1;"12.4.2";"ch12.htm#Heading66";0;;2
"PRB";6;"Problem Details";"Probleminformationen";;0;0;1;"12.4.2";"ch12.html#Heading66";0;;2
"PRB";7;"Problem Details";"Probleminformationen";;0;0;1;"12.4.2";"ch12.html#Heading67";0;;2
"PRB";8;"Problem Details";"Probleminformationen";;0;0;1;"12.4.2";"ch12.html#Heading63";0;;2
"PRB";9;"Problem Details";"Probleminformationen";;0;0;1;"12.4.2";"ch12.html#Heading67";0;;2
"PRB";10;"Problem Details";"Probleminformationen";;0;0;1;"12.4.2";"ch12.html#Heading4213";0;;2
"PRB";61;"Problem Details";"Probleminformationen";;0;0;1;"12.4.2";"ch12.html#Heading66";0;;2
"PRB";81;"Problem Details";"Probleminformationen";;0;0;1;"12.4.2";"ch12.html#Heading63";0;;2
"PRB";91;"Problem Details";"Probleminformationen";;0;0;1;"12.4.2";"ch12.html#Heading67";0;;2
"PRB";92;"Problem Details";"Probleminformationen";;0;0;1;"12.4.2";"ch12.html#Heading67";0;;2
"PRC";3;"Pricing";"Stammdaten - Preise";;0;0;1;"8.9.3";"ch8.htm#Heading236";0;;2
"PRC";4;"Pricing";"Stammdaten - Preise";;0;0;1;"8.9.3";"ch8.html#Heading259";0;;2
"PRC";5;"Pricing";"Stammdaten - Preise";;0;0;1;"8.10.3";"ch08.htm#Heading250";0;;2
"PRC";6;"Pricing";"Stammdaten - Preise";;0;0;1;"8.10.3";"ch08.html#Heading258";0;;2
"PRC";7;"Pricing";"Stammdaten - Preise";;0;0;1;"8.10.3";"ch08.html#Heading259";0;;2
"PRC";8;"Pricing";"Stammdaten - Preise";;0;0;1;"8.10.3";"ch08.html#Heading229";0;;2
"PRC";9;"Pricing";"Stammdaten - Preise";;0;0;1;"8.10.3";"ch08.html#Heading258";0;;2
"PRC";10;"Pricing";"Stammdaten - Preise";;0;0;1;"8.10.3";"ch08.html#Heading3564";0;;2
"PRC";61;"Pricing";"Stammdaten - Preise";;0;0;1;"8.10.3";"ch08.html#Heading258";0;;2
"PRC";81;"Pricing";"Stammdaten - Preise";;0;0;1;"8.10.3";"ch08.html#Heading229";0;;2
"PRC";91;"Pricing";"Stammdaten - Preise";;0;0;1;"8.10.3";"ch08.html#Heading262";0;;2
"PRC";92;"Pricing";"Stammdaten - Preise";;0;0;1;"8.10.3";"ch08.html#Heading322";0;;2
"PRD";3;"Provider Data";"Externer Leistungserbringer";;0;0;1;"11.5.3";"ch11.htm#Heading69";0;;2
"PRD";4;"Provider Data";"Externer Leistungserbringer";;0;0;1;"11.5.3";"ch11.html#Heading78";0;;2
"PRD";5;"Provider Data";"Externer Leistungserbringer";;0;0;1;"11.6.3";"ch11.htm#Heading79";0;;2
"PRD";6;"Provider Data";"Externer Leistungserbringer";;0;0;1;"11.6.3";"ch11.html#Heading79";0;;2
"PRD";7;"Provider Data";"Externer Leistungserbringer";;0;0;1;"11.6.3";"ch11.html#Heading80";0;;2
"PRD";8;"Provider Data";"Externer Leistungserbringer";;0;0;1;"11.8.3";"ch11.html#Heading88";0;;2
"PRD";9;"Provider Data";"Externer Leistungserbringer";;0;0;1;"11.8.3";"ch11.html#Heading123";0;;2
"PRD";10;"Provider Data";"Externer Leistungserbringer";;0;0;1;"11.8.3";"ch11.html#Heading4111";0;;2
"PRD";61;"Provider Data";"Externer Leistungserbringer";;0;0;1;"11.6.3";"ch11.html#Heading79";0;;2
"PRD";81;"Provider Data";"Externer Leistungserbringer";;0;0;1;"11.7.3";"ch11.html#Heading87";0;;2
"PRD";91;"Provider Data";"Externer Leistungserbringer";;0;0;1;"11.8.3";"ch11.html#Heading123";0;;2
"PRD";92;"Provider Data";"Externer Leistungserbringer";;0;0;1;"11.8.3";"ch11.html#Heading123";0;;2
"PRT";8;"Participation Information";"Informationen über Beteiligte";;0;0;1;"7.4.4";"ch07.html#Heading168";0;;2
"PRT";9;"Participation Information";"Informationen über Beteiligte";;0;0;1;"7.4.4";"ch07.html#Heading177";0;;2
"PRT";10;"Participation Information";"Informationen über Beteiligte";;0;0;1;"7.4.4";"ch07.html#Heading2972";0;;2
"PRT";81;"Participation Information";"Informationen über Beteiligte";;0;0;1;"7.4.4";"ch07.html#Heading169";0;;2
"PRT";91;"Participation Information";"Informationen über Beteiligte";;0;0;1;"7.4.4";"ch07.html#Heading178";0;;2
"PRT";92;"Participation Information";"Informationen über Beteiligte";;0;0;1;"7.4.4";"ch07.html#Heading180";0;;2
"PSG";7;"Product/Service Group";"Unterabschnitt einer Rechnung";;0;0;1;"16.4.5";"ch16.html#Heading77";0;;2
"PSG";8;"Product/Service Group";"Unterabschnitt einer Rechnung";;0;0;1;"16.4.5";"ch16.html#Heading73";0;;2
"PSG";9;"Product/Service Group";"Unterabschnitt einer Rechnung";;0;0;1;"16.4.5";"ch16.html#Heading77";0;;2
"PSG";10;"Product/Service Group";"Unterabschnitt einer Rechnung";;0;0;1;"16.4.5";"ch16.html#Heading4823";0;;2
"PSG";81;"Product/Service Group";"Unterabschnitt einer Rechnung";;0;0;1;"16.4.5";"ch16.html#Heading73";0;;2
"PSG";91;"Product/Service Group";"Unterabschnitt einer Rechnung";;0;0;1;"16.4.5";"ch16.html#Heading77";0;;2
"PSG";92;"Product/Service Group";"Unterabschnitt einer Rechnung";;0;0;1;"16.4.5";"ch16.html#Heading77";0;;2
"PSH";3;"Product Summary Header";"Produktbericht - Kopfinformationen";;0;0;1;"7.11.4";"ch7.htm#Heading253";0;;2
"PSH";4;"Product Summary Header";"Produktbericht - Kopfinformationen";;0;0;1;"7.11.4";"ch7.html#Heading278";0;;2
"PSH";5;"Product Summary Header";"Produktbericht - Kopfinformationen";;0;0;1;"7.12.4";"ch07.htm#Heading282";0;;2
"PSH";6;"Product Summary Header";"Produktbericht - Kopfinformationen";;0;0;1;"7.12.4";"ch07.html#Heading318";0;;2
"PSH";7;"Product Summary Header";"Produktbericht - Kopfinformationen";;0;0;1;"7.12.4";"ch07.html#Heading326";0;;2
"PSH";8;"Product Summary Header";"Produktbericht - Kopfinformationen";;0;0;1;"7.12.4";"ch07.html#Heading333";0;;2
"PSH";9;"Product Summary Header";"Produktbericht - Kopfinformationen";;0;0;1;"7.12.4";"ch07.html#Heading353";0;;2
"PSH";10;"Product Summary Header";"Produktbericht - Kopfinformationen";;0;0;1;"7.12.4";"ch07.html#Heading3158";0;;2
"PSH";61;"Product Summary Header";"Produktbericht - Kopfinformationen";;0;0;1;"7.12.4";"ch07.html#Heading323";0;;2
"PSH";81;"Product Summary Header";"Produktbericht - Kopfinformationen";;0;0;1;"7.12.4";"ch07.html#Heading334";0;;2
"PSH";91;"Product Summary Header";"Produktbericht - Kopfinformationen";;0;0;1;"7.12.4";"ch07.html#Heading354";0;;2
"PSH";92;"Product Summary Header";"Produktbericht - Kopfinformationen";;0;0;1;"7.12.4";"ch07.html#Heading363";0;;2
"PSL";7;"Product/Service Line Item";"Rechnungsposition";;0;0;1;"16.4.6";"ch16.html#Heading85";0;;2
"PSL";8;"Product/Service Line Item";"Rechnungsposition";;0;0;1;"16.4.6";"ch16.html#Heading80";0;;2
"PSL";9;"Product/Service Line Item";"Rechnungsposition";;0;0;1;"16.4.6";"ch16.html#Heading85";0;;2
"PSL";10;"Product/Service Line Item";"Rechnungsposition";;0;0;1;"16.4.6";"ch16.html#Heading4831";0;;2
"PSL";81;"Product/Service Line Item";"Rechnungsposition";;0;0;1;"16.4.6";"ch16.html#Heading80";0;;2
"PSL";91;"Product/Service Line Item";"Rechnungsposition";;0;0;1;"16.4.6";"ch16.html#Heading85";0;;2
"PSL";92;"Product/Service Line Item";"Rechnungsposition";;0;0;1;"16.4.6";"ch16.html#Heading85";0;;2
"PSS";7;"Product/Service Section";"Abschnitt einer Rechnung";;0;0;1;"16.4.4";"ch16.html#Heading70";0;;2
"PSS";8;"Product/Service Section";"Abschnitt einer Rechnung";;0;0;1;"16.4.4";"ch16.html#Heading67";0;;2
"PSS";9;"Product/Service Section";"Abschnitt einer Rechnung";;0;0;1;"16.4.4";"ch16.html#Heading70";0;;2
"PSS";10;"Product/Service Section";"Abschnitt einer Rechnung";;0;0;1;"16.4.4";"ch16.html#Heading4816";0;;2
"PSS";81;"Product/Service Section";"Abschnitt einer Rechnung";;0;0;1;"16.4.4";"ch16.html#Heading67";0;;2
"PSS";91;"Product/Service Section";"Abschnitt einer Rechnung";;0;0;1;"16.4.4";"ch16.html#Heading70";0;;2
"PSS";92;"Product/Service Section";"Abschnitt einer Rechnung";;0;0;1;"16.4.4";"ch16.html#Heading70";0;;2
"PTH";3;"Pathway";"Massnahme im Behandlungsplan";;0;0;1;"12.3.4";"ch12.htm#Heading95";0;;2
"PTH";4;"Pathway";"Massnahme im Behandlungsplan";;0;0;1;"12.3.4";"ch12.html#Heading102";0;;2
"PTH";5;"Pathway";"Massnahme im Behandlungsplan";;0;0;1;"12.4.4";"ch12.htm#Heading107";0;;2
"PTH";6;"Pathway";"Massnahme im Behandlungsplan";;0;0;1;"12.4.4";"ch12.html#Heading94";0;;2
"PTH";7;"Pathway";"Massnahme im Behandlungsplan";;0;0;1;"12.4.3";"ch12.html#Heading97";0;;2
"PTH";8;"Pathway";"Massnahme im Behandlungsplan";;0;0;1;"12.4.3";"ch12.html#Heading92";0;;2
"PTH";9;"Pathway";"Massnahme im Behandlungsplan";;0;0;1;"12.4.3";"ch12.html#Heading97";0;;2
"PTH";10;"Pathway";"Massnahme im Behandlungsplan";;0;0;1;"12.4.3";"ch12.html#Heading4243";0;;2
"PTH";61;"Pathway";"Massnahme im Behandlungsplan";;0;0;1;"12.4.4";"ch12.html#Heading94";0;;2
"PTH";81;"Pathway";"Massnahme im Behandlungsplan";;0;0;1;"12.4.3";"ch12.html#Heading92";0;;2
"PTH";91;"Pathway";"Massnahme im Behandlungsplan";;0;0;1;"12.4.3";"ch12.html#Heading97";0;;2
"PTH";92;"Pathway";"Massnahme im Behandlungsplan";;0;0;1;"12.4.3";"ch12.html#Heading97";0;;2
"PV1";1;"PATIENT VISIT";"Fall-/Besuchsinformationen";"ADT";0;0;1;"3.3.4";"kap3.html#Heading32";0;"PA";2
"PV1";2;"PATIENT VISIT";"Fall-/Besuchsinformationen";"ADT";0;0;1;"3.3.3";"hl7chp3.html#Heading78";0;"PA";2
"PV1";3;"Patient visit";"Fall-/Besuchsinformationen";;0;0;1;"3.3.3";"ch3.htm#Heading96";0;"PA";2
"PV1";4;"Patient visit";"Fall-/Besuchsinformationen";;0;0;1;"3.3.3.53";"ch3.html#Heading153";0;"PA";2
"PV1";5;"Patient visit";"Fall-/Besuchsinformationen";;0;0;1;"3.4.3";"ch03.htm#Heading119";0;"PA";2
"PV1";6;"Patient Visit";"Fall-/Besuchsinformationen";;0;0;1;"3.4.3";"ch03.html#Heading120";0;"PA";2
"PV1";7;"Patient Visit";"Fall-/Besuchsinformationen";;0;0;1;"3.4.3";"ch03.html#Heading120";1;"PA";2
"PV1";8;"Patient Visit";"Fall-/Besuchsinformationen";;0;0;1;"3.4.3";"ch03.html#Heading118";0;"PA";2
"PV1";9;"Patient Visit";"Fall-/Besuchsinformationen";;0;0;1;"3.4.3";"ch03.html#Heading120";0;"PA";2
"PV1";10;"Patient Visit";"Fall-/Besuchsinformationen";;0;0;1;"3.4.3";"ch03.html#Heading1056";0;"PA";2
"PV1";32;"Patient Visit";"Falldaten";;0;0;1;;;0;;2
"PV1";61;"Patient Visit";"Fall-/Besuchsinformationen";;0;0;1;"3.4.3";"ch03.html#Heading120";0;"PA";2
"PV1";81;"Patient Visit";"Fall-/Besuchsinformationen";;0;0;1;"3.4.3";"ch03.html#Heading118";0;"PA";2
"PV1";91;"Patient Visit";"Fall-/Besuchsinformationen";;0;0;1;"3.4.3";"ch03.html#Heading120";0;"PA";2
"PV1";92;"Patient Visit";"Fall-/Besuchsinformationen";;0;0;1;"3.4.3";"ch03.html#Heading120";0;"PA";2
"PV1";540;"Patient Visit";"Fall-/Besuchsinformationen";;0;0;1;;;0;;2
"PV2";2;"PATIENT VISIT - additional information";"Ergänzende Fall- / Besuchsinformationen";"QRY";0;0;1;"3.3.4";"hl7chp3.html#Heading130";0;"PA";2
"PV2";3;"Patient visit - additional information";"Ergänzende Fall- / Besuchsinformationen";;0;0;1;"3.3.4";"ch3.htm#Heading150";0;"PA";2
"PV2";4;"Patient visit - additional information";"Ergänzende Fall- / Besuchsinformationen";;0;0;1;"3.3.4";"ch3.html#Heading154";0;"PA";2
"PV2";5;"Patient visit - additional information";"Ergänzende Fall- / Besuchsinformationen";;0;0;1;"3.4.4";"ch03.htm#Heading173";0;"PA";2
"PV2";6;"Patient Visit - Additional Information";"Ergänzende Fall- / Besuchsinformationen";;0;0;1;"3.4.4";"ch03.html#Heading174";0;"PA";2
"PV2";7;"Patient Visit - Additional Information";"Ergänzende Fall- / Besuchsinformationen";;0;0;1;"3.4.4";"ch03.html#Heading174";0;"PA";2
"PV2";8;"Patient Visit - Additional Information";"Ergänzende Fall- / Besuchsinformationen";;0;0;1;"3.4.4";"ch03.html#Heading173";0;"PA";2
"PV2";9;"Patient Visit - Additional Information";"Ergänzende Fall- / Besuchsinformationen";;0;0;1;"3.4.4";"ch03.html#Heading176";0;"PA";2
"PV2";10;"Patient Visit - Additional Information";"Ergänzende Fall- / Besuchsinformationen";;0;0;1;"3.4.4";"ch03.html#Heading1112";0;"PA";2
"PV2";32;"Patient Visit - Additional Information";"Falldetails";;0;0;1;;;0;;2
"PV2";61;"Patient Visit - Additional Information";"Ergänzende Fall- / Besuchsinformationen";;0;0;1;"3.4.4";"ch03.html#Heading174";0;"PA";2
"PV2";81;"Patient Visit - Additional Information";"Ergänzende Fall- / Besuchsinformationen";;0;0;1;"3.4.4";"ch03.html#Heading173";0;"PA";2
"PV2";91;"Patient Visit - Additional Information";"Ergänzende Fall- / Besuchsinformationen";;0;0;1;"3.4.4";"ch03.html#Heading176";0;"PA";2
"PV2";92;"Patient Visit - Additional Information";"Ergänzende Fall- / Besuchsinformationen";;0;0;1;"3.4.4";"ch03.html#Heading176";0;"PA";2
"PV2";540;"Patient Visit - Additional Information";"Ergänzende Fall- / Besuchsinformationen";;0;0;1;;;0;;2
"PYE";7;"Payee Information";"Information über Rechnungsempfänger";;0;0;1;"16.4.3";"ch16.html#Heading61";0;;2
"PYE";8;"Payee Information";"Information über Rechnungsempfänger";;0;0;1;"16.4.3";"ch16.html#Heading59";0;;2
"PYE";9;"Payee Information";"Information über Rechnungsempfänger";;0;0;1;"16.4.3";"ch16.html#Heading61";0;;2
"PYE";10;"Payee Information";"Information über Rechnungsempfänger";;0;0;1;"16.4.3";"ch16.html#Heading4807";0;;2
"PYE";81;"Payee Information";"Information über Rechnungsempfänger";;0;0;1;"16.4.3";"ch16.html#Heading59";0;;2
"PYE";91;"Payee Information";"Information über Rechnungsempfänger";;0;0;1;"16.4.3";"ch16.html#Heading61";0;;2
"PYE";92;"Payee Information";"Information über Rechnungsempfänger";;0;0;1;"16.4.3";"ch16.html#Heading61";0;;2
"QAK";3;"Query Acknowledgement";"Quittung zu Abfragen";;0;0;1;"2.24.22";;0;"InM";2
"QAK";4;"Query Acknowledgement";"Quittung zu Abfragen";;0;0;1;"2.24.22";"ch2.html#Heading540";0;"InM";2
"QAK";5;"Query Acknowledgment";"Quittung zu Abfragen";;0;0;1;"5.5.2";"ch05.htm#Heading63";0;;2
"QAK";6;"Query Acknowledgment";"Quittung zu Abfragen";;0;0;1;"5.5.2";"ch05.html#Heading62";0;;2
"QAK";7;"Query Acknowledgment";"Quittung zu Abfragen";;0;0;1;"5.5.2";"ch05.html#Heading62";0;;2
"QAK";8;"Query Acknowledgment";"Quittung zu Abfragen";;0;0;1;"5.5.2";"ch05.html#Heading56";0;;2
"QAK";9;"Query Acknowledgment";"Quittung zu Abfragen";;0;0;1;"5.5.2";"ch05.html#Heading62";0;;2
"QAK";10;"Query Acknowledgment";"Quittung zu Abfragen";;0;0;1;"5.5.2";"ch05.html#Heading2207";0;;2
"QAK";61;"Query Acknowledgment";"Quittung zu Abfragen";;0;0;1;"5.5.2";"ch05.html#Heading62";0;;2
"QAK";81;"Query Acknowledgment";"Quittung zu Abfragen";;0;0;1;"5.5.2";"ch05.html#Heading56";0;;2
"QAK";91;"Query Acknowledgment";"Quittung zu Abfragen";;0;0;1;"5.5.2";"ch05.html#Heading62";0;;2
"QAK";92;"Query Acknowledgment";"Quittung zu Abfragen";;0;0;1;"5.5.2";"ch05.html#Heading62";0;;2
"QID";5;"Query Identification";"Identifikation von Abfragen";;0;0;1;"5.5.3";"ch05.htm#Heading71";0;;2
"QID";6;"Query Identification";"Identifikation von Abfragen";;0;0;1;"5.5.3";"ch05.html#Heading70";0;;2
"QID";7;"Query Identification";"Identifikation von Abfragen";;0;0;1;"5.5.3";"ch05.html#Heading70";0;;2
"QID";8;"Query Identification";"Identifikation von Abfragen";;0;0;1;"5.5.3";"ch05.html#Heading63";0;;2
"QID";9;"Query Identification";"Identifikation von Abfragen";;0;0;1;"5.5.3";"ch05.html#Heading70";0;;2
"QID";10;"Query Identification";"Identifikation von Abfragen";;0;0;1;"5.5.3";"ch05.html#Heading2215";0;;2
"QID";61;"Query Identification";"Identifikation von Abfragen";;0;0;1;"5.5.3";"ch05.html#Heading70";0;;2
"QID";81;"Query Identification";"Identifikation von Abfragen";;0;0;1;"5.5.3";"ch05.html#Heading63";0;;2
"QID";91;"Query Identification";"Identifikation von Abfragen";;0;0;1;"5.5.3";"ch05.html#Heading70";0;;2
"QID";92;"Query Identification";"Identifikation von Abfragen";;0;0;1;"5.5.3";"ch05.html#Heading70";0;;2
"QPD";5;"Query Parameter Definition";"Definition von Abfrageparametern";;0;1;1;"5.5.4";"ch05.htm#Heading74";0;;2
"QPD";6;"Query Parameter Definition";"Definition von Abfrageparametern";;0;1;1;"5.5.4";"ch05.html#Heading74";0;;2
"QPD";7;"Query Parameter Definition";"Definition von Abfrageparametern";;0;1;1;"5.5.4";"ch05.html#Heading74";0;;2
"QPD";8;"Query Parameter Definition";"Definition von Abfrageparametern";;0;1;1;"5.5.4";"ch05.html#Heading66";0;;2
"QPD";9;"Query Parameter Definition";"Definition von Abfrageparametern";;0;1;1;"5.5.4";"ch05.html#Heading74";0;;2
"QPD";10;"Query Parameter Definition";"Definition von Abfrageparametern";;0;0;1;"5.5.4";"ch05.html#Heading2219";0;;2
"QPD";61;"Query Parameter Definition";"Definition von Abfrageparametern";;0;1;1;"5.5.4";"ch05.html#Heading74";0;;2
"QPD";81;"Query Parameter Definition";"Definition von Abfrageparametern";;0;1;1;"5.5.4";"ch05.html#Heading66";0;;2
"QPD";91;"Query Parameter Definition";"Definition von Abfrageparametern";;0;1;1;"5.5.4";"ch05.html#Heading74";0;;2
"QPD";92;"Query Parameter Definition";"Definition von Abfrageparametern";;0;1;1;"5.5.4";"ch05.html#Heading74";0;;2
"QRD";1;"QUERY DEFINITION";"Definition einer Abfrage im pre V2.4 Format";"QRY";0;0;1;"5.3.3";"kap5.html#Heading17";0;;2
"QRD";2;"QUERY DEFINITION";"Definition einer Abfrage im pre V2.4 Format";"QRY";0;0;1;"2.10.4";"hl7chp2.html#Heading111";0;"InM";2
"QRD";3;"Query definition segment";"Definition einer Abfrage im pre V2.4 Format";;0;0;1;"2.24.4";"ch2.htm#Heading340";0;"InM";2
"QRD";4;"QRD - original-style query definition segment";"Definition einer Abfrage im pre V2.4 Format";;0;0;1;"C.2.4.1";"ch2.html#Heading424";0;;2
"QRD";5;"Original-Style Query Definition";"Definition einer Abfrage im pre V2.4 Format";;0;0;1;"5.10.5.3";"ch05.htm#Heading191";0;;2
"QRD";6;"Original-Style Query Definition";"Definition einer Abfrage im pre V2.4 Format";;0;0;1;"5.10.5.3";"ch05.html#Heading189";0;;2
"QRD";7;"Original-Style Query Definition";"Definition einer Abfrage im pre V2.4 Format";;0;0;1;"5.10.4.1";"ch05.html#Heading174";0;;2
"QRD";8;"withdrawn";"Definition einer Abfrage im pre V2.4 Format";;0;0;1;;;0;;2
"QRD";9;"withdrawn";"Definition einer Abfrage im pre V2.4 Format";;0;0;1;;;0;;2
"QRD";10;"QRD (added by default)";;;0;0;1;"";"";0;;2
"QRD";61;"Original-Style Query Definition";"Definition einer Abfrage im pre V2.4 Format";;0;0;1;"5.10.5.3";"ch05.html#Heading189";0;;2
"QRD";81;"deleted";"gelöscht";;0;0;1;;;0;;2
"QRD";91;"deprecated";"veraltet";;0;0;1;;;0;;2
"QRD";92;"deprecated";"veraltet";;0;0;1;;;0;;2
"QRF";1;"QUERY FILTER";"Definition eines Abfragefilters im pre V2.4 Format";"QRY";0;0;1;"5.3.4";"kap5.html#Heading18";0;;2
"QRF";2;"QUERY FILTER";"Definition eines Abfragefilters im pre V2.4 Format";"QRY";0;0;1;"2.10.5";"hl7chp2.html#Heading124";0;"InM";2
"QRF";3;"Query filter segment";"Definition eines Abfragefilters im pre V2.4 Format";;0;0;1;"2.24.5";"ch2.htm#Heading353";0;"InM";2
"QRF";4;"Original Style Query Filter";"Definition eines Abfragefilters im pre V2.4 Format";;0;0;1;"2.24.5";"ch2.html#Heading437";0;"InM";2
"QRF";5;"Original Style Query Filter";"Definition eines Abfragefilters im pre V2.4 Format";;0;0;1;"5.10.5.4";"ch05.htm#Heading205";0;;2
"QRF";6;"Original style query filter";"Definition eines Abfragefilters im pre V2.4 Format";;0;0;1;"5.10.5.4";"ch05.html#Heading202";0;;2
"QRF";7;"Original style query filter";"Definition eines Abfragefilters im pre V2.4 Format";;0;0;1;"5.10.4.2";"ch05.html#Heading188";0;;2
"QRF";8;"withdrawn";"Definition eines Abfragefilters im pre V2.4 Format";;0;0;1;;;0;;2
"QRF";9;"withdrawn";"Definition eines Abfragefilters im pre V2.4 Format";;0;0;1;;;0;;2
"QRF";10;"QRF (added by default)";;;0;0;1;"";"";0;;2
"QRF";61;"Original style query filter";"Definition eines Abfragefilters im pre V2.4 Format";;0;0;1;"5.10.5.4";"ch05.html#Heading202";0;;2
"QRF";81;"deleted";"gelöscht";;0;0;1;;;0;;2
"QRF";91;"deprecated";"veraltet";;0;0;1;;;0;;2
"QRF";92;"deprecated";"veraltet";;0;0;1;;;0;;2
"QRI";5;"Query Response Instance";"Antwortgewichtung bei Abfragen";;0;0;1;"5.5.5";"ch05.htm#Heading79";0;;2
"QRI";6;"Query Response Instance";"Antwortgewichtung bei Abfragen";;0;0;1;"5.5.5";"ch05.html#Heading80";0;;2
"QRI";7;"Query Response Instance";"Antwortgewichtung bei Abfragen";;0;0;1;"5.5.5";"ch05.html#Heading80";0;;2
"QRI";8;"Query Response Instance";"Antwortgewichtung bei Abfragen";;0;0;1;"5.5.5";"ch05.html#Heading71";0;;2
"QRI";9;"Query Response Instance";"Antwortgewichtung bei Abfragen";;0;0;1;"5.5.5";"ch05.html#Heading80";0;;2
"QRI";10;"Query Response Instance";"Antwortgewichtung bei Abfragen";;0;0;1;"5.5.5";"ch05.html#Heading2225";0;;2
"QRI";61;"Query Response Instance";"Antwortgewichtung bei Abfragen";;0;0;1;"5.5.5";"ch05.html#Heading80";0;;2
"QRI";81;"Query Response Instance";"Antwortgewichtung bei Abfragen";;0;0;1;"5.5.5";"ch05.html#Heading71";0;;2
"QRI";91;"Query Response Instance";"Antwortgewichtung bei Abfragen";;0;0;1;"5.5.5";"ch05.html#Heading80";0;;2
"QRI";92;"Query Response Instance";"Antwortgewichtung bei Abfragen";;0;0;1;"5.5.5";"ch05.html#Heading80";0;;2
"RCP";5;"Response Control Parameter";"Parameter zur Einschränkung von Abfragen";;0;0;1;"5.5.6";"ch05.htm#Heading84";0;;2
"RCP";6;"Response Control Parameter";"Parameter zur Einschränkung von Abfragen";;0;0;1;"5.5.6";"ch05.html#Heading85";0;;2
"RCP";7;"Response Control Parameter";"Parameter zur Einschränkung von Abfragen";;0;0;1;"5.5.6";"ch05.html#Heading85";0;;2
"RCP";8;"Response Control Parameter";"Parameter zur Einschränkung von Abfragen";;0;0;1;"5.5.6";"ch05.html#Heading75";0;;2
"RCP";9;"Response Control Parameter";"Parameter zur Einschränkung von Abfragen";;0;0;1;"5.5.6";"ch05.html#Heading85";0;;2
"RCP";10;"Response Control Parameter";"Parameter zur Einschränkung von Abfragen";;0;0;1;"5.5.6";"ch05.html#Heading2230";0;;2
"RCP";61;"Response Control Parameter";"Parameter zur Einschränkung von Abfragen";;0;0;1;"5.5.6";"ch05.html#Heading85";0;;2
"RCP";81;"Response Control Parameter";"Parameter zur Einschränkung von Abfragen";;0;0;1;"5.5.6";"ch05.html#Heading75";0;;2
"RCP";91;"Response Control Parameter";"Parameter zur Einschränkung von Abfragen";;0;0;1;"5.5.6";"ch05.html#Heading85";0;;2
"RCP";92;"Response Control Parameter";"Parameter zur Einschränkung von Abfragen";;0;0;1;"5.5.6";"ch05.html#Heading85";0;;2
"RDF";3;"Table Row Definition";"Zeilenbeschreibung bei tabellarischen Abfragen";;0;0;1;"2.24.18";"ch2.htm#Heading439";0;"InM";2
"RDF";4;"Table Row Definition";"Zeilenbeschreibung bei tabellarischen Abfragen";;0;0;1;"2.24.18";"ch2.html#Heading522";0;"InM";2
"RDF";5;"Table Row Definition";"Zeilenbeschreibung bei tabellarischen Abfragen";;0;0;1;"5.5.7";"ch05.htm#Heading93";0;;2
"RDF";6;"Table Row Definition";"Zeilenbeschreibung bei tabellarischen Abfragen";;0;0;1;"5.5.7";"ch05.html#Heading94";0;;2
"RDF";7;"Table Row Definition";"Zeilenbeschreibung bei tabellarischen Abfragen";;0;0;1;"5.5.7";"ch05.html#Heading94";0;;2
"RDF";8;"Table Row Definition";"Zeilenbeschreibung bei tabellarischen Abfragen";;0;0;1;"5.5.7";"ch05.html#Heading83";0;;2
"RDF";9;"Table Row Definition";"Zeilenbeschreibung bei tabellarischen Abfragen";;0;0;1;"5.5.7";"ch05.html#Heading94";0;;2
"RDF";10;"Table Row Definition";"Zeilenbeschreibung bei tabellarischen Abfragen";;0;0;1;"5.5.7";"ch05.html#Heading2239";0;;2
"RDF";61;"Table Row Definition";"Zeilenbeschreibung bei tabellarischen Abfragen";;0;0;1;"5.5.7";"ch05.html#Heading94";0;;2
"RDF";81;"Table Row Definition";"Zeilenbeschreibung bei tabellarischen Abfragen";;0;0;1;"5.5.7";"ch05.html#Heading83";0;;2
"RDF";91;"Table Row Definition";"Zeilenbeschreibung bei tabellarischen Abfragen";;0;0;1;"5.5.7";"ch05.html#Heading94";0;;2
"RDF";92;"Table Row Definition";"Zeilenbeschreibung bei tabellarischen Abfragen";;0;0;1;"5.5.7";"ch05.html#Heading94";0;;2
"RDT";3;"Table Row Data";"Tabellenzeile bei Antworten zu tabellarischen Abfragen";;0;1;1;"2.24.19";"ch2.htm#Heading442";0;"InM";2
"RDT";4;"Table Row Data";"Tabellenzeile bei Antworten zu tabellarischen Abfragen";;0;1;1;"2.24.19";"ch2.html#Heading541";0;"InM";2
"RDT";5;"Table Row Data";"Tabellenzeile bei Antworten zu tabellarischen Abfragen";;0;1;1;"5.5.8";"ch05.htm#Heading97";0;;2
"RDT";6;"Table Row Data";"Tabellenzeile bei Antworten zu tabellarischen Abfragen";;0;1;1;"5.5.8";"ch05.html#Heading98";0;;2
"RDT";7;"Table Row Data";"Tabellenzeile bei Antworten zu tabellarischen Abfragen";;0;1;1;"5.5.8";"ch05.html#Heading98";0;;2
"RDT";8;"Table Row Data";"Tabellenzeile bei Antworten zu tabellarischen Abfragen";;0;1;1;"5.5.8";"ch05.html#Heading86";0;;2
"RDT";9;"Table Row Data";"Tabellenzeile bei Antworten zu tabellarischen Abfragen";;0;1;1;"5.5.8";"ch05.html#Heading98";0;;2
"RDT";10;"Table Row Data";"Tabellenzeile bei Antworten zu tabellarischen Abfragen";;0;0;1;"5.5.8";"ch05.html#Heading2243";0;;2
"RDT";61;"Table Row Data";"Tabellenzeile bei Antworten zu tabellarischen Abfragen";;0;1;1;"5.5.8";"ch05.html#Heading98";0;;2
"RDT";81;"Table Row Data";"Tabellenzeile bei Antworten zu tabellarischen Abfragen";;0;1;1;"5.5.8";"ch05.html#Heading86";0;;2
"RDT";91;"Table Row Data";"Tabellenzeile bei Antworten zu tabellarischen Abfragen";;0;1;1;"5.5.8";"ch05.html#Heading98";0;;2
"RDT";92;"Table Row Data";"Tabellenzeile bei Antworten zu tabellarischen Abfragen";;0;1;1;"5.5.8";"ch05.html#Heading98";0;;2
"REL";7;"Clinical Relationship Segment";"Verknüpfung klinischer Informationen";;0;0;1;"12.4.5";"ch12.html#Heading114";0;;2
"REL";8;"Clinical Relationship Segment";"Verknüpfung klinischer Informationen";;0;0;1;"12.4.5";"ch12.html#Heading107";0;;2
"REL";9;"Clinical Relationship Segment";"Verknüpfung klinischer Informationen";;0;0;1;"12.4.5";"ch12.html#Heading114";0;;2
"REL";10;"Clinical Relationship Segment";"Verknüpfung klinischer Informationen";;0;0;1;"12.4.5";"ch12.html#Heading4260";0;;2
"REL";81;"Clinical Relationship Segment";"Verknüpfung klinischer Informationen";;0;0;1;"12.4.5";"ch12.html#Heading107";0;;2
"REL";91;"Clinical Relationship Segment";"Verknüpfung klinischer Informationen";;0;0;1;"12.4.5";"ch12.html#Heading114";0;;2
"REL";92;"Clinical Relationship Segment";"Verknüpfung klinischer Informationen";;0;0;1;"12.4.5";"ch12.html#Heading114";0;;2
"RF1";3;"Referral Information Segment";"Überweisung (eines Patienten)";;0;0;1;"11.5.1";"ch11.htm#Heading46";0;;2
"RF1";4;"Referral Infomation";"Überweisung (eines Patienten)";;0;0;1;"11.5.1";"ch11.html#Heading53";0;;2
"RF1";5;"Referral Information";"Überweisung (eines Patienten)";;0;0;1;"11.6.1";"ch11.htm#Heading54";0;;2
"RF1";6;"Referral Information";"Überweisung (eines Patienten)";;0;0;1;"11.6.1";"ch11.html#Heading54";0;;2
"RF1";7;"Referral Information";"Überweisung (eines Patienten)";;0;0;1;"11.6.1";"ch11.html#Heading54";0;;2
"RF1";8;"Referral Information";"Überweisung (eines Patienten)";;0;0;1;"11.8.1";"ch11.html#Heading62";0;;2
"RF1";9;"Referral Information";"Überweisung (eines Patienten)";;0;0;1;"11.8.1";"ch11.html#Heading65";0;;2
"RF1";10;"Referral Information";"Überweisung (eines Patienten)";;0;0;1;"11.8.1";"ch11.html#Heading4053";0;;2
"RF1";61;"Referral Information";"Überweisung (eines Patienten)";;0;0;1;"11.6.1";"ch11.html#Heading54";0;;2
"RF1";81;"Referral Information";"Überweisung (eines Patienten)";;0;0;1;"11.7.1";"ch11.html#Heading61";0;;2
"RF1";91;"Referral Information";"Überweisung (eines Patienten)";;0;0;1;"11.8.1";"ch11.html#Heading65";0;;2
"RF1";92;"Referral Information";"Überweisung (eines Patienten)";;0;0;1;"11.8.1";"ch11.html#Heading65";0;;2
"RFI";7;"Request for Information";"Informationsanforderung";;0;0;1;"16.4.1";"ch16.html#Heading23";0;;2
"RFI";8;"Request for Information";"Informationsanforderung";;0;0;1;"16.4.1";"ch16.html#Heading23";0;;2
"RFI";9;"Request for Information";"Informationsanforderung";;0;0;1;"16.4.1";"ch16.html#Heading23";0;;2
"RFI";10;"Request for Information";"Informationsanforderung";;0;0;1;"16.4.1";"ch16.html#Heading4769";0;;2
"RFI";81;"Request for Information";"Informationsanforderung";;0;0;1;"16.4.1";"ch16.html#Heading23";0;;2
"RFI";91;"Request for Information";"Informationsanforderung";;0;0;1;"16.4.1";"ch16.html#Heading23";0;;2
"RFI";92;"Request for Information";"Informationsanforderung";;0;0;1;"16.4.1";"ch16.html#Heading23";0;;2
"RGS";3;"Resource Group";"Gruppierung von Ressourcen";;0;0;1;"10.5.3";"ch10.htm#Heading119";0;;2
"RGS";4;"Resource Group";"Gruppierung von Ressourcen";;0;0;1;"10.5.3";"ch10.html#Heading126";0;;2
"RGS";5;"Resource Group";"Gruppierung von Ressourcen";;0;0;1;"10.6.3";"ch10.htm#Heading131";0;;2
"RGS";6;"Resource Group";"Gruppierung von Ressourcen";;0;0;1;"10.6.3";"ch10.html#Heading131";0;;2
"RGS";7;"Resource Group";"Gruppierung von Ressourcen";;0;0;1;"10.6.3";"ch10.html#Heading131";0;;2
"RGS";8;"Resource Group";"Gruppierung von Ressourcen";;0;0;1;"10.6.3";"ch10.html#Heading125";0;;2
"RGS";9;"Resource Group";"Gruppierung von Ressourcen";;0;0;1;"10.6.3";"ch10.html#Heading132";0;;2
"RGS";10;"Resource Group";"Gruppierung von Ressourcen";;0;0;1;"10.6.3";"ch10.html#Heading3911";0;;2
"RGS";61;"Resource Group";"Gruppierung von Ressourcen";;0;0;1;"10.6.3";"ch10.html#Heading131";0;;2
"RGS";81;"Resource Group";"Gruppierung von Ressourcen";;0;0;1;"10.6.3";"ch10.html#Heading125";0;;2
"RGS";91;"Resource Group";"Gruppierung von Ressourcen";;0;0;1;"10.6.3";"ch10.html#Heading132";0;;2
"RGS";92;"Resource Group";"Gruppierung von Ressourcen";;0;0;1;"10.6.3";"ch10.html#Heading132";0;;2
"RMI";5;"Risk Management Incident";"Risikomanagement von Zwischenfällen";;0;0;1;"6.5.14";"ch06.htm#Heading381";0;;2
"RMI";6;"Risk Management Incident";"Risikomanagement von Zwischenfällen";;0;0;1;"6.5.14";"ch06.html#Heading398";0;;2
"RMI";7;"Risk Management Incident";"Risikomanagement von Zwischenfällen";;0;0;1;"6.5.14";"ch06.html#Heading428";0;;2
"RMI";8;"Risk Management Incident";"Risikomanagement von Zwischenfällen";;0;0;1;"6.5.14";"ch06.html#Heading432";0;;2
"RMI";9;"Risk Management Incident";"Risikomanagement von Zwischenfällen";;0;0;1;"6.5.14";"ch06.html#Heading449";0;;2
"RMI";10;"Risk Management Incident";"Risikomanagement von Zwischenfällen";;0;0;1;"6.5.14";"ch06.html#Heading2778";0;;2
"RMI";61;"Risk Management Incident";"Risikomanagement von Zwischenfällen";;0;0;1;"6.5.14";"ch06.html#Heading398";0;;2
"RMI";81;"Risk Management Incident";"Risikomanagement von Zwischenfällen";;0;0;1;"6.5.14";"ch06.html#Heading432";0;;2
"RMI";91;"Risk Management Incident";"Risikomanagement von Zwischenfällen";;0;0;1;"6.5.14";"ch06.html#Heading449";0;;2
"RMI";92;"Risk Management Incident";"Risikomanagement von Zwischenfällen";;0;0;1;"6.5.14";"ch06.html#Heading449";0;;2
"ROL";3;"Role";"Rollenbeschreibung";;0;0;1;"12.3.3";"ch12.htm#Heading86";0;;2
"ROL";4;"Role";"Rollenbeschreibung";;0;0;1;"12.3.3";"ch12.html#Heading92";0;;2
"ROL";5;"Role";"Rollenbeschreibung";;0;0;1;"12.4.3";"ch12.htm#Heading93";0;;2
"ROL";6;"Role";"Rollenbeschreibung";;0;0;1;"15.4.7";"ch15.html#Heading101";0;"PA";2
"ROL";7;"Role";"Rollenbeschreibung";;0;0;1;"15.4.7";"ch15.html#Heading101";1;"PA";2
"ROL";8;"Role";"Rollenbeschreibung";;0;0;1;"15.4.7";"ch15.html#Heading102";0;"PA";2
"ROL";9;"Role";"Rollenbeschreibung";;0;0;1;"15.4.7";"ch15.html#Heading102";0;"PA";2
"ROL";10;"Role";"Rollenbeschreibung";;0;0;1;"15.4.7";"ch15.html#Heading4699";0;"PA";2
"ROL";61;"Role";"Rollenbeschreibung";;0;0;1;"15.4.7";"ch15.html#Heading101";0;"PA";2
"ROL";81;"Role";"Rollenbeschreibung";;0;0;1;"15.4.7";"ch15.html#Heading102";0;"PA";2
"ROL";91;"Role";"Rollenbeschreibung";;0;0;1;"15.4.7";"ch15.html#Heading102";0;"PA";2
"ROL";92;"Role";"Rollenbeschreibung";;0;0;1;"15.4.7";"ch15.html#Heading102";0;"PA";2
"RQ1";2;"REQUISITION DETAIL-1";"Details zu externen Bestellungen";;0;0;1;"4.7.2";"hl7chp4.html#Heading119";0;"OO";2
"RQ1";3;"Requisition Detail-1";"Details zu externen Bestellungen";;0;0;1;"4.7.2";"ch4.htm#Heading134";0;"OO";2
"RQ1";4;"Requisition Detail-1";"Details zu externen Bestellungen";;0;0;1;"4.7.2";"ch4.html#Heading156";0;"OO";2
"RQ1";5;"Requisition Detail-1";"Details zu externen Bestellungen";;0;0;1;"4.11.2";"ch04.htm#Heading174";0;"OO";2
"RQ1";6;"Requisition Detail-1";"Details zu externen Bestellungen";;0;0;1;"4.11.2";"ch04.html#Heading205";0;"OO";2
"RQ1";7;"Requisition Detail-1";"Details zu externen Bestellungen";;0;0;1;"4.11.2";"ch04.html#Heading208";0;"OO";2
"RQ1";8;"Requisition Detail-1";"Details zu externen Bestellungen";;0;0;1;"4.11.2";"ch04.html#Heading202";0;"OO";2
"RQ1";9;"Requisition Detail-1";"Details zu externen Bestellungen";;0;0;1;"4.11.2";"ch04.html#Heading217";0;"OO";2
"RQ1";10;"Requisition Detail-1";"Details zu externen Bestellungen";;0;0;1;"4.11.2";"ch04.html#Heading1667";0;"OO";2
"RQ1";61;"Requisition Detail-1";"Details zu externen Bestellungen";;0;0;1;"4.11.2";"ch04.html#Heading207";0;"OO";2
"RQ1";81;"Requisition Detail-1";"Details zu externen Bestellungen";;0;0;1;"4.10.2";"ch04.html#Heading202";0;"OO";2
"RQ1";91;"Requisition Detail-1";"Details zu externen Bestellungen";;0;0;1;"4.11.2";"ch04.html#Heading229";0;"OO";2
"RQ1";92;"Requisition Detail-1";"Details zu externen Bestellungen";;0;0;1;"4.11.2";"ch04.html#Heading229";0;"OO";2
"RQD";2;"REQUISITION DETAIL";"Allgemeine Bestellinformationen";;0;0;1;"4.7.1";"hl7chp4.html#Heading108";0;"OO";2
"RQD";3;"Requisition detail";"Allgemeine Bestellinformationen";;0;0;1;"4.7.1";"ch4.htm#Heading123";0;"OO";2
"RQD";4;"Requisition Detail";"Allgemeine Bestellinformationen";;0;0;1;"4.7.1";"ch4.html#Heading144";0;"OO";2
"RQD";5;"Requisition Detail";"Allgemeine Bestellinformationen";;0;0;1;"4.11.1";"ch04.htm#Heading162";0;"OO";2
"RQD";6;"Requisition Detail";"Allgemeine Bestellinformationen";;0;0;1;"4.11.1";"ch04.html#Heading193";0;"OO";2
"RQD";7;"Requisition Detail";"Allgemeine Bestellinformationen";;0;0;1;"4.11.1";"ch04.html#Heading196";0;"OO";2
"RQD";8;"Requisition Detail";"Allgemeine Bestellinformationen";;0;0;1;"4.11.1";"ch04.html#Heading191";0;"OO";2
"RQD";9;"Requisition Detail";"Allgemeine Bestellinformationen";;0;0;1;"4.11.1";"ch04.html#Heading205";0;"OO";2
"RQD";10;"Requisition Detail";"Allgemeine Bestellinformationen";;0;0;1;"4.11.1";"ch04.html#Heading1655";0;"OO";2
"RQD";61;"Requisition Detail";"Allgemeine Bestellinformationen";;0;0;1;"4.11.1";"ch04.html#Heading195";0;"OO";2
"RQD";81;"Requisition Detail";"Allgemeine Bestellinformationen";;0;0;1;"4.10.1";"ch04.html#Heading191";0;"OO";2
"RQD";91;"Requisition Detail";"Allgemeine Bestellinformationen";;0;0;1;"4.11.1";"ch04.html#Heading217";0;"OO";2
"RQD";92;"Requisition Detail";"Allgemeine Bestellinformationen";;0;0;1;"4.11.1";"ch04.html#Heading217";0;"OO";2
"RX1";1;"PHARMACY ORDER";"veraltet";"ORD";0;0;1;;;0;;2
"RXA";2;"PHARMACY AADMINISTRATION";"Informationen zur Medikation";;0;0;1;"4.8.14";"hl7chp4.html#Heading222";0;"OO";2
"RXA";3;"Pharmacy administration segment";"Informationen zur Medikation";;0;0;1;"4.8.14";"ch4.htm#Heading265";0;"OO";2
"RXA";4;"Pharmacy/Treatment Administration";"Informationen zur Medikation";;0;0;1;"4.13";"ch4.html#Heading340";0;"OO";2
"RXA";5;"Pharmacy/Treatment Administration";"Informationen zur Medikation";;0;0;1;"4.14.7";"ch04.htm#Heading333";0;"OO";2
"RXA";6;"Pharmacy/Treatment Administration";"Informationen zur Medikation";;0;0;1;"4.14.7";"ch04.html#Heading399";0;"OO";2
"RXA";7;"Pharmacy/Treatment Administration";"Informationen zur Medikation";;0;0;1;"4.14.7";"ch04.html#Heading413";0;"OO";2
"RXA";8;"Pharmacy/Treatment Administration";"Informationen zur Medikation";;0;0;1;"4.A.4.6";"ch04a.html#Heading194";0;"OO";2
"RXA";9;"Pharmacy/Treatment Administration";"Informationen zur Medikation";;0;0;1;"4.A.7";"ch04a.html#Heading207";0;"OO";2
"RXA";10;"Pharmacy/Treatment Administration";"Informationen zur Medikation";;0;0;1;"4A.4.7";"ch04A.html#Heading2045";0;"OO";2
"RXA";61;"Pharmacy/Treatment Administration";"Informationen zur Medikation";;0;0;1;"4.14.7";"ch04.html#Heading401";0;"OO";2
"RXA";81;"Pharmacy/Treatment Administration";"Informationen zur Medikation";;0;0;1;"4.A.7";"ch04a.html#Heading193";0;"OO";2
"RXA";91;"Pharmacy/Treatment Administration";"Informationen zur Medikation";;0;0;1;"4.A.7";"ch04a.html#Heading207";0;"OO";2
"RXA";92;"Pharmacy/Treatment Administration";"Informationen zur Medikation";;0;0;1;"4.A.7";"ch04a.html#Heading207";0;"OO";2
"RXC";2;"PHARMACY COMPONENT ORDER";"Informationen zu Medikamentenbestandteilen";;0;0;1;"4.8.4";"hl7chp4.html#Heading153";0;"OO";2
"RXC";3;"Pharmacy component order segment";"Informationen zu Medikamentenbestandteilen";;0;0;1;"4.8.4";"ch4.htm#Heading173";0;"OO";2
"RXC";4;"Pharmacy/Treatment Component Order";"Informationen zu Medikamentenbestandteilen";;0;0;1;"4.8.4";"ch4.html#Heading200";0;"OO";2
"RXC";5;"Pharmacy/Treatment Component Order";"Informationen zu Medikamentenbestandteilen";;0;0;1;"4.14.3";"ch04.htm#Heading238";0;"OO";2
"RXC";6;"Pharmacy/Treatment Component Order";"Informationen zu Medikamentenbestandteilen";;0;0;1;"4.14.3";"ch04.html#Heading279";0;"OO";2
"RXC";7;"Pharmacy/Treatment Component Order";"Informationen zu Medikamentenbestandteilen";;0;0;1;"4.14.3";"ch04.html#Heading289";0;"OO";2
"RXC";8;"Pharmacy/Treatment Component Order";"Informationen zu Medikamentenbestandteilen";;0;0;1;"4.A.4.2";"ch04a.html#Heading72";0;"OO";2
"RXC";9;"Pharmacy/Treatment Component Order";"Informationen zu Medikamentenbestandteilen";;0;0;1;"4.A.3";"ch04a.html#Heading75";0;"OO";2
"RXC";10;"Pharmacy/Treatment Component Order";"Informationen zu Medikamentenbestandteilen";;0;0;1;"4A.4.3";"ch04A.html#Heading1913";0;"OO";2
"RXC";61;"Pharmacy/Treatment Component Order";"Informationen zu Medikamentenbestandteilen";;0;0;1;"4.14.3";"ch04.html#Heading281";0;"OO";2
"RXC";81;"Pharmacy/Treatment Component Order";"Informationen zu Medikamentenbestandteilen";;0;0;1;"4.A.3";"ch04a.html#Heading71";0;"OO";2
"RXC";91;"Pharmacy/Treatment Component Order";"Informationen zu Medikamentenbestandteilen";;0;0;1;"4.A.3";"ch04a.html#Heading75";0;"OO";2
"RXC";92;"Pharmacy/Treatment Component Order";"Informationen zu Medikamentenbestandteilen";;0;0;1;"4.A.3";"ch04a.html#Heading75";0;"OO";2
"RXD";2;"PHARMACY DISPENSE";"Informationen zur Medikamentengabe";;0;0;1;"4.8.10";"hl7chp4.html#Heading187";0;"OO";2
"RXD";3;"Pharmacy dispense segment";"Informationen zur Medikamentengabe";;0;0;1;"4.8.10";"ch4.htm#Heading215";0;"OO";2
"RXD";4;"Pharmacy/Treatment Dispense";"Informationen zur Medikamentengabe";;0;0;1;"4.8.10";"ch4.html#Heading244";0;"OO";2
"RXD";5;"Pharmacy/Treatment Dispense";"Informationen zur Medikamentengabe";;0;0;1;"4.14.5";"ch04.htm#Heading280";0;"OO";2
"RXD";6;"Pharmacy/Treatment Dispense";"Informationen zur Medikamentengabe";;0;0;1;"4.14.5";"ch04.html#Heading336";0;"OO";2
"RXD";7;"Pharmacy/Treatment Dispense";"Informationen zur Medikamentengabe";;0;0;1;"4.14.5";"ch04.html#Heading346";0;"OO";2
"RXD";8;"Pharmacy/Treatment Dispense";"Informationen zur Medikamentengabe";;0;0;1;"4.A.4.4";"ch04a.html#Heading128";0;"OO";2
"RXD";9;"Pharmacy/Treatment Dispense";"Informationen zur Medikamentengabe";;0;0;1;"4.A.5";"ch04a.html#Heading135";0;"OO";2
"RXD";10;"Pharmacy/Treatment Dispense";"Informationen zur Medikamentengabe";;0;0;1;"4A.4.5";"ch04A.html#Heading1973";0;"OO";2
"RXD";61;"Pharmacy/Treatment Dispense";"Informationen zur Medikamentengabe";;0;0;1;"4.14.5";"ch04.html#Heading338";0;"OO";2
"RXD";81;"Pharmacy/Treatment Dispense";"Informationen zur Medikamentengabe";;0;0;1;"4.A.5";"ch04a.html#Heading127";0;"OO";2
"RXD";91;"Pharmacy/Treatment Dispense";"Informationen zur Medikamentengabe";;0;0;1;"4.A.5";"ch04a.html#Heading135";0;"OO";2
"RXD";92;"Pharmacy/Treatment Dispense";"Informationen zur Medikamentengabe";;0;0;1;"4.A.5";"ch04a.html#Heading135";0;"OO";2
"RXE";2;"PHARMACY ENCODED ORDER";"Informationen zum Medikament";;0;0;1;"4.8.7";"hl7chp4.html#Heading160";0;"OO";2
"RXE";3;"Pharmacy encoded order segment";"Informationen zum Medikament";;0;0;1;"4.8.7";"ch4.htm#Heading182";0;"OO";2
"RXE";4;"Pharmacy/Treatment Encoded Order";"Informationen zum Medikament";;0;0;1;"4.8.7";"ch4.html#Heading210";0;"OO";2
"RXE";5;"Pharmacy/Treatment Encoded Order";"Informationen zum Medikament";;0;0;1;"4.14.4";"ch04.htm#Heading247";0;"OO";2
"RXE";6;"Pharmacy/Treatment Encoded Order";"Informationen zum Medikament";;0;0;1;"4.14.4";"ch04.html#Heading290";0;"OO";2
"RXE";7;"Pharmacy/Treatment Encoded Order";"Informationen zum Medikament";;0;0;1;"4.14.4";"ch04.html#Heading300";0;"OO";2
"RXE";8;"Pharmacy/Treatment Encoded Order";"Informationen zum Medikament";;0;0;1;"4.A.4.3";"ch04a.html#Heading82";0;"OO";2
"RXE";9;"Pharmacy/Treatment Encoded Order";"Informationen zum Medikament";;0;0;1;"4.A.4";"ch04a.html#Heading88";0;"OO";2
"RXE";10;"Pharmacy/Treatment Encoded Order";"Informationen zum Medikament";;0;0;1;"4A.4.4";"ch04A.html#Heading1926";0;"OO";2
"RXE";61;"Pharmacy/Treatment Encoded Order";"Informationen zum Medikament";;0;0;1;"4.14.4";"ch04.html#Heading292";0;"OO";2
"RXE";81;"Pharmacy/Treatment Encoded Order";"Informationen zum Medikament";;0;0;1;"4.A.4";"ch04a.html#Heading81";0;"OO";2
"RXE";91;"Pharmacy/Treatment Encoded Order";"Informationen zum Medikament";;0;0;1;"4.A.4";"ch04a.html#Heading88";0;"OO";2
"RXE";92;"Pharmacy/Treatment Encoded Order";"Informationen zum Medikament";;0;0;1;"4.A.4";"ch04a.html#Heading88";0;"OO";2
"RXG";2;"PHARMACY GIVE";"Verordnung - Verabreichungsinformationen";;0;0;1;"4.8.12";"hl7chp4.html#Heading204";0;"OO";2
"RXG";3;"Pharmacy give segment";"Verordnung - Verabreichungsinformationen";;0;0;1;"4.8.12";"ch4.htm#Heading241";0;"OO";2
"RXG";4;"Pharmacy/Treatment Give";"Verordnung - Verabreichungsinformationen";;0;0;1;"4.8.12";"ch4.html#Heading271";0;"OO";2
"RXG";5;"Pharmacy/Treatment Give";"Verordnung - Verabreichungsinformationen";;0;0;1;"4.14.6";"ch04.htm#Heading309";0;"OO";2
"RXG";6;"Pharmacy/Treatment Give";"Verordnung - Verabreichungsinformationen";;0;0;1;"4.14.6";"ch04.html#Heading371";0;"OO";2
"RXG";7;"Pharmacy/Treatment Give";"Verordnung - Verabreichungsinformationen";;0;0;1;"4.14.6";"ch04.html#Heading381";0;"OO";2
"RXG";8;"Pharmacy/Treatment Give";"Verordnung - Verabreichungsinformationen";;0;0;1;"4.A.4.5";"ch04a.html#Heading163";0;"OO";2
"RXG";9;"Pharmacy/Treatment Give";"Verordnung - Verabreichungsinformationen";;0;0;1;"4.A.6";"ch04a.html#Heading172";0;"OO";2
"RXG";10;"Pharmacy/Treatment Give";"Verordnung - Verabreichungsinformationen";;0;0;1;"4A.4.6";"ch04A.html#Heading2010";0;"OO";2
"RXG";61;"Pharmacy/Treatment Give";"Verordnung - Verabreichungsinformationen";;0;0;1;"4.14.6";"ch04.html#Heading373";0;"OO";2
"RXG";81;"Pharmacy/Treatment Give";"Verordnung - Verabreichungsinformationen";;0;0;1;"4.A.6";"ch04a.html#Heading162";0;"OO";2
"RXG";91;"Pharmacy/Treatment Give";"Verordnung - Verabreichungsinformationen";;0;0;1;"4.A.6";"ch04a.html#Heading172";0;"OO";2
"RXG";92;"Pharmacy/Treatment Give";"Verordnung - Verabreichungsinformationen";;0;0;1;"4.A.6";"ch04a.html#Heading172";0;"OO";2
"RXO";2;"PHARMACY PRESCRIPTION ORDER";"Verordnung";;0;0;1;"4.8.2";"hl7chp4.html#Heading130";0;"OO";2
"RXO";3;"Pharmacy/Treatment Order";"Verordnung";;0;0;1;"4.8.2";"ch4.htm#Heading145";0;"OO";2
"RXO";4;"Pharmacy/Treatment Order";"Verordnung";;0;0;1;"4.8.2";"ch4.html#Heading168";0;"OO";2
"RXO";5;"Pharmacy/Treatment Order";"Verordnung";;0;0;1;"4.14.1";"ch04.htm#Heading205";0;"OO";2
"RXO";6;"Pharmacy/Treatment Order";"Verordnung";;0;0;1;"4.14.1";"ch04.html#Heading241";0;"OO";2
"RXO";7;"Pharmacy/Treatment Order";"Verordnung";;0;0;1;"4.14.1";"ch04.html#Heading244";0;"OO";2
"RXO";8;"Pharmacy/Treatment Order";"Verordnung";;0;0;1;"4.A.4.0";"ch04a.html#Heading28";0;"OO";2
"RXO";9;"Pharmacy/Treatment Order";"Verordnung";;0;0;1;"4.A.1";"ch04a.html#Heading29";0;"OO";2
"RXO";10;"Pharmacy/Treatment Order";"Verordnung";;0;0;1;"4A.4.1";"ch04A.html#Heading1867";0;"OO";2
"RXO";61;"Pharmacy/Treatment Order";"Verordnung";;0;0;1;"4.14.1";"ch04.html#Heading243";0;"OO";2
"RXO";81;"Pharmacy/Treatment Order";"Verordnung";;0;0;1;"4.A.1";"ch04a.html#Heading27";0;"OO";2
"RXO";91;"Pharmacy/Treatment Order";"Verordnung";;0;0;1;"4.A.1";"ch04a.html#Heading29";0;"OO";2
"RXO";92;"Pharmacy/Treatment Order";"Verordnung";;0;0;1;"4.A.1";"ch04a.html#Heading29";0;"OO";2
"RXR";2;"PHARMACY ROUTE";"Verordnung - Applikationsart/-ort";;0;0;1;"4.8.3";"hl7chp4.html#Heading148";0;"OO";2
"RXR";3;"Pharmacy route segment";"Verordnung - Applikationsart/-ort";;0;0;1;"4.8.3";"ch4.htm#Heading168";0;"OO";2
"RXR";4;"Pharmacy/Treatment Route";"Verordnung - Applikationsart/-ort";;0;0;1;"4.8.3";"ch4.html#Heading193";0;"OO";2
"RXR";5;"Pharmacy/Treatment Route";"Verordnung - Applikationsart/-ort";;0;0;1;"4.14.2";"ch04.htm#Heading231";0;"OO";2
"RXR";6;"Pharmacy/Treatment Route";"Verordnung - Applikationsart/-ort";;0;0;1;"4.14.2";"ch04.html#Heading271";0;"OO";2
"RXR";7;"Pharmacy/Treatment Route";"Verordnung - Applikationsart/-ort";;0;0;1;"4.14.2";"ch04.html#Heading281";0;"OO";2
"RXR";8;"Pharmacy/Treatment Route";"Verordnung - Applikationsart/-ort";;0;0;1;"4.A.4.1";"ch04a.html#Heading65";0;"OO";2
"RXR";9;"Pharmacy/Treatment Route";"Verordnung - Applikationsart/-ort";;0;0;1;"4.A.2";"ch04a.html#Heading67";0;"OO";2
"RXR";10;"Pharmacy/Treatment Route";"Verordnung - Applikationsart/-ort";;0;0;1;"4A.4.2";"ch04A.html#Heading1905";0;"OO";2
"RXR";61;"Pharmacy/Treatment Route";"Verordnung - Applikationsart/-ort";;0;0;1;"4.14.2";"ch04.html#Heading273";0;"OO";2
"RXR";81;"Pharmacy/Treatment Route";"Verordnung - Applikationsart/-ort";;0;0;1;"4.A.2";"ch04a.html#Heading64";0;"OO";2
"RXR";91;"Pharmacy/Treatment Route";"Verordnung - Applikationsart/-ort";;0;0;1;"4.A.2";"ch04a.html#Heading67";0;"OO";2
"RXR";92;"Pharmacy/Treatment Route";"Verordnung - Applikationsart/-ort";;0;0;1;"4.A.2";"ch04a.html#Heading67";0;"OO";2
"RXV";9;"Pharmacy/Treatment Infusion";;;0;0;1;"4.A.8";"ch04a.html#Heading238";0;"OO";2
"RXV";10;"Pharmacy/Treatment Infusion";;;0;0;1;"4A.4.8";"ch04A.html#Heading2076";0;"OO";2
"RXV";91;"Pharmacy/Treatment Infusion";;;0;0;1;"4.A.8";"ch04a.html#Heading238";0;"OO";2
"RXV";92;"Pharmacy/Treatment Infusion";;;0;0;1;"4.A.8";"ch04a.html#Heading238";0;"OO";2
"SAC";5;"Specimen and container detail";"Probengefäss";;0;0;1;"13.4.3";"ch13.htm#Heading102";0;;2
"SAC";6;"Specimen Container detail";"Probengefäß";;0;0;1;"13.4.3";"ch13.html#Heading101";0;;2
"SAC";7;"Specimen Container detail";"Probengefäß";;0;0;1;"13.4.3";"ch13.html#Heading101";0;;2
"SAC";8;"Specimen Container detail";"Probengefäß";;0;0;1;"13.4.3";"ch13.html#Heading99";0;;2
"SAC";9;"Specimen Container detail";"Probengefäß";;0;0;1;"13.4.3";"ch13.html#Heading101";0;;2
"SAC";10;"Specimen Container detail";"Probengefäß";;0;0;1;"13.4.3";"ch13.html#Heading4386";0;;2
"SAC";61;"Specimen Container detail";"Probengefäß";;0;0;1;"13.4.3";"ch13.html#Heading101";0;;2
"SAC";81;"Specimen Container detail";"Probengefäß";;0;0;1;"13.4.3";"ch13.html#Heading99";0;;2
"SAC";91;"Specimen Container detail";"Probengefäß";;0;0;1;"13.4.3";"ch13.html#Heading101";0;;2
"SAC";92;"Specimen Container detail";"Probengefäß";;0;0;1;"13.4.3";"ch13.html#Heading101";0;;2
"SCD";7;"Anti-Microbial Cycle Data";"Vorgaben zu einer Sterilisierung/Dekontamination";;0;0;1;"17.7.4";"ch17.html#Heading189";0;;2
"SCD";8;"Anti-Microbial Cycle Data";"Vorgaben zu einer Sterilisierung/Dekontamination";;0;0;1;"17.7.4";"ch17.html#Heading178";0;;2
"SCD";9;"Anti-Microbial Cycle Data";"Vorgaben zu einer Sterilisierung/Dekontamination";;0;0;1;"17.7.4";"ch17.html#Heading194";0;;2
"SCD";10;"Anti-Microbial Cycle Data";"Vorgaben zu einer Sterilisierung/Dekontamination";;0;0;1;"17.7.4";"ch17.html#Heading5131";0;;2
"SCD";81;"Anti-Microbial Cycle Data";"Vorgaben zu einer Sterilisierung/Dekontamination";;0;0;1;"17.7.4";"ch17.html#Heading178";0;;2
"SCD";91;"Anti-Microbial Cycle Data";"Vorgaben zu einer Sterilisierung/Dekontamination";;0;0;1;"17.7.4";"ch17.html#Heading194";0;;2
"SCD";92;"Anti-Microbial Cycle Data";"Vorgaben zu einer Sterilisierung/Dekontamination";;0;0;1;"17.7.4";"ch17.html#Heading194";0;;2
"SCH";3;"Schedule Activity Information";"Termininformationen";;0;0;1;"10.5.2";"ch10.htm#Heading93";0;;2
"SCH";4;"Scheduling Activity Information";"Termininformationen";;0;0;1;"10.5.2";"ch10.html#Heading99";0;;2
"SCH";5;"Scheduling Activity Information";"Termininformationen";;0;0;1;"10.6.2";"ch10.htm#Heading102";0;;2
"SCH";6;"Scheduling Activity Information";"Termininformationen";;0;0;1;"10.6.2";"ch10.html#Heading102";0;;2
"SCH";7;"Scheduling Activity Information";"Termininformationen";;0;0;1;"10.6.2";"ch10.html#Heading102";0;;2
"SCH";8;"Scheduling Activity Information";"Termininformationen";;0;0;1;"10.6.2";"ch10.html#Heading97";0;;2
"SCH";9;"Scheduling Activity Information";"Termininformationen";;0;0;1;"10.6.2";"ch10.html#Heading103";0;;2
"SCH";10;"Scheduling Activity Information";"Termininformationen";;0;0;1;"10.6.2";"ch10.html#Heading3881";0;;2
"SCH";61;"Scheduling Activity Information";"Termininformationen";;0;0;1;"10.6.2";"ch10.html#Heading102";0;;2
"SCH";81;"Scheduling Activity Information";"Termininformationen";;0;0;1;"10.6.2";"ch10.html#Heading97";0;;2
"SCH";91;"Scheduling Activity Information";"Termininformationen";;0;0;1;"10.6.2";"ch10.html#Heading103";0;;2
"SCH";92;"Scheduling Activity Information";"Termininformationen";;0;0;1;"10.6.2";"ch10.html#Heading103";0;;2
"SCP";7;"Sterilizer Configuration Segment";"Konfigurationsinformationen für Sterilisatoren";;0;0;1;"17.7.1";"ch17.html#Heading163";0;;2
"SCP";8;"Sterilizer Configuration (Anti-Microbial Devices)";"Konfigurationsinformationen für Sterilisatoren";;0;0;1;"17.7.1";"ch17.html#Heading155";0;;2
"SCP";9;"Sterilizer Configuration (Anti-Microbial Devices)";"Konfigurationsinformationen für Sterilisatoren";;0;0;1;"17.7.1";"ch17.html#Heading168";0;;2
"SCP";10;"Sterilizer Configuration (Anti-Microbial Devices)";"Konfigurationsinformationen für Sterilisatoren";;0;0;1;"17.7.1";"ch17.html#Heading5105";0;;2
"SCP";81;"Sterilizer Configuration (Anti-Microbial Devices)";"Konfigurationsinformationen für Sterilisatoren";;0;0;1;"17.7.1";"ch17.html#Heading155";0;;2
"SCP";91;"Sterilizer Configuration (Anti-Microbial Devices)";"Konfigurationsinformationen für Sterilisatoren";;0;0;1;"17.7.1";"ch17.html#Heading168";0;;2
"SCP";92;"Sterilizer Configuration (Anti-Microbial Devices)";"Konfigurationsinformationen für Sterilisatoren";;0;0;1;"17.7.1";"ch17.html#Heading168";0;;2
"SDD";7;"Sterilization Device Data";"Informationen über den Status eines Sterilisators";;0;0;1;"17.7.3";"ch17.html#Heading180";0;;2
"SDD";8;"Sterilization Device Data";"Informationen über den Status eines Sterilisators";;0;0;1;"17.7.3";"ch17.html#Heading170";0;;2
"SDD";9;"Sterilization Device Data";"Informationen über den Status eines Sterilisators";;0;0;1;"17.7.3";"ch17.html#Heading185";0;;2
"SDD";10;"Sterilization Device Data";"Informationen über den Status eines Sterilisators";;0;0;1;"17.7.3";"ch17.html#Heading5122";0;;2
"SDD";81;"Sterilization Device Data";"Informationen über den Status eines Sterilisators";;0;0;1;"17.7.3";"ch17.html#Heading170";0;;2
"SDD";91;"Sterilization Device Data";"Informationen über den Status eines Sterilisators";;0;0;1;"17.7.3";"ch17.html#Heading185";0;;2
"SDD";92;"Sterilization Device Data";"Informationen über den Status eines Sterilisators";;0;0;1;"17.7.3";"ch17.html#Heading185";0;;2
"SFT";6;"Software Segment";"Softwareinformationen";;0;0;1;"2.15.12";"ch02.html#Heading249";0;"InM";2
"SFT";7;"Software Segment";"Softwareinformationen";;0;0;1;"2.14.12";"ch02.html#Heading212";0;"InM";2
"SFT";8;"Software Segment";"Softwareinformationen";;0;0;1;"2.14.12";"ch02.html#Heading202";0;"InM";2
"SFT";9;"Software Segment";"Softwareinformationen";;0;0;1;"2.14.12";"ch02.html#Heading221";0;"InM";2
"SFT";10;"Software Segment";"Softwareinformationen";;0;0;1;"2.14.12";"ch02.html#Heading281";0;"InM";2
"SFT";61;"Software Segment";"Softwareinformationen";;0;0;1;"2.15.12";"ch02.html#Heading249";0;"InM";2
"SFT";81;"Software Segment";"Softwareinformationen";;0;0;1;"2.14.12";"ch02.html#Heading202";0;"InM";2
"SFT";91;"Software Segment";"Softwareinformationen";;0;0;1;"2.14.12";"ch02.html#Heading221";0;"InM";2
"SFT";92;"Software Segment";"Softwareinformationen";;0;0;1;"2.14.12";"ch02.html#Heading221";0;"InM";2
"SGH";9;"Segment Group Header";"Segmentgruppen-Header";;0;0;1;"2.14.13";"ch02.html#Heading229";0;"InM";2
"SGH";10;"Segment Group Header";"Segmentgruppen-Header";;0;0;1;"2.14.13";"ch02.html#Heading289";0;"InM";2
"SGH";91;"Segment Group Header";"Segmentgruppen-Header";;0;0;1;"2.14.13";"ch02.html#Heading229";0;"InM";2
"SGH";92;"Segment Group Header";"Segmentgruppen-Header";;0;0;1;"2.14.13";"ch02.html#Heading229";0;"InM";2
"SGT";9;"Segment Group Trailer";"Segmentgruppen-Footer";;0;0;1;"2.14.14";"ch02.html#Heading233";0;"InM";2
"SGT";10;"Segment Group Trailer";"Segmentgruppen-Footer";;0;0;1;"2.14.14";"ch02.html#Heading293";0;"InM";2
"SGT";91;"Segment Group Trailer";"Segmentgruppen-Footer";;0;0;1;"2.14.14";"ch02.html#Heading233";0;"InM";2
"SGT";92;"Segment Group Trailer";"Segmentgruppen-Footer";;0;0;1;"2.14.14";"ch02.html#Heading233";0;"InM";2
"SHP";8;"Shipment";;;0;0;1;"7.18.2";"ch07.html#Heading405";0;;2
"SHP";9;"Shipment";;;0;0;1;"7.18.2";"ch07.html#Heading429";0;;2
"SHP";10;"Shipment";;;0;0;1;"7.16.2";"ch07.html#Heading3214";0;;2
"SHP";81;"Shipment";;;0;0;1;"7.18.2";"ch07.html#Heading406";0;;2
"SHP";91;"Shipment";;;0;0;1;"7.18.2";"ch07.html#Heading430";0;;2
"SHP";92;"Shipment";;;0;0;1;"7.18.2";"ch07.html#Heading439";0;;2
"SID";5;"Substance Identifier";"Substanzinformationen";;0;0;1;"13.4.11";"ch13.htm#Heading220";0;;2
"SID";6;"Substance Identifier";"Substanzinformationen";;0;0;1;"13.4.11";"ch13.html#Heading221";0;;2
"SID";7;"Substance Identifier";"Substanzinformationen";;0;0;1;"13.4.11";"ch13.html#Heading221";0;;2
"SID";8;"Substance Identifier";"Substanzinformationen";;0;0;1;"13.4.11";"ch13.html#Heading211";0;;2
"SID";9;"Substance Identifier";"Substanzinformationen";;0;0;1;"13.4.11";"ch13.html#Heading222";0;;2
"SID";10;"Substance Identifier";"Substanzinformationen";;0;0;1;"13.4.11";"ch13.html#Heading4517";0;;2
"SID";61;"Substance Identifier";"Substanzinformationen";;0;0;1;"13.4.11";"ch13.html#Heading221";0;;2
"SID";81;"Substance Identifier";"Substanzinformationen";;0;0;1;"13.4.11";"ch13.html#Heading211";0;;2
"SID";91;"Substance Identifier";"Substanzinformationen";;0;0;1;"13.4.11";"ch13.html#Heading222";0;;2
"SID";92;"Substance Identifier";"Substanzinformationen";;0;0;1;"13.4.11";"ch13.html#Heading222";0;;2
"SLT";7;"Sterilization Lot";"Informationen über einen Sterilisationsvorgang";;0;0;1;"17.7.2";"ch17.html#Heading173";0;;2
"SLT";8;"Sterilization Lot";"Informationen über einen Sterilisationsvorgang";;0;0;1;"17.7.2";"ch17.html#Heading164";0;;2
"SLT";9;"Sterilization Lot";"Informationen über einen Sterilisationsvorgang";;0;0;1;"17.7.2";"ch17.html#Heading178";0;;2
"SLT";10;"Sterilization Lot";"Informationen über einen Sterilisationsvorgang";;0;0;1;"17.7.2";"ch17.html#Heading5115";0;;2
"SLT";81;"Sterilization Lot";"Informationen über einen Sterilisationsvorgang";;0;0;1;"17.7.2";"ch17.html#Heading164";0;;2
"SLT";91;"Sterilization Lot";"Informationen über einen Sterilisationsvorgang";;0;0;1;"17.7.2";"ch17.html#Heading178";0;;2
"SLT";92;"Sterilization Lot";"Informationen über einen Sterilisationsvorgang";;0;0;1;"17.7.2";"ch17.html#Heading178";0;;2
"SPM";6;"Specimen";"Probeninformation";;0;0;1;"7.4.3";"ch07.html#Heading128";0;;2
"SPM";7;"Specimen";"Probeninformation";;0;0;1;"7.4.3";"ch07.html#Heading136";0;;2
"SPM";8;"Specimen";"Probeninformation";;0;0;1;"7.4.3";"ch07.html#Heading135";0;;2
"SPM";9;"Specimen";"Probeninformation";;0;0;1;"7.4.3";"ch07.html#Heading143";0;;2
"SPM";10;"Specimen";"Probeninformation";;0;0;1;"7.4.3";"ch07.html#Heading2935";0;;2
"SPM";61;"Specimen";"Probeninformation";;0;0;1;"7.4.3";"ch07.html#Heading133";0;;2
"SPM";81;"Specimen";"Probeninformation";;0;0;1;"7.4.3";"ch07.html#Heading136";0;;2
"SPM";91;"Specimen";"Probeninformation";;0;0;1;"7.4.3";"ch07.html#Heading144";0;;2
"SPM";92;"Specimen";"Probeninformation";;0;0;1;"7.4.3";"ch07.html#Heading146";0;;2
"SPM";540;"Specimen";;;0;0;1;;;0;;2
"SPR";3;"Stored Procedure Request Definition";"Abfrage mittels Stored Procedure";;0;0;1;"2.24.20";"ch2.htm#Heading444";0;"InM";2
"SPR";4;"Stored Procedure Request Definition";"Abfrage mittels Stored Procedure";;0;0;1;"2.24.20";"ch2.html#Heading529";0;"InM";2
"SPR";5;"Stored Procedure Request Definition";"Abfrage mittels Stored Procedure";;0;0;1;"5.10.5.5";"ch05.htm#Heading217";0;;2
"SPR";6;"Stored Procedure Request Definition";"Abfrage mittels Stored Procedure";;0;0;1;"5.10.5.5";"ch05.html#Heading213";0;;2
"SPR";61;"Stored Procedure Request Definition";"Abfrage mittels Stored Procedure";;0;0;1;"5.10.5.5";"ch05.html#Heading213";0;;2
"STF";2;"staff identification segment";"Mitarbeiterinformationen";;0;0;1;"9.1.1";"hl7chp8.html#Heading42";0;;2
"STF";3;"Staff identification segment";"Mitarbeiterinformationen";;0;0;1;"8.6.2";"ch8.htm#Heading41";0;;2
"STF";4;"Staff Identification";"Mitarbeiterinformationen";;0;0;1;"8.6.2";"ch8.html#Heading50";0;;2
"STF";5;"Staff Identification";"Mitarbeiterinformationen";;0;0;1;"15.4.6";"ch15.htm#Heading65";0;"PA";2
"STF";6;"Staff Identification";"Mitarbeiterinformationen";;0;0;1;"15.4.8";"ch15.html#Heading115";0;"PA";2
"STF";7;"Staff Identification";"Mitarbeiterinformationen";;0;0;1;"15.4.8";"ch15.html#Heading116";0;"PA";2
"STF";8;"Staff Identification";"Mitarbeiterinformationen";;0;0;1;"15.4.8";"ch15.html#Heading118";0;"PA";2
"STF";9;"Staff Identification";"Mitarbeiterinformationen";;0;0;1;"15.4.8";"ch15.html#Heading118";0;"PA";2
"STF";10;"Staff Identification";"Mitarbeiterinformationen";;0;0;1;"15.4.8";"ch15.html#Heading4700";0;"PA";2
"STF";61;"Staff Identification";"Mitarbeiterinformationen";;0;0;1;"15.4.8";"ch15.html#Heading115";0;"PA";2
"STF";81;"Staff Identification";"Mitarbeiterinformationen";;0;0;1;"15.4.8";"ch15.html#Heading118";0;"PA";2
"STF";91;"Staff Identification";"Mitarbeiterinformationen";;0;0;1;"15.4.8";"ch15.html#Heading118";0;"PA";2
"STF";92;"Staff Identification";"Mitarbeiterinformationen";;0;0;1;"15.4.8";"ch15.html#Heading118";0;"PA";2
"STF";540;"Staff";"Mitarbeiterinformationen";;0;0;1;"8.5.3";;0;;2
"STZ";7;"Sterilization Parameter";"Sterilisationsparameter";;0;0;1;"17.4.3";"ch17.html#Heading82";0;;2
"STZ";8;"Sterilization Parameter";"Sterilisationsparameter";;0;0;1;"17.4.3";"ch17.html#Heading80";0;;2
"STZ";9;"Sterilization Parameter";"Sterilisationsparameter";;0;0;1;"17.4.3";"ch17.html#Heading86";0;;2
"STZ";10;"Sterilization Parameter";"Sterilisationsparameter";;0;0;1;"17.4.3";"ch17.html#Heading5014";0;;2
"STZ";81;"Sterilization Parameter";"Sterilisationsparameter";;0;0;1;"17.4.3";"ch17.html#Heading80";0;;2
"STZ";91;"Sterilization Parameter";"Sterilisationsparameter";;0;0;1;"17.4.3";"ch17.html#Heading86";0;;2
"STZ";92;"Sterilization Parameter";"Sterilisationsparameter";;0;0;1;"17.4.3";"ch17.html#Heading86";0;;2
"TCC";5;"Test Code Configuration";"Konfiguration automatischer Untersuchungsmethoden";;0;0;1;"13.4.9";"ch13.htm#Heading194";0;;2
"TCC";6;"Test Code Configuration";"Konfiguration automatischer Untersuchungsmethoden";;0;0;1;"13.4.9";"ch13.html#Heading195";0;;2
"TCC";7;"Test Code Configuration";"Konfiguration automatischer Untersuchungsmethoden";;0;0;1;"13.4.9";"ch13.html#Heading195";0;;2
"TCC";8;"Test Code Configuration";"Konfiguration automatischer Untersuchungsmethoden";;0;0;1;"13.4.9";"ch13.html#Heading187";0;;2
"TCC";9;"Test Code Configuration";"Konfiguration automatischer Untersuchungsmethoden";;0;0;1;"13.4.9";"ch13.html#Heading195";0;;2
"TCC";10;"Test Code Configuration";"Konfiguration automatischer Untersuchungsmethoden";;0;0;1;"13.4.9";"ch13.html#Heading4487";0;;2
"TCC";61;"Test Code Configuration";"Konfiguration automatischer Untersuchungsmethoden";;0;0;1;"13.4.9";"ch13.html#Heading195";0;;2
"TCC";81;"Test Code Configuration";"Konfiguration automatischer Untersuchungsmethoden";;0;0;1;"13.4.9";"ch13.html#Heading187";0;;2
"TCC";91;"Test Code Configuration";"Konfiguration automatischer Untersuchungsmethoden";;0;0;1;"13.4.9";"ch13.html#Heading195";0;;2
"TCC";92;"Test Code Configuration";"Konfiguration automatischer Untersuchungsmethoden";;0;0;1;"13.4.9";"ch13.html#Heading195";0;;2
"TCD";5;"Test Code Detail";"Details zu automatischen Untersuchungsmethoden";;0;0;1;"13.4.10";"ch13.htm#Heading210";0;;2
"TCD";6;"Test Code Detail";"Details zu automatischen Untersuchungsmethoden";;0;0;1;"13.4.10";"ch13.html#Heading211";0;;2
"TCD";7;"Test Code Detail";"Details zu automatischen Untersuchungsmethoden";;0;0;1;"13.4.10";"ch13.html#Heading211";0;;2
"TCD";8;"Test Code Detail";"Details zu automatischen Untersuchungsmethoden";;0;0;1;"13.4.10";"ch13.html#Heading202";0;;2
"TCD";9;"Test Code Detail";"Details zu automatischen Untersuchungsmethoden";;0;0;1;"13.4.10";"ch13.html#Heading212";0;;2
"TCD";10;"Test Code Detail";"Details zu automatischen Untersuchungsmethoden";;0;0;1;"13.4.10";"ch13.html#Heading4504";0;;2
"TCD";61;"Test Code Detail";"Details zu automatischen Untersuchungsmethoden";;0;0;1;"13.4.10";"ch13.html#Heading211";0;;2
"TCD";81;"Test Code Detail";"Details zu automatischen Untersuchungsmethoden";;0;0;1;"13.4.10";"ch13.html#Heading202";0;;2
"TCD";91;"Test Code Detail";"Details zu automatischen Untersuchungsmethoden";;0;0;1;"13.4.10";"ch13.html#Heading212";0;;2
"TCD";92;"Test Code Detail";"Details zu automatischen Untersuchungsmethoden";;0;0;1;"13.4.10";"ch13.html#Heading212";0;;2
"TQ1";6;"Timing/Quantity";"Zeit-/Mengeninformation";;0;0;1;"4.5.4";"ch04.html#Heading123";0;"OO";2
"TQ1";7;"Timing/Quantity";"Zeit-/Mengeninformation";;0;0;1;"4.5.4";"ch04.html#Heading126";0;"OO";2
"TQ1";8;"Timing/Quantity";"Zeit-/Mengeninformation";;0;0;1;"4.5.4";"ch04.html#Heading127";0;"OO";2
"TQ1";9;"Timing/Quantity";"Zeit-/Mengeninformation";;0;0;1;"4.5.4";"ch04.html#Heading135";0;"OO";2
"TQ1";10;"Timing/Quantity";"Zeit-/Mengeninformation";;0;0;1;"4.5.4";"ch04.html#Heading1584";0;"OO";2
"TQ1";61;"Timing/Quantity";"Zeit-/Mengeninformation";;0;0;1;"4.5.4";"ch04.html#Heading125";0;"OO";2
"TQ1";81;"Timing/Quantity";"Zeit-/Mengeninformation";;0;0;1;"4.4.4";"ch04.html#Heading127";0;"OO";2
"TQ1";91;"Timing/Quantity";"Zeit-/Mengeninformation";;0;0;1;"4.5.4";"ch04.html#Heading147";0;"OO";2
"TQ1";92;"Timing/Quantity";"Zeit-/Mengeninformation";;0;0;1;"4.5.4";"ch04.html#Heading147";0;"OO";2
"TQ2";6;"Timing/Quantity Relationship";"Auftrags-Zeit-/Mengeninformations-Bezug";;0;0;1;"4.5.5";"ch04.html#Heading139";0;"OO";2
"TQ2";7;"Timing/Quantity Relationship";"Auftrags-Zeit-/Mengeninformations-Bezug";;0;0;1;"4.5.5";"ch04.html#Heading142";0;"OO";2
"TQ2";8;"Timing/Quantity Relationship";"Auftrags-Zeit-/Mengeninformations-Bezug";;0;0;1;"4.5.5";"ch04.html#Heading142";0;"OO";2
"TQ2";9;"Timing/Quantity Relationship";"Auftrags-Zeit-/Mengeninformations-Bezug";;0;0;1;"4.5.5";"ch04.html#Heading151";0;"OO";2
"TQ2";10;"Timing/Quantity Relationship";"Auftrags-Zeit-/Mengeninformations-Bezug";;0;0;1;"4.5.5";"ch04.html#Heading1600";0;"OO";2
"TQ2";61;"Timing/Quantity Relationship";"Auftrags-Zeit-/Mengeninformations-Bezug";;0;0;1;"4.5.5";"ch04.html#Heading141";0;"OO";2
"TQ2";81;"Timing/Quantity Relationship";"Auftrags-Zeit-/Mengeninformations-Bezug";;0;0;1;"4.4.5";"ch04.html#Heading142";0;"OO";2
"TQ2";91;"Timing/Quantity Relationship";"Auftrags-Zeit-/Mengeninformations-Bezug";;0;0;1;"4.5.5";"ch04.html#Heading163";0;"OO";2
"TQ2";92;"Timing/Quantity Relationship";"Auftrags-Zeit-/Mengeninformations-Bezug";;0;0;1;"4.5.5";"ch04.html#Heading163";0;"OO";2
"TXA";3;"Document notification segment";"Information zur Niederschrift von Dokumenten";;0;0;1;"9.5.1";"ch9.htm#Heading36";0;;2
"TXA";4;"Document notification segment";"Information zur Niederschrift von Dokumenten";;0;0;1;"9.5.1";"ch9.html#Heading40";0;;2
"TXA";5;"Transcription Document Header";"Information zur Niederschrift von Dokumenten";;0;0;1;"9.6.1";"ch09.htm#Heading41";0;;2
"TXA";6;"Transcription Document Header";"Information zur Niederschrift von Dokumenten";;0;0;1;"9.6.1";"ch09.html#Heading41";0;;2
"TXA";7;"Transcription Document Header";"Information zur Niederschrift von Dokumenten";;0;0;1;"9.6.1";"ch09.html#Heading41";0;;2
"TXA";8;"Transcription Document Header";"Information zur Niederschrift von Dokumenten";;0;0;1;"9.7.3";"ch09.html#Heading91";0;;2
"TXA";9;"Transcription Document Header";"Information zur Niederschrift von Dokumenten";;0;0;1;"9.7.3";"ch09.html#Heading92";0;;2
"TXA";10;"Transcription Document Header";"Information zur Niederschrift von Dokumenten";;0;0;1;"9.7.3";"ch09.html#Heading3742";0;;2
"TXA";32;"Transcription Document Header";"Dokumente";;0;0;1;;;0;;2
"TXA";61;"Transcription Document Header";"Information zur Niederschrift von Dokumenten";;0;0;1;"9.6.1";"ch09.html#Heading41";0;;2
"TXA";81;"Transcription Document Header";"Information zur Niederschrift von Dokumenten";;0;0;1;"9.7.3";"ch09.html#Heading91";0;;2
"TXA";91;"Transcription Document Header";"Information zur Niederschrift von Dokumenten";;0;0;1;"9.7.3";"ch09.html#Heading92";0;;2
"TXA";92;"Transcription Document Header";"Information zur Niederschrift von Dokumenten";;0;0;1;"9.7.3";"ch09.html#Heading92";0;;2
"UAC";7;"User Authentication Credential Segment";"Authentifizierungsinformationen des Benutzers";;0;0;1;"2.14.13";"ch02.html#Heading220";0;"InM";2
"UAC";8;"User Authentication Credential Segment";"Authentifizierungsinformationen des Benutzers";;0;0;1;"2.14.13";"ch02.html#Heading209";0;"InM";2
"UAC";9;"User Authentication Credential Segment";"Authentifizierungsinformationen des Benutzers";;0;0;1;"2.14.15";"ch02.html#Heading237";0;"InM";2
"UAC";10;"User Authentication Credential Segment";"Authentifizierungsinformationen des Benutzers";;0;0;1;"2.14.15";"ch02.html#Heading297";0;"InM";2
"UAC";81;"User Authentication Credential Segment";"Authentifizierungsinformationen des Benutzers";;0;0;1;"2.14.13";"ch02.html#Heading209";0;"InM";2
"UAC";91;"User Authentication Credential Segment";"Authentifizierungsinformationen des Benutzers";;0;0;1;"2.14.15";"ch02.html#Heading237";0;"InM";2
"UAC";92;"User Authentication Credential Segment";"Authentifizierungsinformationen des Benutzers";;0;0;1;"2.14.15";"ch02.html#Heading237";0;"InM";2
"UB1";1;"UB82 DATA";"nicht verwendet";"BLN";0;0;1;"6.3.8";"kap6.html#Heading16";0;;2
"UB1";2;"UB82 DATA";"nicht verwendet";"BLN";0;0;1;"6.4.9";"hl7chp6.html#Heading196";0;;2
"UB1";3;"UB82  data";"nicht verwendet";;0;0;1;"6.4.10";"ch6.htm#Heading297";0;;2
"UB1";4;"UB1 - UB82 data segment";"nicht verwendet";;0;0;1;"6.4.10";"ch6.html#Heading309";0;;2
"UB1";5;"UB82";"nicht verwendet";;0;0;1;"6.5.10";"ch06.htm#Heading317";0;;2
"UB1";6;"UB82";"nicht verwendet";;0;0;1;"6.5.10";"ch06.html#Heading335";0;;2
"UB1";7;"UB82";"nicht verwendet";;0;0;1;"6.5.10";"ch06.html#Heading364";0;;2
"UB1";8;"UB82";"nicht verwendet";;0;0;1;"6.5.10";"ch06.html#Heading372";0;;2
"UB1";9;"UB82";"nicht verwendet";;0;0;1;"6.5.10";"ch06.html#Heading385";0;;2
"UB1";10;"Uniform Billing Data 1";;;0;0;1;"6.5.10";"ch06.html#Heading2714";0;;2
"UB1";61;"UB82";"nicht verwendet";;0;0;1;"6.5.10";"ch06.html#Heading335";0;;2
"UB1";81;"UB82";"nicht verwendet";;0;0;1;"6.5.10";"ch06.html#Heading372";0;;2
"UB1";91;"UB82";"nicht verwendet";;0;0;1;"6.5.10";"ch06.html#Heading385";0;;2
"UB1";92;"UB82";"nicht verwendet";;0;0;1;"6.5.10";"ch06.html#Heading385";0;;2
"UB2";2;"UB92 DATA";"nicht verwendet";;0;0;1;"6.4.10";"hl7chp6.html#Heading220";0;;2
"UB2";3;"UB92 data";"nicht verwendet";;0;0;1;"6.4.11";"ch6.htm#Heading321";0;;2
"UB2";4;"UB2 - UB92 data segment";"nicht verwendet";;0;0;1;"6.4.11";"ch6.html#Heading334";0;;2
"UB2";5;"UB92 Data";"nicht verwendet";;0;0;1;"6.5.11";"ch06.htm#Heading342";0;;2
"UB2";6;"UB92 Data";"nicht verwendet";;0;0;1;"6.5.11";"ch06.html#Heading359";0;;2
"UB2";7;"UB92 Data";"nicht verwendet";;0;0;1;"6.5.11";"ch06.html#Heading389";0;;2
"UB2";8;"Uniform Billing Data";"nicht verwendet";;0;0;1;"6.5.11";"ch06.html#Heading396";0;;2
"UB2";9;"Uniform Billing Data";"nicht verwendet";;0;0;1;"6.5.11";"ch06.html#Heading410";0;;2
"UB2";10;"Uniform Billing Data 2";;;0;0;1;"6.5.11";"ch06.html#Heading2739";0;;2
"UB2";61;"UB92 Data";"nicht verwendet";;0;0;1;"6.5.11";"ch06.html#Heading359";0;;2
"UB2";81;"Uniform Billing Data";"nicht verwendet";;0;0;1;"6.5.11";"ch06.html#Heading396";0;;2
"UB2";91;"Uniform Billing Data";"nicht verwendet";;0;0;1;"6.5.11";"ch06.html#Heading410";0;;2
"UB2";92;"Uniform Billing Data";"nicht verwendet";;0;0;1;"6.5.11";"ch06.html#Heading410";0;;2
"URD";1;"RESULTS/UPDATE DEFINITION";"Berichtsinformationen";"QRY";0;0;1;"5.3.5";"kap5.html#Heading19";0;;2
"URD";2;"RESULTS/UPDATE DEFINITION";"Berichtsinformationen";"QRY";0;0;1;"2.10.6";"hl7chp2.html#Heading133";0;"InM";2
"URD";3;"Results/update Definition";"Berichtsinformationen";;0;0;1;"2.24.6";"ch2.htm#Heading363";0;"InM";2
"URD";4;"Results/update Definition";"Berichtsinformationen";;0;0;1;"2.24.6";"ch2.html#Heading433";0;"InM";2
"URD";5;"Results/update Definition";"Berichtsinformationen";;0;0;1;"5.10.5.6";"ch05.htm#Heading223";0;;2
"URD";6;"Results/update Definition";"Berichtsinformationen";;0;0;1;"5.10.5.6";"ch05.html#Heading218";0;;2
"URD";7;"Results/update Definition";"Berichtsinformationen";;0;0;1;"5.10.4.3";"ch05.html#Heading200";0;;2
"URD";8;"withdrawn";"Berichtsinformationen";;0;0;1;;;0;;2
"URD";9;"withdrawn";"Berichtsinformationen";;0;0;1;;;0;;2
"URD";10;"withdrawn";"Berichtsinformationen";;0;0;1;"";"";0;;2
"URD";61;"Results/update Definition";"Berichtsinformationen";;0;0;1;"5.10.5.6";"ch05.html#Heading218";0;;2
"URD";81;"deleted";"gelöscht";;0;0;1;;;0;;2
"URD";91;"deprecated";"veraltet";;0;0;1;;;0;;2
"URD";92;"deprecated";"veraltet";;0;0;1;;;0;;2
"URS";1;"UNSOLICITED SELECTION";"Kriterien zur unaufgeforderten Berichtsübermittlun";"QRY";0;0;1;"5.3.6";"kap5.html#Heading20";0;;2
"URS";2;"UNSOLICITED SELECTION";"Kriterien zur unaufgeforderten Berichtsübermittlun";"QRY";0;0;1;"2.10.7";"hl7chp2.html#Heading141";0;"InM";2
"URS";3;"Unsolicited Selection";"Kriterien zur unaufgeforderten Berichtsübermittlun";;0;0;1;"2.24.7";"ch2.htm#Heading371";0;"InM";2
"URS";4;"Unsolicited Selection";"Kriterien zur unaufgeforderten Berichtsübermittlun";;0;0;1;"2.24.7";"ch2.html#Heading457";0;"InM";2
"URS";5;"Unsolicited Selection";"Kriterien zur unaufgeforderten Berichtsübermittlun";;0;0;1;"5.10.5.7";"ch05.htm#Heading232";0;;2
"URS";6;"Unsolicited Selection";"Kriterien zur unaufgeforderten Berichtsübermittlun";;0;0;1;"5.10.5.7";"ch05.html#Heading226";0;;2
"URS";7;"Unsolicited Selection";"Kriterien zur unaufgeforderten Berichtsübermittlun";;0;0;1;"5.10.4.4";"ch05.html#Heading209";0;;2
"URS";8;"withdrawn";"Kriterien zur unaufgeforderten Berichtsübermittlun";;0;0;1;;;0;;2
"URS";9;"withdrawn";"Kriterien zur unaufgeforderten Berichtsübermittlun";;0;0;1;;;0;;2
"URS";10;"withdrawn";"Kriterien zur unaufgeforderten Berichtsübermittlun";;0;0;1;"";"";0;;2
"URS";61;"Unsolicited Selection";"Kriterien zur unaufgeforderten Berichtsübermittlun";;0;0;1;"5.10.5.7";"ch05.html#Heading226";0;;2
"URS";81;"deleted";"gelöscht";;0;0;1;;;0;;2
"URS";91;"deprecated";"veraltet";;0;0;1;;;0;;2
"URS";92;"deprecated";"veraltet";;0;0;1;;;0;;2
"VAR";3;"Variance";"Informationen zu Abweichungen";;0;0;1;"12.3.5";"ch12.htm#Heading102";0;;2
"VAR";4;"Variance";"Informationen zu Abweichungen";;0;0;1;"12.3.5";"ch12.html#Heading110";0;;2
"VAR";5;"Variance";"Informationen zu Abweichungen";;0;0;1;"12.4.5";"ch12.htm#Heading115";0;;2
"VAR";6;"Variance";"Informationen zu Abweichungen";;0;0;1;"12.4.5";"ch12.html#Heading102";0;;2
"VAR";7;"Variance";"Informationen zu Abweichungen";;0;0;1;"12.4.4";"ch12.html#Heading106";0;;2
"VAR";8;"Variance";"Informationen zu Abweichungen";;0;0;1;"12.4.4";"ch12.html#Heading100";0;;2
"VAR";9;"Variance";"Informationen zu Abweichungen";;0;0;1;"12.4.4";"ch12.html#Heading106";0;;2
"VAR";10;"Variance";"Informationen zu Abweichungen";;0;0;1;"12.4.4";"ch12.html#Heading4252";0;;2
"VAR";61;"Variance";"Informationen zu Abweichungen";;0;0;1;"12.4.5";"ch12.html#Heading102";0;;2
"VAR";81;"Variance";"Informationen zu Abweichungen";;0;0;1;"12.4.4";"ch12.html#Heading100";0;;2
"VAR";91;"Variance";"Informationen zu Abweichungen";;0;0;1;"12.4.4";"ch12.html#Heading106";0;;2
"VAR";92;"Variance";"Informationen zu Abweichungen";;0;0;1;"12.4.4";"ch12.html#Heading106";0;;2
"VND";7;"Purchasing Vendor";"Infomationen über Lieferanten";;0;0;1;"17.4.4";"ch17.html#Heading88";0;;2
"VND";8;"Purchasing Vendor";"Infomationen über Lieferanten";;0;0;1;"17.4.4";"ch17.html#Heading85";0;;2
"VND";9;"Purchasing Vendor";"Infomationen über Lieferanten";;0;0;1;"17.4.4";"ch17.html#Heading92";0;;2
"VND";10;"Purchasing Vendor";"Infomationen über Lieferanten";;0;0;1;"17.4.4";"ch17.html#Heading5020";0;;2
"VND";81;"Purchasing Vendor";"Infomationen über Lieferanten";;0;0;1;"17.4.4";"ch17.html#Heading85";0;;2
"VND";91;"Purchasing Vendor";"Infomationen über Lieferanten";;0;0;1;"17.4.4";"ch17.html#Heading92";0;;2
"VND";92;"Purchasing Vendor";"Infomationen über Lieferanten";;0;0;1;"17.4.4";"ch17.html#Heading92";0;;2
"VTQ";3;"Virtual Table Query Request";"Abfrage aus virtuellen Tabellen";;0;0;1;"2.24.17";"ch2.htm#Heading433";0;"InM";2
"VTQ";4;"Virtual Table Query Request";"Abfrage aus virtuellen Tabellen";;0;0;1;"2.24.17";"ch2.html#Heading530";0;"InM";2
"VTQ";5;"Virtual Table Query Request";"Abfrage aus virtuellen Tabellen";;0;0;1;"5.10.5.8";"ch05.htm#Heading244";0;;2
"VTQ";6;"Virtual Table Query Request";"Abfrage aus virtuellen Tabellen";;0;0;1;"5.10.5.8";"ch05.html#Heading236";0;;2
"VTQ";61;"Virtual Table Query Request";"Abfrage aus virtuellen Tabellen";;0;0;1;"5.10.5.8";"ch05.html#Heading236";0;;2
"ZAS";32;"Zusatzsegment ambulanter Schein";"ambulanter Schein";;0;0;1;;;0;;2
"ZB1";20;"Zusatzsegment der Bundeswehr";"Zusatzsegment der Bundeswehr";;0;0;1;;;0;;2
"ZBE";20;"Movement Data";"Bewegungsdaten";;0;0;1;;;0;;2
"ZBE";32;"Movement Information";"Bewegungen";;0;0;1;;;0;;2
"ZBE";60;"Movement";"Bewegungen";;0;0;1;;;0;;2
"ZBE";630;"Movement";"Bewegungen";;0;0;1;;;0;;2
"ZBE";640;"Movement";"Bewegungen";;0;0;1;;;0;;2
"ZFA";630;"PHR Status";;;0;0;1;;;0;;2
"ZFD";630;"Additional Demographic Information";;;0;0;1;;;0;;2
"ZFF";32;"Zusatzsegment Fakturafreigabe";"Fakturafreigabe";;0;0;1;;;0;;2
"ZFM";630;"DRG Movement";;;0;0;1;;;0;;2
"ZFP";630;"Professional Status";;;0;0;1;;;0;;2
"ZFV";630;"Additional Information regarding the encounter";;;0;0;1;;;0;;2
"ZGI";530;"Geburtsinformationen";"Geburtsinformationen";;0;0;1;;;0;;2
"ZGK";60;"Card Data";"Kartendaten";;0;0;1;;;0;;2
"ZK1";20;"Kitchen";"Küche";;0;0;1;;;0;;2
"ZK2";20;"Kitchen -Seats";"Küche - Sitzplätze";;0;0;1;;;0;;2
"ZKZ";60;"Kostenübernahmezusage";"Kostenübernahmezusage";;0;0;1;;;0;;2
"ZL7";4;"diverses";"diverses";;0;0;1;"8.5.1";"ch8.html#Heading35";0;;2
"ZL7";5;"diverses";"diverses";;0;0;1;"8";;0;;2
"ZL7";6;"(proposed example only)";"diverses";;0;0;1;"8.6.1";"ch08.html#Heading50";0;;2
"ZL7";7;"(proposed example only)";"diverses";;0;0;1;"8.6.1";"ch08.html#Heading51";0;;2
"ZL7";8;"(proposed example only)";"diverses";;0;0;1;"8.6.1";"ch08.html#Heading37";0;;2
"ZL7";9;"(proposed example only)";"diverses";;0;0;1;"8.6.1";"ch08.html#Heading42";0;;2
"ZL7";10;"(proposed example only)";"diverses";;0;0;1;"8.6.1";"ch08.html#Heading3285";0;;2
"ZL7";61;"(proposed example only)";"diverses";;0;0;1;"8.6.1";"ch08.html#Heading50";0;;2
"ZL7";81;"(proposed example only)";"diverses";;0;0;1;"8.6.1";"ch08.html#Heading37";0;;2
"ZL7";91;"(proposed example only)";"diverses";;0;0;1;"8.6.1";"ch08.html#Heading42";0;;2
"ZL7";92;"(proposed example only)";"diverses";;0;0;1;"8.6.1";"ch08.html#Heading42";0;;2
"ZNG";32;"Newborn Information";"Neugeborene";;0;0;1;;;0;;2
"ZNV";32;"ORBIS-Erweiterungen bei Vidierungen";"ORBIS-Erweiterungen bei Vidierungen";;0;0;1;;;0;;2
"ZOP";32;"Kommunikation zu OP";"Kommunikation zu OP";;0;0;1;;;0;;2
"ZPF";20;"Pflegestufenerfassung";"Pflegestufenerfassung";;0;0;1;;;0;;2
"ZSA";530;"Psychiatrie-Zusatzdaten";"Psychiatrie-Zusatzdaten";;0;0;1;;;0;;2
"ZU1";540;"UK Additional Data";;;0;0;1;"A.4.3.1";;0;;2
"ZU2";540;"UK Augmentes care";;;0;0;1;"A.4.3.2";;0;;2
"ZU3";540;"UK Additional Data - Attendance Details";;;0;0;1;"A.4.3.3";;0;;2
"ZU4";540;"UK Additional Data - Waiting List";;;0;0;1;"A.4.3.4";;0;;2
"ZU5";540;"UK Additional Data - Psychiatric census";;;0;0;1;"A.4.3.5";;0;;2
"ZU6";540;"UK Additional Data - Labour and delivery";;;0;0;1;"A.4.3.6";;0;;2
"ZU7";540;"UK Additional Data - Birth";;;0;0;1;"A.4.3.7";;0;;2
"ZU8";540;"UK Additional Data - Miscellaneous Demographic";;;0;0;1;"A.4.3.8";;0;;2
"ZWL";20;"nichtmedizinische Wahlleistungen";"nichtmedizinische Wahlleistungen";;0;0;1;;;0;;2
"ZWL";32;"Wahlleistungen";"Wahlleistungen";;0;0;1;;;0;;2
"Zxx";2;"any Z segment";"bel. Z-Segment";;0;0;1;"8.4";"ch8.html";0;;2
"Zxx";3;"any Z-Segment";"bel. Z-Segment";;0;0;1;;;0;;2
"Zxx";4;"any Z segment";"bel. Z-Segment";;0;0;1;"8.4";"ch8.html";0;;2
"Zxx";5;"any Z segment";"bel. Z-Segment";;0;0;1;"8.4.1";"ch8.html";0;;2
"Zxx";7;"any Z segment";"bel. Z-Segment";;0;0;1;;;0;;2
"Zxx";8;"any Z segment";"bel. Z-Segment";;0;0;1;;;0;;2
"Zxx";9;"any Z-Segment";"bel. Z-Segment";;0;0;1;"";"";0;;2
"Zxx";10;"any Z-Segment";"bel. Z-Segment";;0;0;1;"";"";0;;2
"Zxx";81;"any Z-Segment";"bel. Z-Segment";;0;0;1;"";"";0;;2
"Zxx";91;"any Z-Segment";"bel. Z-Segment";;0;0;1;"";"";0;;2
"Zxx";92;"any Z-Segment";"bel. Z-Segment";;0;0;1;"";"";0;;2
